<?xml version='1.0' encoding='UTF-8'?>
<GateDocument>
<!-- The document's features-->

<GateDocumentFeatures>
<Feature>
  <Name className="java.lang.String">gate.SourceURL</Name>
  <Value className="java.lang.String">file:/home/adam/sandboxes/gate-extras/musing/work/pilots/FRM/reputation/reviews/files-10/review-42.html</Value>
</Feature>
<Feature>
  <Name className="java.lang.String">MimeType</Name>
  <Value className="java.lang.String">text/html</Value>
</Feature>
</GateDocumentFeatures>
<!-- The document content area with serialized nodes -->

<TextWithNodes><Node id="0" />PriceGrabber User Rating for Manic Deals - PriceGrabber.com - UK<Node id="64" />

<Node id="66" />Go back to home page<Node id="86" />
<Node id="87" />Login<Node id="92" /> | <Node id="95" />Register<Node id="103" />
<Node id="104" />Your Lists<Node id="114" />
<Node id="115" />Your Account<Node id="127" />
<Node id="128" />Bookmark This Page<Node id="146" />
<Node id="147" />Computers<Node id="156" />
<Node id="157" />Electronics<Node id="168" />
<Node id="169" />Furniture<Node id="178" />
<Node id="179" />Cameras<Node id="186" />
<Node id="187" />Clothing<Node id="195" />
<Node id="196" />Software<Node id="204" />
<Node id="205" />Sporting
<Node id="214" />Goods<Node id="219" />
<Node id="220" />Video
<Node id="226" />Games<Node id="231" />
<Node id="232" />Health &amp;
<Node id="241" />Beauty<Node id="247" />
<Node id="248" />Jewellery &amp;
<Node id="260" />Watches<Node id="267" />
<Node id="268" />Babies &amp;
<Node id="277" />Kids<Node id="281" />
<Node id="282" />Wine, Food &amp;
<Node id="295" />Gifts<Node id="300" />
<Node id="301" />Musical
<Node id="309" />Instruments<Node id="320" />
<Node id="321" />Office<Node id="327" />
<Node id="328" />Movies<Node id="334" />
<Node id="335" />Appliances<Node id="345" />
<Node id="346" />Indoor
<Node id="353" />Living<Node id="359" />
<Node id="360" />Outdoor
<Node id="368" />Living<Node id="374" />
<Node id="375" />Toys<Node id="379" />
<Node id="380" />Utilities<Node id="389" />
<Node id="390" />More<Node id="394" />
<Node id="395" />Most Popular<Node id="407" />
<Node id="408" />Merchant Ratings<Node id="424" />
<Node id="425" />Cashback Offers<Node id="440" />
<Node id="441" />Merchant Coupons<Node id="457" />
<Node id="458" />ShopGreen<Node id="467" />
<Node id="468" />SHOP FOR<Node id="476" /> <Node id="477" />IN<Node id="479" /> <Node id="480" />All Products<Node id="492" /> <Node id="493" />Appliances<Node id="503" /> <Node id="504" />Babies &amp; Kids<Node id="517" /> <Node id="518" />Cameras<Node id="525" /> <Node id="526" />Clothing<Node id="534" /> <Node id="535" />Computers<Node id="544" /> <Node id="545" />Electronics<Node id="556" /> <Node id="557" />Wine, Food &amp; Gifts<Node id="575" /> <Node id="576" />Furniture<Node id="585" /> <Node id="586" />Health &amp; Beauty<Node id="601" /> <Node id="602" />Indoor Living<Node id="615" /> <Node id="616" />Jewellery &amp; Watches<Node id="635" /> <Node id="636" />Movies<Node id="642" /> <Node id="643" />Musical Instruments<Node id="662" /> <Node id="663" />Office<Node id="669" /> <Node id="670" />Outdoor Living<Node id="684" /> <Node id="685" />Software<Node id="693" /> <Node id="694" />Sporting Goods<Node id="708" /> <Node id="709" />Toys<Node id="713" /> <Node id="714" />Video Games<Node id="725" /> <Node id="726" />SEARCH<Node id="732" />
<Node id="733" />Contact Info<Node id="745" />
<Node id="746" />Scorecard<Node id="755" />
<Node id="756" />Past 3 Months<Node id="769" /> <Node id="770" />Past 6 Months<Node id="783" /> <Node id="784" />All-time<Node id="792" />
<Node id="793" />Positive (4 or 5)<Node id="810" /> <Node id="811" />0<Node id="812" /> <Node id="813" />0<Node id="814" /> <Node id="815" />0<Node id="816" />
<Node id="817" />Neutral (3)<Node id="828" /> <Node id="829" />0<Node id="830" /> <Node id="831" />0<Node id="832" /> <Node id="833" />0<Node id="834" />
<Node id="835" />Negative (1 or 2)<Node id="852" /> <Node id="853" />0<Node id="854" /> <Node id="855" />1<Node id="856" /> <Node id="857" />1<Node id="858" />
<Node id="859" />Total Reviews<Node id="872" /> <Node id="873" />0<Node id="874" /> <Node id="875" />1<Node id="876" /> <Node id="877" />1<Node id="878" />
<Node id="879" />Avg Rating<Node id="889" /> <Node id="890" />Not Rated
<Node id="900" />
<Node id="901" />1.00<Node id="905" />
<Node id="906" />1.00<Node id="910" />
<Node id="911" />Address:<Node id="919" />
<Node id="920" />
<Node id="921" />Website:<Node id="929" /> <Node id="930" />http://www.manicdeals.com<Node id="955" />
<Node id="956" />Business Hours:<Node id="971" /> <Node id="972" />n/a<Node id="975" />
<Node id="976" />Sales Phone:<Node id="988" /> <Node id="989" />n/a<Node id="992" />
<Node id="993" />Service Phone:<Node id="1007" /> <Node id="1008" />n/a<Node id="1011" />
<Node id="1012" />Sales Email:<Node id="1024" /> <Node id="1025" />n/a<Node id="1028" />
<Node id="1029" />Cust Service Email:<Node id="1048" /> <Node id="1049" />n/a<Node id="1052" />
<Node id="1053" />Manic Deals<Node id="1064" />
http://www.manicdeals.com
<Node id="1091" />
<Node id="1092" />
<Node id="1093" />Merchant Info<Node id="1106" />
<Node id="1107" />Merchant Ratings<Node id="1123" />
<Node id="1124" />Write a Review »<Node id="1140" />
<Node id="1141" />Sort Reviews by: <Node id="1158" />Date<Node id="1162" /> <Node id="1163" />Rating<Node id="1169" />

<Node id="1171" />Date Reviewed: 03/01/08<Node id="1194" />
<Node id="1195" />MaryonJeane<Node id="1206" />
<Node id="1207" />Member Since:<Node id="1220" />
<Node id="1221" />03/01/08
<Node id="1230" />
<Node id="1231" />View Member's:<Node id="1245" />
<Node id="1246" />Reviews<Node id="1253" /> <Node id="1254" />These people have two clauses in their terms and conditions which are against the terms of the Sale of Goods Act. Manic Deals will not pay return postage for faulty goods they supply and they only deem goods to be faulty if they decide they are so. Manic Deals is unhelpful and unfriendly if things go wrong and, basically, the buyer loses out. Avoid.<Node id="1605" /> <Node id="1606" />Overall Rating
<Node id="1621" />
<Node id="1622" /> <Node id="1623" />
<Node id="1624" />In order to provide the most relevant information, comments posted prior to the past 18 months may not be included.<Node id="1739" />
<Node id="1740" />Page: 1<Node id="1747" />
<Node id="1748" />Click here to report a problem or an abuse of our rating system.<Node id="1812" />
<Node id="1813" />
<Node id="1814" /> <Node id="1815" />
<Node id="1816" />
<Node id="1817" />About Us<Node id="1825" />
<Node id="1826" />Jobs<Node id="1830" />
<Node id="1831" />Advertise<Node id="1840" />
<Node id="1841" />Merchant Login<Node id="1855" />
<Node id="1856" />Market Reporter<Node id="1871" />
<Node id="1872" />Help<Node id="1876" />
<Node id="1877" />UK<Node id="1879" />
<Node id="1880" />France<Node id="1886" />
<Node id="1887" />Germany<Node id="1894" />
<Node id="1895" />View more »<Node id="1906" />
<Node id="1907" />
<Node id="1908" />US English<Node id="1918" /> <Node id="1919" />US Spanish<Node id="1929" /> <Node id="1930" />Canada<Node id="1936" /> <Node id="1937" />Mexico<Node id="1943" /> <Node id="1944" />Brazil<Node id="1950" />
<Node id="1951" />Terms of Use and Privacy Policy<Node id="1982" /> <Node id="1983" />Copyright © PriceGrabber.com, Inc. All Rights Reserved<Node id="2037" />
<Node id="2038" /></TextWithNodes>
<!-- The default annotation set -->

<AnnotationSet>
</AnnotationSet>

<!-- Named annotation set -->

<AnnotationSet Name="Key">
<Annotation Id="5666" Type="comment" StartNode="1254" EndNode="1605">
<Feature>
  <Name className="java.lang.String">rating</Name>
  <Value className="java.lang.String">1_Star_Review</Value>
</Feature>
</Annotation>
</AnnotationSet>

<!-- Named annotation set -->

<AnnotationSet Name="Original markups">
<Annotation Id="0" Type="html" StartNode="0" EndNode="2038">
</Annotation>
<Annotation Id="1" Type="head" StartNode="0" EndNode="66">
</Annotation>
<Annotation Id="2" Type="title" StartNode="0" EndNode="64">
</Annotation>
<Annotation Id="3" Type="link" StartNode="66" EndNode="66">
<Feature>
  <Name className="java.lang.String">type</Name>
  <Value className="java.lang.String">text/css</Value>
</Feature>
<Feature>
  <Name className="java.lang.String">href</Name>
  <Value className="java.lang.String">http://lh.pricegrabber.com/css/combine.css.php/_global-.-footer.css---style_indexie_2.css---style_new.php%3Fcp=rating_getreview_._cb=uk_._tab_id=0_._gr=1---style_buttons.css.php/52147.css</Value>
</Feature>
<Feature>
  <Name className="java.lang.String">rel</Name>
  <Value className="java.lang.String">stylesheet</Value>
</Feature>
</Annotation>
<Annotation Id="4" Type="link" StartNode="66" EndNode="66">
<Feature>
  <Name className="java.lang.String">type</Name>
  <Value className="java.lang.String">text/css</Value>
</Feature>
<Feature>
  <Name className="java.lang.String">href</Name>
  <Value className="java.lang.String">http://lh.pricegrabber.com/css/style_new.php?cp=search_getprod&amp;ut=8fa7090f5513db15</Value>
</Feature>
<Feature>
  <Name className="java.lang.String">rel</Name>
  <Value className="java.lang.String">stylesheet</Value>
</Feature>
</Annotation>
<Annotation Id="5" Type="link" StartNode="66" EndNode="66">
<Feature>
  <Name className="java.lang.String">type</Name>
  <Value className="java.lang.String">text/css</Value>
</Feature>
<Feature>
  <Name className="java.lang.String">href</Name>
  <Value className="java.lang.String">http://lh.pricegrabber.com/css/style_merchant_reviews.css</Value>
</Feature>
<Feature>
  <Name className="java.lang.String">rel</Name>
  <Value className="java.lang.String">stylesheet</Value>
</Feature>
</Annotation>
<Annotation Id="6" Type="meta" StartNode="66" EndNode="66">
<Feature>
  <Name className="java.lang.String">content</Name>
  <Value className="java.lang.String">text/html; charset=UTF-8</Value>
</Feature>
<Feature>
  <Name className="java.lang.String">http-equiv</Name>
  <Value className="java.lang.String">Content-Type</Value>
</Feature>
</Annotation>
<Annotation Id="7" Type="meta" StartNode="66" EndNode="66">
<Feature>
  <Name className="java.lang.String">content</Name>
  <Value className="java.lang.String">Read merchant reviews for Manic Deals. Get merchant information, ratings and more... </Value>
</Feature>
<Feature>
  <Name className="java.lang.String">name</Name>
  <Value className="java.lang.String">description</Value>
</Feature>
</Annotation>
<Annotation Id="8" Type="meta" StartNode="66" EndNode="66">
<Feature>
  <Name className="java.lang.String">content</Name>
  <Value className="java.lang.String">Manic Deals, merchant reviews</Value>
</Feature>
<Feature>
  <Name className="java.lang.String">name</Name>
  <Value className="java.lang.String">keywords</Value>
</Feature>
</Annotation>
<Annotation Id="9" Type="meta" StartNode="66" EndNode="66">
<Feature>
  <Name className="java.lang.String">content</Name>
  <Value className="java.lang.String">http://www.pricegrabber.com/w3c/p3p.xml</Value>
</Feature>
<Feature>
  <Name className="java.lang.String">http-equiv</Name>
  <Value className="java.lang.String">P3P</Value>
</Feature>
</Annotation>
<Annotation Id="10" Type="link" StartNode="66" EndNode="66">
<Feature>
  <Name className="java.lang.String">type</Name>
  <Value className="java.lang.String">text/css</Value>
</Feature>
<Feature>
  <Name className="java.lang.String">href</Name>
  <Value className="java.lang.String">http://lh.pricegrabber.com/css/style_tabs_all.css.php?topcat_tmp=0&amp;current_page=rating_getreview</Value>
</Feature>
<Feature>
  <Name className="java.lang.String">rel</Name>
  <Value className="java.lang.String">stylesheet</Value>
</Feature>
</Annotation>
<Annotation Id="11" Type="style" StartNode="66" EndNode="66">
<Feature>
  <Name className="java.lang.String">type</Name>
  <Value className="java.lang.String">text/css</Value>
</Feature>
<Feature>
  <Name className="java.lang.String">isEmptyAndSpan</Name>
  <Value className="java.lang.String">true</Value>
</Feature>
</Annotation>
<Annotation Id="12" Type="link" StartNode="66" EndNode="66">
<Feature>
  <Name className="java.lang.String">href</Name>
  <Value className="java.lang.String">http://ai.pricegrabber.com/favicon.ico</Value>
</Feature>
<Feature>
  <Name className="java.lang.String">rel</Name>
  <Value className="java.lang.String">shortcut icon</Value>
</Feature>
</Annotation>
<Annotation Id="13" Type="script" StartNode="66" EndNode="66">
<Feature>
  <Name className="java.lang.String">type</Name>
  <Value className="java.lang.String">text/javascript</Value>
</Feature>
<Feature>
  <Name className="java.lang.String">isEmptyAndSpan</Name>
  <Value className="java.lang.String">true</Value>
</Feature>
<Feature>
  <Name className="java.lang.String">src</Name>
  <Value className="java.lang.String">http://lh.pricegrabber.com/js/combine.js.php/ypSlideOutMenusC.js---s_code_H.js---DomUtils.js---classes-.-EventManager.js/52147.js</Value>
</Feature>
</Annotation>
<Annotation Id="14" Type="script" StartNode="66" EndNode="66">
<Feature>
  <Name className="java.lang.String">type</Name>
  <Value className="java.lang.String">text/javascript</Value>
</Feature>
<Feature>
  <Name className="java.lang.String">isEmptyAndSpan</Name>
  <Value className="java.lang.String">true</Value>
</Feature>
<Feature>
  <Name className="java.lang.String">src</Name>
  <Value className="java.lang.String">/analytics.php/page=rating_getreview</Value>
</Feature>
</Annotation>
<Annotation Id="15" Type="meta" StartNode="66" EndNode="66">
<Feature>
  <Name className="java.lang.String">content</Name>
  <Value className="java.lang.String">NOARCHIVE</Value>
</Feature>
<Feature>
  <Name className="java.lang.String">name</Name>
  <Value className="java.lang.String">ROBOTS</Value>
</Feature>
</Annotation>
<Annotation Id="17" Type="div" StartNode="66" EndNode="2038">
<Feature>
  <Name className="java.lang.String">id</Name>
  <Value className="java.lang.String">pgSiteContainer</Value>
</Feature>
</Annotation>
<Annotation Id="16" Type="body" StartNode="66" EndNode="2038">
</Annotation>
<Annotation Id="19" Type="a" StartNode="66" EndNode="86">
<Feature>
  <Name className="java.lang.String">style</Name>
  <Value className="java.lang.String">display:none;</Value>
</Feature>
<Feature>
  <Name className="java.lang.String">href</Name>
  <Value className="java.lang.String">/bttrp.php/ut=8fa7090f5513db15</Value>
</Feature>
</Annotation>
<Annotation Id="18" Type="div" StartNode="66" EndNode="733">
<Feature>
  <Name className="java.lang.String">id</Name>
  <Value className="java.lang.String">pgSiteMast</Value>
</Feature>
</Annotation>
<Annotation Id="21" Type="a" StartNode="87" EndNode="87">
<Feature>
  <Name className="java.lang.String">target</Name>
  <Value className="java.lang.String">_parent</Value>
</Feature>
<Feature>
  <Name className="java.lang.String">href</Name>
  <Value className="java.lang.String">http://www.pricegrabber.co.uk/?ut=8fa7090f5513db15</Value>
</Feature>
<Feature>
  <Name className="java.lang.String">isEmptyAndSpan</Name>
  <Value className="java.lang.String">true</Value>
</Feature>
</Annotation>
<Annotation Id="20" Type="div" StartNode="87" EndNode="87">
<Feature>
  <Name className="java.lang.String">id</Name>
  <Value className="java.lang.String">mastLogo</Value>
</Feature>
<Feature>
  <Name className="java.lang.String">isEmptyAndSpan</Name>
  <Value className="java.lang.String">true</Value>
</Feature>
</Annotation>
<Annotation Id="23" Type="div" StartNode="87" EndNode="147">
<Feature>
  <Name className="java.lang.String">id</Name>
  <Value className="java.lang.String">account_options</Value>
</Feature>
</Annotation>
<Annotation Id="22" Type="img" StartNode="87" EndNode="87">
<Feature>
  <Name className="java.lang.String">src</Name>
  <Value className="java.lang.String">http://ai.pricegrabber.com/images/logo_pricegrabber_uk_260x50.gif</Value>
</Feature>
<Feature>
  <Name className="java.lang.String">height</Name>
  <Value className="java.lang.String">50</Value>
</Feature>
<Feature>
  <Name className="java.lang.String">border</Name>
  <Value className="java.lang.String">0</Value>
</Feature>
<Feature>
  <Name className="java.lang.String">alt</Name>
  <Value className="java.lang.String">PriceGrabber UK</Value>
</Feature>
<Feature>
  <Name className="java.lang.String">width</Name>
  <Value className="java.lang.String">260</Value>
</Feature>
</Annotation>
<Annotation Id="25" Type="div" StartNode="87" EndNode="103">
<Feature>
  <Name className="java.lang.String">id</Name>
  <Value className="java.lang.String">hpSwitch</Value>
</Feature>
</Annotation>
<Annotation Id="24" Type="div" StartNode="87" EndNode="104">
<Feature>
  <Name className="java.lang.String">class</Name>
  <Value className="java.lang.String">accountWelcome</Value>
</Feature>
</Annotation>
<Annotation Id="27" Type="a" StartNode="87" EndNode="92">
<Feature>
  <Name className="java.lang.String">href</Name>
  <Value className="java.lang.String">http://www.pricegrabber.co.uk/account.php/ut=8fa7090f5513db15</Value>
</Feature>
</Annotation>
<Annotation Id="26" Type="span" StartNode="87" EndNode="103">
<Feature>
  <Name className="java.lang.String">class</Name>
  <Value className="java.lang.String">notYou</Value>
</Feature>
</Annotation>
<Annotation Id="29" Type="ul" StartNode="104" EndNode="147">
<Feature>
  <Name className="java.lang.String">class</Name>
  <Value className="java.lang.String">accountOptions</Value>
</Feature>
</Annotation>
<Annotation Id="28" Type="a" StartNode="95" EndNode="103">
<Feature>
  <Name className="java.lang.String">href</Name>
  <Value className="java.lang.String">http://www.pricegrabber.co.uk/account.php/ut=8fa7090f5513db15</Value>
</Feature>
</Annotation>
<Annotation Id="31" Type="a" StartNode="104" EndNode="114">
<Feature>
  <Name className="java.lang.String">href</Name>
  <Value className="java.lang.String">http://www.pricegrabber.co.uk/ulists.php/ut=8fa7090f5513db15</Value>
</Feature>
</Annotation>
<Annotation Id="30" Type="li" StartNode="104" EndNode="114">
<Feature>
  <Name className="java.lang.String">class</Name>
  <Value className="java.lang.String">accountOption accountOption_0</Value>
</Feature>
</Annotation>
<Annotation Id="34" Type="li" StartNode="128" EndNode="146">
<Feature>
  <Name className="java.lang.String">id</Name>
  <Value className="java.lang.String">bookmarkPage</Value>
</Feature>
<Feature>
  <Name className="java.lang.String">class</Name>
  <Value className="java.lang.String">accountOption accountOption_2</Value>
</Feature>
</Annotation>
<Annotation Id="35" Type="a" StartNode="128" EndNode="146">
<Feature>
  <Name className="java.lang.String">href</Name>
  <Value className="java.lang.String">#</Value>
</Feature>
<Feature>
  <Name className="java.lang.String">onclick</Name>
  <Value className="java.lang.String">javascript:addToFavorites(); return false;</Value>
</Feature>
</Annotation>
<Annotation Id="32" Type="li" StartNode="115" EndNode="127">
<Feature>
  <Name className="java.lang.String">class</Name>
  <Value className="java.lang.String">accountOption accountOption_1</Value>
</Feature>
</Annotation>
<Annotation Id="33" Type="a" StartNode="115" EndNode="127">
<Feature>
  <Name className="java.lang.String">href</Name>
  <Value className="java.lang.String">http://www.pricegrabber.co.uk/account.php/ut=8fa7090f5513db15</Value>
</Feature>
</Annotation>
<Annotation Id="38" Type="div" StartNode="147" EndNode="395">
<Feature>
  <Name className="java.lang.String">id</Name>
  <Value className="java.lang.String">channelTabs</Value>
</Feature>
</Annotation>
<Annotation Id="39" Type="ul" StartNode="147" EndNode="395">
<Feature>
  <Name className="java.lang.String">id</Name>
  <Value className="java.lang.String">channelTabsList</Value>
</Feature>
<Feature>
  <Name className="java.lang.String">class</Name>
  <Value className="java.lang.String">channelTabs</Value>
</Feature>
</Annotation>
<Annotation Id="36" Type="script" StartNode="147" EndNode="147">
<Feature>
  <Name className="java.lang.String">type</Name>
  <Value className="java.lang.String">Text/Javascript</Value>
</Feature>
<Feature>
  <Name className="java.lang.String">isEmptyAndSpan</Name>
  <Value className="java.lang.String">true</Value>
</Feature>
<Feature>
  <Name className="java.lang.String">language</Name>
  <Value className="java.lang.String">JavaScript</Value>
</Feature>
</Annotation>
<Annotation Id="37" Type="div" StartNode="147" EndNode="395">
<Feature>
  <Name className="java.lang.String">id</Name>
  <Value className="java.lang.String">pgMast</Value>
</Feature>
<Feature>
  <Name className="java.lang.String">class</Name>
  <Value className="java.lang.String">channel_0</Value>
</Feature>
</Annotation>
<Annotation Id="42" Type="li" StartNode="157" EndNode="168">
<Feature>
  <Name className="java.lang.String">id</Name>
  <Value className="java.lang.String">channelTab_1</Value>
</Feature>
<Feature>
  <Name className="java.lang.String">class</Name>
  <Value className="java.lang.String">channelTab</Value>
</Feature>
</Annotation>
<Annotation Id="43" Type="a" StartNode="157" EndNode="168">
<Feature>
  <Name className="java.lang.String">href</Name>
  <Value className="java.lang.String">http://electronics.pricegrabber.co.uk/ut=8fa7090f5513db15/st=topcat_tab/</Value>
</Feature>
</Annotation>
<Annotation Id="40" Type="li" StartNode="147" EndNode="156">
<Feature>
  <Name className="java.lang.String">id</Name>
  <Value className="java.lang.String">channelTab_0</Value>
</Feature>
<Feature>
  <Name className="java.lang.String">class</Name>
  <Value className="java.lang.String">channelTab first</Value>
</Feature>
</Annotation>
<Annotation Id="41" Type="a" StartNode="147" EndNode="156">
<Feature>
  <Name className="java.lang.String">href</Name>
  <Value className="java.lang.String">http://computers.pricegrabber.co.uk/ut=8fa7090f5513db15/st=topcat_tab/</Value>
</Feature>
</Annotation>
<Annotation Id="46" Type="li" StartNode="179" EndNode="186">
<Feature>
  <Name className="java.lang.String">id</Name>
  <Value className="java.lang.String">channelTab_3</Value>
</Feature>
<Feature>
  <Name className="java.lang.String">class</Name>
  <Value className="java.lang.String">channelTab</Value>
</Feature>
</Annotation>
<Annotation Id="47" Type="a" StartNode="179" EndNode="186">
<Feature>
  <Name className="java.lang.String">href</Name>
  <Value className="java.lang.String">http://cameras.pricegrabber.co.uk/ut=8fa7090f5513db15/st=topcat_tab/</Value>
</Feature>
</Annotation>
<Annotation Id="44" Type="li" StartNode="169" EndNode="178">
<Feature>
  <Name className="java.lang.String">id</Name>
  <Value className="java.lang.String">channelTab_2</Value>
</Feature>
<Feature>
  <Name className="java.lang.String">class</Name>
  <Value className="java.lang.String">channelTab</Value>
</Feature>
</Annotation>
<Annotation Id="45" Type="a" StartNode="169" EndNode="178">
<Feature>
  <Name className="java.lang.String">href</Name>
  <Value className="java.lang.String">http://furniture.pricegrabber.co.uk/ut=8fa7090f5513db15/st=topcat_tab/</Value>
</Feature>
</Annotation>
<Annotation Id="51" Type="a" StartNode="196" EndNode="204">
<Feature>
  <Name className="java.lang.String">href</Name>
  <Value className="java.lang.String">http://software.pricegrabber.co.uk/ut=8fa7090f5513db15/st=topcat_tab/</Value>
</Feature>
</Annotation>
<Annotation Id="50" Type="li" StartNode="196" EndNode="204">
<Feature>
  <Name className="java.lang.String">id</Name>
  <Value className="java.lang.String">channelTab_5</Value>
</Feature>
<Feature>
  <Name className="java.lang.String">class</Name>
  <Value className="java.lang.String">channelTab</Value>
</Feature>
</Annotation>
<Annotation Id="49" Type="a" StartNode="187" EndNode="195">
<Feature>
  <Name className="java.lang.String">href</Name>
  <Value className="java.lang.String">http://clothing.pricegrabber.co.uk/ut=8fa7090f5513db15/st=topcat_tab/</Value>
</Feature>
</Annotation>
<Annotation Id="48" Type="li" StartNode="187" EndNode="195">
<Feature>
  <Name className="java.lang.String">id</Name>
  <Value className="java.lang.String">channelTab_4</Value>
</Feature>
<Feature>
  <Name className="java.lang.String">class</Name>
  <Value className="java.lang.String">channelTab</Value>
</Feature>
</Annotation>
<Annotation Id="55" Type="li" StartNode="220" EndNode="231">
<Feature>
  <Name className="java.lang.String">id</Name>
  <Value className="java.lang.String">channelTab_7</Value>
</Feature>
<Feature>
  <Name className="java.lang.String">class</Name>
  <Value className="java.lang.String">channelTab</Value>
</Feature>
</Annotation>
<Annotation Id="54" Type="br" StartNode="214" EndNode="214">
</Annotation>
<Annotation Id="53" Type="a" StartNode="205" EndNode="219">
<Feature>
  <Name className="java.lang.String">href</Name>
  <Value className="java.lang.String">http://sporting-goods.pricegrabber.co.uk/ut=8fa7090f5513db15/st=topcat_tab/</Value>
</Feature>
<Feature>
  <Name className="java.lang.String">class</Name>
  <Value className="java.lang.String">sm</Value>
</Feature>
</Annotation>
<Annotation Id="52" Type="li" StartNode="205" EndNode="219">
<Feature>
  <Name className="java.lang.String">id</Name>
  <Value className="java.lang.String">channelTab_6</Value>
</Feature>
<Feature>
  <Name className="java.lang.String">class</Name>
  <Value className="java.lang.String">channelTab</Value>
</Feature>
</Annotation>
<Annotation Id="59" Type="a" StartNode="232" EndNode="247">
<Feature>
  <Name className="java.lang.String">href</Name>
  <Value className="java.lang.String">http://health-beauty.pricegrabber.co.uk/ut=8fa7090f5513db15/st=topcat_tab/</Value>
</Feature>
<Feature>
  <Name className="java.lang.String">class</Name>
  <Value className="java.lang.String">sm</Value>
</Feature>
</Annotation>
<Annotation Id="58" Type="li" StartNode="232" EndNode="247">
<Feature>
  <Name className="java.lang.String">id</Name>
  <Value className="java.lang.String">channelTab_8</Value>
</Feature>
<Feature>
  <Name className="java.lang.String">class</Name>
  <Value className="java.lang.String">channelTab</Value>
</Feature>
</Annotation>
<Annotation Id="57" Type="br" StartNode="226" EndNode="226">
</Annotation>
<Annotation Id="56" Type="a" StartNode="220" EndNode="231">
<Feature>
  <Name className="java.lang.String">href</Name>
  <Value className="java.lang.String">http://video-games.pricegrabber.co.uk/ut=8fa7090f5513db15/st=topcat_tab/</Value>
</Feature>
<Feature>
  <Name className="java.lang.String">class</Name>
  <Value className="java.lang.String">sm</Value>
</Feature>
</Annotation>
<Annotation Id="63" Type="br" StartNode="260" EndNode="260">
</Annotation>
<Annotation Id="62" Type="a" StartNode="248" EndNode="267">
<Feature>
  <Name className="java.lang.String">href</Name>
  <Value className="java.lang.String">http://jewellery-watches.pricegrabber.co.uk/ut=8fa7090f5513db15/st=topcat_tab/</Value>
</Feature>
<Feature>
  <Name className="java.lang.String">class</Name>
  <Value className="java.lang.String">sm</Value>
</Feature>
</Annotation>
<Annotation Id="61" Type="li" StartNode="248" EndNode="267">
<Feature>
  <Name className="java.lang.String">id</Name>
  <Value className="java.lang.String">channelTab_9</Value>
</Feature>
<Feature>
  <Name className="java.lang.String">class</Name>
  <Value className="java.lang.String">channelTab</Value>
</Feature>
</Annotation>
<Annotation Id="60" Type="br" StartNode="241" EndNode="241">
</Annotation>
<Annotation Id="68" Type="a" StartNode="282" EndNode="300">
<Feature>
  <Name className="java.lang.String">href</Name>
  <Value className="java.lang.String">http://winefoodgifts.pricegrabber.co.uk/ut=8fa7090f5513db15/st=topcat_tab/</Value>
</Feature>
<Feature>
  <Name className="java.lang.String">class</Name>
  <Value className="java.lang.String">sm</Value>
</Feature>
</Annotation>
<Annotation Id="69" Type="br" StartNode="295" EndNode="295">
</Annotation>
<Annotation Id="70" Type="li" StartNode="301" EndNode="320">
<Feature>
  <Name className="java.lang.String">id</Name>
  <Value className="java.lang.String">channelTab_12</Value>
</Feature>
<Feature>
  <Name className="java.lang.String">class</Name>
  <Value className="java.lang.String">channelTab</Value>
</Feature>
</Annotation>
<Annotation Id="71" Type="a" StartNode="301" EndNode="320">
<Feature>
  <Name className="java.lang.String">href</Name>
  <Value className="java.lang.String">http://musical-instruments.pricegrabber.co.uk/ut=8fa7090f5513db15/st=topcat_tab/</Value>
</Feature>
<Feature>
  <Name className="java.lang.String">class</Name>
  <Value className="java.lang.String">sm</Value>
</Feature>
</Annotation>
<Annotation Id="64" Type="li" StartNode="268" EndNode="281">
<Feature>
  <Name className="java.lang.String">id</Name>
  <Value className="java.lang.String">channelTab_10</Value>
</Feature>
<Feature>
  <Name className="java.lang.String">class</Name>
  <Value className="java.lang.String">channelTab</Value>
</Feature>
</Annotation>
<Annotation Id="65" Type="a" StartNode="268" EndNode="281">
<Feature>
  <Name className="java.lang.String">href</Name>
  <Value className="java.lang.String">http://babies-kids.pricegrabber.co.uk/ut=8fa7090f5513db15/st=topcat_tab/</Value>
</Feature>
<Feature>
  <Name className="java.lang.String">class</Name>
  <Value className="java.lang.String">sm</Value>
</Feature>
</Annotation>
<Annotation Id="66" Type="br" StartNode="277" EndNode="277">
</Annotation>
<Annotation Id="67" Type="li" StartNode="282" EndNode="300">
<Feature>
  <Name className="java.lang.String">id</Name>
  <Value className="java.lang.String">channelTab_11</Value>
</Feature>
<Feature>
  <Name className="java.lang.String">class</Name>
  <Value className="java.lang.String">channelTab</Value>
</Feature>
</Annotation>
<Annotation Id="76" Type="a" StartNode="328" EndNode="334">
<Feature>
  <Name className="java.lang.String">href</Name>
  <Value className="java.lang.String">http://www.pricegrabber.co.uk/home_movies.php/st=topcat_tab/ut=8fa7090f5513db15</Value>
</Feature>
</Annotation>
<Annotation Id="77" Type="li" StartNode="335" EndNode="345">
<Feature>
  <Name className="java.lang.String">id</Name>
  <Value className="java.lang.String">channelTab_15</Value>
</Feature>
<Feature>
  <Name className="java.lang.String">class</Name>
  <Value className="java.lang.String">channelTab</Value>
</Feature>
</Annotation>
<Annotation Id="78" Type="a" StartNode="335" EndNode="345">
<Feature>
  <Name className="java.lang.String">href</Name>
  <Value className="java.lang.String">http://appliances.pricegrabber.co.uk/ut=8fa7090f5513db15/st=topcat_tab/</Value>
</Feature>
</Annotation>
<Annotation Id="79" Type="li" StartNode="346" EndNode="359">
<Feature>
  <Name className="java.lang.String">id</Name>
  <Value className="java.lang.String">channelTab_16</Value>
</Feature>
<Feature>
  <Name className="java.lang.String">class</Name>
  <Value className="java.lang.String">channelTab</Value>
</Feature>
</Annotation>
<Annotation Id="72" Type="br" StartNode="309" EndNode="309">
</Annotation>
<Annotation Id="73" Type="li" StartNode="321" EndNode="327">
<Feature>
  <Name className="java.lang.String">id</Name>
  <Value className="java.lang.String">channelTab_13</Value>
</Feature>
<Feature>
  <Name className="java.lang.String">class</Name>
  <Value className="java.lang.String">channelTab</Value>
</Feature>
</Annotation>
<Annotation Id="74" Type="a" StartNode="321" EndNode="327">
<Feature>
  <Name className="java.lang.String">href</Name>
  <Value className="java.lang.String">http://office.pricegrabber.co.uk/ut=8fa7090f5513db15/st=topcat_tab/</Value>
</Feature>
</Annotation>
<Annotation Id="75" Type="li" StartNode="328" EndNode="334">
<Feature>
  <Name className="java.lang.String">id</Name>
  <Value className="java.lang.String">channelTab_14</Value>
</Feature>
<Feature>
  <Name className="java.lang.String">class</Name>
  <Value className="java.lang.String">channelTab</Value>
</Feature>
</Annotation>
<Annotation Id="85" Type="li" StartNode="375" EndNode="379">
<Feature>
  <Name className="java.lang.String">id</Name>
  <Value className="java.lang.String">channelTab_18</Value>
</Feature>
<Feature>
  <Name className="java.lang.String">class</Name>
  <Value className="java.lang.String">channelTab</Value>
</Feature>
</Annotation>
<Annotation Id="84" Type="br" StartNode="368" EndNode="368">
</Annotation>
<Annotation Id="87" Type="li" StartNode="380" EndNode="389">
<Feature>
  <Name className="java.lang.String">id</Name>
  <Value className="java.lang.String">channelTab_19</Value>
</Feature>
<Feature>
  <Name className="java.lang.String">class</Name>
  <Value className="java.lang.String">channelTab</Value>
</Feature>
</Annotation>
<Annotation Id="86" Type="a" StartNode="375" EndNode="379">
<Feature>
  <Name className="java.lang.String">href</Name>
  <Value className="java.lang.String">http://toys.pricegrabber.co.uk/ut=8fa7090f5513db15/st=topcat_tab/</Value>
</Feature>
</Annotation>
<Annotation Id="81" Type="br" StartNode="353" EndNode="353">
</Annotation>
<Annotation Id="80" Type="a" StartNode="346" EndNode="359">
<Feature>
  <Name className="java.lang.String">href</Name>
  <Value className="java.lang.String">http://indoors.pricegrabber.co.uk/ut=8fa7090f5513db15/st=topcat_tab/</Value>
</Feature>
<Feature>
  <Name className="java.lang.String">class</Name>
  <Value className="java.lang.String">sm</Value>
</Feature>
</Annotation>
<Annotation Id="83" Type="a" StartNode="360" EndNode="374">
<Feature>
  <Name className="java.lang.String">href</Name>
  <Value className="java.lang.String">http://outdoors.pricegrabber.co.uk/ut=8fa7090f5513db15/st=topcat_tab/</Value>
</Feature>
<Feature>
  <Name className="java.lang.String">class</Name>
  <Value className="java.lang.String">sm</Value>
</Feature>
</Annotation>
<Annotation Id="82" Type="li" StartNode="360" EndNode="374">
<Feature>
  <Name className="java.lang.String">id</Name>
  <Value className="java.lang.String">channelTab_17</Value>
</Feature>
<Feature>
  <Name className="java.lang.String">class</Name>
  <Value className="java.lang.String">channelTab</Value>
</Feature>
</Annotation>
<Annotation Id="93" Type="div" StartNode="395" EndNode="395">
<Feature>
  <Name className="java.lang.String">class</Name>
  <Value className="java.lang.String">moreChannelTabsBottom</Value>
</Feature>
<Feature>
  <Name className="java.lang.String">isEmptyAndSpan</Name>
  <Value className="java.lang.String">true</Value>
</Feature>
</Annotation>
<Annotation Id="92" Type="ul" StartNode="395" EndNode="395">
<Feature>
  <Name className="java.lang.String">id</Name>
  <Value className="java.lang.String">moreChannelTabs</Value>
</Feature>
<Feature>
  <Name className="java.lang.String">class</Name>
  <Value className="java.lang.String">moreChannelTabs</Value>
</Feature>
<Feature>
  <Name className="java.lang.String">isEmptyAndSpan</Name>
  <Value className="java.lang.String">true</Value>
</Feature>
<Feature>
  <Name className="java.lang.String">onmouseout</Name>
  <Value className="java.lang.String">javascript:hideMoreMenu();</Value>
</Feature>
<Feature>
  <Name className="java.lang.String">onmouseover</Name>
  <Value className="java.lang.String">javascript:showMoreMenu();</Value>
</Feature>
</Annotation>
<Annotation Id="95" Type="div" StartNode="395" EndNode="468">
<Feature>
  <Name className="java.lang.String">id</Name>
  <Value className="java.lang.String">mastLinks</Value>
</Feature>
</Annotation>
<Annotation Id="94" Type="script" StartNode="395" EndNode="395">
<Feature>
  <Name className="java.lang.String">isEmptyAndSpan</Name>
  <Value className="java.lang.String">true</Value>
</Feature>
<Feature>
  <Name className="java.lang.String">language</Name>
  <Value className="java.lang.String">javascript</Value>
</Feature>
</Annotation>
<Annotation Id="89" Type="li" StartNode="390" EndNode="394">
<Feature>
  <Name className="java.lang.String">id</Name>
  <Value className="java.lang.String">channelTab_more</Value>
</Feature>
<Feature>
  <Name className="java.lang.String">class</Name>
  <Value className="java.lang.String">channelTab more</Value>
</Feature>
</Annotation>
<Annotation Id="88" Type="a" StartNode="380" EndNode="389">
<Feature>
  <Name className="java.lang.String">href</Name>
  <Value className="java.lang.String">http://products.xelector.com/pricegrabber/Utilities/</Value>
</Feature>
</Annotation>
<Annotation Id="91" Type="div" StartNode="395" EndNode="395">
<Feature>
  <Name className="java.lang.String">id</Name>
  <Value className="java.lang.String">moreChannels</Value>
</Feature>
<Feature>
  <Name className="java.lang.String">isEmptyAndSpan</Name>
  <Value className="java.lang.String">true</Value>
</Feature>
<Feature>
  <Name className="java.lang.String">onmouseout</Name>
  <Value className="java.lang.String">javascript:hideMoreMenu();</Value>
</Feature>
<Feature>
  <Name className="java.lang.String">onmouseover</Name>
  <Value className="java.lang.String">javascript:showMoreMenu();</Value>
</Feature>
</Annotation>
<Annotation Id="90" Type="a" StartNode="390" EndNode="394">
<Feature>
  <Name className="java.lang.String">href</Name>
  <Value className="java.lang.String">http://www.pricegrabber.co.uk/home_channelindex.php/st=topcat_tab/ut=8fa7090f5513db15</Value>
</Feature>
<Feature>
  <Name className="java.lang.String">onmouseout</Name>
  <Value className="java.lang.String">javascript:hideMoreMenu();</Value>
</Feature>
<Feature>
  <Name className="java.lang.String">onmouseover</Name>
  <Value className="java.lang.String">javascript:showMoreMenu();</Value>
</Feature>
</Annotation>
<Annotation Id="102" Type="a" StartNode="425" EndNode="440">
<Feature>
  <Name className="java.lang.String">target</Name>
  <Value className="java.lang.String">_parent</Value>
</Feature>
<Feature>
  <Name className="java.lang.String">href</Name>
  <Value className="java.lang.String">http://www.pricegrabber.co.uk/home_rebates.php/ut=8fa7090f5513db15</Value>
</Feature>
</Annotation>
<Annotation Id="103" Type="li" StartNode="441" EndNode="457">
<Feature>
  <Name className="java.lang.String">id</Name>
  <Value className="java.lang.String">mastLink_3</Value>
</Feature>
<Feature>
  <Name className="java.lang.String">class</Name>
  <Value className="java.lang.String">mastLink</Value>
</Feature>
</Annotation>
<Annotation Id="100" Type="a" StartNode="408" EndNode="424">
<Feature>
  <Name className="java.lang.String">target</Name>
  <Value className="java.lang.String">_parent</Value>
</Feature>
<Feature>
  <Name className="java.lang.String">href</Name>
  <Value className="java.lang.String">http://www.pricegrabber.co.uk/rating_summary.php/ut=8fa7090f5513db15</Value>
</Feature>
</Annotation>
<Annotation Id="101" Type="li" StartNode="425" EndNode="440">
<Feature>
  <Name className="java.lang.String">id</Name>
  <Value className="java.lang.String">mastLink_2</Value>
</Feature>
<Feature>
  <Name className="java.lang.String">class</Name>
  <Value className="java.lang.String">mastLink</Value>
</Feature>
</Annotation>
<Annotation Id="98" Type="a" StartNode="395" EndNode="407">
<Feature>
  <Name className="java.lang.String">target</Name>
  <Value className="java.lang.String">_parent</Value>
</Feature>
<Feature>
  <Name className="java.lang.String">href</Name>
  <Value className="java.lang.String">http://www.pricegrabber.co.uk/home_mostpop.php/ut=8fa7090f5513db15</Value>
</Feature>
</Annotation>
<Annotation Id="99" Type="li" StartNode="408" EndNode="424">
<Feature>
  <Name className="java.lang.String">id</Name>
  <Value className="java.lang.String">mastLink_1</Value>
</Feature>
<Feature>
  <Name className="java.lang.String">class</Name>
  <Value className="java.lang.String">mastLink</Value>
</Feature>
</Annotation>
<Annotation Id="96" Type="ul" StartNode="395" EndNode="468">
<Feature>
  <Name className="java.lang.String">class</Name>
  <Value className="java.lang.String">mastLinks</Value>
</Feature>
</Annotation>
<Annotation Id="97" Type="li" StartNode="395" EndNode="407">
<Feature>
  <Name className="java.lang.String">id</Name>
  <Value className="java.lang.String">mastLink_0</Value>
</Feature>
<Feature>
  <Name className="java.lang.String">class</Name>
  <Value className="java.lang.String">mastLink</Value>
</Feature>
</Annotation>
<Annotation Id="110" Type="form" StartNode="468" EndNode="733">
<Feature>
  <Name className="java.lang.String">action</Name>
  <Value className="java.lang.String">/search.php</Value>
</Feature>
<Feature>
  <Name className="java.lang.String">target</Name>
  <Value className="java.lang.String">_parent</Value>
</Feature>
<Feature>
  <Name className="java.lang.String">class</Name>
  <Value className="java.lang.String">csshopfor</Value>
</Feature>
<Feature>
  <Name className="java.lang.String">method</Name>
  <Value className="java.lang.String">get</Value>
</Feature>
<Feature>
  <Name className="java.lang.String">style</Name>
  <Value className="java.lang.String">margin:0; padding:0;</Value>
</Feature>
<Feature>
  <Name className="java.lang.String">name</Name>
  <Value className="java.lang.String">mastsearch</Value>
</Feature>
</Annotation>
<Annotation Id="111" Type="div" StartNode="468" EndNode="733">
<Feature>
  <Name className="java.lang.String">id</Name>
  <Value className="java.lang.String">search_bar</Value>
</Feature>
</Annotation>
<Annotation Id="108" Type="a" StartNode="468" EndNode="468">
<Feature>
  <Name className="java.lang.String">target</Name>
  <Value className="java.lang.String">_parent</Value>
</Feature>
<Feature>
  <Name className="java.lang.String">href</Name>
  <Value className="java.lang.String">?ut=8fa7090f5513db15</Value>
</Feature>
<Feature>
  <Name className="java.lang.String">isEmptyAndSpan</Name>
  <Value className="java.lang.String">true</Value>
</Feature>
</Annotation>
<Annotation Id="109" Type="div" StartNode="468" EndNode="733">
<Feature>
  <Name className="java.lang.String">id</Name>
  <Value className="java.lang.String">pgSiteSearch</Value>
</Feature>
</Annotation>
<Annotation Id="106" Type="a" StartNode="458" EndNode="467">
<Feature>
  <Name className="java.lang.String">target</Name>
  <Value className="java.lang.String">_parent</Value>
</Feature>
<Feature>
  <Name className="java.lang.String">href</Name>
  <Value className="java.lang.String">http://shopgreen.pricegrabber.co.uk?ut=8fa7090f5513db15</Value>
</Feature>
</Annotation>
<Annotation Id="107" Type="li" StartNode="468" EndNode="468">
<Feature>
  <Name className="java.lang.String">id</Name>
  <Value className="java.lang.String">mastLink_5</Value>
</Feature>
<Feature>
  <Name className="java.lang.String">class</Name>
  <Value className="java.lang.String">mastLink</Value>
</Feature>
<Feature>
  <Name className="java.lang.String">isEmptyAndSpan</Name>
  <Value className="java.lang.String">true</Value>
</Feature>
</Annotation>
<Annotation Id="104" Type="a" StartNode="441" EndNode="457">
<Feature>
  <Name className="java.lang.String">target</Name>
  <Value className="java.lang.String">_parent</Value>
</Feature>
<Feature>
  <Name className="java.lang.String">href</Name>
  <Value className="java.lang.String">http://www.pricegrabber.co.uk/home_coupons.php/ut=8fa7090f5513db15</Value>
</Feature>
</Annotation>
<Annotation Id="105" Type="li" StartNode="458" EndNode="467">
<Feature>
  <Name className="java.lang.String">id</Name>
  <Value className="java.lang.String">mastLink_4</Value>
</Feature>
<Feature>
  <Name className="java.lang.String">class</Name>
  <Value className="java.lang.String">mastLink</Value>
</Feature>
</Annotation>
<Annotation Id="119" Type="select" StartNode="480" EndNode="725">
<Feature>
  <Name className="java.lang.String">name</Name>
  <Value className="java.lang.String">topcat_id</Value>
</Feature>
</Annotation>
<Annotation Id="118" Type="span" StartNode="480" EndNode="725">
<Feature>
  <Name className="java.lang.String">class</Name>
  <Value className="java.lang.String">sbar</Value>
</Feature>
</Annotation>
<Annotation Id="117" Type="span" StartNode="477" EndNode="479">
<Feature>
  <Name className="java.lang.String">class</Name>
  <Value className="java.lang.String">sbar</Value>
</Feature>
</Annotation>
<Annotation Id="116" Type="input" StartNode="476" EndNode="476">
<Feature>
  <Name className="java.lang.String">id</Name>
  <Value className="java.lang.String">shopForInput</Value>
</Feature>
<Feature>
  <Name className="java.lang.String">value</Name>
  <Value className="java.lang.String"></Value>
</Feature>
<Feature>
  <Name className="java.lang.String">type</Name>
  <Value className="java.lang.String">text</Value>
</Feature>
<Feature>
  <Name className="java.lang.String">name</Name>
  <Value className="java.lang.String">form_keyword</Value>
</Feature>
</Annotation>
<Annotation Id="115" Type="span" StartNode="476" EndNode="476">
<Feature>
  <Name className="java.lang.String">class</Name>
  <Value className="java.lang.String">sbar search</Value>
</Feature>
<Feature>
  <Name className="java.lang.String">isEmptyAndSpan</Name>
  <Value className="java.lang.String">true</Value>
</Feature>
</Annotation>
<Annotation Id="114" Type="span" StartNode="468" EndNode="476">
<Feature>
  <Name className="java.lang.String">class</Name>
  <Value className="java.lang.String">sbar</Value>
</Feature>
</Annotation>
<Annotation Id="113" Type="div" StartNode="468" EndNode="732">
<Feature>
  <Name className="java.lang.String">id</Name>
  <Value className="java.lang.String">search_bar_center</Value>
</Feature>
</Annotation>
<Annotation Id="112" Type="div" StartNode="468" EndNode="733">
<Feature>
  <Name className="java.lang.String">id</Name>
  <Value className="java.lang.String">search_elements</Value>
</Feature>
</Annotation>
<Annotation Id="127" Type="option" StartNode="557" EndNode="575">
<Feature>
  <Name className="java.lang.String">value</Name>
  <Value className="java.lang.String">17</Value>
</Feature>
</Annotation>
<Annotation Id="126" Type="option" StartNode="545" EndNode="556">
<Feature>
  <Name className="java.lang.String">value</Name>
  <Value className="java.lang.String">2</Value>
</Feature>
</Annotation>
<Annotation Id="125" Type="option" StartNode="535" EndNode="544">
<Feature>
  <Name className="java.lang.String">value</Name>
  <Value className="java.lang.String">1</Value>
</Feature>
</Annotation>
<Annotation Id="124" Type="option" StartNode="526" EndNode="534">
<Feature>
  <Name className="java.lang.String">value</Name>
  <Value className="java.lang.String">12</Value>
</Feature>
</Annotation>
<Annotation Id="123" Type="option" StartNode="518" EndNode="525">
<Feature>
  <Name className="java.lang.String">value</Name>
  <Value className="java.lang.String">11</Value>
</Feature>
</Annotation>
<Annotation Id="122" Type="option" StartNode="504" EndNode="517">
<Feature>
  <Name className="java.lang.String">value</Name>
  <Value className="java.lang.String">14</Value>
</Feature>
</Annotation>
<Annotation Id="121" Type="option" StartNode="493" EndNode="503">
<Feature>
  <Name className="java.lang.String">value</Name>
  <Value className="java.lang.String">27</Value>
</Feature>
</Annotation>
<Annotation Id="120" Type="option" StartNode="480" EndNode="492">
<Feature>
  <Name className="java.lang.String">value</Name>
  <Value className="java.lang.String"></Value>
</Feature>
<Feature>
  <Name className="java.lang.String">selected</Name>
  <Value className="java.lang.String"></Value>
</Feature>
</Annotation>
<Annotation Id="137" Type="option" StartNode="694" EndNode="708">
<Feature>
  <Name className="java.lang.String">value</Name>
  <Value className="java.lang.String">18</Value>
</Feature>
</Annotation>
<Annotation Id="136" Type="option" StartNode="685" EndNode="693">
<Feature>
  <Name className="java.lang.String">value</Name>
  <Value className="java.lang.String">6</Value>
</Feature>
</Annotation>
<Annotation Id="139" Type="option" StartNode="714" EndNode="725">
<Feature>
  <Name className="java.lang.String">value</Name>
  <Value className="java.lang.String">3</Value>
</Feature>
</Annotation>
<Annotation Id="138" Type="option" StartNode="709" EndNode="713">
<Feature>
  <Name className="java.lang.String">value</Name>
  <Value className="java.lang.String">8</Value>
</Feature>
</Annotation>
<Annotation Id="141" Type="span" StartNode="726" EndNode="732">
<Feature>
  <Name className="java.lang.String">class</Name>
  <Value className="java.lang.String">sbar submitLink</Value>
</Feature>
</Annotation>
<Annotation Id="140" Type="input" StartNode="725" EndNode="725">
<Feature>
  <Name className="java.lang.String">type</Name>
  <Value className="java.lang.String">hidden</Value>
</Feature>
<Feature>
  <Name className="java.lang.String">value</Name>
  <Value className="java.lang.String">query</Value>
</Feature>
<Feature>
  <Name className="java.lang.String">name</Name>
  <Value className="java.lang.String">st</Value>
</Feature>
</Annotation>
<Annotation Id="143" Type="a" StartNode="726" EndNode="732">
<Feature>
  <Name className="java.lang.String">href</Name>
  <Value className="java.lang.String">javascript:document.mastsearch.submit()</Value>
</Feature>
</Annotation>
<Annotation Id="142" Type="span" StartNode="726" EndNode="732">
<Feature>
  <Name className="java.lang.String">class</Name>
  <Value className="java.lang.String">pgBtn</Value>
</Feature>
</Annotation>
<Annotation Id="129" Type="option" StartNode="586" EndNode="601">
<Feature>
  <Name className="java.lang.String">value</Name>
  <Value className="java.lang.String">16</Value>
</Feature>
</Annotation>
<Annotation Id="128" Type="option" StartNode="576" EndNode="585">
<Feature>
  <Name className="java.lang.String">value</Name>
  <Value className="java.lang.String">29</Value>
</Feature>
</Annotation>
<Annotation Id="131" Type="option" StartNode="616" EndNode="635">
<Feature>
  <Name className="java.lang.String">value</Name>
  <Value className="java.lang.String">10</Value>
</Feature>
</Annotation>
<Annotation Id="130" Type="option" StartNode="602" EndNode="615">
<Feature>
  <Name className="java.lang.String">value</Name>
  <Value className="java.lang.String">30</Value>
</Feature>
</Annotation>
<Annotation Id="133" Type="option" StartNode="643" EndNode="662">
<Feature>
  <Name className="java.lang.String">value</Name>
  <Value className="java.lang.String">19</Value>
</Feature>
</Annotation>
<Annotation Id="132" Type="option" StartNode="636" EndNode="642">
<Feature>
  <Name className="java.lang.String">value</Name>
  <Value className="java.lang.String">4</Value>
</Feature>
</Annotation>
<Annotation Id="135" Type="option" StartNode="670" EndNode="684">
<Feature>
  <Name className="java.lang.String">value</Name>
  <Value className="java.lang.String">28</Value>
</Feature>
</Annotation>
<Annotation Id="134" Type="option" StartNode="663" EndNode="669">
<Feature>
  <Name className="java.lang.String">value</Name>
  <Value className="java.lang.String">9</Value>
</Feature>
</Annotation>
<Annotation Id="152" Type="div" StartNode="733" EndNode="1053">
<Feature>
  <Name className="java.lang.String">id</Name>
  <Value className="java.lang.String">scoreCard</Value>
</Feature>
</Annotation>
<Annotation Id="153" Type="div" StartNode="733" EndNode="756">
<Feature>
  <Name className="java.lang.String">id</Name>
  <Value className="java.lang.String">getprod_tabs_sm</Value>
</Feature>
</Annotation>
<Annotation Id="154" Type="div" StartNode="733" EndNode="756">
<Feature>
  <Name className="java.lang.String">id</Name>
  <Value className="java.lang.String">getprod_wrap_sm</Value>
</Feature>
</Annotation>
<Annotation Id="155" Type="ul" StartNode="733" EndNode="756">
<Feature>
  <Name className="java.lang.String">class</Name>
  <Value className="java.lang.String">getprod</Value>
</Feature>
</Annotation>
<Annotation Id="156" Type="li" StartNode="733" EndNode="745">
<Feature>
  <Name className="java.lang.String">id</Name>
  <Value className="java.lang.String">showContactTab</Value>
</Feature>
</Annotation>
<Annotation Id="157" Type="a" StartNode="733" EndNode="745">
<Feature>
  <Name className="java.lang.String">href</Name>
  <Value className="java.lang.String">javascript:showContactTab()</Value>
</Feature>
</Annotation>
<Annotation Id="158" Type="li" StartNode="746" EndNode="755">
<Feature>
  <Name className="java.lang.String">id</Name>
  <Value className="java.lang.String">showScoreTab</Value>
</Feature>
<Feature>
  <Name className="java.lang.String">class</Name>
  <Value className="java.lang.String">current</Value>
</Feature>
</Annotation>
<Annotation Id="159" Type="a" StartNode="746" EndNode="755">
<Feature>
  <Name className="java.lang.String">href</Name>
  <Value className="java.lang.String">javascript:showScoreTab()</Value>
</Feature>
</Annotation>
<Annotation Id="144" Type="script" StartNode="733" EndNode="733">
<Feature>
  <Name className="java.lang.String">type</Name>
  <Value className="java.lang.String">text/javascript</Value>
</Feature>
<Feature>
  <Name className="java.lang.String">isEmptyAndSpan</Name>
  <Value className="java.lang.String">true</Value>
</Feature>
</Annotation>
<Annotation Id="145" Type="input" StartNode="733" EndNode="733">
<Feature>
  <Name className="java.lang.String">type</Name>
  <Value className="java.lang.String">hidden</Value>
</Feature>
<Feature>
  <Name className="java.lang.String">value</Name>
  <Value className="java.lang.String">8fa7090f5513db15</Value>
</Feature>
<Feature>
  <Name className="java.lang.String">name</Name>
  <Value className="java.lang.String">ut</Value>
</Feature>
</Annotation>
<Annotation Id="146" Type="script" StartNode="733" EndNode="733">
<Feature>
  <Name className="java.lang.String">type</Name>
  <Value className="java.lang.String">text/javascript</Value>
</Feature>
<Feature>
  <Name className="java.lang.String">isEmptyAndSpan</Name>
  <Value className="java.lang.String">true</Value>
</Feature>
</Annotation>
<Annotation Id="147" Type="div" StartNode="733" EndNode="1816">
<Feature>
  <Name className="java.lang.String">id</Name>
  <Value className="java.lang.String">pgPageContent</Value>
</Feature>
</Annotation>
<Annotation Id="148" Type="div" StartNode="733" EndNode="1624">
<Feature>
  <Name className="java.lang.String">id</Name>
  <Value className="java.lang.String">contentContainer</Value>
</Feature>
<Feature>
  <Name className="java.lang.String">style</Name>
  <Value className="java.lang.String">width: 96%;</Value>
</Feature>
</Annotation>
<Annotation Id="149" Type="div" StartNode="733" EndNode="733">
<Feature>
  <Name className="java.lang.String">id</Name>
  <Value className="java.lang.String">merchantInfoHeader</Value>
</Feature>
<Feature>
  <Name className="java.lang.String">isEmptyAndSpan</Name>
  <Value className="java.lang.String">true</Value>
</Feature>
</Annotation>
<Annotation Id="150" Type="div" StartNode="733" EndNode="733">
<Feature>
  <Name className="java.lang.String">style</Name>
  <Value className="java.lang.String">float: right;</Value>
</Feature>
<Feature>
  <Name className="java.lang.String">isEmptyAndSpan</Name>
  <Value className="java.lang.String">true</Value>
</Feature>
</Annotation>
<Annotation Id="151" Type="img" StartNode="733" EndNode="733">
<Feature>
  <Name className="java.lang.String">src</Name>
  <Value className="java.lang.String">http://ai.pricegrabber.com/images/title_merchantinformation.gif</Value>
</Feature>
<Feature>
  <Name className="java.lang.String">width</Name>
  <Value className="java.lang.String">183</Value>
</Feature>
<Feature>
  <Name className="java.lang.String">height</Name>
  <Value className="java.lang.String">22</Value>
</Feature>
</Annotation>
<Annotation Id="171" Type="td" StartNode="815" EndNode="816">
</Annotation>
<Annotation Id="170" Type="td" StartNode="813" EndNode="814">
</Annotation>
<Annotation Id="169" Type="td" StartNode="811" EndNode="812">
</Annotation>
<Annotation Id="168" Type="th" StartNode="793" EndNode="810">
<Feature>
  <Name className="java.lang.String">class</Name>
  <Value className="java.lang.String">bottomWhiteBorder</Value>
</Feature>
</Annotation>
<Annotation Id="175" Type="td" StartNode="831" EndNode="832">
</Annotation>
<Annotation Id="174" Type="td" StartNode="829" EndNode="830">
</Annotation>
<Annotation Id="173" Type="th" StartNode="817" EndNode="828">
<Feature>
  <Name className="java.lang.String">class</Name>
  <Value className="java.lang.String">bottomWhiteBorder</Value>
</Feature>
</Annotation>
<Annotation Id="172" Type="tr" StartNode="817" EndNode="834">
</Annotation>
<Annotation Id="163" Type="th" StartNode="756" EndNode="756">
<Feature>
  <Name className="java.lang.String">isEmptyAndSpan</Name>
  <Value className="java.lang.String">true</Value>
</Feature>
</Annotation>
<Annotation Id="162" Type="tr" StartNode="756" EndNode="792">
</Annotation>
<Annotation Id="161" Type="table" StartNode="756" EndNode="911">
<Feature>
  <Name className="java.lang.String">id</Name>
  <Value className="java.lang.String">scoreTable</Value>
</Feature>
<Feature>
  <Name className="java.lang.String">cellpadding</Name>
  <Value className="java.lang.String">0</Value>
</Feature>
<Feature>
  <Name className="java.lang.String">border</Name>
  <Value className="java.lang.String">0</Value>
</Feature>
<Feature>
  <Name className="java.lang.String">cellspacing</Name>
  <Value className="java.lang.String">0</Value>
</Feature>
</Annotation>
<Annotation Id="160" Type="div" StartNode="756" EndNode="911">
<Feature>
  <Name className="java.lang.String">id</Name>
  <Value className="java.lang.String">scoreWrapper</Value>
</Feature>
</Annotation>
<Annotation Id="167" Type="tr" StartNode="793" EndNode="816">
</Annotation>
<Annotation Id="166" Type="th" StartNode="784" EndNode="792">
</Annotation>
<Annotation Id="165" Type="th" StartNode="770" EndNode="783">
<Feature>
  <Name className="java.lang.String">class</Name>
  <Value className="java.lang.String">rightWhiteBoder</Value>
</Feature>
</Annotation>
<Annotation Id="164" Type="th" StartNode="756" EndNode="769">
<Feature>
  <Name className="java.lang.String">class</Name>
  <Value className="java.lang.String">rightWhiteBoder</Value>
</Feature>
</Annotation>
<Annotation Id="186" Type="td" StartNode="877" EndNode="878">
</Annotation>
<Annotation Id="187" Type="tr" StartNode="879" EndNode="910">
</Annotation>
<Annotation Id="184" Type="td" StartNode="873" EndNode="874">
</Annotation>
<Annotation Id="185" Type="td" StartNode="875" EndNode="876">
</Annotation>
<Annotation Id="190" Type="br" StartNode="900" EndNode="900">
</Annotation>
<Annotation Id="191" Type="td" StartNode="900" EndNode="905">
</Annotation>
<Annotation Id="188" Type="th" StartNode="879" EndNode="889">
</Annotation>
<Annotation Id="189" Type="td" StartNode="890" EndNode="900">
</Annotation>
<Annotation Id="178" Type="th" StartNode="835" EndNode="852">
<Feature>
  <Name className="java.lang.String">class</Name>
  <Value className="java.lang.String">bottomWhiteBorder</Value>
</Feature>
</Annotation>
<Annotation Id="179" Type="td" StartNode="853" EndNode="854">
</Annotation>
<Annotation Id="176" Type="td" StartNode="833" EndNode="834">
</Annotation>
<Annotation Id="177" Type="tr" StartNode="835" EndNode="858">
</Annotation>
<Annotation Id="182" Type="tr" StartNode="859" EndNode="878">
</Annotation>
<Annotation Id="183" Type="th" StartNode="859" EndNode="872">
<Feature>
  <Name className="java.lang.String">class</Name>
  <Value className="java.lang.String">bottomWhiteBorder</Value>
</Feature>
</Annotation>
<Annotation Id="180" Type="td" StartNode="855" EndNode="856">
</Annotation>
<Annotation Id="181" Type="td" StartNode="857" EndNode="858">
</Annotation>
<Annotation Id="205" Type="td" StartNode="930" EndNode="955">
</Annotation>
<Annotation Id="204" Type="th" StartNode="921" EndNode="929">
<Feature>
  <Name className="java.lang.String">class</Name>
  <Value className="java.lang.String">bottomWhiteBorder</Value>
</Feature>
</Annotation>
<Annotation Id="207" Type="th" StartNode="956" EndNode="971">
<Feature>
  <Name className="java.lang.String">class</Name>
  <Value className="java.lang.String">bottomWhiteBorder</Value>
</Feature>
</Annotation>
<Annotation Id="206" Type="tr" StartNode="956" EndNode="975">
</Annotation>
<Annotation Id="201" Type="td" StartNode="919" EndNode="920">
</Annotation>
<Annotation Id="200" Type="th" StartNode="911" EndNode="919">
<Feature>
  <Name className="java.lang.String">class</Name>
  <Value className="java.lang.String">bottomWhiteBorder</Value>
</Feature>
</Annotation>
<Annotation Id="203" Type="tr" StartNode="921" EndNode="955">
</Annotation>
<Annotation Id="202" Type="br" StartNode="920" EndNode="920">
</Annotation>
<Annotation Id="197" Type="div" StartNode="911" EndNode="1053">
<Feature>
  <Name className="java.lang.String">id</Name>
  <Value className="java.lang.String">contactWrapper</Value>
</Feature>
</Annotation>
<Annotation Id="196" Type="br" StartNode="906" EndNode="906">
</Annotation>
<Annotation Id="199" Type="tr" StartNode="911" EndNode="920">
</Annotation>
<Annotation Id="198" Type="table" StartNode="911" EndNode="1053">
<Feature>
  <Name className="java.lang.String">id</Name>
  <Value className="java.lang.String">contactTable</Value>
</Feature>
<Feature>
  <Name className="java.lang.String">cellpadding</Name>
  <Value className="java.lang.String">0</Value>
</Feature>
<Feature>
  <Name className="java.lang.String">border</Name>
  <Value className="java.lang.String">0</Value>
</Feature>
<Feature>
  <Name className="java.lang.String">cellspacing</Name>
  <Value className="java.lang.String">0</Value>
</Feature>
</Annotation>
<Annotation Id="193" Type="br" StartNode="901" EndNode="901">
</Annotation>
<Annotation Id="192" Type="img" StartNode="900" EndNode="900">
<Feature>
  <Name className="java.lang.String">src</Name>
  <Value className="java.lang.String">http://ai.pricegrabber.com/images/rating_1_newo2.gif</Value>
</Feature>
<Feature>
  <Name className="java.lang.String">height</Name>
  <Value className="java.lang.String">11</Value>
</Feature>
<Feature>
  <Name className="java.lang.String">border</Name>
  <Value className="java.lang.String">0</Value>
</Feature>
<Feature>
  <Name className="java.lang.String">alt</Name>
  <Value className="java.lang.String">1 Star Review</Value>
</Feature>
<Feature>
  <Name className="java.lang.String">width</Name>
  <Value className="java.lang.String">60</Value>
</Feature>
</Annotation>
<Annotation Id="195" Type="img" StartNode="905" EndNode="905">
<Feature>
  <Name className="java.lang.String">src</Name>
  <Value className="java.lang.String">http://ai.pricegrabber.com/images/rating_1_newo2.gif</Value>
</Feature>
<Feature>
  <Name className="java.lang.String">height</Name>
  <Value className="java.lang.String">11</Value>
</Feature>
<Feature>
  <Name className="java.lang.String">border</Name>
  <Value className="java.lang.String">0</Value>
</Feature>
<Feature>
  <Name className="java.lang.String">alt</Name>
  <Value className="java.lang.String">1 Star Review</Value>
</Feature>
<Feature>
  <Name className="java.lang.String">width</Name>
  <Value className="java.lang.String">60</Value>
</Feature>
</Annotation>
<Annotation Id="194" Type="td" StartNode="905" EndNode="910">
</Annotation>
<Annotation Id="220" Type="td" StartNode="1049" EndNode="1052">
</Annotation>
<Annotation Id="221" Type="script" StartNode="1053" EndNode="1053">
<Feature>
  <Name className="java.lang.String">type</Name>
  <Value className="java.lang.String">text/javascript</Value>
</Feature>
<Feature>
  <Name className="java.lang.String">isEmptyAndSpan</Name>
  <Value className="java.lang.String">true</Value>
</Feature>
</Annotation>
<Annotation Id="222" Type="div" StartNode="1053" EndNode="1091">
<Feature>
  <Name className="java.lang.String">id</Name>
  <Value className="java.lang.String">merchantIdentityBlock</Value>
</Feature>
</Annotation>
<Annotation Id="223" Type="div" StartNode="1053" EndNode="1053">
<Feature>
  <Name className="java.lang.String">id</Name>
  <Value className="java.lang.String">goldAward</Value>
</Feature>
<Feature>
  <Name className="java.lang.String">isEmptyAndSpan</Name>
  <Value className="java.lang.String">true</Value>
</Feature>
</Annotation>
<Annotation Id="216" Type="th" StartNode="1012" EndNode="1024">
<Feature>
  <Name className="java.lang.String">class</Name>
  <Value className="java.lang.String">bottomWhiteBorder</Value>
</Feature>
</Annotation>
<Annotation Id="217" Type="td" StartNode="1025" EndNode="1028">
</Annotation>
<Annotation Id="218" Type="tr" StartNode="1029" EndNode="1052">
</Annotation>
<Annotation Id="219" Type="th" StartNode="1029" EndNode="1048">
</Annotation>
<Annotation Id="212" Type="tr" StartNode="993" EndNode="1011">
</Annotation>
<Annotation Id="213" Type="th" StartNode="993" EndNode="1007">
<Feature>
  <Name className="java.lang.String">class</Name>
  <Value className="java.lang.String">bottomWhiteBorder</Value>
</Feature>
</Annotation>
<Annotation Id="214" Type="td" StartNode="1008" EndNode="1011">
</Annotation>
<Annotation Id="215" Type="tr" StartNode="1012" EndNode="1028">
</Annotation>
<Annotation Id="208" Type="td" StartNode="972" EndNode="975">
</Annotation>
<Annotation Id="209" Type="tr" StartNode="976" EndNode="992">
</Annotation>
<Annotation Id="210" Type="th" StartNode="976" EndNode="988">
<Feature>
  <Name className="java.lang.String">class</Name>
  <Value className="java.lang.String">bottomWhiteBorder</Value>
</Feature>
</Annotation>
<Annotation Id="211" Type="td" StartNode="989" EndNode="992">
</Annotation>
<Annotation Id="239" Type="li" StartNode="1107" EndNode="1123">
<Feature>
  <Name className="java.lang.String">id</Name>
  <Value className="java.lang.String">current</Value>
</Feature>
<Feature>
  <Name className="java.lang.String">class</Name>
  <Value className="java.lang.String">getprod</Value>
</Feature>
</Annotation>
<Annotation Id="238" Type="a" StartNode="1093" EndNode="1106">
<Feature>
  <Name className="java.lang.String">href</Name>
  <Value className="java.lang.String">http://www.pricegrabber.co.uk/info_retailer.php/r=2352/m=4642352/ut=8fa7090f5513db15</Value>
</Feature>
</Annotation>
<Annotation Id="237" Type="li" StartNode="1093" EndNode="1106">
<Feature>
  <Name className="java.lang.String">class</Name>
  <Value className="java.lang.String">getprod</Value>
</Feature>
</Annotation>
<Annotation Id="236" Type="ul" StartNode="1093" EndNode="1124">
<Feature>
  <Name className="java.lang.String">class</Name>
  <Value className="java.lang.String">getprod</Value>
</Feature>
</Annotation>
<Annotation Id="235" Type="div" StartNode="1093" EndNode="1124">
<Feature>
  <Name className="java.lang.String">id</Name>
  <Value className="java.lang.String">getprod_wrap</Value>
</Feature>
</Annotation>
<Annotation Id="234" Type="div" StartNode="1093" EndNode="1124">
<Feature>
  <Name className="java.lang.String">id</Name>
  <Value className="java.lang.String">getprod_tabs</Value>
</Feature>
</Annotation>
<Annotation Id="233" Type="br" StartNode="1093" EndNode="1093">
</Annotation>
<Annotation Id="232" Type="br" StartNode="1092" EndNode="1092">
</Annotation>
<Annotation Id="231" Type="input" StartNode="1091" EndNode="1091">
<Feature>
  <Name className="java.lang.String">type</Name>
  <Value className="java.lang.String">hidden</Value>
</Feature>
<Feature>
  <Name className="java.lang.String">value</Name>
  <Value className="java.lang.String">8fa7090f5513db15</Value>
</Feature>
<Feature>
  <Name className="java.lang.String">name</Name>
  <Value className="java.lang.String">ut</Value>
</Feature>
</Annotation>
<Annotation Id="230" Type="input" StartNode="1091" EndNode="1091">
<Feature>
  <Name className="java.lang.String">type</Name>
  <Value className="java.lang.String">hidden</Value>
</Feature>
<Feature>
  <Name className="java.lang.String">value</Name>
  <Value className="java.lang.String"></Value>
</Feature>
<Feature>
  <Name className="java.lang.String">name</Name>
  <Value className="java.lang.String">order</Value>
</Feature>
</Annotation>
<Annotation Id="229" Type="input" StartNode="1091" EndNode="1091">
<Feature>
  <Name className="java.lang.String">type</Name>
  <Value className="java.lang.String">hidden</Value>
</Feature>
<Feature>
  <Name className="java.lang.String">value</Name>
  <Value className="java.lang.String">0</Value>
</Feature>
<Feature>
  <Name className="java.lang.String">name</Name>
  <Value className="java.lang.String">lastrec</Value>
</Feature>
</Annotation>
<Annotation Id="228" Type="input" StartNode="1091" EndNode="1091">
<Feature>
  <Name className="java.lang.String">type</Name>
  <Value className="java.lang.String">hidden</Value>
</Feature>
<Feature>
  <Name className="java.lang.String">value</Name>
  <Value className="java.lang.String">2352</Value>
</Feature>
<Feature>
  <Name className="java.lang.String">name</Name>
  <Value className="java.lang.String">retid</Value>
</Feature>
</Annotation>
<Annotation Id="227" Type="input" StartNode="1091" EndNode="1091">
<Feature>
  <Name className="java.lang.String">type</Name>
  <Value className="java.lang.String">hidden</Value>
</Feature>
<Feature>
  <Name className="java.lang.String">value</Name>
  <Value className="java.lang.String">DEC</Value>
</Feature>
<Feature>
  <Name className="java.lang.String">name</Name>
  <Value className="java.lang.String">order</Value>
</Feature>
</Annotation>
<Annotation Id="226" Type="form" StartNode="1091" EndNode="1091">
<Feature>
  <Name className="java.lang.String">action</Name>
  <Value className="java.lang.String">/manic-deals/r/2352/ut=8fa7090f5513db15</Value>
</Feature>
<Feature>
  <Name className="java.lang.String">method</Name>
  <Value className="java.lang.String">get</Value>
</Feature>
<Feature>
  <Name className="java.lang.String">isEmptyAndSpan</Name>
  <Value className="java.lang.String">true</Value>
</Feature>
</Annotation>
<Annotation Id="225" Type="br" StartNode="1091" EndNode="1091">
</Annotation>
<Annotation Id="224" Type="h4" StartNode="1053" EndNode="1064">
<Feature>
  <Name className="java.lang.String">style</Name>
  <Value className="java.lang.String">color:#666666; margin-top: 10px; margin-bottom: 3px;</Value>
</Feature>
<Feature>
  <Name className="java.lang.String">class</Name>
  <Value className="java.lang.String">blackBold18</Value>
</Feature>
</Annotation>
<Annotation Id="254" Type="tr" StartNode="1171" EndNode="1194">
</Annotation>
<Annotation Id="255" Type="td" StartNode="1171" EndNode="1194">
<Feature>
  <Name className="java.lang.String">class</Name>
  <Value className="java.lang.String">dateReviewed</Value>
</Feature>
<Feature>
  <Name className="java.lang.String">colspan</Name>
  <Value className="java.lang.String">3</Value>
</Feature>
</Annotation>
<Annotation Id="252" Type="br" StartNode="1171" EndNode="1171">
</Annotation>
<Annotation Id="253" Type="table" StartNode="1171" EndNode="1624">
<Feature>
  <Name className="java.lang.String">id</Name>
  <Value className="java.lang.String">merchantRatings</Value>
</Feature>
<Feature>
  <Name className="java.lang.String">cellpadding</Name>
  <Value className="java.lang.String">0</Value>
</Feature>
<Feature>
  <Name className="java.lang.String">border</Name>
  <Value className="java.lang.String">0</Value>
</Feature>
<Feature>
  <Name className="java.lang.String">cellspacing</Name>
  <Value className="java.lang.String">0</Value>
</Feature>
<Feature>
  <Name className="java.lang.String">bgcolor</Name>
  <Value className="java.lang.String">#ffffff</Value>
</Feature>
<Feature>
  <Name className="java.lang.String">width</Name>
  <Value className="java.lang.String">100%</Value>
</Feature>
</Annotation>
<Annotation Id="250" Type="a" StartNode="1158" EndNode="1162">
<Feature>
  <Name className="java.lang.String">href</Name>
  <Value className="java.lang.String">http://reviews.pricegrabber.co.uk/manic-deals/r/2352/ut=8fa7090f5513db15/sort=1/order=ASC</Value>
</Feature>
</Annotation>
<Annotation Id="251" Type="a" StartNode="1163" EndNode="1169">
<Feature>
  <Name className="java.lang.String">href</Name>
  <Value className="java.lang.String">http://reviews.pricegrabber.co.uk/manic-deals/r/2352/ut=8fa7090f5513db15/sort=2/order=DESC</Value>
</Feature>
</Annotation>
<Annotation Id="248" Type="div" StartNode="1141" EndNode="1141">
<Feature>
  <Name className="java.lang.String">id</Name>
  <Value className="java.lang.String">clear</Value>
</Feature>
<Feature>
  <Name className="java.lang.String">isEmptyAndSpan</Name>
  <Value className="java.lang.String">true</Value>
</Feature>
</Annotation>
<Annotation Id="249" Type="b" StartNode="1158" EndNode="1162">
</Annotation>
<Annotation Id="246" Type="li" StartNode="1124" EndNode="1140">
<Feature>
  <Name className="java.lang.String">class</Name>
  <Value className="java.lang.String">stretched_0</Value>
</Feature>
</Annotation>
<Annotation Id="247" Type="a" StartNode="1124" EndNode="1140">
<Feature>
  <Name className="java.lang.String">href</Name>
  <Value className="java.lang.String">http://www.pricegrabber.co.uk/rating_rate.php/retid=2352/m=4642352/ut=8fa7090f5513db15</Value>
</Feature>
<Feature>
  <Name className="java.lang.String">rel</Name>
  <Value className="java.lang.String">nofollow</Value>
</Feature>
</Annotation>
<Annotation Id="244" Type="div" StartNode="1124" EndNode="1141">
<Feature>
  <Name className="java.lang.String">id</Name>
  <Value className="java.lang.String">btn_dynamic_rfacing</Value>
</Feature>
</Annotation>
<Annotation Id="245" Type="ul" StartNode="1124" EndNode="1141">
<Feature>
  <Name className="java.lang.String">class</Name>
  <Value className="java.lang.String">stretched</Value>
</Feature>
</Annotation>
<Annotation Id="242" Type="span" StartNode="1124" EndNode="1169">
<Feature>
  <Name className="java.lang.String">class</Name>
  <Value className="java.lang.String">getprod_opts</Value>
</Feature>
</Annotation>
<Annotation Id="243" Type="div" StartNode="1124" EndNode="1141">
<Feature>
  <Name className="java.lang.String">style</Name>
  <Value className="java.lang.String">float: right; margin-right: 15px;</Value>
</Feature>
</Annotation>
<Annotation Id="240" Type="a" StartNode="1107" EndNode="1123">
<Feature>
  <Name className="java.lang.String">href</Name>
  <Value className="java.lang.String">http://reviews.pricegrabber.co.uk/manic-deals/r/2352/m/4642352/ut=8fa7090f5513db15</Value>
</Feature>
</Annotation>
<Annotation Id="241" Type="div" StartNode="1124" EndNode="1169">
<Feature>
  <Name className="java.lang.String">id</Name>
  <Value className="java.lang.String">getprod_subnav</Value>
</Feature>
</Annotation>
<Annotation Id="275" Type="div" StartNode="1624" EndNode="1739">
<Feature>
  <Name className="java.lang.String">style</Name>
  <Value className="java.lang.String">font-size:8pt; color: #808080; height: 38px; margin: display: table-cell; text-align: center</Value>
</Feature>
</Annotation>
<Annotation Id="274" Type="td" StartNode="1622" EndNode="1623">
<Feature>
  <Name className="java.lang.String">colspan</Name>
  <Value className="java.lang.String">3</Value>
</Feature>
</Annotation>
<Annotation Id="273" Type="tr" StartNode="1622" EndNode="1623">
</Annotation>
<Annotation Id="272" Type="img" StartNode="1621" EndNode="1621">
<Feature>
  <Name className="java.lang.String">src</Name>
  <Value className="java.lang.String">http://ai.pricegrabber.com/images/rating_1_newo2.gif</Value>
</Feature>
<Feature>
  <Name className="java.lang.String">height</Name>
  <Value className="java.lang.String">11</Value>
</Feature>
<Feature>
  <Name className="java.lang.String">border</Name>
  <Value className="java.lang.String">0</Value>
</Feature>
<Feature>
  <Name className="java.lang.String">alt</Name>
  <Value className="java.lang.String">1 Star Review</Value>
</Feature>
<Feature>
  <Name className="java.lang.String">width</Name>
  <Value className="java.lang.String">60</Value>
</Feature>
</Annotation>
<Annotation Id="279" Type="td" StartNode="1748" EndNode="1813">
</Annotation>
<Annotation Id="278" Type="tr" StartNode="1748" EndNode="1813">
</Annotation>
<Annotation Id="277" Type="table" StartNode="1748" EndNode="1816">
<Feature>
  <Name className="java.lang.String">cellpadding</Name>
  <Value className="java.lang.String">4</Value>
</Feature>
<Feature>
  <Name className="java.lang.String">cellspacing</Name>
  <Value className="java.lang.String">0</Value>
</Feature>
<Feature>
  <Name className="java.lang.String">bgcolor</Name>
  <Value className="java.lang.String">#ffffff</Value>
</Feature>
<Feature>
  <Name className="java.lang.String">align</Name>
  <Value className="java.lang.String">center</Value>
</Feature>
<Feature>
  <Name className="java.lang.String">width</Name>
  <Value className="java.lang.String">96%</Value>
</Feature>
</Annotation>
<Annotation Id="276" Type="div" StartNode="1740" EndNode="1747">
<Feature>
  <Name className="java.lang.String">id</Name>
  <Value className="java.lang.String">footerPagination</Value>
</Feature>
</Annotation>
<Annotation Id="283" Type="td" StartNode="1814" EndNode="1815">
</Annotation>
<Annotation Id="282" Type="tr" StartNode="1814" EndNode="1815">
</Annotation>
<Annotation Id="281" Type="div" StartNode="1813" EndNode="1813">
<Feature>
  <Name className="java.lang.String">isEmptyAndSpan</Name>
  <Value className="java.lang.String">true</Value>
</Feature>
<Feature>
  <Name className="java.lang.String">align</Name>
  <Value className="java.lang.String">center</Value>
</Feature>
</Annotation>
<Annotation Id="280" Type="a" StartNode="1748" EndNode="1812">
<Feature>
  <Name className="java.lang.String">href</Name>
  <Value className="java.lang.String">/help_submit.php/cat_id=47/sub_cat_id=62/type=help/retid=2352/ut=8fa7090f5513db15</Value>
</Feature>
<Feature>
  <Name className="java.lang.String">class</Name>
  <Value className="java.lang.String">gray</Value>
</Feature>
</Annotation>
<Annotation Id="287" Type="td" StartNode="1817" EndNode="1877">
<Feature>
  <Name className="java.lang.String">id</Name>
  <Value className="java.lang.String">miscellaneousLinks</Value>
</Feature>
<Feature>
  <Name className="java.lang.String">valign</Name>
  <Value className="java.lang.String">top</Value>
</Feature>
</Annotation>
<Annotation Id="286" Type="tr" StartNode="1817" EndNode="1907">
</Annotation>
<Annotation Id="285" Type="table" StartNode="1817" EndNode="1908">
<Feature>
  <Name className="java.lang.String">id</Name>
  <Value className="java.lang.String">footerTable</Value>
</Feature>
<Feature>
  <Name className="java.lang.String">cellpadding</Name>
  <Value className="java.lang.String">0</Value>
</Feature>
<Feature>
  <Name className="java.lang.String">border</Name>
  <Value className="java.lang.String">0</Value>
</Feature>
<Feature>
  <Name className="java.lang.String">cellspacing</Name>
  <Value className="java.lang.String">0</Value>
</Feature>
<Feature>
  <Name className="java.lang.String">width</Name>
  <Value className="java.lang.String">100%</Value>
</Feature>
</Annotation>
<Annotation Id="284" Type="br" StartNode="1817" EndNode="1817">
</Annotation>
<Annotation Id="258" Type="span" StartNode="1195" EndNode="1206">
<Feature>
  <Name className="java.lang.String">class</Name>
  <Value className="java.lang.String">gold</Value>
</Feature>
</Annotation>
<Annotation Id="259" Type="br" StartNode="1207" EndNode="1207">
</Annotation>
<Annotation Id="256" Type="tr" StartNode="1195" EndNode="1621">
</Annotation>
<Annotation Id="257" Type="td" StartNode="1195" EndNode="1253">
<Feature>
  <Name className="java.lang.String">class</Name>
  <Value className="java.lang.String">userInfoReviews</Value>
</Feature>
</Annotation>
<Annotation Id="262" Type="br" StartNode="1230" EndNode="1230">
</Annotation>
<Annotation Id="263" Type="br" StartNode="1231" EndNode="1231">
</Annotation>
<Annotation Id="260" Type="b" StartNode="1207" EndNode="1220">
</Annotation>
<Annotation Id="261" Type="br" StartNode="1221" EndNode="1221">
</Annotation>
<Annotation Id="266" Type="a" StartNode="1246" EndNode="1253">
<Feature>
  <Name className="java.lang.String">href</Name>
  <Value className="java.lang.String">http://www.pricegrabber.co.uk/publicprofile.php/userid=2777042/ut=8fa7090f5513db15</Value>
</Feature>
<Feature>
  <Name className="java.lang.String">class</Name>
  <Value className="java.lang.String">greenlink</Value>
</Feature>
</Annotation>
<Annotation Id="267" Type="td" StartNode="1254" EndNode="1605">
<Feature>
  <Name className="java.lang.String">class</Name>
  <Value className="java.lang.String">userComments</Value>
</Feature>
</Annotation>
<Annotation Id="264" Type="strong" StartNode="1231" EndNode="1245">
</Annotation>
<Annotation Id="265" Type="br" StartNode="1246" EndNode="1246">
</Annotation>
<Annotation Id="270" Type="b" StartNode="1606" EndNode="1621">
</Annotation>
<Annotation Id="271" Type="br" StartNode="1621" EndNode="1621">
</Annotation>
<Annotation Id="268" Type="span" StartNode="1254" EndNode="1605">
<Feature>
  <Name className="java.lang.String">class</Name>
  <Value className="java.lang.String">black11</Value>
</Feature>
</Annotation>
<Annotation Id="269" Type="td" StartNode="1606" EndNode="1621">
<Feature>
  <Name className="java.lang.String">class</Name>
  <Value className="java.lang.String">ratingInfo</Value>
</Feature>
</Annotation>
<Annotation Id="305" Type="li" StartNode="1880" EndNode="1886">
</Annotation>
<Annotation Id="304" Type="a" StartNode="1877" EndNode="1879">
<Feature>
  <Name className="java.lang.String">target</Name>
  <Value className="java.lang.String">_parent</Value>
</Feature>
<Feature>
  <Name className="java.lang.String">id</Name>
  <Value className="java.lang.String">firstLang</Value>
</Feature>
<Feature>
  <Name className="java.lang.String">hreflang</Name>
  <Value className="java.lang.String">en_GB</Value>
</Feature>
<Feature>
  <Name className="java.lang.String">href</Name>
  <Value className="java.lang.String">http://www.pricegrabber.co.uk/?ut=8fa7090f5513db15</Value>
</Feature>
</Annotation>
<Annotation Id="307" Type="li" StartNode="1887" EndNode="1894">
</Annotation>
<Annotation Id="306" Type="a" StartNode="1880" EndNode="1886">
<Feature>
  <Name className="java.lang.String">target</Name>
  <Value className="java.lang.String">_parent</Value>
</Feature>
<Feature>
  <Name className="java.lang.String">hreflang</Name>
  <Value className="java.lang.String">fr_FR</Value>
</Feature>
<Feature>
  <Name className="java.lang.String">href</Name>
  <Value className="java.lang.String">http://www.pricegrabber.fr/?ut=8fa7090f5513db15</Value>
</Feature>
</Annotation>
<Annotation Id="309" Type="li" StartNode="1895" EndNode="1906">
</Annotation>
<Annotation Id="308" Type="a" StartNode="1887" EndNode="1894">
<Feature>
  <Name className="java.lang.String">target</Name>
  <Value className="java.lang.String">_parent</Value>
</Feature>
<Feature>
  <Name className="java.lang.String">hreflang</Name>
  <Value className="java.lang.String">de_DE</Value>
</Feature>
<Feature>
  <Name className="java.lang.String">href</Name>
  <Value className="java.lang.String">http://www.pricegrabber.de/?ut=8fa7090f5513db15</Value>
</Feature>
</Annotation>
<Annotation Id="311" Type="noscript" StartNode="1908" EndNode="1951">
</Annotation>
<Annotation Id="310" Type="a" StartNode="1895" EndNode="1906">
<Feature>
  <Name className="java.lang.String">id</Name>
  <Value className="java.lang.String">i18nMoreButton</Value>
</Feature>
<Feature>
  <Name className="java.lang.String">onmouseout</Name>
  <Value className="java.lang.String">ypSlideOutMenu.hideMenu('footerMenu')</Value>
</Feature>
<Feature>
  <Name className="java.lang.String">onmouseover</Name>
  <Value className="java.lang.String">repositionMenu();ypSlideOutMenu.showMenu('footerMenu')</Value>
</Feature>
</Annotation>
<Annotation Id="313" Type="a" StartNode="1908" EndNode="1918">
<Feature>
  <Name className="java.lang.String">target</Name>
  <Value className="java.lang.String">_parent</Value>
</Feature>
<Feature>
  <Name className="java.lang.String">hreflang</Name>
  <Value className="java.lang.String">en_US</Value>
</Feature>
<Feature>
  <Name className="java.lang.String">href</Name>
  <Value className="java.lang.String">http://www.pricegrabber.com/?ut=8fa7090f5513db15</Value>
</Feature>
</Annotation>
<Annotation Id="312" Type="div" StartNode="1908" EndNode="1950">
<Feature>
  <Name className="java.lang.String">id</Name>
  <Value className="java.lang.String">noScriptFooter</Value>
</Feature>
</Annotation>
<Annotation Id="315" Type="a" StartNode="1930" EndNode="1936">
<Feature>
  <Name className="java.lang.String">target</Name>
  <Value className="java.lang.String">_parent</Value>
</Feature>
<Feature>
  <Name className="java.lang.String">hreflang</Name>
  <Value className="java.lang.String">en_CA</Value>
</Feature>
<Feature>
  <Name className="java.lang.String">href</Name>
  <Value className="java.lang.String">http://www.pricegrabber.ca/?ut=8fa7090f5513db15</Value>
</Feature>
</Annotation>
<Annotation Id="314" Type="a" StartNode="1919" EndNode="1929">
<Feature>
  <Name className="java.lang.String">target</Name>
  <Value className="java.lang.String">_parent</Value>
</Feature>
<Feature>
  <Name className="java.lang.String">hreflang</Name>
  <Value className="java.lang.String">es_US</Value>
</Feature>
<Feature>
  <Name className="java.lang.String">href</Name>
  <Value className="java.lang.String">http://www.preciomania.com/?ut=8fa7090f5513db15</Value>
</Feature>
</Annotation>
<Annotation Id="317" Type="a" StartNode="1944" EndNode="1950">
<Feature>
  <Name className="java.lang.String">target</Name>
  <Value className="java.lang.String">_parent</Value>
</Feature>
<Feature>
  <Name className="java.lang.String">hreflang</Name>
  <Value className="java.lang.String">pt_BR</Value>
</Feature>
<Feature>
  <Name className="java.lang.String">href</Name>
  <Value className="java.lang.String">http://www.precomania.com/?ut=8fa7090f5513db15</Value>
</Feature>
</Annotation>
<Annotation Id="316" Type="a" StartNode="1937" EndNode="1943">
<Feature>
  <Name className="java.lang.String">target</Name>
  <Value className="java.lang.String">_parent</Value>
</Feature>
<Feature>
  <Name className="java.lang.String">hreflang</Name>
  <Value className="java.lang.String">es_MX</Value>
</Feature>
<Feature>
  <Name className="java.lang.String">href</Name>
  <Value className="java.lang.String">http://mx.preciomania.com/?ut=8fa7090f5513db15</Value>
</Feature>
</Annotation>
<Annotation Id="319" Type="a" StartNode="1951" EndNode="1982">
<Feature>
  <Name className="java.lang.String">target</Name>
  <Value className="java.lang.String">_parent</Value>
</Feature>
<Feature>
  <Name className="java.lang.String">id</Name>
  <Value className="java.lang.String">termsLink</Value>
</Feature>
<Feature>
  <Name className="java.lang.String">href</Name>
  <Value className="java.lang.String">http://www.pricegrabber.co.uk/info_disclaimer.php/ut=8fa7090f5513db15</Value>
</Feature>
</Annotation>
<Annotation Id="318" Type="div" StartNode="1951" EndNode="2037">
<Feature>
  <Name className="java.lang.String">id</Name>
  <Value className="java.lang.String">footerCopyRight</Value>
</Feature>
</Annotation>
<Annotation Id="288" Type="ul" StartNode="1817" EndNode="1877">
</Annotation>
<Annotation Id="289" Type="li" StartNode="1817" EndNode="1825">
</Annotation>
<Annotation Id="290" Type="a" StartNode="1817" EndNode="1825">
<Feature>
  <Name className="java.lang.String">target</Name>
  <Value className="java.lang.String">_parent</Value>
</Feature>
<Feature>
  <Name className="java.lang.String">style</Name>
  <Value className="java.lang.String">border-left: none;</Value>
</Feature>
<Feature>
  <Name className="java.lang.String">href</Name>
  <Value className="java.lang.String">http://www.pricegrabber.co.uk/about.php/ut=8fa7090f5513db15</Value>
</Feature>
</Annotation>
<Annotation Id="291" Type="li" StartNode="1826" EndNode="1830">
</Annotation>
<Annotation Id="292" Type="a" StartNode="1826" EndNode="1830">
<Feature>
  <Name className="java.lang.String">target</Name>
  <Value className="java.lang.String">_parent</Value>
</Feature>
<Feature>
  <Name className="java.lang.String">href</Name>
  <Value className="java.lang.String">http://www.pricegrabber.co.uk/about.php/about=jobs/ut=8fa7090f5513db15</Value>
</Feature>
</Annotation>
<Annotation Id="293" Type="li" StartNode="1831" EndNode="1840">
</Annotation>
<Annotation Id="294" Type="a" StartNode="1831" EndNode="1840">
<Feature>
  <Name className="java.lang.String">target</Name>
  <Value className="java.lang.String">_parent</Value>
</Feature>
<Feature>
  <Name className="java.lang.String">href</Name>
  <Value className="java.lang.String">http://www.pricegrabber.co.uk/about.php/about=corporate/sub_opt=11/ut=8fa7090f5513db15</Value>
</Feature>
</Annotation>
<Annotation Id="295" Type="li" StartNode="1841" EndNode="1855">
</Annotation>
<Annotation Id="296" Type="a" StartNode="1841" EndNode="1855">
<Feature>
  <Name className="java.lang.String">target</Name>
  <Value className="java.lang.String">_parent</Value>
</Feature>
<Feature>
  <Name className="java.lang.String">href</Name>
  <Value className="java.lang.String">http://partner.pricegrabber.com/mss_main.php/ccode=gb/ut=8fa7090f5513db15</Value>
</Feature>
</Annotation>
<Annotation Id="297" Type="li" StartNode="1856" EndNode="1871">
</Annotation>
<Annotation Id="298" Type="a" StartNode="1856" EndNode="1871">
<Feature>
  <Name className="java.lang.String">target</Name>
  <Value className="java.lang.String">_parent</Value>
</Feature>
<Feature>
  <Name className="java.lang.String">href</Name>
  <Value className="java.lang.String">http://mr.pricegrabber.com/?ut=8fa7090f5513db15</Value>
</Feature>
</Annotation>
<Annotation Id="299" Type="li" StartNode="1872" EndNode="1876">
</Annotation>
<Annotation Id="300" Type="a" StartNode="1872" EndNode="1876">
<Feature>
  <Name className="java.lang.String">target</Name>
  <Value className="java.lang.String">_parent</Value>
</Feature>
<Feature>
  <Name className="java.lang.String">href</Name>
  <Value className="java.lang.String">http://www.pricegrabber.co.uk/home_help_index.php/ut=8fa7090f5513db15</Value>
</Feature>
</Annotation>
<Annotation Id="301" Type="td" StartNode="1877" EndNode="1907">
<Feature>
  <Name className="java.lang.String">id</Name>
  <Value className="java.lang.String">i18n</Value>
</Feature>
<Feature>
  <Name className="java.lang.String">valign</Name>
  <Value className="java.lang.String">top</Value>
</Feature>
</Annotation>
<Annotation Id="302" Type="ul" StartNode="1877" EndNode="1907">
<Feature>
  <Name className="java.lang.String">id</Name>
  <Value className="java.lang.String">cursorElement</Value>
</Feature>
</Annotation>
<Annotation Id="303" Type="li" StartNode="1877" EndNode="1879">
</Annotation>
<Annotation Id="326" Type="script" StartNode="2038" EndNode="2038">
<Feature>
  <Name className="java.lang.String">isEmptyAndSpan</Name>
  <Value className="java.lang.String">true</Value>
</Feature>
<Feature>
  <Name className="java.lang.String">language</Name>
  <Value className="java.lang.String">JavaScript</Value>
</Feature>
</Annotation>
<Annotation Id="327" Type="noscript" StartNode="2038" EndNode="2038">
<Feature>
  <Name className="java.lang.String">isEmptyAndSpan</Name>
  <Value className="java.lang.String">true</Value>
</Feature>
</Annotation>
<Annotation Id="324" Type="img" StartNode="2038" EndNode="2038">
<Feature>
  <Name className="java.lang.String">src</Name>
  <Value className="java.lang.String">http://www.pricegrabber.com/session.php?1cd0361405ee31ff6a59ae778f9744fe=session&amp;314a845c386076019e22f3106c8423e9=&amp;e8701ad48ba05a91604e480dd60899a3=8fa7090f5513db15&amp;15d61712450a686a7f365adf4fef581f=&amp;b5d19aa3d30df88ff7ee3c4922429c43=476&amp;c1c16452b04650ea34d1463da2739f3b=GB&amp;1af0389838508d7016a9841eb6273962=GBP&amp;57de2b93c9808fe30455f2e215f70de4=mike-web3&amp;7fc8ef54a8154c28341bf9a47443a5ce=8fa7090f5513db15&amp;a0f3413120e9a242aaf039c7db7e65b1=1209739966&amp;316e855226afb0788d2675d401c5188e=1&amp;cea75f8cd36a4f8567d5068b7e7e05e8=&amp;06c2f43d86b5e31bf57af603ad336a7a=http%3A%2F%2Freviews.pricegrabber.co.uk%2Fmanic-deals%2Fr%2F2352%2Fut%3D8fa7090f5513db15&amp;48db6f880f27b522942fe1b19d3cd960=rating_getreview&amp;adcdbd79a8d84175c229b192aadc02f2=&amp;28707876df0831278a9529559e104f86=rating_getreview&amp;1bc29b36f623ba82aaf6724fd3b16718=f9f395ad31b2fd7082b49f399776c360&amp;de9b9ed78d7e2e1dceeffee780e2f919=N</Value>
</Feature>
<Feature>
  <Name className="java.lang.String">height</Name>
  <Value className="java.lang.String">1</Value>
</Feature>
<Feature>
  <Name className="java.lang.String">alt</Name>
  <Value className="java.lang.String"></Value>
</Feature>
<Feature>
  <Name className="java.lang.String">width</Name>
  <Value className="java.lang.String">1</Value>
</Feature>
</Annotation>
<Annotation Id="325" Type="script" StartNode="2038" EndNode="2038">
<Feature>
  <Name className="java.lang.String">type</Name>
  <Value className="java.lang.String">text/javascript</Value>
</Feature>
<Feature>
  <Name className="java.lang.String">isEmptyAndSpan</Name>
  <Value className="java.lang.String">true</Value>
</Feature>
</Annotation>
<Annotation Id="322" Type="script" StartNode="2038" EndNode="2038">
<Feature>
  <Name className="java.lang.String">type</Name>
  <Value className="java.lang.String">javascript</Value>
</Feature>
<Feature>
  <Name className="java.lang.String">isEmptyAndSpan</Name>
  <Value className="java.lang.String">true</Value>
</Feature>
<Feature>
  <Name className="java.lang.String">src</Name>
  <Value className="java.lang.String">http://www.pricegrabber.com/session.php?1cd0361405ee31ff6a59ae778f9744fe=session&amp;314a845c386076019e22f3106c8423e9=&amp;e8701ad48ba05a91604e480dd60899a3=8fa7090f5513db15&amp;15d61712450a686a7f365adf4fef581f=&amp;b5d19aa3d30df88ff7ee3c4922429c43=476&amp;c1c16452b04650ea34d1463da2739f3b=GB&amp;1af0389838508d7016a9841eb6273962=GBP&amp;57de2b93c9808fe30455f2e215f70de4=mike-web3&amp;7fc8ef54a8154c28341bf9a47443a5ce=8fa7090f5513db15&amp;a0f3413120e9a242aaf039c7db7e65b1=1209739966&amp;316e855226afb0788d2675d401c5188e=1&amp;cea75f8cd36a4f8567d5068b7e7e05e8=&amp;06c2f43d86b5e31bf57af603ad336a7a=http%3A%2F%2Freviews.pricegrabber.co.uk%2Fmanic-deals%2Fr%2F2352%2Fut%3D8fa7090f5513db15&amp;48db6f880f27b522942fe1b19d3cd960=rating_getreview&amp;adcdbd79a8d84175c229b192aadc02f2=&amp;28707876df0831278a9529559e104f86=rating_getreview&amp;1bc29b36f623ba82aaf6724fd3b16718=f9f395ad31b2fd7082b49f399776c360&amp;de9b9ed78d7e2e1dceeffee780e2f919=Y</Value>
</Feature>
</Annotation>
<Annotation Id="323" Type="noscript" StartNode="2038" EndNode="2038">
<Feature>
  <Name className="java.lang.String">isEmptyAndSpan</Name>
  <Value className="java.lang.String">true</Value>
</Feature>
</Annotation>
<Annotation Id="320" Type="span" StartNode="1983" EndNode="2037">
<Feature>
  <Name className="java.lang.String">class</Name>
  <Value className="java.lang.String">copyright</Value>
</Feature>
</Annotation>
<Annotation Id="321" Type="script" StartNode="2038" EndNode="2038">
<Feature>
  <Name className="java.lang.String">type</Name>
  <Value className="java.lang.String">text/javascript</Value>
</Feature>
<Feature>
  <Name className="java.lang.String">isEmptyAndSpan</Name>
  <Value className="java.lang.String">true</Value>
</Feature>
</Annotation>
<Annotation Id="334" Type="img" StartNode="2038" EndNode="2038">
<Feature>
  <Name className="java.lang.String">src</Name>
  <Value className="java.lang.String">http://pgrabcom.112.2O7.net/b/ss/pgrabcom/1/H.14--NS/0</Value>
</Feature>
<Feature>
  <Name className="java.lang.String">height</Name>
  <Value className="java.lang.String">1</Value>
</Feature>
<Feature>
  <Name className="java.lang.String">border</Name>
  <Value className="java.lang.String">0</Value>
</Feature>
<Feature>
  <Name className="java.lang.String">alt</Name>
  <Value className="java.lang.String"></Value>
</Feature>
<Feature>
  <Name className="java.lang.String">width</Name>
  <Value className="java.lang.String">1</Value>
</Feature>
</Annotation>
<Annotation Id="335" Type="script" StartNode="2038" EndNode="2038">
<Feature>
  <Name className="java.lang.String">type</Name>
  <Value className="java.lang.String">text/javascript</Value>
</Feature>
<Feature>
  <Name className="java.lang.String">isEmptyAndSpan</Name>
  <Value className="java.lang.String">true</Value>
</Feature>
<Feature>
  <Name className="java.lang.String">src</Name>
  <Value className="java.lang.String">http://lh.pricegrabber.com/js/combine.js.php/js_main.js/52147.js</Value>
</Feature>
</Annotation>
<Annotation Id="332" Type="noscript" StartNode="2038" EndNode="2038">
<Feature>
  <Name className="java.lang.String">isEmptyAndSpan</Name>
  <Value className="java.lang.String">true</Value>
</Feature>
</Annotation>
<Annotation Id="333" Type="a" StartNode="2038" EndNode="2038">
<Feature>
  <Name className="java.lang.String">href</Name>
  <Value className="java.lang.String">http://www.omniture.com</Value>
</Feature>
<Feature>
  <Name className="java.lang.String">title</Name>
  <Value className="java.lang.String">Web Analytics</Value>
</Feature>
<Feature>
  <Name className="java.lang.String">isEmptyAndSpan</Name>
  <Value className="java.lang.String">true</Value>
</Feature>
</Annotation>
<Annotation Id="330" Type="script" StartNode="2038" EndNode="2038">
<Feature>
  <Name className="java.lang.String">type</Name>
  <Value className="java.lang.String">text/javascript</Value>
</Feature>
<Feature>
  <Name className="java.lang.String">isEmptyAndSpan</Name>
  <Value className="java.lang.String">true</Value>
</Feature>
</Annotation>
<Annotation Id="331" Type="script" StartNode="2038" EndNode="2038">
<Feature>
  <Name className="java.lang.String">isEmptyAndSpan</Name>
  <Value className="java.lang.String">true</Value>
</Feature>
<Feature>
  <Name className="java.lang.String">language</Name>
  <Value className="java.lang.String">JavaScript</Value>
</Feature>
</Annotation>
<Annotation Id="328" Type="a" StartNode="2038" EndNode="2038">
<Feature>
  <Name className="java.lang.String">href</Name>
  <Value className="java.lang.String">http://www.omniture.com</Value>
</Feature>
<Feature>
  <Name className="java.lang.String">title</Name>
  <Value className="java.lang.String">Web Analytics</Value>
</Feature>
<Feature>
  <Name className="java.lang.String">isEmptyAndSpan</Name>
  <Value className="java.lang.String">true</Value>
</Feature>
</Annotation>
<Annotation Id="329" Type="img" StartNode="2038" EndNode="2038">
<Feature>
  <Name className="java.lang.String">src</Name>
  <Value className="java.lang.String">http://pgrabcom.112.2O7.net/b/ss/pgrabcom/1/H.14--NS/0</Value>
</Feature>
<Feature>
  <Name className="java.lang.String">height</Name>
  <Value className="java.lang.String">1</Value>
</Feature>
<Feature>
  <Name className="java.lang.String">border</Name>
  <Value className="java.lang.String">0</Value>
</Feature>
<Feature>
  <Name className="java.lang.String">alt</Name>
  <Value className="java.lang.String"></Value>
</Feature>
<Feature>
  <Name className="java.lang.String">width</Name>
  <Value className="java.lang.String">1</Value>
</Feature>
</Annotation>
</AnnotationSet>

</GateDocument>
