<?xml version='1.0' encoding='UTF-8'?>
<GateDocument>
<!-- The document's features-->

<GateDocumentFeatures>
<Feature>
  <Name className="java.lang.String">gate.SourceURL</Name>
  <Value className="java.lang.String">file:/home/adam/sandboxes/gate-extras/musing/work/pilots/FRM/reputation/reviews/files-10/review-7.html</Value>
</Feature>
<Feature>
  <Name className="java.lang.String">MimeType</Name>
  <Value className="java.lang.String">text/html</Value>
</Feature>
</GateDocumentFeatures>
<!-- The document content area with serialized nodes -->

<TextWithNodes><Node id="0" />PriceGrabber User Rating for PCIExpressshop.co.uk - PriceGrabber.com - UK<Node id="73" />

<Node id="75" />Go back to home page<Node id="95" />
<Node id="96" />Login<Node id="101" /> | <Node id="104" />Register<Node id="112" />
<Node id="113" />Your Lists<Node id="123" />
<Node id="124" />Your Account<Node id="136" />
<Node id="137" />Bookmark This Page<Node id="155" />
<Node id="156" />Computers<Node id="165" />
<Node id="166" />Electronics<Node id="177" />
<Node id="178" />Furniture<Node id="187" />
<Node id="188" />Cameras<Node id="195" />
<Node id="196" />Clothing<Node id="204" />
<Node id="205" />Software<Node id="213" />
<Node id="214" />Sporting
<Node id="223" />Goods<Node id="228" />
<Node id="229" />Video
<Node id="235" />Games<Node id="240" />
<Node id="241" />Health &amp;
<Node id="250" />Beauty<Node id="256" />
<Node id="257" />Jewellery &amp;
<Node id="269" />Watches<Node id="276" />
<Node id="277" />Babies &amp;
<Node id="286" />Kids<Node id="290" />
<Node id="291" />Wine, Food &amp;
<Node id="304" />Gifts<Node id="309" />
<Node id="310" />Musical
<Node id="318" />Instruments<Node id="329" />
<Node id="330" />Office<Node id="336" />
<Node id="337" />Movies<Node id="343" />
<Node id="344" />Appliances<Node id="354" />
<Node id="355" />Indoor
<Node id="362" />Living<Node id="368" />
<Node id="369" />Outdoor
<Node id="377" />Living<Node id="383" />
<Node id="384" />Toys<Node id="388" />
<Node id="389" />Utilities<Node id="398" />
<Node id="399" />More<Node id="403" />
<Node id="404" />Most Popular<Node id="416" />
<Node id="417" />Merchant Ratings<Node id="433" />
<Node id="434" />Cashback Offers<Node id="449" />
<Node id="450" />Merchant Coupons<Node id="466" />
<Node id="467" />ShopGreen<Node id="476" />
<Node id="477" />SHOP FOR<Node id="485" /> <Node id="486" />IN<Node id="488" /> <Node id="489" />All Products<Node id="501" /> <Node id="502" />Appliances<Node id="512" /> <Node id="513" />Babies &amp; Kids<Node id="526" /> <Node id="527" />Cameras<Node id="534" /> <Node id="535" />Clothing<Node id="543" /> <Node id="544" />Computers<Node id="553" /> <Node id="554" />Electronics<Node id="565" /> <Node id="566" />Wine, Food &amp; Gifts<Node id="584" /> <Node id="585" />Furniture<Node id="594" /> <Node id="595" />Health &amp; Beauty<Node id="610" /> <Node id="611" />Indoor Living<Node id="624" /> <Node id="625" />Jewellery &amp; Watches<Node id="644" /> <Node id="645" />Movies<Node id="651" /> <Node id="652" />Musical Instruments<Node id="671" /> <Node id="672" />Office<Node id="678" /> <Node id="679" />Outdoor Living<Node id="693" /> <Node id="694" />Software<Node id="702" /> <Node id="703" />Sporting Goods<Node id="717" /> <Node id="718" />Toys<Node id="722" /> <Node id="723" />Video Games<Node id="734" /> <Node id="735" />SEARCH<Node id="741" />
<Node id="742" />Contact Info<Node id="754" />
<Node id="755" />Scorecard<Node id="764" />
<Node id="765" />Past 3 Months<Node id="778" /> <Node id="779" />Past 6 Months<Node id="792" /> <Node id="793" />All-time<Node id="801" />
<Node id="802" />Positive (4 or 5)<Node id="819" /> <Node id="820" />0<Node id="821" /> <Node id="822" />0<Node id="823" /> <Node id="824" />0<Node id="825" />
<Node id="826" />Neutral (3)<Node id="837" /> <Node id="838" />0<Node id="839" /> <Node id="840" />0<Node id="841" /> <Node id="842" />0<Node id="843" />
<Node id="844" />Negative (1 or 2)<Node id="861" /> <Node id="862" />1<Node id="863" /> <Node id="864" />1<Node id="865" /> <Node id="866" />1<Node id="867" />
<Node id="868" />Total Reviews<Node id="881" /> <Node id="882" />1<Node id="883" /> <Node id="884" />1<Node id="885" /> <Node id="886" />1<Node id="887" />
<Node id="888" />Avg Rating<Node id="898" />
<Node id="899" />1.00<Node id="903" />
<Node id="904" />1.00<Node id="908" />
<Node id="909" />1.00<Node id="913" />
<Node id="914" />Address:<Node id="922" />
<Node id="923" />
<Node id="924" />Website:<Node id="932" /> <Node id="933" />http://www.PCIExpressshop.co.uk<Node id="964" />
<Node id="965" />Business Hours:<Node id="980" /> <Node id="981" />n/a<Node id="984" />
<Node id="985" />Sales Phone:<Node id="997" /> <Node id="998" />n/a<Node id="1001" />
<Node id="1002" />Service Phone:<Node id="1016" /> <Node id="1017" />n/a<Node id="1020" />
<Node id="1021" />Sales Email:<Node id="1033" /> <Node id="1034" />n/a<Node id="1037" />
<Node id="1038" />Cust Service Email:<Node id="1057" /> <Node id="1058" />n/a<Node id="1061" />
<Node id="1062" />PCIExpressshop.co.uk<Node id="1082" />
http://www.PCIExpressshop.co.uk
<Node id="1115" />
<Node id="1116" />
<Node id="1117" />Merchant Info<Node id="1130" />
<Node id="1131" />Merchant Ratings<Node id="1147" />
<Node id="1148" />Write a Review »<Node id="1164" />
<Node id="1165" />Sort Reviews by: <Node id="1182" />Date<Node id="1186" /> <Node id="1187" />Rating<Node id="1193" />

<Node id="1195" />Date Reviewed: 17/04/08<Node id="1218" />
<Node id="1219" />1Gopher<Node id="1226" />
<Node id="1227" />Member Since:<Node id="1240" />
<Node id="1241" />17/04/08
<Node id="1250" />
<Node id="1251" />View Member's:<Node id="1265" />
<Node id="1266" />Reviews<Node id="1273" /> <Node id="1274" />Takes Money For goods That cannot be Supplied!!! then makes you Wait Unacceptably For a refund of your Money. 13 Days SO FAR! Tells you to Be patient! Why when he has your Money!? Very Poor Service<Node id="1471" /> <Node id="1472" />Overall Rating
<Node id="1487" />
<Node id="1488" /> <Node id="1489" />
<Node id="1490" />In order to provide the most relevant information, comments posted prior to the past 18 months may not be included.<Node id="1605" />
<Node id="1606" />Page: 1<Node id="1613" />
<Node id="1614" />Click here to report a problem or an abuse of our rating system.<Node id="1678" />
<Node id="1679" />
<Node id="1680" /> <Node id="1681" />
<Node id="1682" />
<Node id="1683" />About Us<Node id="1691" />
<Node id="1692" />Jobs<Node id="1696" />
<Node id="1697" />Advertise<Node id="1706" />
<Node id="1707" />Merchant Login<Node id="1721" />
<Node id="1722" />Market Reporter<Node id="1737" />
<Node id="1738" />Help<Node id="1742" />
<Node id="1743" />UK<Node id="1745" />
<Node id="1746" />France<Node id="1752" />
<Node id="1753" />Germany<Node id="1760" />
<Node id="1761" />View more »<Node id="1772" />
<Node id="1773" />
<Node id="1774" />US English<Node id="1784" /> <Node id="1785" />US Spanish<Node id="1795" /> <Node id="1796" />Canada<Node id="1802" /> <Node id="1803" />Mexico<Node id="1809" /> <Node id="1810" />Brazil<Node id="1816" />
<Node id="1817" />Terms of Use and Privacy Policy<Node id="1848" /> <Node id="1849" />Copyright © PriceGrabber.com, Inc. All Rights Reserved<Node id="1903" />
<Node id="1904" /></TextWithNodes>
<!-- The default annotation set -->

<AnnotationSet>
</AnnotationSet>

<!-- Named annotation set -->

<AnnotationSet Name="Key">
<Annotation Id="5367" Type="comment" StartNode="1274" EndNode="1471">
<Feature>
  <Name className="java.lang.String">rating</Name>
  <Value className="java.lang.String">1_Star_Review</Value>
</Feature>
</Annotation>
</AnnotationSet>

<!-- Named annotation set -->

<AnnotationSet Name="Original markups">
<Annotation Id="0" Type="html" StartNode="0" EndNode="1904">
</Annotation>
<Annotation Id="1" Type="head" StartNode="0" EndNode="75">
</Annotation>
<Annotation Id="2" Type="title" StartNode="0" EndNode="73">
</Annotation>
<Annotation Id="3" Type="link" StartNode="75" EndNode="75">
<Feature>
  <Name className="java.lang.String">type</Name>
  <Value className="java.lang.String">text/css</Value>
</Feature>
<Feature>
  <Name className="java.lang.String">href</Name>
  <Value className="java.lang.String">http://lh.pricegrabber.com/css/combine.css.php/_global-.-footer.css---style_indexie_2.css---style_new.php%3Fcp=rating_getreview_._cb=uk_._tab_id=0_._gr=1---style_buttons.css.php/52147.css</Value>
</Feature>
<Feature>
  <Name className="java.lang.String">rel</Name>
  <Value className="java.lang.String">stylesheet</Value>
</Feature>
</Annotation>
<Annotation Id="4" Type="link" StartNode="75" EndNode="75">
<Feature>
  <Name className="java.lang.String">type</Name>
  <Value className="java.lang.String">text/css</Value>
</Feature>
<Feature>
  <Name className="java.lang.String">href</Name>
  <Value className="java.lang.String">http://lh.pricegrabber.com/css/style_new.php?cp=search_getprod&amp;ut=8fa7090f5513db15</Value>
</Feature>
<Feature>
  <Name className="java.lang.String">rel</Name>
  <Value className="java.lang.String">stylesheet</Value>
</Feature>
</Annotation>
<Annotation Id="5" Type="link" StartNode="75" EndNode="75">
<Feature>
  <Name className="java.lang.String">type</Name>
  <Value className="java.lang.String">text/css</Value>
</Feature>
<Feature>
  <Name className="java.lang.String">href</Name>
  <Value className="java.lang.String">http://lh.pricegrabber.com/css/style_merchant_reviews.css</Value>
</Feature>
<Feature>
  <Name className="java.lang.String">rel</Name>
  <Value className="java.lang.String">stylesheet</Value>
</Feature>
</Annotation>
<Annotation Id="6" Type="meta" StartNode="75" EndNode="75">
<Feature>
  <Name className="java.lang.String">content</Name>
  <Value className="java.lang.String">text/html; charset=UTF-8</Value>
</Feature>
<Feature>
  <Name className="java.lang.String">http-equiv</Name>
  <Value className="java.lang.String">Content-Type</Value>
</Feature>
</Annotation>
<Annotation Id="7" Type="meta" StartNode="75" EndNode="75">
<Feature>
  <Name className="java.lang.String">content</Name>
  <Value className="java.lang.String">Read merchant reviews for PCIExpressshop.co.uk. Get merchant information, ratings and more... </Value>
</Feature>
<Feature>
  <Name className="java.lang.String">name</Name>
  <Value className="java.lang.String">description</Value>
</Feature>
</Annotation>
<Annotation Id="8" Type="meta" StartNode="75" EndNode="75">
<Feature>
  <Name className="java.lang.String">content</Name>
  <Value className="java.lang.String">PCIExpressshop.co.uk, merchant reviews</Value>
</Feature>
<Feature>
  <Name className="java.lang.String">name</Name>
  <Value className="java.lang.String">keywords</Value>
</Feature>
</Annotation>
<Annotation Id="9" Type="meta" StartNode="75" EndNode="75">
<Feature>
  <Name className="java.lang.String">content</Name>
  <Value className="java.lang.String">http://www.pricegrabber.com/w3c/p3p.xml</Value>
</Feature>
<Feature>
  <Name className="java.lang.String">http-equiv</Name>
  <Value className="java.lang.String">P3P</Value>
</Feature>
</Annotation>
<Annotation Id="10" Type="link" StartNode="75" EndNode="75">
<Feature>
  <Name className="java.lang.String">type</Name>
  <Value className="java.lang.String">text/css</Value>
</Feature>
<Feature>
  <Name className="java.lang.String">href</Name>
  <Value className="java.lang.String">http://lh.pricegrabber.com/css/style_tabs_all.css.php?topcat_tmp=0&amp;current_page=rating_getreview</Value>
</Feature>
<Feature>
  <Name className="java.lang.String">rel</Name>
  <Value className="java.lang.String">stylesheet</Value>
</Feature>
</Annotation>
<Annotation Id="11" Type="style" StartNode="75" EndNode="75">
<Feature>
  <Name className="java.lang.String">type</Name>
  <Value className="java.lang.String">text/css</Value>
</Feature>
<Feature>
  <Name className="java.lang.String">isEmptyAndSpan</Name>
  <Value className="java.lang.String">true</Value>
</Feature>
</Annotation>
<Annotation Id="12" Type="link" StartNode="75" EndNode="75">
<Feature>
  <Name className="java.lang.String">href</Name>
  <Value className="java.lang.String">http://ai.pricegrabber.com/favicon.ico</Value>
</Feature>
<Feature>
  <Name className="java.lang.String">rel</Name>
  <Value className="java.lang.String">shortcut icon</Value>
</Feature>
</Annotation>
<Annotation Id="13" Type="script" StartNode="75" EndNode="75">
<Feature>
  <Name className="java.lang.String">type</Name>
  <Value className="java.lang.String">text/javascript</Value>
</Feature>
<Feature>
  <Name className="java.lang.String">isEmptyAndSpan</Name>
  <Value className="java.lang.String">true</Value>
</Feature>
<Feature>
  <Name className="java.lang.String">src</Name>
  <Value className="java.lang.String">http://lh.pricegrabber.com/js/combine.js.php/ypSlideOutMenusC.js---s_code_H.js---DomUtils.js---classes-.-EventManager.js/52147.js</Value>
</Feature>
</Annotation>
<Annotation Id="14" Type="script" StartNode="75" EndNode="75">
<Feature>
  <Name className="java.lang.String">type</Name>
  <Value className="java.lang.String">text/javascript</Value>
</Feature>
<Feature>
  <Name className="java.lang.String">isEmptyAndSpan</Name>
  <Value className="java.lang.String">true</Value>
</Feature>
<Feature>
  <Name className="java.lang.String">src</Name>
  <Value className="java.lang.String">/analytics.php/page=rating_getreview</Value>
</Feature>
</Annotation>
<Annotation Id="15" Type="meta" StartNode="75" EndNode="75">
<Feature>
  <Name className="java.lang.String">content</Name>
  <Value className="java.lang.String">NOARCHIVE</Value>
</Feature>
<Feature>
  <Name className="java.lang.String">name</Name>
  <Value className="java.lang.String">ROBOTS</Value>
</Feature>
</Annotation>
<Annotation Id="17" Type="div" StartNode="75" EndNode="1904">
<Feature>
  <Name className="java.lang.String">id</Name>
  <Value className="java.lang.String">pgSiteContainer</Value>
</Feature>
</Annotation>
<Annotation Id="16" Type="body" StartNode="75" EndNode="1904">
</Annotation>
<Annotation Id="19" Type="a" StartNode="75" EndNode="95">
<Feature>
  <Name className="java.lang.String">style</Name>
  <Value className="java.lang.String">display:none;</Value>
</Feature>
<Feature>
  <Name className="java.lang.String">href</Name>
  <Value className="java.lang.String">/bttrp.php/ut=8fa7090f5513db15</Value>
</Feature>
</Annotation>
<Annotation Id="18" Type="div" StartNode="75" EndNode="742">
<Feature>
  <Name className="java.lang.String">id</Name>
  <Value className="java.lang.String">pgSiteMast</Value>
</Feature>
</Annotation>
<Annotation Id="21" Type="a" StartNode="96" EndNode="96">
<Feature>
  <Name className="java.lang.String">target</Name>
  <Value className="java.lang.String">_parent</Value>
</Feature>
<Feature>
  <Name className="java.lang.String">href</Name>
  <Value className="java.lang.String">http://www.pricegrabber.co.uk/?ut=8fa7090f5513db15</Value>
</Feature>
<Feature>
  <Name className="java.lang.String">isEmptyAndSpan</Name>
  <Value className="java.lang.String">true</Value>
</Feature>
</Annotation>
<Annotation Id="20" Type="div" StartNode="96" EndNode="96">
<Feature>
  <Name className="java.lang.String">id</Name>
  <Value className="java.lang.String">mastLogo</Value>
</Feature>
<Feature>
  <Name className="java.lang.String">isEmptyAndSpan</Name>
  <Value className="java.lang.String">true</Value>
</Feature>
</Annotation>
<Annotation Id="23" Type="div" StartNode="96" EndNode="156">
<Feature>
  <Name className="java.lang.String">id</Name>
  <Value className="java.lang.String">account_options</Value>
</Feature>
</Annotation>
<Annotation Id="22" Type="img" StartNode="96" EndNode="96">
<Feature>
  <Name className="java.lang.String">src</Name>
  <Value className="java.lang.String">http://ai.pricegrabber.com/images/logo_pricegrabber_uk_260x50.gif</Value>
</Feature>
<Feature>
  <Name className="java.lang.String">height</Name>
  <Value className="java.lang.String">50</Value>
</Feature>
<Feature>
  <Name className="java.lang.String">border</Name>
  <Value className="java.lang.String">0</Value>
</Feature>
<Feature>
  <Name className="java.lang.String">alt</Name>
  <Value className="java.lang.String">PriceGrabber UK</Value>
</Feature>
<Feature>
  <Name className="java.lang.String">width</Name>
  <Value className="java.lang.String">260</Value>
</Feature>
</Annotation>
<Annotation Id="25" Type="div" StartNode="96" EndNode="112">
<Feature>
  <Name className="java.lang.String">id</Name>
  <Value className="java.lang.String">hpSwitch</Value>
</Feature>
</Annotation>
<Annotation Id="24" Type="div" StartNode="96" EndNode="113">
<Feature>
  <Name className="java.lang.String">class</Name>
  <Value className="java.lang.String">accountWelcome</Value>
</Feature>
</Annotation>
<Annotation Id="27" Type="a" StartNode="96" EndNode="101">
<Feature>
  <Name className="java.lang.String">href</Name>
  <Value className="java.lang.String">http://www.pricegrabber.co.uk/account.php/ut=8fa7090f5513db15</Value>
</Feature>
</Annotation>
<Annotation Id="26" Type="span" StartNode="96" EndNode="112">
<Feature>
  <Name className="java.lang.String">class</Name>
  <Value className="java.lang.String">notYou</Value>
</Feature>
</Annotation>
<Annotation Id="29" Type="ul" StartNode="113" EndNode="156">
<Feature>
  <Name className="java.lang.String">class</Name>
  <Value className="java.lang.String">accountOptions</Value>
</Feature>
</Annotation>
<Annotation Id="28" Type="a" StartNode="104" EndNode="112">
<Feature>
  <Name className="java.lang.String">href</Name>
  <Value className="java.lang.String">http://www.pricegrabber.co.uk/account.php/ut=8fa7090f5513db15</Value>
</Feature>
</Annotation>
<Annotation Id="31" Type="a" StartNode="113" EndNode="123">
<Feature>
  <Name className="java.lang.String">href</Name>
  <Value className="java.lang.String">http://www.pricegrabber.co.uk/ulists.php/ut=8fa7090f5513db15</Value>
</Feature>
</Annotation>
<Annotation Id="30" Type="li" StartNode="113" EndNode="123">
<Feature>
  <Name className="java.lang.String">class</Name>
  <Value className="java.lang.String">accountOption accountOption_0</Value>
</Feature>
</Annotation>
<Annotation Id="34" Type="li" StartNode="137" EndNode="155">
<Feature>
  <Name className="java.lang.String">id</Name>
  <Value className="java.lang.String">bookmarkPage</Value>
</Feature>
<Feature>
  <Name className="java.lang.String">class</Name>
  <Value className="java.lang.String">accountOption accountOption_2</Value>
</Feature>
</Annotation>
<Annotation Id="35" Type="a" StartNode="137" EndNode="155">
<Feature>
  <Name className="java.lang.String">href</Name>
  <Value className="java.lang.String">#</Value>
</Feature>
<Feature>
  <Name className="java.lang.String">onclick</Name>
  <Value className="java.lang.String">javascript:addToFavorites(); return false;</Value>
</Feature>
</Annotation>
<Annotation Id="32" Type="li" StartNode="124" EndNode="136">
<Feature>
  <Name className="java.lang.String">class</Name>
  <Value className="java.lang.String">accountOption accountOption_1</Value>
</Feature>
</Annotation>
<Annotation Id="33" Type="a" StartNode="124" EndNode="136">
<Feature>
  <Name className="java.lang.String">href</Name>
  <Value className="java.lang.String">http://www.pricegrabber.co.uk/account.php/ut=8fa7090f5513db15</Value>
</Feature>
</Annotation>
<Annotation Id="38" Type="div" StartNode="156" EndNode="404">
<Feature>
  <Name className="java.lang.String">id</Name>
  <Value className="java.lang.String">channelTabs</Value>
</Feature>
</Annotation>
<Annotation Id="39" Type="ul" StartNode="156" EndNode="404">
<Feature>
  <Name className="java.lang.String">id</Name>
  <Value className="java.lang.String">channelTabsList</Value>
</Feature>
<Feature>
  <Name className="java.lang.String">class</Name>
  <Value className="java.lang.String">channelTabs</Value>
</Feature>
</Annotation>
<Annotation Id="36" Type="script" StartNode="156" EndNode="156">
<Feature>
  <Name className="java.lang.String">type</Name>
  <Value className="java.lang.String">Text/Javascript</Value>
</Feature>
<Feature>
  <Name className="java.lang.String">isEmptyAndSpan</Name>
  <Value className="java.lang.String">true</Value>
</Feature>
<Feature>
  <Name className="java.lang.String">language</Name>
  <Value className="java.lang.String">JavaScript</Value>
</Feature>
</Annotation>
<Annotation Id="37" Type="div" StartNode="156" EndNode="404">
<Feature>
  <Name className="java.lang.String">id</Name>
  <Value className="java.lang.String">pgMast</Value>
</Feature>
<Feature>
  <Name className="java.lang.String">class</Name>
  <Value className="java.lang.String">channel_0</Value>
</Feature>
</Annotation>
<Annotation Id="42" Type="li" StartNode="166" EndNode="177">
<Feature>
  <Name className="java.lang.String">id</Name>
  <Value className="java.lang.String">channelTab_1</Value>
</Feature>
<Feature>
  <Name className="java.lang.String">class</Name>
  <Value className="java.lang.String">channelTab</Value>
</Feature>
</Annotation>
<Annotation Id="43" Type="a" StartNode="166" EndNode="177">
<Feature>
  <Name className="java.lang.String">href</Name>
  <Value className="java.lang.String">http://electronics.pricegrabber.co.uk/ut=8fa7090f5513db15/st=topcat_tab/</Value>
</Feature>
</Annotation>
<Annotation Id="40" Type="li" StartNode="156" EndNode="165">
<Feature>
  <Name className="java.lang.String">id</Name>
  <Value className="java.lang.String">channelTab_0</Value>
</Feature>
<Feature>
  <Name className="java.lang.String">class</Name>
  <Value className="java.lang.String">channelTab first</Value>
</Feature>
</Annotation>
<Annotation Id="41" Type="a" StartNode="156" EndNode="165">
<Feature>
  <Name className="java.lang.String">href</Name>
  <Value className="java.lang.String">http://computers.pricegrabber.co.uk/ut=8fa7090f5513db15/st=topcat_tab/</Value>
</Feature>
</Annotation>
<Annotation Id="46" Type="li" StartNode="188" EndNode="195">
<Feature>
  <Name className="java.lang.String">id</Name>
  <Value className="java.lang.String">channelTab_3</Value>
</Feature>
<Feature>
  <Name className="java.lang.String">class</Name>
  <Value className="java.lang.String">channelTab</Value>
</Feature>
</Annotation>
<Annotation Id="47" Type="a" StartNode="188" EndNode="195">
<Feature>
  <Name className="java.lang.String">href</Name>
  <Value className="java.lang.String">http://cameras.pricegrabber.co.uk/ut=8fa7090f5513db15/st=topcat_tab/</Value>
</Feature>
</Annotation>
<Annotation Id="44" Type="li" StartNode="178" EndNode="187">
<Feature>
  <Name className="java.lang.String">id</Name>
  <Value className="java.lang.String">channelTab_2</Value>
</Feature>
<Feature>
  <Name className="java.lang.String">class</Name>
  <Value className="java.lang.String">channelTab</Value>
</Feature>
</Annotation>
<Annotation Id="45" Type="a" StartNode="178" EndNode="187">
<Feature>
  <Name className="java.lang.String">href</Name>
  <Value className="java.lang.String">http://furniture.pricegrabber.co.uk/ut=8fa7090f5513db15/st=topcat_tab/</Value>
</Feature>
</Annotation>
<Annotation Id="51" Type="a" StartNode="205" EndNode="213">
<Feature>
  <Name className="java.lang.String">href</Name>
  <Value className="java.lang.String">http://software.pricegrabber.co.uk/ut=8fa7090f5513db15/st=topcat_tab/</Value>
</Feature>
</Annotation>
<Annotation Id="50" Type="li" StartNode="205" EndNode="213">
<Feature>
  <Name className="java.lang.String">id</Name>
  <Value className="java.lang.String">channelTab_5</Value>
</Feature>
<Feature>
  <Name className="java.lang.String">class</Name>
  <Value className="java.lang.String">channelTab</Value>
</Feature>
</Annotation>
<Annotation Id="49" Type="a" StartNode="196" EndNode="204">
<Feature>
  <Name className="java.lang.String">href</Name>
  <Value className="java.lang.String">http://clothing.pricegrabber.co.uk/ut=8fa7090f5513db15/st=topcat_tab/</Value>
</Feature>
</Annotation>
<Annotation Id="48" Type="li" StartNode="196" EndNode="204">
<Feature>
  <Name className="java.lang.String">id</Name>
  <Value className="java.lang.String">channelTab_4</Value>
</Feature>
<Feature>
  <Name className="java.lang.String">class</Name>
  <Value className="java.lang.String">channelTab</Value>
</Feature>
</Annotation>
<Annotation Id="55" Type="li" StartNode="229" EndNode="240">
<Feature>
  <Name className="java.lang.String">id</Name>
  <Value className="java.lang.String">channelTab_7</Value>
</Feature>
<Feature>
  <Name className="java.lang.String">class</Name>
  <Value className="java.lang.String">channelTab</Value>
</Feature>
</Annotation>
<Annotation Id="54" Type="br" StartNode="223" EndNode="223">
</Annotation>
<Annotation Id="53" Type="a" StartNode="214" EndNode="228">
<Feature>
  <Name className="java.lang.String">href</Name>
  <Value className="java.lang.String">http://sporting-goods.pricegrabber.co.uk/ut=8fa7090f5513db15/st=topcat_tab/</Value>
</Feature>
<Feature>
  <Name className="java.lang.String">class</Name>
  <Value className="java.lang.String">sm</Value>
</Feature>
</Annotation>
<Annotation Id="52" Type="li" StartNode="214" EndNode="228">
<Feature>
  <Name className="java.lang.String">id</Name>
  <Value className="java.lang.String">channelTab_6</Value>
</Feature>
<Feature>
  <Name className="java.lang.String">class</Name>
  <Value className="java.lang.String">channelTab</Value>
</Feature>
</Annotation>
<Annotation Id="59" Type="a" StartNode="241" EndNode="256">
<Feature>
  <Name className="java.lang.String">href</Name>
  <Value className="java.lang.String">http://health-beauty.pricegrabber.co.uk/ut=8fa7090f5513db15/st=topcat_tab/</Value>
</Feature>
<Feature>
  <Name className="java.lang.String">class</Name>
  <Value className="java.lang.String">sm</Value>
</Feature>
</Annotation>
<Annotation Id="58" Type="li" StartNode="241" EndNode="256">
<Feature>
  <Name className="java.lang.String">id</Name>
  <Value className="java.lang.String">channelTab_8</Value>
</Feature>
<Feature>
  <Name className="java.lang.String">class</Name>
  <Value className="java.lang.String">channelTab</Value>
</Feature>
</Annotation>
<Annotation Id="57" Type="br" StartNode="235" EndNode="235">
</Annotation>
<Annotation Id="56" Type="a" StartNode="229" EndNode="240">
<Feature>
  <Name className="java.lang.String">href</Name>
  <Value className="java.lang.String">http://video-games.pricegrabber.co.uk/ut=8fa7090f5513db15/st=topcat_tab/</Value>
</Feature>
<Feature>
  <Name className="java.lang.String">class</Name>
  <Value className="java.lang.String">sm</Value>
</Feature>
</Annotation>
<Annotation Id="63" Type="br" StartNode="269" EndNode="269">
</Annotation>
<Annotation Id="62" Type="a" StartNode="257" EndNode="276">
<Feature>
  <Name className="java.lang.String">href</Name>
  <Value className="java.lang.String">http://jewellery-watches.pricegrabber.co.uk/ut=8fa7090f5513db15/st=topcat_tab/</Value>
</Feature>
<Feature>
  <Name className="java.lang.String">class</Name>
  <Value className="java.lang.String">sm</Value>
</Feature>
</Annotation>
<Annotation Id="61" Type="li" StartNode="257" EndNode="276">
<Feature>
  <Name className="java.lang.String">id</Name>
  <Value className="java.lang.String">channelTab_9</Value>
</Feature>
<Feature>
  <Name className="java.lang.String">class</Name>
  <Value className="java.lang.String">channelTab</Value>
</Feature>
</Annotation>
<Annotation Id="60" Type="br" StartNode="250" EndNode="250">
</Annotation>
<Annotation Id="68" Type="a" StartNode="291" EndNode="309">
<Feature>
  <Name className="java.lang.String">href</Name>
  <Value className="java.lang.String">http://winefoodgifts.pricegrabber.co.uk/ut=8fa7090f5513db15/st=topcat_tab/</Value>
</Feature>
<Feature>
  <Name className="java.lang.String">class</Name>
  <Value className="java.lang.String">sm</Value>
</Feature>
</Annotation>
<Annotation Id="69" Type="br" StartNode="304" EndNode="304">
</Annotation>
<Annotation Id="70" Type="li" StartNode="310" EndNode="329">
<Feature>
  <Name className="java.lang.String">id</Name>
  <Value className="java.lang.String">channelTab_12</Value>
</Feature>
<Feature>
  <Name className="java.lang.String">class</Name>
  <Value className="java.lang.String">channelTab</Value>
</Feature>
</Annotation>
<Annotation Id="71" Type="a" StartNode="310" EndNode="329">
<Feature>
  <Name className="java.lang.String">href</Name>
  <Value className="java.lang.String">http://musical-instruments.pricegrabber.co.uk/ut=8fa7090f5513db15/st=topcat_tab/</Value>
</Feature>
<Feature>
  <Name className="java.lang.String">class</Name>
  <Value className="java.lang.String">sm</Value>
</Feature>
</Annotation>
<Annotation Id="64" Type="li" StartNode="277" EndNode="290">
<Feature>
  <Name className="java.lang.String">id</Name>
  <Value className="java.lang.String">channelTab_10</Value>
</Feature>
<Feature>
  <Name className="java.lang.String">class</Name>
  <Value className="java.lang.String">channelTab</Value>
</Feature>
</Annotation>
<Annotation Id="65" Type="a" StartNode="277" EndNode="290">
<Feature>
  <Name className="java.lang.String">href</Name>
  <Value className="java.lang.String">http://babies-kids.pricegrabber.co.uk/ut=8fa7090f5513db15/st=topcat_tab/</Value>
</Feature>
<Feature>
  <Name className="java.lang.String">class</Name>
  <Value className="java.lang.String">sm</Value>
</Feature>
</Annotation>
<Annotation Id="66" Type="br" StartNode="286" EndNode="286">
</Annotation>
<Annotation Id="67" Type="li" StartNode="291" EndNode="309">
<Feature>
  <Name className="java.lang.String">id</Name>
  <Value className="java.lang.String">channelTab_11</Value>
</Feature>
<Feature>
  <Name className="java.lang.String">class</Name>
  <Value className="java.lang.String">channelTab</Value>
</Feature>
</Annotation>
<Annotation Id="76" Type="a" StartNode="337" EndNode="343">
<Feature>
  <Name className="java.lang.String">href</Name>
  <Value className="java.lang.String">http://www.pricegrabber.co.uk/home_movies.php/st=topcat_tab/ut=8fa7090f5513db15</Value>
</Feature>
</Annotation>
<Annotation Id="77" Type="li" StartNode="344" EndNode="354">
<Feature>
  <Name className="java.lang.String">id</Name>
  <Value className="java.lang.String">channelTab_15</Value>
</Feature>
<Feature>
  <Name className="java.lang.String">class</Name>
  <Value className="java.lang.String">channelTab</Value>
</Feature>
</Annotation>
<Annotation Id="78" Type="a" StartNode="344" EndNode="354">
<Feature>
  <Name className="java.lang.String">href</Name>
  <Value className="java.lang.String">http://appliances.pricegrabber.co.uk/ut=8fa7090f5513db15/st=topcat_tab/</Value>
</Feature>
</Annotation>
<Annotation Id="79" Type="li" StartNode="355" EndNode="368">
<Feature>
  <Name className="java.lang.String">id</Name>
  <Value className="java.lang.String">channelTab_16</Value>
</Feature>
<Feature>
  <Name className="java.lang.String">class</Name>
  <Value className="java.lang.String">channelTab</Value>
</Feature>
</Annotation>
<Annotation Id="72" Type="br" StartNode="318" EndNode="318">
</Annotation>
<Annotation Id="73" Type="li" StartNode="330" EndNode="336">
<Feature>
  <Name className="java.lang.String">id</Name>
  <Value className="java.lang.String">channelTab_13</Value>
</Feature>
<Feature>
  <Name className="java.lang.String">class</Name>
  <Value className="java.lang.String">channelTab</Value>
</Feature>
</Annotation>
<Annotation Id="74" Type="a" StartNode="330" EndNode="336">
<Feature>
  <Name className="java.lang.String">href</Name>
  <Value className="java.lang.String">http://office.pricegrabber.co.uk/ut=8fa7090f5513db15/st=topcat_tab/</Value>
</Feature>
</Annotation>
<Annotation Id="75" Type="li" StartNode="337" EndNode="343">
<Feature>
  <Name className="java.lang.String">id</Name>
  <Value className="java.lang.String">channelTab_14</Value>
</Feature>
<Feature>
  <Name className="java.lang.String">class</Name>
  <Value className="java.lang.String">channelTab</Value>
</Feature>
</Annotation>
<Annotation Id="85" Type="li" StartNode="384" EndNode="388">
<Feature>
  <Name className="java.lang.String">id</Name>
  <Value className="java.lang.String">channelTab_18</Value>
</Feature>
<Feature>
  <Name className="java.lang.String">class</Name>
  <Value className="java.lang.String">channelTab</Value>
</Feature>
</Annotation>
<Annotation Id="84" Type="br" StartNode="377" EndNode="377">
</Annotation>
<Annotation Id="87" Type="li" StartNode="389" EndNode="398">
<Feature>
  <Name className="java.lang.String">id</Name>
  <Value className="java.lang.String">channelTab_19</Value>
</Feature>
<Feature>
  <Name className="java.lang.String">class</Name>
  <Value className="java.lang.String">channelTab</Value>
</Feature>
</Annotation>
<Annotation Id="86" Type="a" StartNode="384" EndNode="388">
<Feature>
  <Name className="java.lang.String">href</Name>
  <Value className="java.lang.String">http://toys.pricegrabber.co.uk/ut=8fa7090f5513db15/st=topcat_tab/</Value>
</Feature>
</Annotation>
<Annotation Id="81" Type="br" StartNode="362" EndNode="362">
</Annotation>
<Annotation Id="80" Type="a" StartNode="355" EndNode="368">
<Feature>
  <Name className="java.lang.String">href</Name>
  <Value className="java.lang.String">http://indoors.pricegrabber.co.uk/ut=8fa7090f5513db15/st=topcat_tab/</Value>
</Feature>
<Feature>
  <Name className="java.lang.String">class</Name>
  <Value className="java.lang.String">sm</Value>
</Feature>
</Annotation>
<Annotation Id="83" Type="a" StartNode="369" EndNode="383">
<Feature>
  <Name className="java.lang.String">href</Name>
  <Value className="java.lang.String">http://outdoors.pricegrabber.co.uk/ut=8fa7090f5513db15/st=topcat_tab/</Value>
</Feature>
<Feature>
  <Name className="java.lang.String">class</Name>
  <Value className="java.lang.String">sm</Value>
</Feature>
</Annotation>
<Annotation Id="82" Type="li" StartNode="369" EndNode="383">
<Feature>
  <Name className="java.lang.String">id</Name>
  <Value className="java.lang.String">channelTab_17</Value>
</Feature>
<Feature>
  <Name className="java.lang.String">class</Name>
  <Value className="java.lang.String">channelTab</Value>
</Feature>
</Annotation>
<Annotation Id="93" Type="div" StartNode="404" EndNode="404">
<Feature>
  <Name className="java.lang.String">class</Name>
  <Value className="java.lang.String">moreChannelTabsBottom</Value>
</Feature>
<Feature>
  <Name className="java.lang.String">isEmptyAndSpan</Name>
  <Value className="java.lang.String">true</Value>
</Feature>
</Annotation>
<Annotation Id="92" Type="ul" StartNode="404" EndNode="404">
<Feature>
  <Name className="java.lang.String">id</Name>
  <Value className="java.lang.String">moreChannelTabs</Value>
</Feature>
<Feature>
  <Name className="java.lang.String">class</Name>
  <Value className="java.lang.String">moreChannelTabs</Value>
</Feature>
<Feature>
  <Name className="java.lang.String">isEmptyAndSpan</Name>
  <Value className="java.lang.String">true</Value>
</Feature>
<Feature>
  <Name className="java.lang.String">onmouseout</Name>
  <Value className="java.lang.String">javascript:hideMoreMenu();</Value>
</Feature>
<Feature>
  <Name className="java.lang.String">onmouseover</Name>
  <Value className="java.lang.String">javascript:showMoreMenu();</Value>
</Feature>
</Annotation>
<Annotation Id="95" Type="div" StartNode="404" EndNode="477">
<Feature>
  <Name className="java.lang.String">id</Name>
  <Value className="java.lang.String">mastLinks</Value>
</Feature>
</Annotation>
<Annotation Id="94" Type="script" StartNode="404" EndNode="404">
<Feature>
  <Name className="java.lang.String">isEmptyAndSpan</Name>
  <Value className="java.lang.String">true</Value>
</Feature>
<Feature>
  <Name className="java.lang.String">language</Name>
  <Value className="java.lang.String">javascript</Value>
</Feature>
</Annotation>
<Annotation Id="89" Type="li" StartNode="399" EndNode="403">
<Feature>
  <Name className="java.lang.String">id</Name>
  <Value className="java.lang.String">channelTab_more</Value>
</Feature>
<Feature>
  <Name className="java.lang.String">class</Name>
  <Value className="java.lang.String">channelTab more</Value>
</Feature>
</Annotation>
<Annotation Id="88" Type="a" StartNode="389" EndNode="398">
<Feature>
  <Name className="java.lang.String">href</Name>
  <Value className="java.lang.String">http://products.xelector.com/pricegrabber/Utilities/</Value>
</Feature>
</Annotation>
<Annotation Id="91" Type="div" StartNode="404" EndNode="404">
<Feature>
  <Name className="java.lang.String">id</Name>
  <Value className="java.lang.String">moreChannels</Value>
</Feature>
<Feature>
  <Name className="java.lang.String">isEmptyAndSpan</Name>
  <Value className="java.lang.String">true</Value>
</Feature>
<Feature>
  <Name className="java.lang.String">onmouseout</Name>
  <Value className="java.lang.String">javascript:hideMoreMenu();</Value>
</Feature>
<Feature>
  <Name className="java.lang.String">onmouseover</Name>
  <Value className="java.lang.String">javascript:showMoreMenu();</Value>
</Feature>
</Annotation>
<Annotation Id="90" Type="a" StartNode="399" EndNode="403">
<Feature>
  <Name className="java.lang.String">href</Name>
  <Value className="java.lang.String">http://www.pricegrabber.co.uk/home_channelindex.php/st=topcat_tab/ut=8fa7090f5513db15</Value>
</Feature>
<Feature>
  <Name className="java.lang.String">onmouseout</Name>
  <Value className="java.lang.String">javascript:hideMoreMenu();</Value>
</Feature>
<Feature>
  <Name className="java.lang.String">onmouseover</Name>
  <Value className="java.lang.String">javascript:showMoreMenu();</Value>
</Feature>
</Annotation>
<Annotation Id="102" Type="a" StartNode="434" EndNode="449">
<Feature>
  <Name className="java.lang.String">target</Name>
  <Value className="java.lang.String">_parent</Value>
</Feature>
<Feature>
  <Name className="java.lang.String">href</Name>
  <Value className="java.lang.String">http://www.pricegrabber.co.uk/home_rebates.php/ut=8fa7090f5513db15</Value>
</Feature>
</Annotation>
<Annotation Id="103" Type="li" StartNode="450" EndNode="466">
<Feature>
  <Name className="java.lang.String">id</Name>
  <Value className="java.lang.String">mastLink_3</Value>
</Feature>
<Feature>
  <Name className="java.lang.String">class</Name>
  <Value className="java.lang.String">mastLink</Value>
</Feature>
</Annotation>
<Annotation Id="100" Type="a" StartNode="417" EndNode="433">
<Feature>
  <Name className="java.lang.String">target</Name>
  <Value className="java.lang.String">_parent</Value>
</Feature>
<Feature>
  <Name className="java.lang.String">href</Name>
  <Value className="java.lang.String">http://www.pricegrabber.co.uk/rating_summary.php/ut=8fa7090f5513db15</Value>
</Feature>
</Annotation>
<Annotation Id="101" Type="li" StartNode="434" EndNode="449">
<Feature>
  <Name className="java.lang.String">id</Name>
  <Value className="java.lang.String">mastLink_2</Value>
</Feature>
<Feature>
  <Name className="java.lang.String">class</Name>
  <Value className="java.lang.String">mastLink</Value>
</Feature>
</Annotation>
<Annotation Id="98" Type="a" StartNode="404" EndNode="416">
<Feature>
  <Name className="java.lang.String">target</Name>
  <Value className="java.lang.String">_parent</Value>
</Feature>
<Feature>
  <Name className="java.lang.String">href</Name>
  <Value className="java.lang.String">http://www.pricegrabber.co.uk/home_mostpop.php/ut=8fa7090f5513db15</Value>
</Feature>
</Annotation>
<Annotation Id="99" Type="li" StartNode="417" EndNode="433">
<Feature>
  <Name className="java.lang.String">id</Name>
  <Value className="java.lang.String">mastLink_1</Value>
</Feature>
<Feature>
  <Name className="java.lang.String">class</Name>
  <Value className="java.lang.String">mastLink</Value>
</Feature>
</Annotation>
<Annotation Id="96" Type="ul" StartNode="404" EndNode="477">
<Feature>
  <Name className="java.lang.String">class</Name>
  <Value className="java.lang.String">mastLinks</Value>
</Feature>
</Annotation>
<Annotation Id="97" Type="li" StartNode="404" EndNode="416">
<Feature>
  <Name className="java.lang.String">id</Name>
  <Value className="java.lang.String">mastLink_0</Value>
</Feature>
<Feature>
  <Name className="java.lang.String">class</Name>
  <Value className="java.lang.String">mastLink</Value>
</Feature>
</Annotation>
<Annotation Id="110" Type="form" StartNode="477" EndNode="742">
<Feature>
  <Name className="java.lang.String">action</Name>
  <Value className="java.lang.String">/search.php</Value>
</Feature>
<Feature>
  <Name className="java.lang.String">target</Name>
  <Value className="java.lang.String">_parent</Value>
</Feature>
<Feature>
  <Name className="java.lang.String">class</Name>
  <Value className="java.lang.String">csshopfor</Value>
</Feature>
<Feature>
  <Name className="java.lang.String">method</Name>
  <Value className="java.lang.String">get</Value>
</Feature>
<Feature>
  <Name className="java.lang.String">style</Name>
  <Value className="java.lang.String">margin:0; padding:0;</Value>
</Feature>
<Feature>
  <Name className="java.lang.String">name</Name>
  <Value className="java.lang.String">mastsearch</Value>
</Feature>
</Annotation>
<Annotation Id="111" Type="div" StartNode="477" EndNode="742">
<Feature>
  <Name className="java.lang.String">id</Name>
  <Value className="java.lang.String">search_bar</Value>
</Feature>
</Annotation>
<Annotation Id="108" Type="a" StartNode="477" EndNode="477">
<Feature>
  <Name className="java.lang.String">target</Name>
  <Value className="java.lang.String">_parent</Value>
</Feature>
<Feature>
  <Name className="java.lang.String">href</Name>
  <Value className="java.lang.String">?ut=8fa7090f5513db15</Value>
</Feature>
<Feature>
  <Name className="java.lang.String">isEmptyAndSpan</Name>
  <Value className="java.lang.String">true</Value>
</Feature>
</Annotation>
<Annotation Id="109" Type="div" StartNode="477" EndNode="742">
<Feature>
  <Name className="java.lang.String">id</Name>
  <Value className="java.lang.String">pgSiteSearch</Value>
</Feature>
</Annotation>
<Annotation Id="106" Type="a" StartNode="467" EndNode="476">
<Feature>
  <Name className="java.lang.String">target</Name>
  <Value className="java.lang.String">_parent</Value>
</Feature>
<Feature>
  <Name className="java.lang.String">href</Name>
  <Value className="java.lang.String">http://shopgreen.pricegrabber.co.uk?ut=8fa7090f5513db15</Value>
</Feature>
</Annotation>
<Annotation Id="107" Type="li" StartNode="477" EndNode="477">
<Feature>
  <Name className="java.lang.String">id</Name>
  <Value className="java.lang.String">mastLink_5</Value>
</Feature>
<Feature>
  <Name className="java.lang.String">class</Name>
  <Value className="java.lang.String">mastLink</Value>
</Feature>
<Feature>
  <Name className="java.lang.String">isEmptyAndSpan</Name>
  <Value className="java.lang.String">true</Value>
</Feature>
</Annotation>
<Annotation Id="104" Type="a" StartNode="450" EndNode="466">
<Feature>
  <Name className="java.lang.String">target</Name>
  <Value className="java.lang.String">_parent</Value>
</Feature>
<Feature>
  <Name className="java.lang.String">href</Name>
  <Value className="java.lang.String">http://www.pricegrabber.co.uk/home_coupons.php/ut=8fa7090f5513db15</Value>
</Feature>
</Annotation>
<Annotation Id="105" Type="li" StartNode="467" EndNode="476">
<Feature>
  <Name className="java.lang.String">id</Name>
  <Value className="java.lang.String">mastLink_4</Value>
</Feature>
<Feature>
  <Name className="java.lang.String">class</Name>
  <Value className="java.lang.String">mastLink</Value>
</Feature>
</Annotation>
<Annotation Id="119" Type="select" StartNode="489" EndNode="734">
<Feature>
  <Name className="java.lang.String">name</Name>
  <Value className="java.lang.String">topcat_id</Value>
</Feature>
</Annotation>
<Annotation Id="118" Type="span" StartNode="489" EndNode="734">
<Feature>
  <Name className="java.lang.String">class</Name>
  <Value className="java.lang.String">sbar</Value>
</Feature>
</Annotation>
<Annotation Id="117" Type="span" StartNode="486" EndNode="488">
<Feature>
  <Name className="java.lang.String">class</Name>
  <Value className="java.lang.String">sbar</Value>
</Feature>
</Annotation>
<Annotation Id="116" Type="input" StartNode="485" EndNode="485">
<Feature>
  <Name className="java.lang.String">id</Name>
  <Value className="java.lang.String">shopForInput</Value>
</Feature>
<Feature>
  <Name className="java.lang.String">value</Name>
  <Value className="java.lang.String"></Value>
</Feature>
<Feature>
  <Name className="java.lang.String">type</Name>
  <Value className="java.lang.String">text</Value>
</Feature>
<Feature>
  <Name className="java.lang.String">name</Name>
  <Value className="java.lang.String">form_keyword</Value>
</Feature>
</Annotation>
<Annotation Id="115" Type="span" StartNode="485" EndNode="485">
<Feature>
  <Name className="java.lang.String">class</Name>
  <Value className="java.lang.String">sbar search</Value>
</Feature>
<Feature>
  <Name className="java.lang.String">isEmptyAndSpan</Name>
  <Value className="java.lang.String">true</Value>
</Feature>
</Annotation>
<Annotation Id="114" Type="span" StartNode="477" EndNode="485">
<Feature>
  <Name className="java.lang.String">class</Name>
  <Value className="java.lang.String">sbar</Value>
</Feature>
</Annotation>
<Annotation Id="113" Type="div" StartNode="477" EndNode="741">
<Feature>
  <Name className="java.lang.String">id</Name>
  <Value className="java.lang.String">search_bar_center</Value>
</Feature>
</Annotation>
<Annotation Id="112" Type="div" StartNode="477" EndNode="742">
<Feature>
  <Name className="java.lang.String">id</Name>
  <Value className="java.lang.String">search_elements</Value>
</Feature>
</Annotation>
<Annotation Id="127" Type="option" StartNode="566" EndNode="584">
<Feature>
  <Name className="java.lang.String">value</Name>
  <Value className="java.lang.String">17</Value>
</Feature>
</Annotation>
<Annotation Id="126" Type="option" StartNode="554" EndNode="565">
<Feature>
  <Name className="java.lang.String">value</Name>
  <Value className="java.lang.String">2</Value>
</Feature>
</Annotation>
<Annotation Id="125" Type="option" StartNode="544" EndNode="553">
<Feature>
  <Name className="java.lang.String">value</Name>
  <Value className="java.lang.String">1</Value>
</Feature>
</Annotation>
<Annotation Id="124" Type="option" StartNode="535" EndNode="543">
<Feature>
  <Name className="java.lang.String">value</Name>
  <Value className="java.lang.String">12</Value>
</Feature>
</Annotation>
<Annotation Id="123" Type="option" StartNode="527" EndNode="534">
<Feature>
  <Name className="java.lang.String">value</Name>
  <Value className="java.lang.String">11</Value>
</Feature>
</Annotation>
<Annotation Id="122" Type="option" StartNode="513" EndNode="526">
<Feature>
  <Name className="java.lang.String">value</Name>
  <Value className="java.lang.String">14</Value>
</Feature>
</Annotation>
<Annotation Id="121" Type="option" StartNode="502" EndNode="512">
<Feature>
  <Name className="java.lang.String">value</Name>
  <Value className="java.lang.String">27</Value>
</Feature>
</Annotation>
<Annotation Id="120" Type="option" StartNode="489" EndNode="501">
<Feature>
  <Name className="java.lang.String">value</Name>
  <Value className="java.lang.String"></Value>
</Feature>
<Feature>
  <Name className="java.lang.String">selected</Name>
  <Value className="java.lang.String"></Value>
</Feature>
</Annotation>
<Annotation Id="137" Type="option" StartNode="703" EndNode="717">
<Feature>
  <Name className="java.lang.String">value</Name>
  <Value className="java.lang.String">18</Value>
</Feature>
</Annotation>
<Annotation Id="136" Type="option" StartNode="694" EndNode="702">
<Feature>
  <Name className="java.lang.String">value</Name>
  <Value className="java.lang.String">6</Value>
</Feature>
</Annotation>
<Annotation Id="139" Type="option" StartNode="723" EndNode="734">
<Feature>
  <Name className="java.lang.String">value</Name>
  <Value className="java.lang.String">3</Value>
</Feature>
</Annotation>
<Annotation Id="138" Type="option" StartNode="718" EndNode="722">
<Feature>
  <Name className="java.lang.String">value</Name>
  <Value className="java.lang.String">8</Value>
</Feature>
</Annotation>
<Annotation Id="141" Type="span" StartNode="735" EndNode="741">
<Feature>
  <Name className="java.lang.String">class</Name>
  <Value className="java.lang.String">sbar submitLink</Value>
</Feature>
</Annotation>
<Annotation Id="140" Type="input" StartNode="734" EndNode="734">
<Feature>
  <Name className="java.lang.String">type</Name>
  <Value className="java.lang.String">hidden</Value>
</Feature>
<Feature>
  <Name className="java.lang.String">value</Name>
  <Value className="java.lang.String">query</Value>
</Feature>
<Feature>
  <Name className="java.lang.String">name</Name>
  <Value className="java.lang.String">st</Value>
</Feature>
</Annotation>
<Annotation Id="143" Type="a" StartNode="735" EndNode="741">
<Feature>
  <Name className="java.lang.String">href</Name>
  <Value className="java.lang.String">javascript:document.mastsearch.submit()</Value>
</Feature>
</Annotation>
<Annotation Id="142" Type="span" StartNode="735" EndNode="741">
<Feature>
  <Name className="java.lang.String">class</Name>
  <Value className="java.lang.String">pgBtn</Value>
</Feature>
</Annotation>
<Annotation Id="129" Type="option" StartNode="595" EndNode="610">
<Feature>
  <Name className="java.lang.String">value</Name>
  <Value className="java.lang.String">16</Value>
</Feature>
</Annotation>
<Annotation Id="128" Type="option" StartNode="585" EndNode="594">
<Feature>
  <Name className="java.lang.String">value</Name>
  <Value className="java.lang.String">29</Value>
</Feature>
</Annotation>
<Annotation Id="131" Type="option" StartNode="625" EndNode="644">
<Feature>
  <Name className="java.lang.String">value</Name>
  <Value className="java.lang.String">10</Value>
</Feature>
</Annotation>
<Annotation Id="130" Type="option" StartNode="611" EndNode="624">
<Feature>
  <Name className="java.lang.String">value</Name>
  <Value className="java.lang.String">30</Value>
</Feature>
</Annotation>
<Annotation Id="133" Type="option" StartNode="652" EndNode="671">
<Feature>
  <Name className="java.lang.String">value</Name>
  <Value className="java.lang.String">19</Value>
</Feature>
</Annotation>
<Annotation Id="132" Type="option" StartNode="645" EndNode="651">
<Feature>
  <Name className="java.lang.String">value</Name>
  <Value className="java.lang.String">4</Value>
</Feature>
</Annotation>
<Annotation Id="135" Type="option" StartNode="679" EndNode="693">
<Feature>
  <Name className="java.lang.String">value</Name>
  <Value className="java.lang.String">28</Value>
</Feature>
</Annotation>
<Annotation Id="134" Type="option" StartNode="672" EndNode="678">
<Feature>
  <Name className="java.lang.String">value</Name>
  <Value className="java.lang.String">9</Value>
</Feature>
</Annotation>
<Annotation Id="152" Type="div" StartNode="742" EndNode="1062">
<Feature>
  <Name className="java.lang.String">id</Name>
  <Value className="java.lang.String">scoreCard</Value>
</Feature>
</Annotation>
<Annotation Id="153" Type="div" StartNode="742" EndNode="765">
<Feature>
  <Name className="java.lang.String">id</Name>
  <Value className="java.lang.String">getprod_tabs_sm</Value>
</Feature>
</Annotation>
<Annotation Id="154" Type="div" StartNode="742" EndNode="765">
<Feature>
  <Name className="java.lang.String">id</Name>
  <Value className="java.lang.String">getprod_wrap_sm</Value>
</Feature>
</Annotation>
<Annotation Id="155" Type="ul" StartNode="742" EndNode="765">
<Feature>
  <Name className="java.lang.String">class</Name>
  <Value className="java.lang.String">getprod</Value>
</Feature>
</Annotation>
<Annotation Id="156" Type="li" StartNode="742" EndNode="754">
<Feature>
  <Name className="java.lang.String">id</Name>
  <Value className="java.lang.String">showContactTab</Value>
</Feature>
</Annotation>
<Annotation Id="157" Type="a" StartNode="742" EndNode="754">
<Feature>
  <Name className="java.lang.String">href</Name>
  <Value className="java.lang.String">javascript:showContactTab()</Value>
</Feature>
</Annotation>
<Annotation Id="158" Type="li" StartNode="755" EndNode="764">
<Feature>
  <Name className="java.lang.String">id</Name>
  <Value className="java.lang.String">showScoreTab</Value>
</Feature>
<Feature>
  <Name className="java.lang.String">class</Name>
  <Value className="java.lang.String">current</Value>
</Feature>
</Annotation>
<Annotation Id="159" Type="a" StartNode="755" EndNode="764">
<Feature>
  <Name className="java.lang.String">href</Name>
  <Value className="java.lang.String">javascript:showScoreTab()</Value>
</Feature>
</Annotation>
<Annotation Id="144" Type="script" StartNode="742" EndNode="742">
<Feature>
  <Name className="java.lang.String">type</Name>
  <Value className="java.lang.String">text/javascript</Value>
</Feature>
<Feature>
  <Name className="java.lang.String">isEmptyAndSpan</Name>
  <Value className="java.lang.String">true</Value>
</Feature>
</Annotation>
<Annotation Id="145" Type="input" StartNode="742" EndNode="742">
<Feature>
  <Name className="java.lang.String">type</Name>
  <Value className="java.lang.String">hidden</Value>
</Feature>
<Feature>
  <Name className="java.lang.String">value</Name>
  <Value className="java.lang.String">8fa7090f5513db15</Value>
</Feature>
<Feature>
  <Name className="java.lang.String">name</Name>
  <Value className="java.lang.String">ut</Value>
</Feature>
</Annotation>
<Annotation Id="146" Type="script" StartNode="742" EndNode="742">
<Feature>
  <Name className="java.lang.String">type</Name>
  <Value className="java.lang.String">text/javascript</Value>
</Feature>
<Feature>
  <Name className="java.lang.String">isEmptyAndSpan</Name>
  <Value className="java.lang.String">true</Value>
</Feature>
</Annotation>
<Annotation Id="147" Type="div" StartNode="742" EndNode="1682">
<Feature>
  <Name className="java.lang.String">id</Name>
  <Value className="java.lang.String">pgPageContent</Value>
</Feature>
</Annotation>
<Annotation Id="148" Type="div" StartNode="742" EndNode="1490">
<Feature>
  <Name className="java.lang.String">id</Name>
  <Value className="java.lang.String">contentContainer</Value>
</Feature>
<Feature>
  <Name className="java.lang.String">style</Name>
  <Value className="java.lang.String">width: 96%;</Value>
</Feature>
</Annotation>
<Annotation Id="149" Type="div" StartNode="742" EndNode="742">
<Feature>
  <Name className="java.lang.String">id</Name>
  <Value className="java.lang.String">merchantInfoHeader</Value>
</Feature>
<Feature>
  <Name className="java.lang.String">isEmptyAndSpan</Name>
  <Value className="java.lang.String">true</Value>
</Feature>
</Annotation>
<Annotation Id="150" Type="div" StartNode="742" EndNode="742">
<Feature>
  <Name className="java.lang.String">style</Name>
  <Value className="java.lang.String">float: right;</Value>
</Feature>
<Feature>
  <Name className="java.lang.String">isEmptyAndSpan</Name>
  <Value className="java.lang.String">true</Value>
</Feature>
</Annotation>
<Annotation Id="151" Type="img" StartNode="742" EndNode="742">
<Feature>
  <Name className="java.lang.String">src</Name>
  <Value className="java.lang.String">http://ai.pricegrabber.com/images/title_merchantinformation.gif</Value>
</Feature>
<Feature>
  <Name className="java.lang.String">width</Name>
  <Value className="java.lang.String">183</Value>
</Feature>
<Feature>
  <Name className="java.lang.String">height</Name>
  <Value className="java.lang.String">22</Value>
</Feature>
</Annotation>
<Annotation Id="171" Type="td" StartNode="824" EndNode="825">
</Annotation>
<Annotation Id="170" Type="td" StartNode="822" EndNode="823">
</Annotation>
<Annotation Id="169" Type="td" StartNode="820" EndNode="821">
</Annotation>
<Annotation Id="168" Type="th" StartNode="802" EndNode="819">
<Feature>
  <Name className="java.lang.String">class</Name>
  <Value className="java.lang.String">bottomWhiteBorder</Value>
</Feature>
</Annotation>
<Annotation Id="175" Type="td" StartNode="840" EndNode="841">
</Annotation>
<Annotation Id="174" Type="td" StartNode="838" EndNode="839">
</Annotation>
<Annotation Id="173" Type="th" StartNode="826" EndNode="837">
<Feature>
  <Name className="java.lang.String">class</Name>
  <Value className="java.lang.String">bottomWhiteBorder</Value>
</Feature>
</Annotation>
<Annotation Id="172" Type="tr" StartNode="826" EndNode="843">
</Annotation>
<Annotation Id="163" Type="th" StartNode="765" EndNode="765">
<Feature>
  <Name className="java.lang.String">isEmptyAndSpan</Name>
  <Value className="java.lang.String">true</Value>
</Feature>
</Annotation>
<Annotation Id="162" Type="tr" StartNode="765" EndNode="801">
</Annotation>
<Annotation Id="161" Type="table" StartNode="765" EndNode="914">
<Feature>
  <Name className="java.lang.String">id</Name>
  <Value className="java.lang.String">scoreTable</Value>
</Feature>
<Feature>
  <Name className="java.lang.String">cellpadding</Name>
  <Value className="java.lang.String">0</Value>
</Feature>
<Feature>
  <Name className="java.lang.String">border</Name>
  <Value className="java.lang.String">0</Value>
</Feature>
<Feature>
  <Name className="java.lang.String">cellspacing</Name>
  <Value className="java.lang.String">0</Value>
</Feature>
</Annotation>
<Annotation Id="160" Type="div" StartNode="765" EndNode="914">
<Feature>
  <Name className="java.lang.String">id</Name>
  <Value className="java.lang.String">scoreWrapper</Value>
</Feature>
</Annotation>
<Annotation Id="167" Type="tr" StartNode="802" EndNode="825">
</Annotation>
<Annotation Id="166" Type="th" StartNode="793" EndNode="801">
</Annotation>
<Annotation Id="165" Type="th" StartNode="779" EndNode="792">
<Feature>
  <Name className="java.lang.String">class</Name>
  <Value className="java.lang.String">rightWhiteBoder</Value>
</Feature>
</Annotation>
<Annotation Id="164" Type="th" StartNode="765" EndNode="778">
<Feature>
  <Name className="java.lang.String">class</Name>
  <Value className="java.lang.String">rightWhiteBoder</Value>
</Feature>
</Annotation>
<Annotation Id="186" Type="td" StartNode="886" EndNode="887">
</Annotation>
<Annotation Id="187" Type="tr" StartNode="888" EndNode="913">
</Annotation>
<Annotation Id="184" Type="td" StartNode="882" EndNode="883">
</Annotation>
<Annotation Id="185" Type="td" StartNode="884" EndNode="885">
</Annotation>
<Annotation Id="190" Type="img" StartNode="898" EndNode="898">
<Feature>
  <Name className="java.lang.String">src</Name>
  <Value className="java.lang.String">http://ai.pricegrabber.com/images/rating_1_newo2.gif</Value>
</Feature>
<Feature>
  <Name className="java.lang.String">height</Name>
  <Value className="java.lang.String">11</Value>
</Feature>
<Feature>
  <Name className="java.lang.String">border</Name>
  <Value className="java.lang.String">0</Value>
</Feature>
<Feature>
  <Name className="java.lang.String">alt</Name>
  <Value className="java.lang.String">1 Star Review</Value>
</Feature>
<Feature>
  <Name className="java.lang.String">width</Name>
  <Value className="java.lang.String">60</Value>
</Feature>
</Annotation>
<Annotation Id="191" Type="br" StartNode="899" EndNode="899">
</Annotation>
<Annotation Id="188" Type="th" StartNode="888" EndNode="898">
</Annotation>
<Annotation Id="189" Type="td" StartNode="898" EndNode="903">
</Annotation>
<Annotation Id="178" Type="th" StartNode="844" EndNode="861">
<Feature>
  <Name className="java.lang.String">class</Name>
  <Value className="java.lang.String">bottomWhiteBorder</Value>
</Feature>
</Annotation>
<Annotation Id="179" Type="td" StartNode="862" EndNode="863">
</Annotation>
<Annotation Id="176" Type="td" StartNode="842" EndNode="843">
</Annotation>
<Annotation Id="177" Type="tr" StartNode="844" EndNode="867">
</Annotation>
<Annotation Id="182" Type="tr" StartNode="868" EndNode="887">
</Annotation>
<Annotation Id="183" Type="th" StartNode="868" EndNode="881">
<Feature>
  <Name className="java.lang.String">class</Name>
  <Value className="java.lang.String">bottomWhiteBorder</Value>
</Feature>
</Annotation>
<Annotation Id="180" Type="td" StartNode="864" EndNode="865">
</Annotation>
<Annotation Id="181" Type="td" StartNode="866" EndNode="867">
</Annotation>
<Annotation Id="205" Type="th" StartNode="924" EndNode="932">
<Feature>
  <Name className="java.lang.String">class</Name>
  <Value className="java.lang.String">bottomWhiteBorder</Value>
</Feature>
</Annotation>
<Annotation Id="204" Type="tr" StartNode="924" EndNode="964">
</Annotation>
<Annotation Id="207" Type="tr" StartNode="965" EndNode="984">
</Annotation>
<Annotation Id="206" Type="td" StartNode="933" EndNode="964">
</Annotation>
<Annotation Id="201" Type="th" StartNode="914" EndNode="922">
<Feature>
  <Name className="java.lang.String">class</Name>
  <Value className="java.lang.String">bottomWhiteBorder</Value>
</Feature>
</Annotation>
<Annotation Id="200" Type="tr" StartNode="914" EndNode="923">
</Annotation>
<Annotation Id="203" Type="br" StartNode="923" EndNode="923">
</Annotation>
<Annotation Id="202" Type="td" StartNode="922" EndNode="923">
</Annotation>
<Annotation Id="197" Type="br" StartNode="909" EndNode="909">
</Annotation>
<Annotation Id="196" Type="img" StartNode="908" EndNode="908">
<Feature>
  <Name className="java.lang.String">src</Name>
  <Value className="java.lang.String">http://ai.pricegrabber.com/images/rating_1_newo2.gif</Value>
</Feature>
<Feature>
  <Name className="java.lang.String">height</Name>
  <Value className="java.lang.String">11</Value>
</Feature>
<Feature>
  <Name className="java.lang.String">border</Name>
  <Value className="java.lang.String">0</Value>
</Feature>
<Feature>
  <Name className="java.lang.String">alt</Name>
  <Value className="java.lang.String">1 Star Review</Value>
</Feature>
<Feature>
  <Name className="java.lang.String">width</Name>
  <Value className="java.lang.String">60</Value>
</Feature>
</Annotation>
<Annotation Id="199" Type="table" StartNode="914" EndNode="1062">
<Feature>
  <Name className="java.lang.String">id</Name>
  <Value className="java.lang.String">contactTable</Value>
</Feature>
<Feature>
  <Name className="java.lang.String">cellpadding</Name>
  <Value className="java.lang.String">0</Value>
</Feature>
<Feature>
  <Name className="java.lang.String">border</Name>
  <Value className="java.lang.String">0</Value>
</Feature>
<Feature>
  <Name className="java.lang.String">cellspacing</Name>
  <Value className="java.lang.String">0</Value>
</Feature>
</Annotation>
<Annotation Id="198" Type="div" StartNode="914" EndNode="1062">
<Feature>
  <Name className="java.lang.String">id</Name>
  <Value className="java.lang.String">contactWrapper</Value>
</Feature>
</Annotation>
<Annotation Id="193" Type="img" StartNode="903" EndNode="903">
<Feature>
  <Name className="java.lang.String">src</Name>
  <Value className="java.lang.String">http://ai.pricegrabber.com/images/rating_1_newo2.gif</Value>
</Feature>
<Feature>
  <Name className="java.lang.String">height</Name>
  <Value className="java.lang.String">11</Value>
</Feature>
<Feature>
  <Name className="java.lang.String">border</Name>
  <Value className="java.lang.String">0</Value>
</Feature>
<Feature>
  <Name className="java.lang.String">alt</Name>
  <Value className="java.lang.String">1 Star Review</Value>
</Feature>
<Feature>
  <Name className="java.lang.String">width</Name>
  <Value className="java.lang.String">60</Value>
</Feature>
</Annotation>
<Annotation Id="192" Type="td" StartNode="903" EndNode="908">
</Annotation>
<Annotation Id="195" Type="td" StartNode="908" EndNode="913">
</Annotation>
<Annotation Id="194" Type="br" StartNode="904" EndNode="904">
</Annotation>
<Annotation Id="220" Type="th" StartNode="1038" EndNode="1057">
</Annotation>
<Annotation Id="221" Type="td" StartNode="1058" EndNode="1061">
</Annotation>
<Annotation Id="222" Type="script" StartNode="1062" EndNode="1062">
<Feature>
  <Name className="java.lang.String">type</Name>
  <Value className="java.lang.String">text/javascript</Value>
</Feature>
<Feature>
  <Name className="java.lang.String">isEmptyAndSpan</Name>
  <Value className="java.lang.String">true</Value>
</Feature>
</Annotation>
<Annotation Id="223" Type="div" StartNode="1062" EndNode="1115">
<Feature>
  <Name className="java.lang.String">id</Name>
  <Value className="java.lang.String">merchantIdentityBlock</Value>
</Feature>
</Annotation>
<Annotation Id="216" Type="tr" StartNode="1021" EndNode="1037">
</Annotation>
<Annotation Id="217" Type="th" StartNode="1021" EndNode="1033">
<Feature>
  <Name className="java.lang.String">class</Name>
  <Value className="java.lang.String">bottomWhiteBorder</Value>
</Feature>
</Annotation>
<Annotation Id="218" Type="td" StartNode="1034" EndNode="1037">
</Annotation>
<Annotation Id="219" Type="tr" StartNode="1038" EndNode="1061">
</Annotation>
<Annotation Id="212" Type="td" StartNode="998" EndNode="1001">
</Annotation>
<Annotation Id="213" Type="tr" StartNode="1002" EndNode="1020">
</Annotation>
<Annotation Id="214" Type="th" StartNode="1002" EndNode="1016">
<Feature>
  <Name className="java.lang.String">class</Name>
  <Value className="java.lang.String">bottomWhiteBorder</Value>
</Feature>
</Annotation>
<Annotation Id="215" Type="td" StartNode="1017" EndNode="1020">
</Annotation>
<Annotation Id="208" Type="th" StartNode="965" EndNode="980">
<Feature>
  <Name className="java.lang.String">class</Name>
  <Value className="java.lang.String">bottomWhiteBorder</Value>
</Feature>
</Annotation>
<Annotation Id="209" Type="td" StartNode="981" EndNode="984">
</Annotation>
<Annotation Id="210" Type="tr" StartNode="985" EndNode="1001">
</Annotation>
<Annotation Id="211" Type="th" StartNode="985" EndNode="997">
<Feature>
  <Name className="java.lang.String">class</Name>
  <Value className="java.lang.String">bottomWhiteBorder</Value>
</Feature>
</Annotation>
<Annotation Id="239" Type="a" StartNode="1117" EndNode="1130">
<Feature>
  <Name className="java.lang.String">href</Name>
  <Value className="java.lang.String">http://www.pricegrabber.co.uk/info_retailer.php/r=8029/m=4642352/ut=8fa7090f5513db15</Value>
</Feature>
</Annotation>
<Annotation Id="238" Type="li" StartNode="1117" EndNode="1130">
<Feature>
  <Name className="java.lang.String">class</Name>
  <Value className="java.lang.String">getprod</Value>
</Feature>
</Annotation>
<Annotation Id="237" Type="ul" StartNode="1117" EndNode="1148">
<Feature>
  <Name className="java.lang.String">class</Name>
  <Value className="java.lang.String">getprod</Value>
</Feature>
</Annotation>
<Annotation Id="236" Type="div" StartNode="1117" EndNode="1148">
<Feature>
  <Name className="java.lang.String">id</Name>
  <Value className="java.lang.String">getprod_wrap</Value>
</Feature>
</Annotation>
<Annotation Id="235" Type="div" StartNode="1117" EndNode="1148">
<Feature>
  <Name className="java.lang.String">id</Name>
  <Value className="java.lang.String">getprod_tabs</Value>
</Feature>
</Annotation>
<Annotation Id="234" Type="br" StartNode="1117" EndNode="1117">
</Annotation>
<Annotation Id="233" Type="br" StartNode="1116" EndNode="1116">
</Annotation>
<Annotation Id="232" Type="input" StartNode="1115" EndNode="1115">
<Feature>
  <Name className="java.lang.String">type</Name>
  <Value className="java.lang.String">hidden</Value>
</Feature>
<Feature>
  <Name className="java.lang.String">value</Name>
  <Value className="java.lang.String">8fa7090f5513db15</Value>
</Feature>
<Feature>
  <Name className="java.lang.String">name</Name>
  <Value className="java.lang.String">ut</Value>
</Feature>
</Annotation>
<Annotation Id="231" Type="input" StartNode="1115" EndNode="1115">
<Feature>
  <Name className="java.lang.String">type</Name>
  <Value className="java.lang.String">hidden</Value>
</Feature>
<Feature>
  <Name className="java.lang.String">value</Name>
  <Value className="java.lang.String"></Value>
</Feature>
<Feature>
  <Name className="java.lang.String">name</Name>
  <Value className="java.lang.String">order</Value>
</Feature>
</Annotation>
<Annotation Id="230" Type="input" StartNode="1115" EndNode="1115">
<Feature>
  <Name className="java.lang.String">type</Name>
  <Value className="java.lang.String">hidden</Value>
</Feature>
<Feature>
  <Name className="java.lang.String">value</Name>
  <Value className="java.lang.String">0</Value>
</Feature>
<Feature>
  <Name className="java.lang.String">name</Name>
  <Value className="java.lang.String">lastrec</Value>
</Feature>
</Annotation>
<Annotation Id="229" Type="input" StartNode="1115" EndNode="1115">
<Feature>
  <Name className="java.lang.String">type</Name>
  <Value className="java.lang.String">hidden</Value>
</Feature>
<Feature>
  <Name className="java.lang.String">value</Name>
  <Value className="java.lang.String">8029</Value>
</Feature>
<Feature>
  <Name className="java.lang.String">name</Name>
  <Value className="java.lang.String">retid</Value>
</Feature>
</Annotation>
<Annotation Id="228" Type="input" StartNode="1115" EndNode="1115">
<Feature>
  <Name className="java.lang.String">type</Name>
  <Value className="java.lang.String">hidden</Value>
</Feature>
<Feature>
  <Name className="java.lang.String">value</Name>
  <Value className="java.lang.String">DEC</Value>
</Feature>
<Feature>
  <Name className="java.lang.String">name</Name>
  <Value className="java.lang.String">order</Value>
</Feature>
</Annotation>
<Annotation Id="227" Type="form" StartNode="1115" EndNode="1115">
<Feature>
  <Name className="java.lang.String">action</Name>
  <Value className="java.lang.String">/pciexpressshopcouk/r/8029/ut=8fa7090f5513db15</Value>
</Feature>
<Feature>
  <Name className="java.lang.String">method</Name>
  <Value className="java.lang.String">get</Value>
</Feature>
<Feature>
  <Name className="java.lang.String">isEmptyAndSpan</Name>
  <Value className="java.lang.String">true</Value>
</Feature>
</Annotation>
<Annotation Id="226" Type="br" StartNode="1115" EndNode="1115">
</Annotation>
<Annotation Id="225" Type="h4" StartNode="1062" EndNode="1082">
<Feature>
  <Name className="java.lang.String">style</Name>
  <Value className="java.lang.String">color:#666666; margin-top: 10px; margin-bottom: 3px;</Value>
</Feature>
<Feature>
  <Name className="java.lang.String">class</Name>
  <Value className="java.lang.String">blackBold18</Value>
</Feature>
</Annotation>
<Annotation Id="224" Type="div" StartNode="1062" EndNode="1062">
<Feature>
  <Name className="java.lang.String">id</Name>
  <Value className="java.lang.String">goldAward</Value>
</Feature>
<Feature>
  <Name className="java.lang.String">isEmptyAndSpan</Name>
  <Value className="java.lang.String">true</Value>
</Feature>
</Annotation>
<Annotation Id="254" Type="table" StartNode="1195" EndNode="1490">
<Feature>
  <Name className="java.lang.String">id</Name>
  <Value className="java.lang.String">merchantRatings</Value>
</Feature>
<Feature>
  <Name className="java.lang.String">cellpadding</Name>
  <Value className="java.lang.String">0</Value>
</Feature>
<Feature>
  <Name className="java.lang.String">border</Name>
  <Value className="java.lang.String">0</Value>
</Feature>
<Feature>
  <Name className="java.lang.String">cellspacing</Name>
  <Value className="java.lang.String">0</Value>
</Feature>
<Feature>
  <Name className="java.lang.String">bgcolor</Name>
  <Value className="java.lang.String">#ffffff</Value>
</Feature>
<Feature>
  <Name className="java.lang.String">width</Name>
  <Value className="java.lang.String">100%</Value>
</Feature>
</Annotation>
<Annotation Id="255" Type="tr" StartNode="1195" EndNode="1218">
</Annotation>
<Annotation Id="252" Type="a" StartNode="1187" EndNode="1193">
<Feature>
  <Name className="java.lang.String">href</Name>
  <Value className="java.lang.String">http://reviews.pricegrabber.co.uk/pciexpressshopcouk/r/8029/ut=8fa7090f5513db15/sort=2/order=DESC</Value>
</Feature>
</Annotation>
<Annotation Id="253" Type="br" StartNode="1195" EndNode="1195">
</Annotation>
<Annotation Id="250" Type="b" StartNode="1182" EndNode="1186">
</Annotation>
<Annotation Id="251" Type="a" StartNode="1182" EndNode="1186">
<Feature>
  <Name className="java.lang.String">href</Name>
  <Value className="java.lang.String">http://reviews.pricegrabber.co.uk/pciexpressshopcouk/r/8029/ut=8fa7090f5513db15/sort=1/order=ASC</Value>
</Feature>
</Annotation>
<Annotation Id="248" Type="a" StartNode="1148" EndNode="1164">
<Feature>
  <Name className="java.lang.String">href</Name>
  <Value className="java.lang.String">http://www.pricegrabber.co.uk/rating_rate.php/retid=8029/m=4642352/ut=8fa7090f5513db15</Value>
</Feature>
<Feature>
  <Name className="java.lang.String">rel</Name>
  <Value className="java.lang.String">nofollow</Value>
</Feature>
</Annotation>
<Annotation Id="249" Type="div" StartNode="1165" EndNode="1165">
<Feature>
  <Name className="java.lang.String">id</Name>
  <Value className="java.lang.String">clear</Value>
</Feature>
<Feature>
  <Name className="java.lang.String">isEmptyAndSpan</Name>
  <Value className="java.lang.String">true</Value>
</Feature>
</Annotation>
<Annotation Id="246" Type="ul" StartNode="1148" EndNode="1165">
<Feature>
  <Name className="java.lang.String">class</Name>
  <Value className="java.lang.String">stretched</Value>
</Feature>
</Annotation>
<Annotation Id="247" Type="li" StartNode="1148" EndNode="1164">
<Feature>
  <Name className="java.lang.String">class</Name>
  <Value className="java.lang.String">stretched_0</Value>
</Feature>
</Annotation>
<Annotation Id="244" Type="div" StartNode="1148" EndNode="1165">
<Feature>
  <Name className="java.lang.String">style</Name>
  <Value className="java.lang.String">float: right; margin-right: 15px;</Value>
</Feature>
</Annotation>
<Annotation Id="245" Type="div" StartNode="1148" EndNode="1165">
<Feature>
  <Name className="java.lang.String">id</Name>
  <Value className="java.lang.String">btn_dynamic_rfacing</Value>
</Feature>
</Annotation>
<Annotation Id="242" Type="div" StartNode="1148" EndNode="1193">
<Feature>
  <Name className="java.lang.String">id</Name>
  <Value className="java.lang.String">getprod_subnav</Value>
</Feature>
</Annotation>
<Annotation Id="243" Type="span" StartNode="1148" EndNode="1193">
<Feature>
  <Name className="java.lang.String">class</Name>
  <Value className="java.lang.String">getprod_opts</Value>
</Feature>
</Annotation>
<Annotation Id="240" Type="li" StartNode="1131" EndNode="1147">
<Feature>
  <Name className="java.lang.String">id</Name>
  <Value className="java.lang.String">current</Value>
</Feature>
<Feature>
  <Name className="java.lang.String">class</Name>
  <Value className="java.lang.String">getprod</Value>
</Feature>
</Annotation>
<Annotation Id="241" Type="a" StartNode="1131" EndNode="1147">
<Feature>
  <Name className="java.lang.String">href</Name>
  <Value className="java.lang.String">http://reviews.pricegrabber.co.uk/pciexpressshopcouk/r/8029/m/4642352/ut=8fa7090f5513db15</Value>
</Feature>
</Annotation>
<Annotation Id="275" Type="td" StartNode="1488" EndNode="1489">
<Feature>
  <Name className="java.lang.String">colspan</Name>
  <Value className="java.lang.String">3</Value>
</Feature>
</Annotation>
<Annotation Id="274" Type="tr" StartNode="1488" EndNode="1489">
</Annotation>
<Annotation Id="273" Type="img" StartNode="1487" EndNode="1487">
<Feature>
  <Name className="java.lang.String">src</Name>
  <Value className="java.lang.String">http://ai.pricegrabber.com/images/rating_1_newo2.gif</Value>
</Feature>
<Feature>
  <Name className="java.lang.String">height</Name>
  <Value className="java.lang.String">11</Value>
</Feature>
<Feature>
  <Name className="java.lang.String">border</Name>
  <Value className="java.lang.String">0</Value>
</Feature>
<Feature>
  <Name className="java.lang.String">alt</Name>
  <Value className="java.lang.String">1 Star Review</Value>
</Feature>
<Feature>
  <Name className="java.lang.String">width</Name>
  <Value className="java.lang.String">60</Value>
</Feature>
</Annotation>
<Annotation Id="272" Type="br" StartNode="1487" EndNode="1487">
</Annotation>
<Annotation Id="279" Type="tr" StartNode="1614" EndNode="1679">
</Annotation>
<Annotation Id="278" Type="table" StartNode="1614" EndNode="1682">
<Feature>
  <Name className="java.lang.String">cellpadding</Name>
  <Value className="java.lang.String">4</Value>
</Feature>
<Feature>
  <Name className="java.lang.String">cellspacing</Name>
  <Value className="java.lang.String">0</Value>
</Feature>
<Feature>
  <Name className="java.lang.String">bgcolor</Name>
  <Value className="java.lang.String">#ffffff</Value>
</Feature>
<Feature>
  <Name className="java.lang.String">align</Name>
  <Value className="java.lang.String">center</Value>
</Feature>
<Feature>
  <Name className="java.lang.String">width</Name>
  <Value className="java.lang.String">96%</Value>
</Feature>
</Annotation>
<Annotation Id="277" Type="div" StartNode="1606" EndNode="1613">
<Feature>
  <Name className="java.lang.String">id</Name>
  <Value className="java.lang.String">footerPagination</Value>
</Feature>
</Annotation>
<Annotation Id="276" Type="div" StartNode="1490" EndNode="1605">
<Feature>
  <Name className="java.lang.String">style</Name>
  <Value className="java.lang.String">font-size:8pt; color: #808080; height: 38px; margin: display: table-cell; text-align: center</Value>
</Feature>
</Annotation>
<Annotation Id="283" Type="tr" StartNode="1680" EndNode="1681">
</Annotation>
<Annotation Id="282" Type="div" StartNode="1679" EndNode="1679">
<Feature>
  <Name className="java.lang.String">isEmptyAndSpan</Name>
  <Value className="java.lang.String">true</Value>
</Feature>
<Feature>
  <Name className="java.lang.String">align</Name>
  <Value className="java.lang.String">center</Value>
</Feature>
</Annotation>
<Annotation Id="281" Type="a" StartNode="1614" EndNode="1678">
<Feature>
  <Name className="java.lang.String">href</Name>
  <Value className="java.lang.String">/help_submit.php/cat_id=47/sub_cat_id=62/type=help/retid=8029/ut=8fa7090f5513db15</Value>
</Feature>
<Feature>
  <Name className="java.lang.String">class</Name>
  <Value className="java.lang.String">gray</Value>
</Feature>
</Annotation>
<Annotation Id="280" Type="td" StartNode="1614" EndNode="1679">
</Annotation>
<Annotation Id="287" Type="tr" StartNode="1683" EndNode="1773">
</Annotation>
<Annotation Id="286" Type="table" StartNode="1683" EndNode="1774">
<Feature>
  <Name className="java.lang.String">id</Name>
  <Value className="java.lang.String">footerTable</Value>
</Feature>
<Feature>
  <Name className="java.lang.String">cellpadding</Name>
  <Value className="java.lang.String">0</Value>
</Feature>
<Feature>
  <Name className="java.lang.String">border</Name>
  <Value className="java.lang.String">0</Value>
</Feature>
<Feature>
  <Name className="java.lang.String">cellspacing</Name>
  <Value className="java.lang.String">0</Value>
</Feature>
<Feature>
  <Name className="java.lang.String">width</Name>
  <Value className="java.lang.String">100%</Value>
</Feature>
</Annotation>
<Annotation Id="285" Type="br" StartNode="1683" EndNode="1683">
</Annotation>
<Annotation Id="284" Type="td" StartNode="1680" EndNode="1681">
</Annotation>
<Annotation Id="258" Type="td" StartNode="1219" EndNode="1273">
<Feature>
  <Name className="java.lang.String">class</Name>
  <Value className="java.lang.String">userInfoReviews</Value>
</Feature>
</Annotation>
<Annotation Id="259" Type="span" StartNode="1219" EndNode="1226">
<Feature>
  <Name className="java.lang.String">class</Name>
  <Value className="java.lang.String">gold</Value>
</Feature>
</Annotation>
<Annotation Id="256" Type="td" StartNode="1195" EndNode="1218">
<Feature>
  <Name className="java.lang.String">class</Name>
  <Value className="java.lang.String">dateReviewed</Value>
</Feature>
<Feature>
  <Name className="java.lang.String">colspan</Name>
  <Value className="java.lang.String">3</Value>
</Feature>
</Annotation>
<Annotation Id="257" Type="tr" StartNode="1219" EndNode="1487">
</Annotation>
<Annotation Id="262" Type="br" StartNode="1241" EndNode="1241">
</Annotation>
<Annotation Id="263" Type="br" StartNode="1250" EndNode="1250">
</Annotation>
<Annotation Id="260" Type="br" StartNode="1227" EndNode="1227">
</Annotation>
<Annotation Id="261" Type="b" StartNode="1227" EndNode="1240">
</Annotation>
<Annotation Id="266" Type="br" StartNode="1266" EndNode="1266">
</Annotation>
<Annotation Id="267" Type="a" StartNode="1266" EndNode="1273">
<Feature>
  <Name className="java.lang.String">href</Name>
  <Value className="java.lang.String">http://www.pricegrabber.co.uk/publicprofile.php/userid=2960098/ut=8fa7090f5513db15</Value>
</Feature>
<Feature>
  <Name className="java.lang.String">class</Name>
  <Value className="java.lang.String">greenlink</Value>
</Feature>
</Annotation>
<Annotation Id="264" Type="br" StartNode="1251" EndNode="1251">
</Annotation>
<Annotation Id="265" Type="strong" StartNode="1251" EndNode="1265">
</Annotation>
<Annotation Id="270" Type="td" StartNode="1472" EndNode="1487">
<Feature>
  <Name className="java.lang.String">class</Name>
  <Value className="java.lang.String">ratingInfo</Value>
</Feature>
</Annotation>
<Annotation Id="271" Type="b" StartNode="1472" EndNode="1487">
</Annotation>
<Annotation Id="268" Type="td" StartNode="1274" EndNode="1471">
<Feature>
  <Name className="java.lang.String">class</Name>
  <Value className="java.lang.String">userComments</Value>
</Feature>
</Annotation>
<Annotation Id="269" Type="span" StartNode="1274" EndNode="1471">
<Feature>
  <Name className="java.lang.String">class</Name>
  <Value className="java.lang.String">black11</Value>
</Feature>
</Annotation>
<Annotation Id="305" Type="a" StartNode="1743" EndNode="1745">
<Feature>
  <Name className="java.lang.String">target</Name>
  <Value className="java.lang.String">_parent</Value>
</Feature>
<Feature>
  <Name className="java.lang.String">id</Name>
  <Value className="java.lang.String">firstLang</Value>
</Feature>
<Feature>
  <Name className="java.lang.String">hreflang</Name>
  <Value className="java.lang.String">en_GB</Value>
</Feature>
<Feature>
  <Name className="java.lang.String">href</Name>
  <Value className="java.lang.String">http://www.pricegrabber.co.uk/?ut=8fa7090f5513db15</Value>
</Feature>
</Annotation>
<Annotation Id="304" Type="li" StartNode="1743" EndNode="1745">
</Annotation>
<Annotation Id="307" Type="a" StartNode="1746" EndNode="1752">
<Feature>
  <Name className="java.lang.String">target</Name>
  <Value className="java.lang.String">_parent</Value>
</Feature>
<Feature>
  <Name className="java.lang.String">hreflang</Name>
  <Value className="java.lang.String">fr_FR</Value>
</Feature>
<Feature>
  <Name className="java.lang.String">href</Name>
  <Value className="java.lang.String">http://www.pricegrabber.fr/?ut=8fa7090f5513db15</Value>
</Feature>
</Annotation>
<Annotation Id="306" Type="li" StartNode="1746" EndNode="1752">
</Annotation>
<Annotation Id="309" Type="a" StartNode="1753" EndNode="1760">
<Feature>
  <Name className="java.lang.String">target</Name>
  <Value className="java.lang.String">_parent</Value>
</Feature>
<Feature>
  <Name className="java.lang.String">hreflang</Name>
  <Value className="java.lang.String">de_DE</Value>
</Feature>
<Feature>
  <Name className="java.lang.String">href</Name>
  <Value className="java.lang.String">http://www.pricegrabber.de/?ut=8fa7090f5513db15</Value>
</Feature>
</Annotation>
<Annotation Id="308" Type="li" StartNode="1753" EndNode="1760">
</Annotation>
<Annotation Id="311" Type="a" StartNode="1761" EndNode="1772">
<Feature>
  <Name className="java.lang.String">id</Name>
  <Value className="java.lang.String">i18nMoreButton</Value>
</Feature>
<Feature>
  <Name className="java.lang.String">onmouseout</Name>
  <Value className="java.lang.String">ypSlideOutMenu.hideMenu('footerMenu')</Value>
</Feature>
<Feature>
  <Name className="java.lang.String">onmouseover</Name>
  <Value className="java.lang.String">repositionMenu();ypSlideOutMenu.showMenu('footerMenu')</Value>
</Feature>
</Annotation>
<Annotation Id="310" Type="li" StartNode="1761" EndNode="1772">
</Annotation>
<Annotation Id="313" Type="div" StartNode="1774" EndNode="1816">
<Feature>
  <Name className="java.lang.String">id</Name>
  <Value className="java.lang.String">noScriptFooter</Value>
</Feature>
</Annotation>
<Annotation Id="312" Type="noscript" StartNode="1774" EndNode="1817">
</Annotation>
<Annotation Id="315" Type="a" StartNode="1785" EndNode="1795">
<Feature>
  <Name className="java.lang.String">target</Name>
  <Value className="java.lang.String">_parent</Value>
</Feature>
<Feature>
  <Name className="java.lang.String">hreflang</Name>
  <Value className="java.lang.String">es_US</Value>
</Feature>
<Feature>
  <Name className="java.lang.String">href</Name>
  <Value className="java.lang.String">http://www.preciomania.com/?ut=8fa7090f5513db15</Value>
</Feature>
</Annotation>
<Annotation Id="314" Type="a" StartNode="1774" EndNode="1784">
<Feature>
  <Name className="java.lang.String">target</Name>
  <Value className="java.lang.String">_parent</Value>
</Feature>
<Feature>
  <Name className="java.lang.String">hreflang</Name>
  <Value className="java.lang.String">en_US</Value>
</Feature>
<Feature>
  <Name className="java.lang.String">href</Name>
  <Value className="java.lang.String">http://www.pricegrabber.com/?ut=8fa7090f5513db15</Value>
</Feature>
</Annotation>
<Annotation Id="317" Type="a" StartNode="1803" EndNode="1809">
<Feature>
  <Name className="java.lang.String">target</Name>
  <Value className="java.lang.String">_parent</Value>
</Feature>
<Feature>
  <Name className="java.lang.String">hreflang</Name>
  <Value className="java.lang.String">es_MX</Value>
</Feature>
<Feature>
  <Name className="java.lang.String">href</Name>
  <Value className="java.lang.String">http://mx.preciomania.com/?ut=8fa7090f5513db15</Value>
</Feature>
</Annotation>
<Annotation Id="316" Type="a" StartNode="1796" EndNode="1802">
<Feature>
  <Name className="java.lang.String">target</Name>
  <Value className="java.lang.String">_parent</Value>
</Feature>
<Feature>
  <Name className="java.lang.String">hreflang</Name>
  <Value className="java.lang.String">en_CA</Value>
</Feature>
<Feature>
  <Name className="java.lang.String">href</Name>
  <Value className="java.lang.String">http://www.pricegrabber.ca/?ut=8fa7090f5513db15</Value>
</Feature>
</Annotation>
<Annotation Id="319" Type="div" StartNode="1817" EndNode="1903">
<Feature>
  <Name className="java.lang.String">id</Name>
  <Value className="java.lang.String">footerCopyRight</Value>
</Feature>
</Annotation>
<Annotation Id="318" Type="a" StartNode="1810" EndNode="1816">
<Feature>
  <Name className="java.lang.String">target</Name>
  <Value className="java.lang.String">_parent</Value>
</Feature>
<Feature>
  <Name className="java.lang.String">hreflang</Name>
  <Value className="java.lang.String">pt_BR</Value>
</Feature>
<Feature>
  <Name className="java.lang.String">href</Name>
  <Value className="java.lang.String">http://www.precomania.com/?ut=8fa7090f5513db15</Value>
</Feature>
</Annotation>
<Annotation Id="288" Type="td" StartNode="1683" EndNode="1743">
<Feature>
  <Name className="java.lang.String">id</Name>
  <Value className="java.lang.String">miscellaneousLinks</Value>
</Feature>
<Feature>
  <Name className="java.lang.String">valign</Name>
  <Value className="java.lang.String">top</Value>
</Feature>
</Annotation>
<Annotation Id="289" Type="ul" StartNode="1683" EndNode="1743">
</Annotation>
<Annotation Id="290" Type="li" StartNode="1683" EndNode="1691">
</Annotation>
<Annotation Id="291" Type="a" StartNode="1683" EndNode="1691">
<Feature>
  <Name className="java.lang.String">target</Name>
  <Value className="java.lang.String">_parent</Value>
</Feature>
<Feature>
  <Name className="java.lang.String">style</Name>
  <Value className="java.lang.String">border-left: none;</Value>
</Feature>
<Feature>
  <Name className="java.lang.String">href</Name>
  <Value className="java.lang.String">http://www.pricegrabber.co.uk/about.php/ut=8fa7090f5513db15</Value>
</Feature>
</Annotation>
<Annotation Id="292" Type="li" StartNode="1692" EndNode="1696">
</Annotation>
<Annotation Id="293" Type="a" StartNode="1692" EndNode="1696">
<Feature>
  <Name className="java.lang.String">target</Name>
  <Value className="java.lang.String">_parent</Value>
</Feature>
<Feature>
  <Name className="java.lang.String">href</Name>
  <Value className="java.lang.String">http://www.pricegrabber.co.uk/about.php/about=jobs/ut=8fa7090f5513db15</Value>
</Feature>
</Annotation>
<Annotation Id="294" Type="li" StartNode="1697" EndNode="1706">
</Annotation>
<Annotation Id="295" Type="a" StartNode="1697" EndNode="1706">
<Feature>
  <Name className="java.lang.String">target</Name>
  <Value className="java.lang.String">_parent</Value>
</Feature>
<Feature>
  <Name className="java.lang.String">href</Name>
  <Value className="java.lang.String">http://www.pricegrabber.co.uk/about.php/about=corporate/sub_opt=11/ut=8fa7090f5513db15</Value>
</Feature>
</Annotation>
<Annotation Id="296" Type="li" StartNode="1707" EndNode="1721">
</Annotation>
<Annotation Id="297" Type="a" StartNode="1707" EndNode="1721">
<Feature>
  <Name className="java.lang.String">target</Name>
  <Value className="java.lang.String">_parent</Value>
</Feature>
<Feature>
  <Name className="java.lang.String">href</Name>
  <Value className="java.lang.String">http://partner.pricegrabber.com/mss_main.php/ccode=gb/ut=8fa7090f5513db15</Value>
</Feature>
</Annotation>
<Annotation Id="298" Type="li" StartNode="1722" EndNode="1737">
</Annotation>
<Annotation Id="299" Type="a" StartNode="1722" EndNode="1737">
<Feature>
  <Name className="java.lang.String">target</Name>
  <Value className="java.lang.String">_parent</Value>
</Feature>
<Feature>
  <Name className="java.lang.String">href</Name>
  <Value className="java.lang.String">http://mr.pricegrabber.com/?ut=8fa7090f5513db15</Value>
</Feature>
</Annotation>
<Annotation Id="300" Type="li" StartNode="1738" EndNode="1742">
</Annotation>
<Annotation Id="301" Type="a" StartNode="1738" EndNode="1742">
<Feature>
  <Name className="java.lang.String">target</Name>
  <Value className="java.lang.String">_parent</Value>
</Feature>
<Feature>
  <Name className="java.lang.String">href</Name>
  <Value className="java.lang.String">http://www.pricegrabber.co.uk/home_help_index.php/ut=8fa7090f5513db15</Value>
</Feature>
</Annotation>
<Annotation Id="302" Type="td" StartNode="1743" EndNode="1773">
<Feature>
  <Name className="java.lang.String">id</Name>
  <Value className="java.lang.String">i18n</Value>
</Feature>
<Feature>
  <Name className="java.lang.String">valign</Name>
  <Value className="java.lang.String">top</Value>
</Feature>
</Annotation>
<Annotation Id="303" Type="ul" StartNode="1743" EndNode="1773">
<Feature>
  <Name className="java.lang.String">id</Name>
  <Value className="java.lang.String">cursorElement</Value>
</Feature>
</Annotation>
<Annotation Id="336" Type="script" StartNode="1904" EndNode="1904">
<Feature>
  <Name className="java.lang.String">type</Name>
  <Value className="java.lang.String">text/javascript</Value>
</Feature>
<Feature>
  <Name className="java.lang.String">isEmptyAndSpan</Name>
  <Value className="java.lang.String">true</Value>
</Feature>
<Feature>
  <Name className="java.lang.String">src</Name>
  <Value className="java.lang.String">http://lh.pricegrabber.com/js/combine.js.php/js_main.js/52147.js</Value>
</Feature>
</Annotation>
<Annotation Id="326" Type="script" StartNode="1904" EndNode="1904">
<Feature>
  <Name className="java.lang.String">type</Name>
  <Value className="java.lang.String">text/javascript</Value>
</Feature>
<Feature>
  <Name className="java.lang.String">isEmptyAndSpan</Name>
  <Value className="java.lang.String">true</Value>
</Feature>
</Annotation>
<Annotation Id="327" Type="script" StartNode="1904" EndNode="1904">
<Feature>
  <Name className="java.lang.String">isEmptyAndSpan</Name>
  <Value className="java.lang.String">true</Value>
</Feature>
<Feature>
  <Name className="java.lang.String">language</Name>
  <Value className="java.lang.String">JavaScript</Value>
</Feature>
</Annotation>
<Annotation Id="324" Type="noscript" StartNode="1904" EndNode="1904">
<Feature>
  <Name className="java.lang.String">isEmptyAndSpan</Name>
  <Value className="java.lang.String">true</Value>
</Feature>
</Annotation>
<Annotation Id="325" Type="img" StartNode="1904" EndNode="1904">
<Feature>
  <Name className="java.lang.String">src</Name>
  <Value className="java.lang.String">http://www.pricegrabber.com/session.php?1cd0361405ee31ff6a59ae778f9744fe=session&amp;314a845c386076019e22f3106c8423e9=&amp;e8701ad48ba05a91604e480dd60899a3=8fa7090f5513db15&amp;15d61712450a686a7f365adf4fef581f=&amp;b5d19aa3d30df88ff7ee3c4922429c43=476&amp;c1c16452b04650ea34d1463da2739f3b=GB&amp;1af0389838508d7016a9841eb6273962=GBP&amp;57de2b93c9808fe30455f2e215f70de4=mike-web3&amp;7fc8ef54a8154c28341bf9a47443a5ce=8fa7090f5513db15&amp;a0f3413120e9a242aaf039c7db7e65b1=1209739944&amp;316e855226afb0788d2675d401c5188e=1&amp;cea75f8cd36a4f8567d5068b7e7e05e8=&amp;06c2f43d86b5e31bf57af603ad336a7a=http%3A%2F%2Freviews.pricegrabber.co.uk%2Fpciexpressshopcouk%2Fr%2F8029%2Fut%3D8fa7090f5513db15&amp;48db6f880f27b522942fe1b19d3cd960=rating_getreview&amp;adcdbd79a8d84175c229b192aadc02f2=&amp;28707876df0831278a9529559e104f86=rating_getreview&amp;1bc29b36f623ba82aaf6724fd3b16718=6c38ded39713e69bc01a0964ed399f33&amp;de9b9ed78d7e2e1dceeffee780e2f919=N</Value>
</Feature>
<Feature>
  <Name className="java.lang.String">height</Name>
  <Value className="java.lang.String">1</Value>
</Feature>
<Feature>
  <Name className="java.lang.String">alt</Name>
  <Value className="java.lang.String"></Value>
</Feature>
<Feature>
  <Name className="java.lang.String">width</Name>
  <Value className="java.lang.String">1</Value>
</Feature>
</Annotation>
<Annotation Id="322" Type="script" StartNode="1904" EndNode="1904">
<Feature>
  <Name className="java.lang.String">type</Name>
  <Value className="java.lang.String">text/javascript</Value>
</Feature>
<Feature>
  <Name className="java.lang.String">isEmptyAndSpan</Name>
  <Value className="java.lang.String">true</Value>
</Feature>
</Annotation>
<Annotation Id="323" Type="script" StartNode="1904" EndNode="1904">
<Feature>
  <Name className="java.lang.String">type</Name>
  <Value className="java.lang.String">javascript</Value>
</Feature>
<Feature>
  <Name className="java.lang.String">isEmptyAndSpan</Name>
  <Value className="java.lang.String">true</Value>
</Feature>
<Feature>
  <Name className="java.lang.String">src</Name>
  <Value className="java.lang.String">http://www.pricegrabber.com/session.php?1cd0361405ee31ff6a59ae778f9744fe=session&amp;314a845c386076019e22f3106c8423e9=&amp;e8701ad48ba05a91604e480dd60899a3=8fa7090f5513db15&amp;15d61712450a686a7f365adf4fef581f=&amp;b5d19aa3d30df88ff7ee3c4922429c43=476&amp;c1c16452b04650ea34d1463da2739f3b=GB&amp;1af0389838508d7016a9841eb6273962=GBP&amp;57de2b93c9808fe30455f2e215f70de4=mike-web3&amp;7fc8ef54a8154c28341bf9a47443a5ce=8fa7090f5513db15&amp;a0f3413120e9a242aaf039c7db7e65b1=1209739944&amp;316e855226afb0788d2675d401c5188e=1&amp;cea75f8cd36a4f8567d5068b7e7e05e8=&amp;06c2f43d86b5e31bf57af603ad336a7a=http%3A%2F%2Freviews.pricegrabber.co.uk%2Fpciexpressshopcouk%2Fr%2F8029%2Fut%3D8fa7090f5513db15&amp;48db6f880f27b522942fe1b19d3cd960=rating_getreview&amp;adcdbd79a8d84175c229b192aadc02f2=&amp;28707876df0831278a9529559e104f86=rating_getreview&amp;1bc29b36f623ba82aaf6724fd3b16718=6c38ded39713e69bc01a0964ed399f33&amp;de9b9ed78d7e2e1dceeffee780e2f919=Y</Value>
</Feature>
</Annotation>
<Annotation Id="320" Type="a" StartNode="1817" EndNode="1848">
<Feature>
  <Name className="java.lang.String">target</Name>
  <Value className="java.lang.String">_parent</Value>
</Feature>
<Feature>
  <Name className="java.lang.String">id</Name>
  <Value className="java.lang.String">termsLink</Value>
</Feature>
<Feature>
  <Name className="java.lang.String">href</Name>
  <Value className="java.lang.String">http://www.pricegrabber.co.uk/info_disclaimer.php/ut=8fa7090f5513db15</Value>
</Feature>
</Annotation>
<Annotation Id="321" Type="span" StartNode="1849" EndNode="1903">
<Feature>
  <Name className="java.lang.String">class</Name>
  <Value className="java.lang.String">copyright</Value>
</Feature>
</Annotation>
<Annotation Id="334" Type="a" StartNode="1904" EndNode="1904">
<Feature>
  <Name className="java.lang.String">href</Name>
  <Value className="java.lang.String">http://www.omniture.com</Value>
</Feature>
<Feature>
  <Name className="java.lang.String">title</Name>
  <Value className="java.lang.String">Web Analytics</Value>
</Feature>
<Feature>
  <Name className="java.lang.String">isEmptyAndSpan</Name>
  <Value className="java.lang.String">true</Value>
</Feature>
</Annotation>
<Annotation Id="335" Type="img" StartNode="1904" EndNode="1904">
<Feature>
  <Name className="java.lang.String">src</Name>
  <Value className="java.lang.String">http://pgrabcom.112.2O7.net/b/ss/pgrabcom/1/H.14--NS/0</Value>
</Feature>
<Feature>
  <Name className="java.lang.String">height</Name>
  <Value className="java.lang.String">1</Value>
</Feature>
<Feature>
  <Name className="java.lang.String">border</Name>
  <Value className="java.lang.String">0</Value>
</Feature>
<Feature>
  <Name className="java.lang.String">alt</Name>
  <Value className="java.lang.String"></Value>
</Feature>
<Feature>
  <Name className="java.lang.String">width</Name>
  <Value className="java.lang.String">1</Value>
</Feature>
</Annotation>
<Annotation Id="332" Type="script" StartNode="1904" EndNode="1904">
<Feature>
  <Name className="java.lang.String">isEmptyAndSpan</Name>
  <Value className="java.lang.String">true</Value>
</Feature>
<Feature>
  <Name className="java.lang.String">language</Name>
  <Value className="java.lang.String">JavaScript</Value>
</Feature>
</Annotation>
<Annotation Id="333" Type="noscript" StartNode="1904" EndNode="1904">
<Feature>
  <Name className="java.lang.String">isEmptyAndSpan</Name>
  <Value className="java.lang.String">true</Value>
</Feature>
</Annotation>
<Annotation Id="330" Type="img" StartNode="1904" EndNode="1904">
<Feature>
  <Name className="java.lang.String">src</Name>
  <Value className="java.lang.String">http://pgrabcom.112.2O7.net/b/ss/pgrabcom/1/H.14--NS/0</Value>
</Feature>
<Feature>
  <Name className="java.lang.String">height</Name>
  <Value className="java.lang.String">1</Value>
</Feature>
<Feature>
  <Name className="java.lang.String">border</Name>
  <Value className="java.lang.String">0</Value>
</Feature>
<Feature>
  <Name className="java.lang.String">alt</Name>
  <Value className="java.lang.String"></Value>
</Feature>
<Feature>
  <Name className="java.lang.String">width</Name>
  <Value className="java.lang.String">1</Value>
</Feature>
</Annotation>
<Annotation Id="331" Type="script" StartNode="1904" EndNode="1904">
<Feature>
  <Name className="java.lang.String">type</Name>
  <Value className="java.lang.String">text/javascript</Value>
</Feature>
<Feature>
  <Name className="java.lang.String">isEmptyAndSpan</Name>
  <Value className="java.lang.String">true</Value>
</Feature>
</Annotation>
<Annotation Id="328" Type="noscript" StartNode="1904" EndNode="1904">
<Feature>
  <Name className="java.lang.String">isEmptyAndSpan</Name>
  <Value className="java.lang.String">true</Value>
</Feature>
</Annotation>
<Annotation Id="329" Type="a" StartNode="1904" EndNode="1904">
<Feature>
  <Name className="java.lang.String">href</Name>
  <Value className="java.lang.String">http://www.omniture.com</Value>
</Feature>
<Feature>
  <Name className="java.lang.String">title</Name>
  <Value className="java.lang.String">Web Analytics</Value>
</Feature>
<Feature>
  <Name className="java.lang.String">isEmptyAndSpan</Name>
  <Value className="java.lang.String">true</Value>
</Feature>
</Annotation>
</AnnotationSet>

</GateDocument>
