<?xml version="1.0" encoding="UTF-8"?>
<o><contributors class="object" null="true"/><coordinates class="object" null="true"/><created_at type="string">Thu Mar 25 21:13:07 +0000 2010</created_at><favorited type="boolean">false</favorited><geo class="object" null="true"/><id type="number">11053580270</id><in_reply_to_screen_name class="object" null="true"/><in_reply_to_status_id class="object" null="true"/><in_reply_to_user_id class="object" null="true"/><place class="object" null="true"/><retweeted_status class="object"><contributors class="object" null="true"/><coordinates class="object" null="true"/><created_at type="string">Thu Mar 25 19:33:49 +0000 2010</created_at><favorited type="boolean">false</favorited><geo class="object" null="true"/><id type="number">11049690103</id><in_reply_to_screen_name class="object" null="true"/><in_reply_to_status_id class="object" null="true"/><in_reply_to_user_id class="object" null="true"/><place class="object" null="true"/><source type="string">&lt;a href="http://twitter.digsby.com/" rel="nofollow"&gt;Digsby&lt;/a&gt;</source><text type="string">Digital Bill going to be pushed through into parliament despite anger from people.Thanks Labour&amp;Tories.Nice. http://digs.by/1nDT</text><truncated type="boolean">false</truncated><user class="object"><contributors_enabled type="boolean">false</contributors_enabled><created_at type="string">Thu Feb 19 22:45:12 +0000 2009</created_at><description type="string">Liberal individual who is creating, distributing and debating creative and political delights for those who care..</description><favourites_count type="number">21</favourites_count><followers_count type="number">311</followers_count><following class="object" null="true"/><friends_count type="number">387</friends_count><geo_enabled type="boolean">false</geo_enabled><id type="number">21348516</id><lang type="string">en</lang><location type="string">South East, U K</location><name type="string">irene rukerebuka </name><notifications class="object" null="true"/><profile_background_color type="string">9AE4E8</profile_background_color><profile_background_image_url type="string">http://a1.twimg.com/profile_background_images/75992566/Hubnovation_Website.jpg</profile_background_image_url><profile_background_tile type="boolean">true</profile_background_tile><profile_image_url type="string">http://a3.twimg.com/profile_images/637472095/GodsComputer_normal.jpg</profile_image_url><profile_link_color type="string">0084B4</profile_link_color><profile_sidebar_border_color type="string">BDDCAD</profile_sidebar_border_color><profile_sidebar_fill_color type="string">DDFFCC</profile_sidebar_fill_color><profile_text_color type="string">333333</profile_text_color><protected type="boolean">false</protected><screen_name type="string">rantersparadise</screen_name><statuses_count type="number">1882</statuses_count><time_zone type="string">London</time_zone><url type="string">http://www.hubnovation.org.uk</url><utc_offset type="number">0</utc_offset><verified type="boolean">false</verified></user></retweeted_status><source type="string">&lt;a href="http://apiwiki.twitter.com/" rel="nofollow"&gt;API&lt;/a&gt;</source><text type="string">RT @rantersparadise: Digital Bill going to be pushed through into parliament despite anger from people.Thanks Labour&amp;Tories.Nice. http:/ ...</text><truncated type="boolean">true</truncated><user class="object"><contributors_enabled type="boolean">false</contributors_enabled><created_at type="string">Wed May 02 15:13:31 +0000 2007</created_at><description type="string">Liberal Democrat Parliamentary Candidate for Cambridge</description><favourites_count type="number">1</favourites_count><followers_count type="number">166</followers_count><following class="object" null="true"/><friends_count type="number">60</friends_count><geo_enabled type="boolean">false</geo_enabled><id type="number">5715682</id><lang type="string">en</lang><location type="string">Cambridge, UK</location><name type="string">Julian Huppert</name><notifications class="object" null="true"/><profile_background_color type="string">9ae4e8</profile_background_color><profile_background_image_url type="string">http://s.twimg.com/a/1269387398/images/themes/theme1/bg.png</profile_background_image_url><profile_background_tile type="boolean">false</profile_background_tile><profile_image_url type="string">http://a1.twimg.com/profile_images/774281254/twitterProfilePhoto_normal.jpg</profile_image_url><profile_link_color type="string">0000ff</profile_link_color><profile_sidebar_border_color type="string">87bc44</profile_sidebar_border_color><profile_sidebar_fill_color type="string">e0ff92</profile_sidebar_fill_color><profile_text_color type="string">000000</profile_text_color><protected type="boolean">false</protected><screen_name type="string">julianhuppert</screen_name><statuses_count type="number">415</statuses_count><time_zone type="string">London</time_zone><url type="string">http://www.julianhuppert.org.uk</url><utc_offset type="number">0</utc_offset><verified type="boolean">false</verified></user></o>
