<?xml version="1.0" encoding="UTF-8"?>
<o><contributors class="object" null="true"/><coordinates class="object" null="true"/><created_at type="string">Thu Mar 25 21:51:09 +0000 2010</created_at><favorited type="boolean">false</favorited><geo class="object" null="true"/><id type="number">11055125657</id><in_reply_to_screen_name class="object" null="true"/><in_reply_to_status_id class="object" null="true"/><in_reply_to_user_id class="object" null="true"/><place class="object" null="true"/><source type="string">&lt;a href="http://www.tweetdeck.com" rel="nofollow"&gt;TweetDeck&lt;/a&gt;</source><text type="string">RT @ShortyMcStompy:  @ScottishAlien7 When I hear a Tory say Britain I think they just mean people who have more than £1,000,000 in the bank.</text><truncated type="boolean">false</truncated><user class="object"><contributors_enabled type="boolean">false</contributors_enabled><created_at type="string">Thu Mar 19 14:52:10 +0000 2009</created_at><description type="string">Scottish lass fae Castlemilk, Glasgow, living in NJ. I love sports. I live for Glasgow Celtic FC, Cleveland Cavaliers and Cleveland Browns.</description><favourites_count type="number">23</favourites_count><followers_count type="number">178</followers_count><following class="object" null="true"/><friends_count type="number">212</friends_count><geo_enabled type="boolean">false</geo_enabled><id type="number">25309565</id><lang type="string">en</lang><location type="string"/><name type="string">KellyMcLaughlanYoung</name><notifications class="object" null="true"/><profile_background_color type="string">352726</profile_background_color><profile_background_image_url type="string">http://s.twimg.com/a/1268687377/images/themes/theme5/bg.gif</profile_background_image_url><profile_background_tile type="boolean">false</profile_background_tile><profile_image_url type="string">http://a1.twimg.com/profile_images/748115068/image_normal.jpg</profile_image_url><profile_link_color type="string">D02B55</profile_link_color><profile_sidebar_border_color type="string">829D5E</profile_sidebar_border_color><profile_sidebar_fill_color type="string">99CC33</profile_sidebar_fill_color><profile_text_color type="string">3E4415</profile_text_color><protected type="boolean">false</protected><screen_name type="string">ScottishAlien7</screen_name><statuses_count type="number">3645</statuses_count><time_zone type="string">Eastern Time (US &amp; Canada)</time_zone><url class="object" null="true"/><utc_offset type="number">-18000</utc_offset><verified type="boolean">false</verified></user></o>
