<?xml version="1.0" encoding="UTF-8"?>
<o><contributors class="object" null="true"/><coordinates class="object" null="true"/><created_at type="string">Thu Mar 25 22:17:53 +0000 2010</created_at><favorited type="boolean">false</favorited><geo class="object" null="true"/><id type="number">11056237318</id><in_reply_to_screen_name class="object" null="true"/><in_reply_to_status_id class="object" null="true"/><in_reply_to_user_id class="object" null="true"/><place class="object" null="true"/><source type="string">&lt;a href="http://www.atebits.com/" rel="nofollow"&gt;Tweetie&lt;/a&gt;</source><text type="string">I am at a labour rally!! Go labour. "a future fair for all"</text><truncated type="boolean">false</truncated><user class="object"><contributors_enabled type="boolean">false</contributors_enabled><created_at type="string">Wed Sep 16 13:44:14 +0000 2009</created_at><description type="string"/><favourites_count type="number">0</favourites_count><followers_count type="number">4</followers_count><following class="object" null="true"/><friends_count type="number">16</friends_count><geo_enabled type="boolean">true</geo_enabled><id type="number">74733502</id><lang type="string">en</lang><location type="string">Leeds</location><name type="string">albybarber</name><notifications class="object" null="true"/><profile_background_color type="string">352726</profile_background_color><profile_background_image_url type="string">http://s.twimg.com/a/1269387398/images/themes/theme5/bg.gif</profile_background_image_url><profile_background_tile type="boolean">false</profile_background_tile><profile_image_url type="string">http://a1.twimg.com/profile_images/622192032/ethelpic_normal.jpg</profile_image_url><profile_link_color type="string">D02B55</profile_link_color><profile_sidebar_border_color type="string">829D5E</profile_sidebar_border_color><profile_sidebar_fill_color type="string">99CC33</profile_sidebar_fill_color><profile_text_color type="string">3E4415</profile_text_color><protected type="boolean">false</protected><screen_name type="string">albybarber</screen_name><statuses_count type="number">53</statuses_count><time_zone type="string">London</time_zone><url type="string">http://www.albybarber.com</url><utc_offset type="number">0</utc_offset><verified type="boolean">false</verified></user></o>
