<?xml version="1.0" encoding="UTF-8"?>
<o><contributors class="object" null="true"/><coordinates class="object" null="true"/><created_at type="string">Thu Mar 25 22:13:29 +0000 2010</created_at><favorited type="boolean">false</favorited><geo class="object" null="true"/><id type="number">11056054851</id><in_reply_to_screen_name class="object" null="true"/><in_reply_to_status_id class="object" null="true"/><in_reply_to_user_id class="object" null="true"/><place class="object" null="true"/><source type="string">&lt;a href="http://echofon.com/" rel="nofollow"&gt;Echofon&lt;/a&gt;</source><text type="string">Tory's are enjoying the possibility of new strikes too much. Not sure scoring political points above national interest will be popular</text><truncated type="boolean">false</truncated><user class="object"><contributors_enabled type="boolean">false</contributors_enabled><created_at type="string">Fri Mar 27 15:43:02 +0000 2009</created_at><description type="string">Tweet from 10: In the thick of it. </description><favourites_count type="number">1</favourites_count><followers_count type="number">339</followers_count><following class="object" null="true"/><friends_count type="number">40</friends_count><geo_enabled type="boolean">false</geo_enabled><id type="number">27029338</id><lang type="string">en</lang><location type="string">London, UK</location><name type="string">Justin Forsyth</name><notifications class="object" null="true"/><profile_background_color type="string">131516</profile_background_color><profile_background_image_url type="string">http://s.twimg.com/a/1269387398/images/themes/theme14/bg.gif</profile_background_image_url><profile_background_tile type="boolean">true</profile_background_tile><profile_image_url type="string">http://a3.twimg.com/profile_images/564759939/Justin_Twitter1_normal.jpg</profile_image_url><profile_link_color type="string">009999</profile_link_color><profile_sidebar_border_color type="string">eeeeee</profile_sidebar_border_color><profile_sidebar_fill_color type="string">efefef</profile_sidebar_fill_color><profile_text_color type="string">333333</profile_text_color><protected type="boolean">false</protected><screen_name type="string">justinforsyth</screen_name><statuses_count type="number">232</statuses_count><time_zone class="object" null="true"/><url class="object" null="true"/><utc_offset class="object" null="true"/><verified type="boolean">false</verified></user></o>
