<?xml version="1.0" encoding="UTF-8"?>
<o><contributors class="object" null="true"/><coordinates class="object" null="true"/><created_at type="string">Thu Mar 25 21:37:38 +0000 2010</created_at><favorited type="boolean">false</favorited><geo class="object" null="true"/><id type="number">11054573933</id><in_reply_to_screen_name class="object" null="true"/><in_reply_to_status_id class="object" null="true"/><in_reply_to_user_id class="object" null="true"/><place class="object" null="true"/><retweeted_status class="object"><contributors class="object" null="true"/><coordinates class="object" null="true"/><created_at type="string">Thu Mar 25 19:05:39 +0000 2010</created_at><favorited type="boolean">false</favorited><geo class="object" null="true"/><id type="number">11048593095</id><in_reply_to_screen_name class="object" null="true"/><in_reply_to_status_id class="object" null="true"/><in_reply_to_user_id class="object" null="true"/><place class="object" null="true"/><source type="string">web</source><text type="string">Expect the new Tory M &amp; C Saatchi ad campaign - which breaks on Monday - to be REALLY aggressive</text><truncated type="boolean">false</truncated><user class="object"><contributors_enabled type="boolean">false</contributors_enabled><created_at type="string">Tue Sep 18 10:30:47 +0000 2007</created_at><description type="string">Publicist stuntster blogger www.markborkowski.com and media commentator Please @ me with an intro when you follow, thanks</description><favourites_count type="number">4</favourites_count><followers_count type="number">5143</followers_count><following class="object" null="true"/><friends_count type="number">625</friends_count><geo_enabled type="boolean">false</geo_enabled><id type="number">8948962</id><lang type="string">en</lang><location type="string">51.516295, -0.149517</location><name type="string">Mark Borkowski</name><notifications class="object" null="true"/><profile_background_color type="string">9ae4e8</profile_background_color><profile_background_image_url type="string">http://a3.twimg.com/profile_background_images/4472663/barnum_moran.jpg</profile_background_image_url><profile_background_tile type="boolean">true</profile_background_tile><profile_image_url type="string">http://a1.twimg.com/profile_images/530730382/Tap_dancing_dog2_normal.jpg</profile_image_url><profile_link_color type="string">0000ff</profile_link_color><profile_sidebar_border_color type="string">87bc44</profile_sidebar_border_color><profile_sidebar_fill_color type="string">e0ff92</profile_sidebar_fill_color><profile_text_color type="string">000000</profile_text_color><protected type="boolean">false</protected><screen_name type="string">MarkBorkowski</screen_name><statuses_count type="number">5076</statuses_count><time_zone type="string">London</time_zone><url type="string">http://www.markborkowski.com</url><utc_offset type="number">0</utc_offset><verified type="boolean">false</verified></user></retweeted_status><source type="string">web</source><text type="string">RT @MarkBorkowski: Expect the new Tory M &amp; C Saatchi ad campaign - which breaks on Monday - to be REALLY aggressive</text><truncated type="boolean">false</truncated><user class="object"><contributors_enabled type="boolean">false</contributors_enabled><created_at type="string">Tue Nov 25 20:27:23 +0000 2008</created_at><description type="string">Welsh, Director of Comms and Events @kidneywales. A Lib Dem. Horse rider. Fan of pretty shoes. Organ donor evangelist. Tweet in personal capacity</description><favourites_count type="number">0</favourites_count><followers_count type="number">624</followers_count><following class="object" null="true"/><friends_count type="number">529</friends_count><geo_enabled type="boolean">false</geo_enabled><id type="number">17630305</id><lang type="string">en</lang><location type="string">Wales</location><name type="string">Ali Goldsworthy</name><notifications class="object" null="true"/><profile_background_color type="string">ffffff</profile_background_color><profile_background_image_url type="string">http://a3.twimg.com/profile_background_images/72002813/2010-02-02_16-23-27_81.103.126.165.jpg</profile_background_image_url><profile_background_tile type="boolean">true</profile_background_tile><profile_image_url type="string">http://a1.twimg.com/profile_images/739480154/geneva_normal.jpg</profile_image_url><profile_link_color type="string">0084b4</profile_link_color><profile_sidebar_border_color type="string">bddcad</profile_sidebar_border_color><profile_sidebar_fill_color type="string">ddffcd</profile_sidebar_fill_color><profile_text_color type="string">333333</profile_text_color><protected type="boolean">false</protected><screen_name type="string">aligoldsworthy</screen_name><statuses_count type="number">2392</statuses_count><time_zone type="string">London</time_zone><url type="string">http://tinyurl.com/8wqbut</url><utc_offset type="number">0</utc_offset><verified type="boolean">false</verified></user></o>
