<?xml version="1.0" encoding="UTF-8"?>
<o><contributors class="object" null="true"/><coordinates class="object" null="true"/><created_at type="string">Thu Mar 25 22:36:22 +0000 2010</created_at><favorited type="boolean">false</favorited><geo class="object" null="true"/><id type="number">11057018574</id><in_reply_to_screen_name class="object" null="true"/><in_reply_to_status_id class="object" null="true"/><in_reply_to_user_id class="object" null="true"/><place class="object" null="true"/><source type="string">web</source><text type="string">I realise New Labour abandoned trade unions ages ago. So, are the proposed rail and air strikes the union's means of getting their own back?</text><truncated type="boolean">false</truncated><user class="object"><contributors_enabled type="boolean">false</contributors_enabled><created_at type="string">Thu Jan 22 16:34:59 +0000 2009</created_at><description type="string">Ancient, but modern former bus driver, driving instructor &amp; golf club administrator.</description><favourites_count type="number">14</favourites_count><followers_count type="number">59</followers_count><following class="object" null="true"/><friends_count type="number">35</friends_count><geo_enabled type="boolean">true</geo_enabled><id type="number">19346369</id><lang type="string">en</lang><location type="string">UK</location><name type="string">Brian Cole</name><notifications class="object" null="true"/><profile_background_color type="string">709397</profile_background_color><profile_background_image_url type="string">http://s.twimg.com/a/1269281712/images/themes/theme6/bg.gif</profile_background_image_url><profile_background_tile type="boolean">false</profile_background_tile><profile_image_url type="string">http://a1.twimg.com/profile_images/771394828/twitterProfilePhoto_normal.jpg</profile_image_url><profile_link_color type="string">FF3300</profile_link_color><profile_sidebar_border_color type="string">86A4A6</profile_sidebar_border_color><profile_sidebar_fill_color type="string">A0C5C7</profile_sidebar_fill_color><profile_text_color type="string">333333</profile_text_color><protected type="boolean">false</protected><screen_name type="string">Omnibusologist</screen_name><statuses_count type="number">1072</statuses_count><time_zone type="string">London</time_zone><url type="string">http://www.omnibusologist.com/</url><utc_offset type="number">0</utc_offset><verified type="boolean">false</verified></user></o>
