<?xml version="1.0" encoding="UTF-8"?>
<o><contributors class="object" null="true"/><coordinates class="object" null="true"/><created_at type="string">Thu Mar 25 20:52:44 +0000 2010</created_at><favorited type="boolean">false</favorited><geo class="object" null="true"/><id type="number">11052767985</id><in_reply_to_screen_name class="object" null="true"/><in_reply_to_status_id class="object" null="true"/><in_reply_to_user_id class="object" null="true"/><place class="object" null="true"/><source type="string">web</source><text type="string">Sal saw my blog stats and asked if I'd used the "C" word. I don't understand. Labour doesn't start with a C. It might end with one though...</text><truncated type="boolean">false</truncated><user class="object"><contributors_enabled type="boolean">false</contributors_enabled><created_at type="string">Thu Jul 16 07:32:48 +0000 2009</created_at><description type="string">Commercial photographer based near Bath, Somerset, working with businesses all over England who need high-quality, unique, creative photography.</description><favourites_count type="number">0</favourites_count><followers_count type="number">86</followers_count><following class="object" null="true"/><friends_count type="number">54</friends_count><geo_enabled type="boolean">false</geo_enabled><id type="number">57272715</id><lang type="string">en</lang><location type="string">Frome, UK</location><name type="string">Tim Gander</name><notifications class="object" null="true"/><profile_background_color type="string">94282c</profile_background_color><profile_background_image_url type="string">http://a1.twimg.com/profile_background_images/74437524/_MG_1372.jpg</profile_background_image_url><profile_background_tile type="boolean">true</profile_background_tile><profile_image_url type="string">http://a1.twimg.com/profile_images/524553670/tim_gander_normal.jpg</profile_image_url><profile_link_color type="string">0084B4</profile_link_color><profile_sidebar_border_color type="string">eb9091</profile_sidebar_border_color><profile_sidebar_fill_color type="string">ebcaca</profile_sidebar_fill_color><profile_text_color type="string">333333</profile_text_color><protected type="boolean">false</protected><screen_name type="string">TimGander</screen_name><statuses_count type="number">803</statuses_count><time_zone type="string">London</time_zone><url type="string">http://www.timgander.co.uk</url><utc_offset type="number">0</utc_offset><verified type="boolean">false</verified></user></o>
