<?xml version="1.0" encoding="UTF-8"?>
<o><contributors class="object" null="true"/><coordinates class="object" null="true"/><created_at type="string">Thu Mar 25 22:07:54 +0000 2010</created_at><favorited type="boolean">false</favorited><geo class="object" null="true"/><id type="number">11055824878</id><in_reply_to_screen_name class="object" null="true"/><in_reply_to_status_id class="object" null="true"/><in_reply_to_user_id class="object" null="true"/><place class="object" null="true"/><source type="string">&lt;a href="http://twitterfeed.com" rel="nofollow"&gt;twitterfeed&lt;/a&gt;</source><text type="string">Labour cuts 'tougher than 1980s' http://bit.ly/d1CtfM</text><truncated type="boolean">false</truncated><user class="object"><contributors_enabled type="boolean">false</contributors_enabled><created_at type="string">Sat Nov 14 08:07:01 +0000 2009</created_at><description type="string">Blogger, vlogger</description><favourites_count type="number">0</favourites_count><followers_count type="number">74</followers_count><following class="object" null="true"/><friends_count type="number">96</friends_count><geo_enabled type="boolean">false</geo_enabled><id type="number">89897406</id><lang type="string">en</lang><location type="string">New York</location><name type="string">Jeanette Carpenter</name><notifications class="object" null="true"/><profile_background_color type="string">022330</profile_background_color><profile_background_image_url type="string">http://s.twimg.com/a/1269387398/images/themes/theme15/bg.png</profile_background_image_url><profile_background_tile type="boolean">false</profile_background_tile><profile_image_url type="string">http://a1.twimg.com/profile_images/715706284/r10_normal.jpg</profile_image_url><profile_link_color type="string">0084B4</profile_link_color><profile_sidebar_border_color type="string">a8c7f7</profile_sidebar_border_color><profile_sidebar_fill_color type="string">C0DFEC</profile_sidebar_fill_color><profile_text_color type="string">333333</profile_text_color><protected type="boolean">false</protected><screen_name type="string">AnnetteQuince</screen_name><statuses_count type="number">130</statuses_count><time_zone class="object" null="true"/><url type="string">http://bit.ly/cg8Mh</url><utc_offset class="object" null="true"/><verified type="boolean">false</verified></user></o>
