<?xml version="1.0" encoding="UTF-8"?>
<o><contributors class="object" null="true"/><coordinates class="object" null="true"/><created_at type="string">Thu Mar 25 22:06:49 +0000 2010</created_at><favorited type="boolean">false</favorited><geo class="object" null="true"/><id type="number">11055781189</id><in_reply_to_screen_name class="object" null="true"/><in_reply_to_status_id class="object" null="true"/><in_reply_to_user_id class="object" null="true"/><place class="object" null="true"/><source type="string">&lt;a href="http://www.tweetdeck.com/" rel="nofollow"&gt;TweetDeck&lt;/a&gt;</source><text type="string">Labour or Conservative??</text><truncated type="boolean">false</truncated><user class="object"><contributors_enabled type="boolean">false</contributors_enabled><created_at type="string">Thu May 14 20:06:57 +0000 2009</created_at><description type="string"> :3)</description><favourites_count type="number">5</favourites_count><followers_count type="number">107</followers_count><following class="object" null="true"/><friends_count type="number">380</friends_count><geo_enabled type="boolean">true</geo_enabled><id type="number">40072284</id><lang type="string">en</lang><location type="string">iPhone: 53.518002,-1.082216</location><name type="string">Ashlie x</name><notifications class="object" null="true"/><profile_background_color type="string">FFF04D</profile_background_color><profile_background_image_url type="string">http://s.twimg.com/a/1268861138/images/themes/theme19/bg.gif</profile_background_image_url><profile_background_tile type="boolean">false</profile_background_tile><profile_image_url type="string">http://a1.twimg.com/profile_images/754088158/117_normal.JPG</profile_image_url><profile_link_color type="string">0099CC</profile_link_color><profile_sidebar_border_color type="string">fff8ad</profile_sidebar_border_color><profile_sidebar_fill_color type="string">f6ffd1</profile_sidebar_fill_color><profile_text_color type="string">333333</profile_text_color><protected type="boolean">false</protected><screen_name type="string">AshlieMorris</screen_name><statuses_count type="number">1132</statuses_count><time_zone type="string">London</time_zone><url type="string">http://www.xdiamondsandpearlsx.blogspot.com</url><utc_offset type="number">0</utc_offset><verified type="boolean">false</verified></user></o>
