<?xml version="1.0" encoding="UTF-8"?>
<o><contributors class="object" null="true"/><coordinates class="object" null="true"/><created_at type="string">Thu Mar 25 22:40:03 +0000 2010</created_at><favorited type="boolean">false</favorited><geo class="object" null="true"/><id type="number">11057172901</id><in_reply_to_screen_name class="object" null="true"/><in_reply_to_status_id class="object" null="true"/><in_reply_to_user_id class="object" null="true"/><place class="object" null="true"/><source type="string">&lt;a href="http://ubertwitter.com" rel="nofollow"&gt;UberTwitter&lt;/a&gt;</source><text type="string">That's what I wanna know!!!  Lol. Tweeting in labour! RT @Tisha123: @curdycundari ohhhhhh, hahahahaha. That's why you're tweeting lol</text><truncated type="boolean">false</truncated><user class="object"><contributors_enabled type="boolean">false</contributors_enabled><created_at type="string">Thu Mar 04 01:14:10 +0000 2010</created_at><description type="string">Fashion has my heart 4 life.</description><favourites_count type="number">0</favourites_count><followers_count type="number">45</followers_count><following class="object" null="true"/><friends_count type="number">100</friends_count><geo_enabled type="boolean">false</geo_enabled><id type="number">119566078</id><lang type="string">en</lang><location type="string">Toronto</location><name type="string">Janet B.</name><notifications class="object" null="true"/><profile_background_color type="string">580a6b</profile_background_color><profile_background_image_url type="string">http://s.twimg.com/a/1268333781/images/themes/theme14/bg.gif</profile_background_image_url><profile_background_tile type="boolean">true</profile_background_tile><profile_image_url type="string">http://a1.twimg.com/profile_images/732066656/22762_447064905531_564575531_10813430_2692504_n_normal.jpg</profile_image_url><profile_link_color type="string">b52bc2</profile_link_color><profile_sidebar_border_color type="string">3d0869</profile_sidebar_border_color><profile_sidebar_fill_color type="string">e5ddeb</profile_sidebar_fill_color><profile_text_color type="string">540980</profile_text_color><protected type="boolean">false</protected><screen_name type="string">JanetLBee</screen_name><statuses_count type="number">416</statuses_count><time_zone class="object" null="true"/><url class="object" null="true"/><utc_offset class="object" null="true"/><verified type="boolean">false</verified></user></o>
