<?xml version="1.0" encoding="UTF-8"?>
<o><contributors class="object" null="true"/><coordinates class="object" null="true"/><created_at type="string">Thu Mar 25 22:31:37 +0000 2010</created_at><favorited type="boolean">false</favorited><geo class="object" null="true"/><id type="number">11056817583</id><in_reply_to_screen_name type="string">toryburch</in_reply_to_screen_name><in_reply_to_status_id type="number">11056639978</in_reply_to_status_id><in_reply_to_user_id type="number">19028615</in_reply_to_user_id><place class="object" null="true"/><source type="string">web</source><text type="string">@toryburch my niece went on a tory burch shopping spree- which sounds fairly normal- Except shes 4. If u want to see a picture it's adorable</text><truncated type="boolean">false</truncated><user class="object"><contributors_enabled type="boolean">false</contributors_enabled><created_at type="string">Tue Jun 23 01:08:43 +0000 2009</created_at><description type="string">I wish LOST and 30 Rock were on everyday. I have the imagination of a 4 y/o on crack. With a few shots I can run a marathon in stilettos no problem.</description><favourites_count type="number">0</favourites_count><followers_count type="number">48</followers_count><following class="object" null="true"/><friends_count type="number">229</friends_count><geo_enabled type="boolean">false</geo_enabled><id type="number">49835758</id><lang type="string">en</lang><location type="string">ÜT: 33.699468,-118.03929</location><name type="string">Lauren E. Fox</name><notifications class="object" null="true"/><profile_background_color type="string">642D8B</profile_background_color><profile_background_image_url type="string">http://a1.twimg.com/profile_background_images/74288850/twitter.jpg</profile_background_image_url><profile_background_tile type="boolean">false</profile_background_tile><profile_image_url type="string">http://a3.twimg.com/profile_images/767067509/twitterProfilePhoto_normal.jpg</profile_image_url><profile_link_color type="string">570080</profile_link_color><profile_sidebar_border_color type="string">570080</profile_sidebar_border_color><profile_sidebar_fill_color type="string">ffffff</profile_sidebar_fill_color><profile_text_color type="string">000000</profile_text_color><protected type="boolean">false</protected><screen_name type="string">le_foxdesign</screen_name><statuses_count type="number">542</statuses_count><time_zone type="string">Pacific Time (US &amp; Canada)</time_zone><url type="string">http://www.laurenefox.com</url><utc_offset type="number">-28800</utc_offset><verified type="boolean">false</verified></user></o>
