<?xml version="1.0" encoding="UTF-8"?>
<o><contributors class="object" null="true"/><coordinates class="object" null="true"/><created_at type="string">Thu Mar 25 20:28:23 +0000 2010</created_at><favorited type="boolean">false</favorited><geo class="object" null="true"/><id type="number">11051808466</id><in_reply_to_screen_name class="object" null="true"/><in_reply_to_status_id class="object" null="true"/><in_reply_to_user_id class="object" null="true"/><place class="object" null="true"/><source type="string">&lt;a href="http://www.facebook.com/twitter" rel="nofollow"&gt;Facebook&lt;/a&gt;</source><text type="string">The dogs would like to say a BIG thank you to General Fencing for donating their time and labour to get the new... http://bit.ly/abOjx0</text><truncated type="boolean">false</truncated><user class="object"><contributors_enabled type="boolean">false</contributors_enabled><created_at type="string">Mon Jun 15 23:07:10 +0000 2009</created_at><description type="string">Providing shelter and care to unwanted and neglected companion animals in the Lloydminster area.</description><favourites_count type="number">0</favourites_count><followers_count type="number">148</followers_count><following class="object" null="true"/><friends_count type="number">72</friends_count><geo_enabled type="boolean">false</geo_enabled><id type="number">47473514</id><lang type="string">en</lang><location type="string">Lloydminster, Alberta, Canada</location><name type="string">Lloydminster SPCA</name><notifications class="object" null="true"/><profile_background_color type="string">9AE4E8</profile_background_color><profile_background_image_url type="string">http://a3.twimg.com/profile_background_images/18266563/minniecollage.jpg</profile_background_image_url><profile_background_tile type="boolean">true</profile_background_tile><profile_image_url type="string">http://a3.twimg.com/profile_images/340688265/bosco_normal.jpg</profile_image_url><profile_link_color type="string">0084B4</profile_link_color><profile_sidebar_border_color type="string">BDDCAD</profile_sidebar_border_color><profile_sidebar_fill_color type="string">DDFFCC</profile_sidebar_fill_color><profile_text_color type="string">333333</profile_text_color><protected type="boolean">false</protected><screen_name type="string">LloydSPCA</screen_name><statuses_count type="number">108</statuses_count><time_zone type="string">Mountain Time (US &amp; Canada)</time_zone><url type="string">http://www.lloydminsterspca.org</url><utc_offset type="number">-25200</utc_offset><verified type="boolean">false</verified></user></o>
