<?xml version="1.0" encoding="UTF-8"?>
<o><contributors class="object" null="true"/><coordinates class="object" null="true"/><created_at type="string">Thu Mar 25 21:46:53 +0000 2010</created_at><favorited type="boolean">false</favorited><geo class="object" null="true"/><id type="number">11054949002</id><in_reply_to_screen_name class="object" null="true"/><in_reply_to_status_id class="object" null="true"/><in_reply_to_user_id class="object" null="true"/><place class="object" null="true"/><source type="string">&lt;a href="http://twitpic.com/" rel="nofollow"&gt;TwitPic&lt;/a&gt;</source><text type="string">http://twitpic.com/1avzxw - Brilliant joke from the as ever Labour supporting Daily Mirror</text><truncated type="boolean">false</truncated><user class="object"><contributors_enabled type="boolean">false</contributors_enabled><created_at type="string">Thu Jan 22 18:16:51 +0000 2009</created_at><description type="string">wannabe journalist, loves chocolate, hates football, destination LDN</description><favourites_count type="number">3</favourites_count><followers_count type="number">4569</followers_count><following class="object" null="true"/><friends_count type="number">66</friends_count><geo_enabled type="boolean">true</geo_enabled><id type="number">19351899</id><lang type="string">en</lang><location type="string">manchester</location><name type="string">junaid alvi</name><notifications class="object" null="true"/><profile_background_color type="string">1b9df8</profile_background_color><profile_background_image_url type="string">http://a1.twimg.com/profile_background_images/78137398/Capture.JPG</profile_background_image_url><profile_background_tile type="boolean">true</profile_background_tile><profile_image_url type="string">http://a3.twimg.com/profile_images/760985349/howl_normal.jpg</profile_image_url><profile_link_color type="string">1b9df8</profile_link_color><profile_sidebar_border_color type="string">d0cdcd</profile_sidebar_border_color><profile_sidebar_fill_color type="string">d0cdcd</profile_sidebar_fill_color><profile_text_color type="string">000000</profile_text_color><protected type="boolean">false</protected><screen_name type="string">j_u_n_a_i_d</screen_name><statuses_count type="number">3547</statuses_count><time_zone type="string">London</time_zone><url class="object" null="true"/><utc_offset type="number">0</utc_offset><verified type="boolean">false</verified></user></o>
