<?xml version="1.0" encoding="UTF-8"?>
<o><contributors class="object" null="true"/><coordinates class="object" null="true"/><created_at type="string">Thu Mar 25 20:56:45 +0000 2010</created_at><favorited type="boolean">false</favorited><geo class="object" null="true"/><id type="number">11052926294</id><in_reply_to_screen_name type="string">themattyboosh</in_reply_to_screen_name><in_reply_to_status_id type="number">11047406270</in_reply_to_status_id><in_reply_to_user_id type="number">72679497</in_reply_to_user_id><place class="object" null="true"/><source type="string">web</source><text type="string">@themattyboosh I think Labour are hoping the hardcore cider drinkers will be too sozzled to vote :P</text><truncated type="boolean">false</truncated><user class="object"><contributors_enabled type="boolean">false</contributors_enabled><created_at type="string">Mon Sep 15 19:03:54 +0000 2008</created_at><description type="string">Physics student who loves music, loves drama, loves love, and loves life.</description><favourites_count type="number">0</favourites_count><followers_count type="number">85</followers_count><following class="object" null="true"/><friends_count type="number">115</friends_count><geo_enabled type="boolean">false</geo_enabled><id type="number">16299860</id><lang type="string">en</lang><location type="string">UK</location><name type="string">James Shirtcliffe</name><notifications class="object" null="true"/><profile_background_color type="string">709397</profile_background_color><profile_background_image_url type="string">http://a1.twimg.com/profile_background_images/76907808/beatles.jpg</profile_background_image_url><profile_background_tile type="boolean">true</profile_background_tile><profile_image_url type="string">http://a1.twimg.com/profile_images/616102302/twitterProfilePhoto_normal.jpg</profile_image_url><profile_link_color type="string">368f41</profile_link_color><profile_sidebar_border_color type="string">fffafa</profile_sidebar_border_color><profile_sidebar_fill_color type="string">dee2f7</profile_sidebar_fill_color><profile_text_color type="string">050505</profile_text_color><protected type="boolean">false</protected><screen_name type="string">j_shirtcliffe</screen_name><statuses_count type="number">1090</statuses_count><time_zone type="string">London</time_zone><url type="string">http://www.justgiving.com/jamesshirtcliffe</url><utc_offset type="number">0</utc_offset><verified type="boolean">false</verified></user></o>
