<?xml version="1.0" encoding="UTF-8"?>
<o><contributors class="object" null="true"/><coordinates class="object" null="true"/><created_at type="string">Thu Mar 25 22:06:07 +0000 2010</created_at><favorited type="boolean">false</favorited><geo class="object" null="true"/><id type="number">11055751904</id><in_reply_to_screen_name class="object" null="true"/><in_reply_to_status_id class="object" null="true"/><in_reply_to_user_id class="object" null="true"/><place class="object" null="true"/><source type="string">&lt;a href="http://ubertwitter.com" rel="nofollow"&gt;UberTwitter&lt;/a&gt;</source><text type="string">RT @dominiccampbell: RT @guardiannews: Labour's tax and benefits strategy has closed the income gap, thinktank says http://bit.ly/bAUl6P</text><truncated type="boolean">false</truncated><user class="object"><contributors_enabled type="boolean">false</contributors_enabled><created_at type="string">Thu Jan 22 15:19:44 +0000 2009</created_at><description type="string">As you can see I am a Labour Supporter.  Local Candidate for Lowton East, in the Great Borough of Wigan</description><favourites_count type="number">20</favourites_count><followers_count type="number">948</followers_count><following class="object" null="true"/><friends_count type="number">1262</friends_count><geo_enabled type="boolean">false</geo_enabled><id type="number">19342345</id><lang type="string">en</lang><location type="string">ÜT: 53.459794,-2.613866</location><name type="string">James Cowley</name><notifications class="object" null="true"/><profile_background_color type="string">EBEBEB</profile_background_color><profile_background_image_url type="string">http://a1.twimg.com/profile_background_images/78081652/twilk_background_4b85221280535.jpg</profile_background_image_url><profile_background_tile type="boolean">true</profile_background_tile><profile_image_url type="string">http://a3.twimg.com/profile_images/703393619/twitterProfilePhoto_normal.jpg</profile_image_url><profile_link_color type="string">990000</profile_link_color><profile_sidebar_border_color type="string">DFDFDF</profile_sidebar_border_color><profile_sidebar_fill_color type="string">F3F3F3</profile_sidebar_fill_color><profile_text_color type="string">333333</profile_text_color><protected type="boolean">false</protected><screen_name type="string">jamescowley</screen_name><statuses_count type="number">9083</statuses_count><time_zone type="string">London</time_zone><url type="string">http://cowley4labour.blogspot.com/</url><utc_offset type="number">0</utc_offset><verified type="boolean">false</verified></user></o>
