<?xml version="1.0" encoding="UTF-8"?>
<o><contributors class="object" null="true"/><coordinates class="object" null="true"/><created_at type="string">Thu Mar 25 22:45:43 +0000 2010</created_at><favorited type="boolean">false</favorited><geo class="object" null="true"/><id type="number">11057414728</id><in_reply_to_screen_name class="object" null="true"/><in_reply_to_status_id class="object" null="true"/><in_reply_to_user_id class="object" null="true"/><place class="object" null="true"/><retweeted_status class="object"><contributors class="object" null="true"/><coordinates class="object" null="true"/><created_at type="string">Thu Mar 25 22:43:03 +0000 2010</created_at><favorited type="boolean">false</favorited><geo class="object" null="true"/><id type="number">11057301119</id><in_reply_to_screen_name class="object" null="true"/><in_reply_to_status_id class="object" null="true"/><in_reply_to_user_id class="object" null="true"/><place class="object" null="true"/><source type="string">&lt;a href="http://www.tweetdeck.com" rel="nofollow"&gt;TweetDeck&lt;/a&gt;</source><text type="string">Would having Kenneth Clarke as Shadow Chancellor improve Tory electoral chances? Yes 66 No 17 Vote. http://bit.ly/Iw56H</text><truncated type="boolean">false</truncated><user class="object"><contributors_enabled type="boolean">false</contributors_enabled><created_at type="string">Fri Apr 10 10:10:09 +0000 2009</created_at><description type="string">Grassroots Political Reaction</description><favourites_count type="number">0</favourites_count><followers_count type="number">1978</followers_count><following class="object" null="true"/><friends_count type="number">2105</friends_count><geo_enabled type="boolean">false</geo_enabled><id type="number">30193517</id><lang type="string">en</lang><location type="string">Speakers Chair, House of Twits</location><name type="string">House Of Twits</name><notifications class="object" null="true"/><profile_background_color type="string">ffffff</profile_background_color><profile_background_image_url type="string">http://a1.twimg.com/profile_background_images/81034578/twilk_background_4b92e27e1ec22.jpg</profile_background_image_url><profile_background_tile type="boolean">true</profile_background_tile><profile_image_url type="string">http://a3.twimg.com/profile_images/522853557/Picture_6_normal.png</profile_image_url><profile_link_color type="string">0084B4</profile_link_color><profile_sidebar_border_color type="string">BDDCAD</profile_sidebar_border_color><profile_sidebar_fill_color type="string">DDFFCC</profile_sidebar_fill_color><profile_text_color type="string">333333</profile_text_color><protected type="boolean">false</protected><screen_name type="string">HouseofTwits</screen_name><statuses_count type="number">31001</statuses_count><time_zone type="string">London</time_zone><url type="string">http://www.houseoftwits.co.uk</url><utc_offset type="number">0</utc_offset><verified type="boolean">false</verified></user></retweeted_status><source type="string">&lt;a href="http://mobile.twitter.com" rel="nofollow"&gt;mobile web&lt;/a&gt;</source><text type="string">RT @HouseofTwits: Would having Kenneth Clarke as Shadow Chancellor improve Tory electoral chances? Yes 66 No 17 Vote. http://bit.ly/Iw56H</text><truncated type="boolean">false</truncated><user class="object"><contributors_enabled type="boolean">false</contributors_enabled><created_at type="string">Mon Jan 12 04:26:33 +0000 2009</created_at><description type="string">Teacher, media relations, constitutional advisor, husband and father, friend.</description><favourites_count type="number">220</favourites_count><followers_count type="number">613</followers_count><following class="object" null="true"/><friends_count type="number">629</friends_count><geo_enabled type="boolean">true</geo_enabled><id type="number">18891281</id><lang type="string">en</lang><location type="string">Old St Pancras, London</location><name type="string">paulstpancras</name><notifications class="object" null="true"/><profile_background_color type="string">EBEBEB</profile_background_color><profile_background_image_url type="string">http://s.twimg.com/a/1269387398/images/themes/theme7/bg.gif</profile_background_image_url><profile_background_tile type="boolean">false</profile_background_tile><profile_image_url type="string">http://a1.twimg.com/profile_images/624843340/twitterProfilePhoto_normal.jpg</profile_image_url><profile_link_color type="string">990000</profile_link_color><profile_sidebar_border_color type="string">DFDFDF</profile_sidebar_border_color><profile_sidebar_fill_color type="string">F3F3F3</profile_sidebar_fill_color><profile_text_color type="string">333333</profile_text_color><protected type="boolean">false</protected><screen_name type="string">paulstpancras</screen_name><statuses_count type="number">7666</statuses_count><time_zone type="string">London</time_zone><url class="object" null="true"/><utc_offset type="number">0</utc_offset><verified type="boolean">false</verified></user></o>
