<?xml version="1.0" encoding="UTF-8"?>
<o><contributors class="object" null="true"/><coordinates class="object" null="true"/><created_at type="string">Thu Mar 25 20:05:37 +0000 2010</created_at><favorited type="boolean">false</favorited><geo class="object" null="true"/><id type="number">11050918246</id><in_reply_to_screen_name type="string">patrickhadfield</in_reply_to_screen_name><in_reply_to_status_id type="number">11046220571</in_reply_to_status_id><in_reply_to_user_id type="number">20840869</in_reply_to_user_id><place class="object" null="true"/><source type="string">&lt;a href="http://www.hootsuite.com" rel="nofollow"&gt;HootSuite&lt;/a&gt;</source><text type="string">@patrickhadfield yeah ud think they'd wait till after a possible Labour win to take us back to 1979...</text><truncated type="boolean">false</truncated><user class="object"><contributors_enabled type="boolean">false</contributors_enabled><created_at type="string">Thu May 29 13:38:54 +0000 2008</created_at><description type="string">Focus: Twitter in London. CoFounder TweetieAndTheBrain.com. Traveller. Snowboarder. Speaker. Developer. Leica. F1. Coffee. Dalston. Tech/Startups. Usability.</description><favourites_count type="number">18</favourites_count><followers_count type="number">13146</followers_count><following class="object" null="true"/><friends_count type="number">8485</friends_count><geo_enabled type="boolean">true</geo_enabled><id type="number">14944039</id><lang type="string">en</lang><location type="string">London, UK</location><name type="string">Nick Donnelly</name><notifications class="object" null="true"/><profile_background_color type="string">000000</profile_background_color><profile_background_image_url type="string">http://a1.twimg.com/profile_background_images/81054330/sinaiB.jpg</profile_background_image_url><profile_background_tile type="boolean">false</profile_background_tile><profile_image_url type="string">http://a3.twimg.com/profile_images/536392385/avatar2_normal.jpg</profile_image_url><profile_link_color type="string">000000</profile_link_color><profile_sidebar_border_color type="string">214845</profile_sidebar_border_color><profile_sidebar_fill_color type="string">6CBBCC</profile_sidebar_fill_color><profile_text_color type="string">000000</profile_text_color><protected type="boolean">false</protected><screen_name type="string">nickdonnelly</screen_name><statuses_count type="number">7013</statuses_count><time_zone type="string">London</time_zone><url type="string">http://www.tweetieandthebrain.com?p=n</url><utc_offset type="number">0</utc_offset><verified type="boolean">false</verified></user></o>
