<?xml version="1.0" encoding="UTF-8"?>
<o><contributors class="object" null="true"/><coordinates class="object" null="true"/><created_at type="string">Thu Mar 25 21:02:07 +0000 2010</created_at><favorited type="boolean">false</favorited><geo class="object" null="true"/><id type="number">11053143086</id><in_reply_to_screen_name class="object" null="true"/><in_reply_to_status_id class="object" null="true"/><in_reply_to_user_id class="object" null="true"/><place class="object" null="true"/><source type="string">&lt;a href="http://ubertwitter.com" rel="nofollow"&gt;UberTwitter&lt;/a&gt;</source><text type="string">Saatchis brought in to help Tories. Keeping it in the family, Nigella Lawson to bake all the cakes at next Tory conference</text><truncated type="boolean">false</truncated><user class="object"><contributors_enabled type="boolean">false</contributors_enabled><created_at type="string">Thu Mar 26 07:40:01 +0000 2009</created_at><description type="string">Only child (apparently obvious); mentally 12; reading age 6; Bayern Munich season ticket holder (long, dull story)</description><favourites_count type="number">2</favourites_count><followers_count type="number">230</followers_count><following class="object" null="true"/><friends_count type="number">160</friends_count><geo_enabled type="boolean">false</geo_enabled><id type="number">26707949</id><lang type="string">en</lang><location type="string">ÜT: 51.400191,-0.242617</location><name type="string">Mike Richards</name><notifications class="object" null="true"/><profile_background_color type="string">9AE4E8</profile_background_color><profile_background_image_url type="string">http://a3.twimg.com/profile_background_images/30134589/FCB_2009_2010.jpg</profile_background_image_url><profile_background_tile type="boolean">false</profile_background_tile><profile_image_url type="string">http://a1.twimg.com/profile_images/344031808/Joe90-03_normal.jpg</profile_image_url><profile_link_color type="string">0084B4</profile_link_color><profile_sidebar_border_color type="string">BDDCAD</profile_sidebar_border_color><profile_sidebar_fill_color type="string">DDFFCC</profile_sidebar_fill_color><profile_text_color type="string">333333</profile_text_color><protected type="boolean">false</protected><screen_name type="string">Mickyrichards</screen_name><statuses_count type="number">1984</statuses_count><time_zone type="string">London</time_zone><url type="string">http://mikerichards.blog-city.com/</url><utc_offset type="number">0</utc_offset><verified type="boolean">false</verified></user></o>
