<?xml version="1.0" encoding="UTF-8"?>
<o><contributors class="object" null="true"/><coordinates class="object" null="true"/><created_at type="string">Thu Mar 25 21:22:20 +0000 2010</created_at><favorited type="boolean">false</favorited><geo class="object" null="true"/><id type="number">11053952820</id><in_reply_to_screen_name class="object" null="true"/><in_reply_to_status_id class="object" null="true"/><in_reply_to_user_id class="object" null="true"/><place class="object" null="true"/><source type="string">&lt;a href="http://friendfeed.com" rel="nofollow"&gt;FriendFeed&lt;/a&gt;</source><text type="string">A mother's labour of love to give back to Haiti http://ff.im/-i76V8</text><truncated type="boolean">false</truncated><user class="object"><contributors_enabled type="boolean">false</contributors_enabled><created_at type="string">Mon Sep 28 06:38:01 +0000 2009</created_at><description type="string">Aggregated Real TIme Breaking News in Vancouver BC Canada | created by @AdrianEden</description><favourites_count type="number">0</favourites_count><followers_count type="number">377</followers_count><following class="object" null="true"/><friends_count type="number">4</friends_count><geo_enabled type="boolean">false</geo_enabled><id type="number">77944944</id><lang type="string">en</lang><location type="string">Vancouver BC Canada</location><name type="string">Breaking News in Van</name><notifications class="object" null="true"/><profile_background_color type="string">C0DEED</profile_background_color><profile_background_image_url type="string">http://a3.twimg.com/profile_background_images/40653933/background.jpg</profile_background_image_url><profile_background_tile type="boolean">false</profile_background_tile><profile_image_url type="string">http://a1.twimg.com/profile_images/440461308/bniv_logo_normal.jpg</profile_image_url><profile_link_color type="string">0084B4</profile_link_color><profile_sidebar_border_color type="string">C0DEED</profile_sidebar_border_color><profile_sidebar_fill_color type="string">DDEEF6</profile_sidebar_fill_color><profile_text_color type="string">333333</profile_text_color><protected type="boolean">false</protected><screen_name type="string">bniv</screen_name><statuses_count type="number">11618</statuses_count><time_zone type="string">Pacific Time (US &amp; Canada)</time_zone><url type="string">http://bniv.net</url><utc_offset type="number">-28800</utc_offset><verified type="boolean">false</verified></user></o>
