<?xml version="1.0" encoding="UTF-8"?>
<o><contributors class="object" null="true"/><coordinates class="object" null="true"/><created_at type="string">Thu Mar 25 22:48:42 +0000 2010</created_at><favorited type="boolean">false</favorited><geo class="object" null="true"/><id type="number">11057540793</id><in_reply_to_screen_name class="object" null="true"/><in_reply_to_status_id class="object" null="true"/><in_reply_to_user_id class="object" null="true"/><place class="object" null="true"/><source type="string">&lt;a href="http://twitterfeed.com" rel="nofollow"&gt;twitterfeed&lt;/a&gt;</source><text type="string">Labour's tax and benefits strategy has closed the income gap, thinktank says: Poorest have gained under 13 years o... http://bit.ly/ctWfeA</text><truncated type="boolean">false</truncated><user class="object"><contributors_enabled type="boolean">false</contributors_enabled><created_at type="string">Wed Mar 11 08:54:59 +0000 2009</created_at><description type="string">Barnes Roffe Chartered Accountants are one of the top 50 accountancy firms in the UK.</description><favourites_count type="number">0</favourites_count><followers_count type="number">91</followers_count><following class="object" null="true"/><friends_count type="number">53</friends_count><geo_enabled type="boolean">true</geo_enabled><id type="number">23739420</id><lang type="string">en</lang><location type="string">London, E11 1GA</location><name type="string">Barnes Roffe</name><notifications class="object" null="true"/><profile_background_color type="string">d4d4d4</profile_background_color><profile_background_image_url type="string">http://a3.twimg.com/profile_background_images/83890393/twitter-template.jpg</profile_background_image_url><profile_background_tile type="boolean">false</profile_background_tile><profile_image_url type="string">http://a1.twimg.com/profile_images/770486754/barnes-twitter-avatar_normal.png</profile_image_url><profile_link_color type="string">088253</profile_link_color><profile_sidebar_border_color type="string">D3D2CF</profile_sidebar_border_color><profile_sidebar_fill_color type="string">E3E2DE</profile_sidebar_fill_color><profile_text_color type="string">634047</profile_text_color><protected type="boolean">false</protected><screen_name type="string">BarnesRoffe</screen_name><statuses_count type="number">302</statuses_count><time_zone type="string">London</time_zone><url type="string">http://www.barnesroffe.com</url><utc_offset type="number">0</utc_offset><verified type="boolean">false</verified></user></o>
