<?xml version="1.0" encoding="UTF-8"?>
<o><contributors class="object" null="true"/><coordinates class="object" null="true"/><created_at type="string">Thu Mar 25 21:02:49 +0000 2010</created_at><favorited type="boolean">false</favorited><geo class="object" null="true"/><id type="number">11053171817</id><in_reply_to_screen_name class="object" null="true"/><in_reply_to_status_id class="object" null="true"/><in_reply_to_user_id class="object" null="true"/><place class="object" null="true"/><source type="string">&lt;a href="http://twitterfeed.com" rel="nofollow"&gt;twitterfeed&lt;/a&gt;</source><text type="string">#trinidad OECS social partners meet to agree on a common OECS Labour Force ... http://bit.ly/bfP5Tz</text><truncated type="boolean">false</truncated><user class="object"><contributors_enabled type="boolean">false</contributors_enabled><created_at type="string">Wed Jun 03 15:39:53 +0000 2009</created_at><description type="string">I retweet all your tweets with #trinidad or #tobago and will follow you too</description><favourites_count type="number">0</favourites_count><followers_count type="number">1054</followers_count><following class="object" null="true"/><friends_count type="number">48</friends_count><geo_enabled type="boolean">false</geo_enabled><id type="number">44383567</id><lang type="string">en</lang><location type="string">Port of Spain, T&amp;T</location><name type="string">Trinidad and Tobago</name><notifications class="object" null="true"/><profile_background_color type="string">FFFFFF</profile_background_color><profile_background_image_url type="string">http://a1.twimg.com/profile_background_images/16676950/Flag-map_of_Trinidad_and_Tobago.png</profile_background_image_url><profile_background_tile type="boolean">false</profile_background_tile><profile_image_url type="string">http://a1.twimg.com/profile_images/250142280/Flag-map_of_Trinidad_and_Tobago_normal.png</profile_image_url><profile_link_color type="string">990000</profile_link_color><profile_sidebar_border_color type="string">DFDFDF</profile_sidebar_border_color><profile_sidebar_fill_color type="string">F3F3F3</profile_sidebar_fill_color><profile_text_color type="string">333333</profile_text_color><protected type="boolean">false</protected><screen_name type="string">TriniTweets</screen_name><statuses_count type="number">6129</statuses_count><time_zone type="string">Eastern Time (US &amp; Canada)</time_zone><url type="string">http://www.gotrinidadandtobago.com</url><utc_offset type="number">-18000</utc_offset><verified type="boolean">false</verified></user></o>
