<?xml version="1.0" encoding="UTF-8"?>
<o><contributors class="object" null="true"/><coordinates class="object" null="true"/><created_at type="string">Thu Mar 25 20:39:31 +0000 2010</created_at><favorited type="boolean">false</favorited><geo class="object" null="true"/><id type="number">11052254095</id><in_reply_to_screen_name class="object" null="true"/><in_reply_to_status_id class="object" null="true"/><in_reply_to_user_id class="object" null="true"/><place class="object" null="true"/><source type="string">&lt;a href="http://www.tweetdeck.com/" rel="nofollow"&gt;TweetDeck&lt;/a&gt;</source><text type="string">RT @gedrobinson: Anyone who is seriously contemplating voting LibDem should take heed of #LeedsCouncil #VoteFodderForTheTories</text><truncated type="boolean">false</truncated><user class="object"><contributors_enabled type="boolean">false</contributors_enabled><created_at type="string">Tue Nov 04 13:22:33 +0000 2008</created_at><description type="string">Diary Secretary for Fabian Hamilton MP and supporter of the greatest Rugby League team in the world,Leeds Rhinos. About it really! </description><favourites_count type="number">1</favourites_count><followers_count type="number">115</followers_count><following class="object" null="true"/><friends_count type="number">154</friends_count><geo_enabled type="boolean">false</geo_enabled><id type="number">17155265</id><lang type="string">en</lang><location type="string">Leeds, United Kingdom</location><name type="string">Ian Carnegie</name><notifications class="object" null="true"/><profile_background_color type="string">642D8B</profile_background_color><profile_background_image_url type="string">http://s.twimg.com/a/1269281712/images/themes/theme10/bg.gif</profile_background_image_url><profile_background_tile type="boolean">true</profile_background_tile><profile_image_url type="string">http://a3.twimg.com/profile_images/770789421/twitterProfilePhoto_normal.jpg</profile_image_url><profile_link_color type="string">FF0000</profile_link_color><profile_sidebar_border_color type="string">65B0DA</profile_sidebar_border_color><profile_sidebar_fill_color type="string">7AC3EE</profile_sidebar_fill_color><profile_text_color type="string">3D1957</profile_text_color><protected type="boolean">false</protected><screen_name type="string">iancarnegie</screen_name><statuses_count type="number">1090</statuses_count><time_zone type="string">London</time_zone><url class="object" null="true"/><utc_offset type="number">0</utc_offset><verified type="boolean">false</verified></user></o>
