<?xml version="1.0" encoding="UTF-8"?>
<o><contributors class="object" null="true"/><coordinates class="object" null="true"/><created_at type="string">Thu Mar 25 22:40:48 +0000 2010</created_at><favorited type="boolean">false</favorited><geo class="object" null="true"/><id type="number">11057205753</id><in_reply_to_screen_name class="object" null="true"/><in_reply_to_status_id class="object" null="true"/><in_reply_to_user_id class="object" null="true"/><place class="object" null="true"/><source type="string">web</source><text type="string">What's up with that? Labour cutting public services to finance bankers: http://tinyurl.com/yk72g49</text><truncated type="boolean">false</truncated><user class="object"><contributors_enabled type="boolean">false</contributors_enabled><created_at type="string">Sat Mar 21 18:34:58 +0000 2009</created_at><description class="object" null="true"/><favourites_count type="number">0</favourites_count><followers_count type="number">52</followers_count><following class="object" null="true"/><friends_count type="number">57</friends_count><geo_enabled type="boolean">false</geo_enabled><id type="number">25708722</id><lang type="string">en</lang><location class="object" null="true"/><name type="string">Christine Ullmann</name><notifications class="object" null="true"/><profile_background_color type="string">E74269</profile_background_color><profile_background_image_url type="string">http://a1.twimg.com/profile_background_images/6356094/orange.jpg</profile_background_image_url><profile_background_tile type="boolean">true</profile_background_tile><profile_image_url type="string">http://a1.twimg.com/profile_images/111832328/BlogProfile_normal.JPG</profile_image_url><profile_link_color type="string">000000</profile_link_color><profile_sidebar_border_color type="string">FFFFFF</profile_sidebar_border_color><profile_sidebar_fill_color type="string">E74269</profile_sidebar_fill_color><profile_text_color type="string">f9ac48</profile_text_color><protected type="boolean">false</protected><screen_name type="string">TineTweets</screen_name><statuses_count type="number">157</statuses_count><time_zone class="object" null="true"/><url class="object" null="true"/><utc_offset class="object" null="true"/><verified type="boolean">false</verified></user></o>
