<?xml version="1.0" encoding="UTF-8"?>
<o><contributors class="object" null="true"/><coordinates class="object" null="true"/><created_at type="string">Thu Mar 25 22:07:41 +0000 2010</created_at><favorited type="boolean">false</favorited><geo class="object" null="true"/><id type="number">11055815934</id><in_reply_to_screen_name class="object" null="true"/><in_reply_to_status_id class="object" null="true"/><in_reply_to_user_id class="object" null="true"/><place class="object" null="true"/><source type="string">&lt;a href="http://twitterfeed.com" rel="nofollow"&gt;twitterfeed&lt;/a&gt;</source><text type="string">http://bit.ly/6e20GJ Budget 2010: 10m families have lost out in Labour's tax changes: Telegraph.co.uk
George Osbor... http://bit.ly/avP7NV</text><truncated type="boolean">false</truncated><user class="object"><contributors_enabled type="boolean">false</contributors_enabled><created_at type="string">Tue Dec 01 03:03:00 +0000 2009</created_at><description type="string">The commercial practice of Fricke &amp; Associates, P.C. meets the accounting and tax needs of privately held local and regional businesses, as well as entrepreneur</description><favourites_count type="number">0</favourites_count><followers_count type="number">1393</followers_count><following class="object" null="true"/><friends_count type="number">1387</friends_count><geo_enabled type="boolean">false</geo_enabled><id type="number">93775485</id><lang type="string">en</lang><location type="string"/><name type="string"> William T. Fricke</name><notifications class="object" null="true"/><profile_background_color type="string">415e63</profile_background_color><profile_background_image_url type="string">http://a1.twimg.com/profile_background_images/57049876/frickecpa_picture.png</profile_background_image_url><profile_background_tile type="boolean">false</profile_background_tile><profile_image_url type="string">http://a1.twimg.com/profile_images/552424116/frickecpa_picture_normal.png</profile_image_url><profile_link_color type="string">0099B9</profile_link_color><profile_sidebar_border_color type="string">41979c</profile_sidebar_border_color><profile_sidebar_fill_color type="string">cdd1d1</profile_sidebar_fill_color><profile_text_color type="string">3C3940</profile_text_color><protected type="boolean">false</protected><screen_name type="string">FrickeCPA</screen_name><statuses_count type="number">6504</statuses_count><time_zone type="string">Alaska</time_zone><url type="string">http://www.frickecpa.com</url><utc_offset type="number">-32400</utc_offset><verified type="boolean">false</verified></user></o>
