<?xml version="1.0" encoding="UTF-8"?>
<o><contributors class="object" null="true"/><coordinates class="object" null="true"/><created_at type="string">Thu Mar 25 21:16:02 +0000 2010</created_at><favorited type="boolean">false</favorited><geo class="object" null="true"/><id type="number">11053696463</id><in_reply_to_screen_name class="object" null="true"/><in_reply_to_status_id class="object" null="true"/><in_reply_to_user_id class="object" null="true"/><place class="object" null="true"/><source type="string">&lt;a href="http://twitterfeed.com" rel="nofollow"&gt;twitterfeed&lt;/a&gt;</source><text type="string">Tory Lane - Bossy Milfs # 3 (2010): Tory Lane - Bossy Milfs # 3 (2010) 
 
 
Image: http://t1.stooorage.com/thumbs/... http://bit.ly/9yUw3D</text><truncated type="boolean">false</truncated><user class="object"><contributors_enabled type="boolean">false</contributors_enabled><created_at type="string">Mon Sep 03 04:12:53 +0000 2007</created_at><description type="string">קהילת רוט - השורש שלך באינטרנט</description><favourites_count type="number">0</favourites_count><followers_count type="number">169</followers_count><following class="object" null="true"/><friends_count type="number">0</friends_count><geo_enabled type="boolean">false</geo_enabled><id type="number">8616932</id><lang type="string">en</lang><location type="string">ישראל</location><name type="string">ido less</name><notifications class="object" null="true"/><profile_background_color type="string">9ae4e8</profile_background_color><profile_background_image_url type="string">http://a1.twimg.com/profile_background_images/5568142/711.jpg</profile_background_image_url><profile_background_tile type="boolean">true</profile_background_tile><profile_image_url type="string">http://a3.twimg.com/profile_images/94051567/esc_normal.jpg</profile_image_url><profile_link_color type="string">0000ff</profile_link_color><profile_sidebar_border_color type="string">87bc44</profile_sidebar_border_color><profile_sidebar_fill_color type="string">e0ff92</profile_sidebar_fill_color><profile_text_color type="string">000000</profile_text_color><protected type="boolean">false</protected><screen_name type="string">Root_Co_iL</screen_name><statuses_count type="number">21768</statuses_count><time_zone type="string">Jerusalem</time_zone><url type="string">http://www.root.co.il/</url><utc_offset type="number">7200</utc_offset><verified type="boolean">false</verified></user></o>
