<?xml version="1.0" encoding="UTF-8"?>
<o><contributors class="object" null="true"/><coordinates class="object" null="true"/><created_at type="string">Thu Mar 25 20:42:02 +0000 2010</created_at><favorited type="boolean">false</favorited><geo class="object" null="true"/><id type="number">11052352551</id><in_reply_to_screen_name class="object" null="true"/><in_reply_to_status_id class="object" null="true"/><in_reply_to_user_id class="object" null="true"/><place class="object" null="true"/><source type="string">web</source><text type="string">Tory MP ordered to repay £28,000 in expenses http://tinyurl.com/yc6lzv2 #torytombstone</text><truncated type="boolean">false</truncated><user class="object"><contributors_enabled type="boolean">false</contributors_enabled><created_at type="string">Fri May 29 20:43:47 +0000 2009</created_at><description type="string">I am an avid socialist, human rights activist, anti-fascist &amp; an all-round good gay guy! </description><favourites_count type="number">1</favourites_count><followers_count type="number">1040</followers_count><following class="object" null="true"/><friends_count type="number">1379</friends_count><geo_enabled type="boolean">true</geo_enabled><id type="number">43405446</id><lang type="string">en</lang><location type="string">Aberdare, South Wales</location><name type="string">Daniel Pitt</name><notifications class="object" null="true"/><profile_background_color type="string">BADFCD</profile_background_color><profile_background_image_url type="string">http://a3.twimg.com/profile_background_images/58955683/Just_Me.jpg</profile_background_image_url><profile_background_tile type="boolean">true</profile_background_tile><profile_image_url type="string">http://a1.twimg.com/profile_images/770701956/twitterProfilePhoto_normal.jpg</profile_image_url><profile_link_color type="string">FF0000</profile_link_color><profile_sidebar_border_color type="string">F2E195</profile_sidebar_border_color><profile_sidebar_fill_color type="string">FFF7CC</profile_sidebar_fill_color><profile_text_color type="string">0C3E53</profile_text_color><protected type="boolean">false</protected><screen_name type="string">myinfamy</screen_name><statuses_count type="number">24597</statuses_count><time_zone type="string">London</time_zone><url type="string">http://heartofanation.blogspot.com/</url><utc_offset type="number">0</utc_offset><verified type="boolean">false</verified></user></o>
