<?xml version="1.0" encoding="UTF-8"?>
<o><contributors class="object" null="true"/><coordinates class="object" null="true"/><created_at type="string">Thu Mar 25 21:23:35 +0000 2010</created_at><favorited type="boolean">false</favorited><geo class="object" null="true"/><id type="number">11054002810</id><in_reply_to_screen_name class="object" null="true"/><in_reply_to_status_id class="object" null="true"/><in_reply_to_user_id class="object" null="true"/><place class="object" null="true"/><source type="string">&lt;a href="http://m.twitter.com/" rel="nofollow"&gt;mobile web&lt;/a&gt;</source><text type="string">Just watched "I Remember" video about awful days of Tory rule: http://bit.ly/cGGT00</text><truncated type="boolean">false</truncated><user class="object"><contributors_enabled type="boolean">false</contributors_enabled><created_at type="string">Fri Feb 12 23:00:01 +0000 2010</created_at><description type="string">Blog that takes a humorous approach to fending off the ravening Etonian  hordes.</description><favourites_count type="number">2</favourites_count><followers_count type="number">495</followers_count><following class="object" null="true"/><friends_count type="number">481</friends_count><geo_enabled type="boolean">false</geo_enabled><id type="number">113754486</id><lang type="string">en</lang><location type="string">London</location><name type="string">Tank the Tories</name><notifications class="object" null="true"/><profile_background_color type="string">a130a1</profile_background_color><profile_background_image_url type="string">http://a3.twimg.com/profile_background_images/74772793/tankthetoriestwitbg1c.jpg</profile_background_image_url><profile_background_tile type="boolean">false</profile_background_tile><profile_image_url type="string">http://a1.twimg.com/profile_images/774814858/twitterProfilePhoto_normal.jpg</profile_image_url><profile_link_color type="string">db0bd4</profile_link_color><profile_sidebar_border_color type="string">d6a2e8</profile_sidebar_border_color><profile_sidebar_fill_color type="string">e0c5fa</profile_sidebar_fill_color><profile_text_color type="string">333333</profile_text_color><protected type="boolean">false</protected><screen_name type="string">TanktheTories</screen_name><statuses_count type="number">1450</statuses_count><time_zone type="string">London</time_zone><url type="string">http://tankthetories.com</url><utc_offset type="number">0</utc_offset><verified type="boolean">false</verified></user></o>
