<?xml version="1.0" encoding="UTF-8"?>
<o><contributors class="object" null="true"/><coordinates class="object" null="true"/><created_at type="string">Thu Mar 25 22:48:44 +0000 2010</created_at><favorited type="boolean">false</favorited><geo class="object" null="true"/><id type="number">11057541645</id><in_reply_to_screen_name class="object" null="true"/><in_reply_to_status_id class="object" null="true"/><in_reply_to_user_id class="object" null="true"/><place class="object" null="true"/><source type="string">&lt;a href="http://www.tweetdeck.com" rel="nofollow"&gt;TweetDeck&lt;/a&gt;</source><text type="string">The Labour chap is telling the Glasgow audience that they'll protect, the NHS, Schools and Policing - all devolved #QuestionTime #VoteSNP</text><truncated type="boolean">false</truncated><user class="object"><contributors_enabled type="boolean">false</contributors_enabled><created_at type="string">Sat May 09 10:27:38 +0000 2009</created_at><description type="string"/><favourites_count type="number">0</favourites_count><followers_count type="number">54</followers_count><following class="object" null="true"/><friends_count type="number">50</friends_count><geo_enabled type="boolean">false</geo_enabled><id type="number">38832074</id><lang type="string">en</lang><location type="string">Glasgow</location><name type="string">Alexander Belic</name><notifications class="object" null="true"/><profile_background_color type="string">022330</profile_background_color><profile_background_image_url type="string">http://s.twimg.com/a/1269020849/images/themes/theme15/bg.png</profile_background_image_url><profile_background_tile type="boolean">false</profile_background_tile><profile_image_url type="string">http://a1.twimg.com/profile_images/551296674/twitterProfilePhoto_normal.jpg</profile_image_url><profile_link_color type="string">d62b2b</profile_link_color><profile_sidebar_border_color type="string">a8c7f7</profile_sidebar_border_color><profile_sidebar_fill_color type="string">C0DFEC</profile_sidebar_fill_color><profile_text_color type="string">541515</profile_text_color><protected type="boolean">false</protected><screen_name type="string">Fr_MacKenzie</screen_name><statuses_count type="number">1144</statuses_count><time_zone type="string">Edinburgh</time_zone><url class="object" null="true"/><utc_offset type="number">0</utc_offset><verified type="boolean">false</verified></user></o>
