<?xml version="1.0" encoding="UTF-8"?>
<o><contributors class="object" null="true"/><coordinates class="object" null="true"/><created_at type="string">Thu Mar 25 22:41:56 +0000 2010</created_at><favorited type="boolean">false</favorited><geo class="object" null="true"/><id type="number">11057254165</id><in_reply_to_screen_name class="object" null="true"/><in_reply_to_status_id class="object" null="true"/><in_reply_to_user_id class="object" null="true"/><place class="object" null="true"/><source type="string">web</source><text type="string">Has never heard a person or seen a profile where they describe themselves as a Red Tory? Does such a thing exist in our Conservative Party?</text><truncated type="boolean">false</truncated><user class="object"><contributors_enabled type="boolean">false</contributors_enabled><created_at type="string">Sat Mar 14 23:26:51 +0000 2009</created_at><description type="string">International Politics Student, watches way to much TV and is always looking on the bright side</description><favourites_count type="number">13</favourites_count><followers_count type="number">310</followers_count><following class="object" null="true"/><friends_count type="number">217</friends_count><geo_enabled type="boolean">false</geo_enabled><id type="number">24449359</id><lang type="string">en</lang><location type="string">Portsmouth, UK</location><name type="string">Philip Cane</name><notifications class="object" null="true"/><profile_background_color type="string">d4c27f</profile_background_color><profile_background_image_url type="string">http://a3.twimg.com/profile_background_images/32978623/urban-grunge.jpg</profile_background_image_url><profile_background_tile type="boolean">false</profile_background_tile><profile_image_url type="string">http://a3.twimg.com/profile_images/736128791/twitterProfilePhoto_normal.jpg</profile_image_url><profile_link_color type="string">ed4d34</profile_link_color><profile_sidebar_border_color type="string">9ccc4f</profile_sidebar_border_color><profile_sidebar_fill_color type="string">9ccc4f</profile_sidebar_fill_color><profile_text_color type="string">000000</profile_text_color><protected type="boolean">false</protected><screen_name type="string">PhilCane</screen_name><statuses_count type="number">5392</statuses_count><time_zone type="string">London</time_zone><url type="string">http://www.facebook.com/profile.php?id=588339113</url><utc_offset type="number">0</utc_offset><verified type="boolean">false</verified></user></o>
