<?xml version="1.0" encoding="UTF-8"?>
<o><contributors class="object" null="true"/><coordinates class="object" null="true"/><created_at type="string">Thu Mar 25 22:06:00 +0000 2010</created_at><favorited type="boolean">false</favorited><geo class="object" null="true"/><id type="number">11055747589</id><in_reply_to_screen_name class="object" null="true"/><in_reply_to_status_id class="object" null="true"/><in_reply_to_user_id class="object" null="true"/><place class="object" null="true"/><source type="string">web</source><text type="string">Pudsey Labour PPC @jamiehanley has launched new website http://www.jamie4pudsey.com :)</text><truncated type="boolean">false</truncated><user class="object"><contributors_enabled type="boolean">false</contributors_enabled><created_at type="string">Sat Jan 24 20:19:54 +0000 2009</created_at><description type="string">23, clearly Labour. I would like to have met Oscar Wilde. Nice chap.  </description><favourites_count type="number">1</favourites_count><followers_count type="number">574</followers_count><following class="object" null="true"/><friends_count type="number">675</friends_count><geo_enabled type="boolean">false</geo_enabled><id type="number">19461424</id><lang type="string">en</lang><location type="string">Leeds, UK</location><name type="string">Bryony Victoria King</name><notifications class="object" null="true"/><profile_background_color type="string">160920</profile_background_color><profile_background_image_url type="string">http://a3.twimg.com/profile_background_images/58245765/leeds-takeasway.jpg</profile_background_image_url><profile_background_tile type="boolean">true</profile_background_tile><profile_image_url type="string">http://a3.twimg.com/profile_images/750574027/twitterProfilePhoto_normal.jpg</profile_image_url><profile_link_color type="string">d12323</profile_link_color><profile_sidebar_border_color type="string">0a0a0b</profile_sidebar_border_color><profile_sidebar_fill_color type="string">ffffff</profile_sidebar_fill_color><profile_text_color type="string">0d43d9</profile_text_color><protected type="boolean">false</protected><screen_name type="string">bryonyvk</screen_name><statuses_count type="number">5624</statuses_count><time_zone type="string">Tehran</time_zone><url type="string">http://www.bryonyvictoria.wordpress.com</url><utc_offset type="number">12600</utc_offset><verified type="boolean">false</verified></user></o>
