<?xml version="1.0" encoding="UTF-8"?>
<o><contributors class="object" null="true"/><coordinates class="object" null="true"/><created_at type="string">Thu Mar 25 22:12:49 +0000 2010</created_at><favorited type="boolean">false</favorited><geo class="object" null="true"/><id type="number">11056027905</id><in_reply_to_screen_name class="object" null="true"/><in_reply_to_status_id class="object" null="true"/><in_reply_to_user_id class="object" null="true"/><place class="object" null="true"/><retweeted_status class="object"><contributors class="object" null="true"/><coordinates class="object" null="true"/><created_at type="string">Thu Mar 25 20:00:04 +0000 2010</created_at><favorited type="boolean">false</favorited><geo class="object" null="true"/><id type="number">11050690653</id><in_reply_to_screen_name class="object" null="true"/><in_reply_to_status_id class="object" null="true"/><in_reply_to_user_id class="object" null="true"/><place class="object" null="true"/><source type="string">&lt;a href="http://apiwiki.twitter.com/" rel="nofollow"&gt;API&lt;/a&gt;</source><text type="string">Twitelection latest (25/03): Labour -71.43, Conservative -14.29, Liberal Democrats -14.29, Green Party 0,</text><truncated type="boolean">false</truncated><user class="object"><contributors_enabled type="boolean">false</contributors_enabled><created_at type="string">Wed Feb 10 14:07:47 +0000 2010</created_at><description type="string">Twitelection is the place for UK Twitter users to register opinion on the political parties in the run up to the UK General Election.</description><favourites_count type="number">0</favourites_count><followers_count type="number">914</followers_count><following class="object" null="true"/><friends_count type="number">891</friends_count><geo_enabled type="boolean">false</geo_enabled><id type="number">113038416</id><lang type="string">en</lang><location type="string">UK</location><name type="string">Twitelection</name><notifications class="object" null="true"/><profile_background_color type="string">e9e9e9</profile_background_color><profile_background_image_url type="string">http://a1.twimg.com/profile_background_images/75399458/twitelection_backgournd.png</profile_background_image_url><profile_background_tile type="boolean">false</profile_background_tile><profile_image_url type="string">http://a3.twimg.com/profile_images/697067133/twitelection_normal.png</profile_image_url><profile_link_color type="string">172c32</profile_link_color><profile_sidebar_border_color type="string">172c32</profile_sidebar_border_color><profile_sidebar_fill_color type="string">e3e3e3</profile_sidebar_fill_color><profile_text_color type="string">333333</profile_text_color><protected type="boolean">false</protected><screen_name type="string">twitelection</screen_name><statuses_count type="number">108</statuses_count><time_zone type="string">London</time_zone><url type="string">http://www.twitelection.com</url><utc_offset type="number">0</utc_offset><verified type="boolean">false</verified></user></retweeted_status><source type="string">&lt;a href="http://www.tweetdeck.com" rel="nofollow"&gt;TweetDeck&lt;/a&gt;</source><text type="string">RT @twitelection: Twitelection latest (25/03): Labour -71.43, Conservative -14.29, Liberal Democrats -14.29, Green Party 0,</text><truncated type="boolean">false</truncated><user class="object"><contributors_enabled type="boolean">false</contributors_enabled><created_at type="string">Fri Apr 25 16:36:14 +0000 2008</created_at><description type="string">Labour politician politics news sport author writer tv guy socialmedia blogger news site please follow back if i follow u debt/aid4trade/co2 i follow back</description><favourites_count type="number">11</favourites_count><followers_count type="number">26107</followers_count><following class="object" null="true"/><friends_count type="number">27274</friends_count><geo_enabled type="boolean">false</geo_enabled><id type="number">14528870</id><lang type="string">en</lang><location type="string">london, uk</location><name type="string">salman jafri</name><notifications class="object" null="true"/><profile_background_color type="string">ffffff</profile_background_color><profile_background_image_url type="string">http://a1.twimg.com/profile_background_images/83981244/2010-03-17_16-16-57_92.11.188.252.jpg</profile_background_image_url><profile_background_tile type="boolean">false</profile_background_tile><profile_image_url type="string">http://a3.twimg.com/profile_images/772850775/twitterProfilePhoto_normal.jpg</profile_image_url><profile_link_color type="string">0084b4</profile_link_color><profile_sidebar_border_color type="string">bddcad</profile_sidebar_border_color><profile_sidebar_fill_color type="string">ddffcd</profile_sidebar_fill_color><profile_text_color type="string">333333</profile_text_color><protected type="boolean">false</protected><screen_name type="string">salmanj10</screen_name><statuses_count type="number">98371</statuses_count><time_zone type="string">London</time_zone><url type="string">http://mrsalmanjafri.wordpress.com/</url><utc_offset type="number">0</utc_offset><verified type="boolean">false</verified></user></o>
