<?xml version="1.0" encoding="UTF-8"?>
<o><contributors class="object" null="true"/><coordinates class="object" null="true"/><created_at type="string">Thu Mar 25 22:48:53 +0000 2010</created_at><favorited type="boolean">false</favorited><geo class="object" null="true"/><id type="number">11057548174</id><in_reply_to_screen_name class="object" null="true"/><in_reply_to_status_id class="object" null="true"/><in_reply_to_user_id class="object" null="true"/><place class="object" null="true"/><source type="string">web</source><text type="string">Tory PPB with George Osborne was filmed before Alistair Darling said there would be deep cuts. Gaffe he was led into, or a savvy move?</text><truncated type="boolean">false</truncated><user class="object"><contributors_enabled type="boolean">false</contributors_enabled><created_at type="string">Sun Mar 15 02:22:00 +0000 2009</created_at><description type="string">Tweeting about politics, Labour, PR, the press, social media, climate change, the environment, social enteprise and innovation in cleantech industries.</description><favourites_count type="number">2</favourites_count><followers_count type="number">652</followers_count><following class="object" null="true"/><friends_count type="number">754</friends_count><geo_enabled type="boolean">false</geo_enabled><id type="number">24471995</id><lang type="string">en</lang><location type="string">London</location><name type="string">Tom Callow</name><notifications class="object" null="true"/><profile_background_color type="string">9ae4e8</profile_background_color><profile_background_image_url type="string">http://s.twimg.com/a/1269020849/images/themes/theme1/bg.png</profile_background_image_url><profile_background_tile type="boolean">false</profile_background_tile><profile_image_url type="string">http://a3.twimg.com/profile_images/696771321/55541945_normal.jpg</profile_image_url><profile_link_color type="string">0000ff</profile_link_color><profile_sidebar_border_color type="string">87bc44</profile_sidebar_border_color><profile_sidebar_fill_color type="string">e0ff92</profile_sidebar_fill_color><profile_text_color type="string">000000</profile_text_color><protected type="boolean">false</protected><screen_name type="string">tomcallow</screen_name><statuses_count type="number">2646</statuses_count><time_zone type="string">London</time_zone><url type="string">http://ge2010.org</url><utc_offset type="number">0</utc_offset><verified type="boolean">false</verified></user></o>
