<?xml version="1.0" encoding="UTF-8"?>
<o><contributors class="object" null="true"/><coordinates class="object" null="true"/><created_at type="string">Thu Mar 25 22:39:11 +0000 2010</created_at><favorited type="boolean">false</favorited><geo class="object" null="true"/><id type="number">11057136013</id><in_reply_to_screen_name class="object" null="true"/><in_reply_to_status_id class="object" null="true"/><in_reply_to_user_id class="object" null="true"/><place class="object" null="true"/><source type="string">&lt;a href="/devices" rel="nofollow"&gt;txt&lt;/a&gt;</source><text type="string">Watching PPB and George Osborne - his remarks make no sense when one considers Tory recessions</text><truncated type="boolean">false</truncated><user class="object"><contributors_enabled type="boolean">false</contributors_enabled><created_at type="string">Tue Mar 17 13:59:07 +0000 2009</created_at><description type="string">MP for Romsey</description><favourites_count type="number">0</favourites_count><followers_count type="number">1159</followers_count><following class="object" null="true"/><friends_count type="number">447</friends_count><geo_enabled type="boolean">false</geo_enabled><id type="number">24884587</id><lang type="string">en</lang><location type="string">Romsey, Hampshire and London</location><name type="string">Sandra Gidley</name><notifications class="object" null="true"/><profile_background_color type="string">8B542B</profile_background_color><profile_background_image_url type="string">http://s.twimg.com/a/1269281712/images/themes/theme8/bg.gif</profile_background_image_url><profile_background_tile type="boolean">false</profile_background_tile><profile_image_url type="string">http://a1.twimg.com/profile_images/482994238/New_Image_normal.JPG</profile_image_url><profile_link_color type="string">9D582E</profile_link_color><profile_sidebar_border_color type="string">D9B17E</profile_sidebar_border_color><profile_sidebar_fill_color type="string">EADEAA</profile_sidebar_fill_color><profile_text_color type="string">333333</profile_text_color><protected type="boolean">false</protected><screen_name type="string">SandraGidley</screen_name><statuses_count type="number">2339</statuses_count><time_zone type="string">London</time_zone><url type="string">http://sandragidley.org</url><utc_offset type="number">0</utc_offset><verified type="boolean">false</verified></user></o>
