<?xml version="1.0" encoding="UTF-8"?>
<o><contributors class="object" null="true"/><coordinates class="object" null="true"/><created_at type="string">Thu Mar 25 20:31:13 +0000 2010</created_at><favorited type="boolean">false</favorited><geo class="object" null="true"/><id type="number">11051924780</id><in_reply_to_screen_name class="object" null="true"/><in_reply_to_status_id class="object" null="true"/><in_reply_to_user_id class="object" null="true"/><place class="object" null="true"/><source type="string">&lt;a href="http://www.joedolson.com/articles/wp-to-twitter/" rel="nofollow"&gt;WP to Twitter&lt;/a&gt;</source><text type="string">New post: Struggling over fairness is Labour's main goal (http://www.pratichesociali.org/?p=6947)</text><truncated type="boolean">false</truncated><user class="object"><contributors_enabled type="boolean">false</contributors_enabled><created_at type="string">Sun Jan 10 21:31:55 +0000 2010</created_at><description type="string">E' un luogo di idee, commenti e riflessioni su tematiche sociali. Social Justice, Welfare State, Human Rights, Social Research, Good Practices are welcome here!</description><favourites_count type="number">105</favourites_count><followers_count type="number">34</followers_count><following class="object" null="true"/><friends_count type="number">75</friends_count><geo_enabled type="boolean">true</geo_enabled><id type="number">103672016</id><lang type="string">it</lang><location type="string">Pistoia</location><name type="string">Giovanni Paci</name><notifications class="object" null="true"/><profile_background_color type="string">deeff7</profile_background_color><profile_background_image_url type="string">http://a3.twimg.com/profile_background_images/68888065/Viaggio_Senegal_044.jpg</profile_background_image_url><profile_background_tile type="boolean">true</profile_background_tile><profile_image_url type="string">http://a3.twimg.com/profile_images/625168465/logo_pratichesociali48X48-1_normal.jpg</profile_image_url><profile_link_color type="string">0084B4</profile_link_color><profile_sidebar_border_color type="string">C0DEED</profile_sidebar_border_color><profile_sidebar_fill_color type="string">DDEEF6</profile_sidebar_fill_color><profile_text_color type="string">333333</profile_text_color><protected type="boolean">false</protected><screen_name type="string">pratichesociali</screen_name><statuses_count type="number">404</statuses_count><time_zone type="string">Rome</time_zone><url type="string">http://www.pratichesociali.org</url><utc_offset type="number">3600</utc_offset><verified type="boolean">false</verified></user></o>
