<?xml version="1.0" encoding="UTF-8"?>
<o><contributors class="object" null="true"/><coordinates class="object" null="true"/><created_at type="string">Thu Mar 25 21:58:53 +0000 2010</created_at><favorited type="boolean">false</favorited><geo class="object" null="true"/><id type="number">11055442494</id><in_reply_to_screen_name class="object" null="true"/><in_reply_to_status_id class="object" null="true"/><in_reply_to_user_id class="object" null="true"/><place class="object" null="true"/><source type="string">web</source><text type="string">&amp;gt;&amp;gt;&amp;gt; @Spaceprojects wants labour out and even more than @bradleyvast wants a home cooked meal....theres a party going on in there n i want in</text><truncated type="boolean">false</truncated><user class="object"><contributors_enabled type="boolean">false</contributors_enabled><created_at type="string">Thu Oct 08 20:43:38 +0000 2009</created_at><description type="string">Living in a castle surrounded by a moat full of sharks with laser sighted machine guns on their backs... come round for tea if you can swim fast enough..!!! </description><favourites_count type="number">2</favourites_count><followers_count type="number">371</followers_count><following class="object" null="true"/><friends_count type="number">109</friends_count><geo_enabled type="boolean">false</geo_enabled><id type="number">80938702</id><lang type="string">en</lang><location type="string">Somewhere far far away...</location><name type="string">Phil Barton</name><notifications class="object" null="true"/><profile_background_color type="string">221E03</profile_background_color><profile_background_image_url type="string">http://a3.twimg.com/profile_background_images/59572447/1260739407dollarnote.jpg</profile_background_image_url><profile_background_tile type="boolean">false</profile_background_tile><profile_image_url type="string">http://a3.twimg.com/profile_images/752450335/cropped_motor_normal.jpg</profile_image_url><profile_link_color type="string">4D4307</profile_link_color><profile_sidebar_border_color type="string">6B6464</profile_sidebar_border_color><profile_sidebar_fill_color type="string">B6A8A8</profile_sidebar_fill_color><profile_text_color type="string">000000</profile_text_color><protected type="boolean">false</protected><screen_name type="string">philster82</screen_name><statuses_count type="number">3708</statuses_count><time_zone type="string">London</time_zone><url class="object" null="true"/><utc_offset type="number">0</utc_offset><verified type="boolean">false</verified></user></o>
