<?xml version="1.0" encoding="UTF-8"?>
<o><contributors class="object" null="true"/><coordinates class="object" null="true"/><created_at type="string">Thu Mar 25 21:41:48 +0000 2010</created_at><favorited type="boolean">false</favorited><geo class="object" null="true"/><id type="number">11054741725</id><in_reply_to_screen_name class="object" null="true"/><in_reply_to_status_id class="object" null="true"/><in_reply_to_user_id class="object" null="true"/><place class="object" null="true"/><source type="string">web</source><text type="string">Ipsos/MORI poll in 56 key Labour marginals: Labour 41%, Tories 37% http://is.gd/aZfZp</text><truncated type="boolean">false</truncated><user class="object"><contributors_enabled type="boolean">false</contributors_enabled><created_at type="string">Sat Jun 28 20:05:09 +0000 2008</created_at><description type="string">Public health operative (2nd Class). I am not a marketing opportunity and I don't want to buy your shit.</description><favourites_count type="number">2</favourites_count><followers_count type="number">273</followers_count><following class="object" null="true"/><friends_count type="number">321</friends_count><geo_enabled type="boolean">false</geo_enabled><id type="number">15265562</id><lang type="string">en</lang><location type="string">Darlo Exile. Now in Lancashire</location><name type="string">Bob Roberts</name><notifications class="object" null="true"/><profile_background_color type="string">731702</profile_background_color><profile_background_image_url type="string">http://a3.twimg.com/profile_background_images/3177207/inhuman1.gif</profile_background_image_url><profile_background_tile type="boolean">false</profile_background_tile><profile_image_url type="string">http://a1.twimg.com/profile_images/706295266/Bob2_normal.jpg</profile_image_url><profile_link_color type="string">A62F03</profile_link_color><profile_sidebar_border_color type="string">D97C0B</profile_sidebar_border_color><profile_sidebar_fill_color type="string">401208</profile_sidebar_fill_color><profile_text_color type="string">0D0805</profile_text_color><protected type="boolean">false</protected><screen_name type="string">inhumanbeing</screen_name><statuses_count type="number">3686</statuses_count><time_zone type="string">London</time_zone><url type="string">http://www.inhumanbeings.com</url><utc_offset type="number">0</utc_offset><verified type="boolean">false</verified></user></o>
