<?xml version="1.0" encoding="UTF-8"?>
<o><contributors class="object" null="true"/><coordinates class="object" null="true"/><created_at type="string">Thu Mar 25 21:59:44 +0000 2010</created_at><favorited type="boolean">false</favorited><geo class="object" null="true"/><id type="number">11055477080</id><in_reply_to_screen_name class="object" null="true"/><in_reply_to_status_id class="object" null="true"/><in_reply_to_user_id class="object" null="true"/><place class="object" null="true"/><source type="string">&lt;a href="http://newzfor.me" rel="nofollow"&gt;NewzFor.me&lt;/a&gt;</source><text type="string">Tory Burch Debuts a Grateful Dead Homage - http://bit.ly/dgZluZ</text><truncated type="boolean">false</truncated><user class="object"><contributors_enabled type="boolean">false</contributors_enabled><created_at type="string">Sat Jan 31 22:53:06 +0000 2009</created_at><description type="string">IT ITK web-solutions online-marketing websites WAN LAN VPN security online </description><favourites_count type="number">0</favourites_count><followers_count type="number">2175</followers_count><following class="object" null="true"/><friends_count type="number">2041</friends_count><geo_enabled type="boolean">true</geo_enabled><id type="number">19836139</id><lang type="string">en</lang><location type="string">Frankfurt Munich Germany</location><name type="string">ccc-europe.de</name><notifications class="object" null="true"/><profile_background_color type="string">C0DEED</profile_background_color><profile_background_image_url type="string">http://a3.twimg.com/profile_background_images/57521887/3570379944_3a0e823c9b_o.jpg</profile_background_image_url><profile_background_tile type="boolean">false</profile_background_tile><profile_image_url type="string">http://a1.twimg.com/profile_images/556753572/bewerbungsbild_normal.jpg</profile_image_url><profile_link_color type="string">0084B4</profile_link_color><profile_sidebar_border_color type="string">C0DEED</profile_sidebar_border_color><profile_sidebar_fill_color type="string">DDEEF6</profile_sidebar_fill_color><profile_text_color type="string">333333</profile_text_color><protected type="boolean">false</protected><screen_name type="string">salesrabbit</screen_name><statuses_count type="number">917</statuses_count><time_zone type="string">Berlin</time_zone><url type="string">http://ccc-europe.de</url><utc_offset type="number">3600</utc_offset><verified type="boolean">false</verified></user></o>
