<?xml version="1.0" encoding="UTF-8"?>
<o><contributors class="object" null="true"/><coordinates class="object" null="true"/><created_at type="string">Thu Mar 25 22:38:49 +0000 2010</created_at><favorited type="boolean">false</favorited><geo class="object" null="true"/><id type="number">11057120926</id><in_reply_to_screen_name class="object" null="true"/><in_reply_to_status_id class="object" null="true"/><in_reply_to_user_id class="object" null="true"/><place class="object" null="true"/><source type="string">&lt;a href="http://www.tweetdeck.com" rel="nofollow"&gt;TweetDeck&lt;/a&gt;</source><text type="string">#partyelectionbroadcast STFU Osbourne.Like you care about our country, all politicians are corrupt, but IMO, Labour is the best option</text><truncated type="boolean">false</truncated><user class="object"><contributors_enabled type="boolean">false</contributors_enabled><created_at type="string">Thu Jul 30 22:32:53 +0000 2009</created_at><description type="string">I'm kinda strange, but I wouldn't have it any different :) I'm opinionated, but accepting... kind of ;D. I also LURRVE Big Brother, *bums BB*.</description><favourites_count type="number">13</favourites_count><followers_count type="number">184</followers_count><following class="object" null="true"/><friends_count type="number">139</friends_count><geo_enabled type="boolean">true</geo_enabled><id type="number">61618770</id><lang type="string">en</lang><location type="string">Stockport, UK</location><name type="string">Matt Durrant</name><notifications class="object" null="true"/><profile_background_color type="string">ffffff</profile_background_color><profile_background_image_url type="string">http://a3.twimg.com/profile_background_images/83722897/nvgreeninked.br.jpg</profile_background_image_url><profile_background_tile type="boolean">false</profile_background_tile><profile_image_url type="string">http://a3.twimg.com/profile_images/738817481/kkll_normal.jpg</profile_image_url><profile_link_color type="string">89ABB5</profile_link_color><profile_sidebar_border_color type="string">89ABB5</profile_sidebar_border_color><profile_sidebar_fill_color type="string">1B5761</profile_sidebar_fill_color><profile_text_color type="string">000000</profile_text_color><protected type="boolean">false</protected><screen_name type="string">MattDurrantx</screen_name><statuses_count type="number">7239</statuses_count><time_zone type="string">London</time_zone><url type="string">http://www.facebook.com/mattdaviddurrant</url><utc_offset type="number">0</utc_offset><verified type="boolean">false</verified></user></o>
