<?xml version="1.0" encoding="UTF-8"?>
<o><contributors class="object" null="true"/><coordinates class="object" null="true"/><created_at type="string">Thu Mar 25 22:43:12 +0000 2010</created_at><favorited type="boolean">false</favorited><geo class="object" null="true"/><id type="number">11057308103</id><in_reply_to_screen_name type="string">LyleD4D</in_reply_to_screen_name><in_reply_to_status_id type="number">11056232406</in_reply_to_status_id><in_reply_to_user_id type="number">2049951</in_reply_to_user_id><place class="object" null="true"/><source type="string">web</source><text type="string">@LyleD4D yeah just seen an old clip where he has long ish dark hair and looked v 1970s and was banging on in a cool anti-tory way</text><truncated type="boolean">false</truncated><user class="object"><contributors_enabled type="boolean">false</contributors_enabled><created_at type="string">Fri Jan 16 00:02:39 +0000 2009</created_at><description type="string">Travelling about in a random fashion</description><favourites_count type="number">0</favourites_count><followers_count type="number">87</followers_count><following class="object" null="true"/><friends_count type="number">55</friends_count><geo_enabled type="boolean">false</geo_enabled><id type="number">19046319</id><lang type="string">en</lang><location type="string"/><name type="string">Sarah J Peach</name><notifications class="object" null="true"/><profile_background_color type="string">26444a</profile_background_color><profile_background_image_url type="string">http://a1.twimg.com/profile_background_images/64904560/SDC11798.jpg</profile_background_image_url><profile_background_tile type="boolean">true</profile_background_tile><profile_image_url type="string">http://a3.twimg.com/profile_images/616491269/Photo_188_normal.jpg</profile_image_url><profile_link_color type="string">2fd6f9</profile_link_color><profile_sidebar_border_color type="string">011719</profile_sidebar_border_color><profile_sidebar_fill_color type="string">7b94ad</profile_sidebar_fill_color><profile_text_color type="string">1c1d2b</profile_text_color><protected type="boolean">false</protected><screen_name type="string">Peacharse</screen_name><statuses_count type="number">775</statuses_count><time_zone type="string">London</time_zone><url class="object" null="true"/><utc_offset type="number">0</utc_offset><verified type="boolean">false</verified></user></o>
