<?xml version="1.0" encoding="UTF-8"?>
<o><contributors class="object" null="true"/><coordinates class="object" null="true"/><created_at type="string">Thu Mar 25 22:43:38 +0000 2010</created_at><favorited type="boolean">false</favorited><geo class="object" null="true"/><id type="number">11057325866</id><in_reply_to_screen_name class="object" null="true"/><in_reply_to_status_id class="object" null="true"/><in_reply_to_user_id class="object" null="true"/><place class="object" null="true"/><source type="string">web</source><text type="string">Dump Labour &amp; The Tories  – Vote For The Best People Not A Party! http://dbir4.th8.us</text><truncated type="boolean">false</truncated><user class="object"><contributors_enabled type="boolean">false</contributors_enabled><created_at type="string">Sat Apr 18 17:54:27 +0000 2009</created_at><description type="string">Politically left I am concerned about poverty, human rights and justice. I despise racism, cruelty, discrimination, abuse and in particular abuse of children.</description><favourites_count type="number">0</favourites_count><followers_count type="number">266</followers_count><following class="object" null="true"/><friends_count type="number">176</friends_count><geo_enabled type="boolean">false</geo_enabled><id type="number">32957264</id><lang type="string">en</lang><location type="string">London at the moment</location><name type="string">Dave Knight</name><notifications class="object" null="true"/><profile_background_color type="string">0066ff</profile_background_color><profile_background_image_url type="string">http://a3.twimg.com/profile_background_images/34235193/2009-09-03_13-41-43_87.194.72.182.jpg</profile_background_image_url><profile_background_tile type="boolean">true</profile_background_tile><profile_image_url type="string">http://a1.twimg.com/profile_images/746110240/daveknight_normal.jpg</profile_image_url><profile_link_color type="string">0084b4</profile_link_color><profile_sidebar_border_color type="string">0066ff</profile_sidebar_border_color><profile_sidebar_fill_color type="string">00ccff</profile_sidebar_fill_color><profile_text_color type="string">333333</profile_text_color><protected type="boolean">false</protected><screen_name type="string">theduckshoot</screen_name><statuses_count type="number">2191</statuses_count><time_zone type="string">London</time_zone><url type="string">http://theduckshoot.com/blog</url><utc_offset type="number">0</utc_offset><verified type="boolean">false</verified></user></o>
