<?xml version="1.0" encoding="UTF-8"?>
<o><contributors class="object" null="true"/><coordinates class="object" null="true"/><created_at type="string">Thu Mar 25 21:02:17 +0000 2010</created_at><favorited type="boolean">false</favorited><geo class="object" null="true"/><id type="number">11053149972</id><in_reply_to_screen_name class="object" null="true"/><in_reply_to_status_id class="object" null="true"/><in_reply_to_user_id class="object" null="true"/><place class="object" null="true"/><source type="string">&lt;a href="http://posterous.com" rel="nofollow"&gt;Posterous&lt;/a&gt;</source><text type="string">Labour fights lobbying after expose - mirror.co.uk http://post.ly/VU5o</text><truncated type="boolean">false</truncated><user class="object"><contributors_enabled type="boolean">false</contributors_enabled><created_at type="string">Fri Feb 26 08:03:48 +0000 2010</created_at><description type="string">Hexham &amp; the UK need a 'new politics'  of integrity free of Party tribalism &amp; corruption.  Who will do it for Hexham: - Duffield, Ford, Opperman or Tinnion?</description><favourites_count type="number">0</favourites_count><followers_count type="number">27</followers_count><following class="object" null="true"/><friends_count type="number">51</friends_count><geo_enabled type="boolean">false</geo_enabled><id type="number">117681006</id><lang type="string">en</lang><location type="string">UK</location><name type="string">Hexham Matters</name><notifications class="object" null="true"/><profile_background_color type="string">B2DFDA</profile_background_color><profile_background_image_url type="string">http://s.twimg.com/a/1268953999/images/themes/theme13/bg.gif</profile_background_image_url><profile_background_tile type="boolean">false</profile_background_tile><profile_image_url type="string">http://a3.twimg.com/profile_images/740695993/twitterProfilePhoto_normal.jpg</profile_image_url><profile_link_color type="string">93A644</profile_link_color><profile_sidebar_border_color type="string">eeeeee</profile_sidebar_border_color><profile_sidebar_fill_color type="string">ffffff</profile_sidebar_fill_color><profile_text_color type="string">333333</profile_text_color><protected type="boolean">false</protected><screen_name type="string">RenewHexham</screen_name><statuses_count type="number">150</statuses_count><time_zone type="string">London</time_zone><url type="string">http://hexhammatters3.posterous.com/</url><utc_offset type="number">0</utc_offset><verified type="boolean">false</verified></user></o>
