<?xml version="1.0" encoding="UTF-8"?>
<o><contributors class="object" null="true"/><coordinates class="object" null="true"/><created_at type="string">Thu Mar 25 21:28:59 +0000 2010</created_at><favorited type="boolean">false</favorited><geo class="object" null="true"/><id type="number">11054221948</id><in_reply_to_screen_name type="string">jontymisra</in_reply_to_screen_name><in_reply_to_status_id type="number">11053808056</in_reply_to_status_id><in_reply_to_user_id type="number">14560565</in_reply_to_user_id><place class="object" null="true"/><source type="string">&lt;a href="http://echofon.com/" rel="nofollow"&gt;Echofon&lt;/a&gt;</source><text type="string">@jontymisra employment law focusing on labour laws</text><truncated type="boolean">false</truncated><user class="object"><contributors_enabled type="boolean">false</contributors_enabled><created_at type="string">Thu Feb 19 19:59:06 +0000 2009</created_at><description type="string"/><favourites_count type="number">49</favourites_count><followers_count type="number">498</followers_count><following class="object" null="true"/><friends_count type="number">39</friends_count><geo_enabled type="boolean">false</geo_enabled><id type="number">21332777</id><lang type="string">en</lang><location type="string">iPhone: 43.477951,-79.672256</location><name type="string">sbmczh</name><notifications class="object" null="true"/><profile_background_color type="string">ee1481</profile_background_color><profile_background_image_url type="string">http://a3.twimg.com/profile_background_images/83874997/bg.jpg</profile_background_image_url><profile_background_tile type="boolean">true</profile_background_tile><profile_image_url type="string">http://a1.twimg.com/profile_images/762761464/Picture_1_normal.png</profile_image_url><profile_link_color type="string">14dcee</profile_link_color><profile_sidebar_border_color type="string">ee1481</profile_sidebar_border_color><profile_sidebar_fill_color type="string">10284c</profile_sidebar_fill_color><profile_text_color type="string">ee1481</profile_text_color><protected type="boolean">false</protected><screen_name type="string">sbmczh</screen_name><statuses_count type="number">64426</statuses_count><time_zone type="string">Eastern Time (US &amp; Canada)</time_zone><url type="string">http://www.sbmczh.com</url><utc_offset type="number">-18000</utc_offset><verified type="boolean">false</verified></user></o>
