<?xml version="1.0" encoding="UTF-8"?>
<o><contributors class="object" null="true"/><coordinates class="object" null="true"/><created_at type="string">Thu Mar 25 22:40:06 +0000 2010</created_at><favorited type="boolean">false</favorited><geo class="object" null="true"/><id type="number">11057175381</id><in_reply_to_screen_name class="object" null="true"/><in_reply_to_status_id class="object" null="true"/><in_reply_to_user_id class="object" null="true"/><place class="object" null="true"/><source type="string">&lt;a href="http://apiwiki.twitter.com/" rel="nofollow"&gt;API&lt;/a&gt;</source><text type="string">#ALDEADLE #LibDem Local Labour MPs blocked 2006 lobby reforms http://budurl.com/s3f5</text><truncated type="boolean">false</truncated><user class="object"><contributors_enabled type="boolean">false</contributors_enabled><created_at type="string">Tue Jul 07 22:44:09 +0000 2009</created_at><description type="string">The LiveStream of the activities of the ALDE ADLE Group Members over the web - Multilingual [by Alberto Novi ⌘]</description><favourites_count type="number">0</favourites_count><followers_count type="number">78</followers_count><following class="object" null="true"/><friends_count type="number">57</friends_count><geo_enabled type="boolean">true</geo_enabled><id type="number">54706584</id><lang type="string">en</lang><location type="string">Brussels, BELGIUM</location><name type="string">ALDE ADLE Group</name><notifications class="object" null="true"/><profile_background_color type="string">4d7cc1</profile_background_color><profile_background_image_url type="string">http://a1.twimg.com/profile_background_images/75936572/aldeadlebanner-twitter.png</profile_background_image_url><profile_background_tile type="boolean">false</profile_background_tile><profile_image_url type="string">http://a3.twimg.com/profile_images/304239701/aldeadle-share-2_normal.png</profile_image_url><profile_link_color type="string">3c5999</profile_link_color><profile_sidebar_border_color type="string">3c5999</profile_sidebar_border_color><profile_sidebar_fill_color type="string">ffd557</profile_sidebar_fill_color><profile_text_color type="string">333333</profile_text_color><protected type="boolean">false</protected><screen_name type="string">ALDEADLEshare</screen_name><statuses_count type="number">1591</statuses_count><time_zone type="string">Brussels</time_zone><url type="string">http://budurl.com/AAonTWITTER</url><utc_offset type="number">3600</utc_offset><verified type="boolean">false</verified></user></o>
