<?xml version="1.0" encoding="UTF-8"?>
<o><contributors class="object" null="true"/><coordinates class="object" null="true"/><created_at type="string">Thu Mar 25 21:58:13 +0000 2010</created_at><favorited type="boolean">false</favorited><geo class="object" null="true"/><id type="number">11055414774</id><in_reply_to_screen_name class="object" null="true"/><in_reply_to_status_id class="object" null="true"/><in_reply_to_user_id class="object" null="true"/><place class="object" null="true"/><source type="string">web</source><text type="string">Graph of tory smugness, spectacularly funny http://is.gd/aZhaP</text><truncated type="boolean">false</truncated><user class="object"><contributors_enabled type="boolean">false</contributors_enabled><created_at type="string">Sat Feb 14 18:02:31 +0000 2009</created_at><description type="string">Beer, football, girls and accordion.</description><favourites_count type="number">48</favourites_count><followers_count type="number">39</followers_count><following class="object" null="true"/><friends_count type="number">101</friends_count><geo_enabled type="boolean">false</geo_enabled><id type="number">20861142</id><lang type="string">en</lang><location type="string">Halifax, Yorkshire</location><name type="string">Robert Philip White</name><notifications class="object" null="true"/><profile_background_color type="string">e6d1c7</profile_background_color><profile_background_image_url type="string">http://a3.twimg.com/profile_background_images/4495877/floralbackground.jpg</profile_background_image_url><profile_background_tile type="boolean">true</profile_background_tile><profile_image_url type="string">http://a3.twimg.com/profile_images/720475789/sealclubbingsmall_normal.jpg</profile_image_url><profile_link_color type="string">51595c</profile_link_color><profile_sidebar_border_color type="string">c8bfb6</profile_sidebar_border_color><profile_sidebar_fill_color type="string">e7ded5</profile_sidebar_fill_color><profile_text_color type="string">847171</profile_text_color><protected type="boolean">false</protected><screen_name type="string">robandrobility</screen_name><statuses_count type="number">237</statuses_count><time_zone type="string">London</time_zone><url type="string">http://facebook.com/bestmalenewcomer</url><utc_offset type="number">0</utc_offset><verified type="boolean">false</verified></user></o>
