<?xml version="1.0" encoding="UTF-8"?>
<o><contributors class="object" null="true"/><coordinates class="object" null="true"/><created_at type="string">Thu Mar 25 22:40:34 +0000 2010</created_at><favorited type="boolean">false</favorited><geo class="object" null="true"/><id type="number">11057196362</id><in_reply_to_screen_name class="object" null="true"/><in_reply_to_status_id class="object" null="true"/><in_reply_to_user_id class="object" null="true"/><place class="object" null="true"/><source type="string">&lt;a href="http://apiwiki.twitter.com/" rel="nofollow"&gt;API&lt;/a&gt;</source><text type="string">RT @andyreeves Latest post&amp;gt; Tory LGB group in turmoil over Cameron's catastrophic gay times interview http://bit.ly/9fOvy2 #lgbt</text><truncated type="boolean">false</truncated><user class="object"><contributors_enabled type="boolean">false</contributors_enabled><created_at type="string">Fri Apr 10 11:01:54 +0000 2009</created_at><description type="string">Grassroots Political Reaction</description><favourites_count type="number">0</favourites_count><followers_count type="number">423</followers_count><following class="object" null="true"/><friends_count type="number">255</friends_count><geo_enabled type="boolean">false</geo_enabled><id type="number">30197729</id><lang type="string">en</lang><location type="string">Speakers Chair, House of Twits</location><name type="string">HouseofTwitsLib</name><notifications class="object" null="true"/><profile_background_color type="string">ffffff</profile_background_color><profile_background_image_url type="string">http://a3.twimg.com/profile_background_images/50881111/Picture_9.jpg</profile_background_image_url><profile_background_tile type="boolean">false</profile_background_tile><profile_image_url type="string">http://a3.twimg.com/profile_images/654711611/Picture_5_normal.jpg</profile_image_url><profile_link_color type="string">0084B4</profile_link_color><profile_sidebar_border_color type="string">BDDCAD</profile_sidebar_border_color><profile_sidebar_fill_color type="string">DDFFCC</profile_sidebar_fill_color><profile_text_color type="string">333333</profile_text_color><protected type="boolean">false</protected><screen_name type="string">HouseofTwitsLib</screen_name><statuses_count type="number">5316</statuses_count><time_zone type="string">London</time_zone><url type="string">http://www.houseoftwits.co.uk</url><utc_offset type="number">0</utc_offset><verified type="boolean">false</verified></user></o>
