<?xml version="1.0" encoding="UTF-8"?>
<o><contributors class="object" null="true"/><coordinates class="object" null="true"/><created_at type="string">Thu Mar 25 21:46:04 +0000 2010</created_at><favorited type="boolean">false</favorited><geo class="object" null="true"/><id type="number">11054916530</id><in_reply_to_screen_name class="object" null="true"/><in_reply_to_status_id class="object" null="true"/><in_reply_to_user_id class="object" null="true"/><place class="object" null="true"/><source type="string">&lt;a href="http://www.feedly.com" rel="nofollow"&gt;feedly&lt;/a&gt;</source><text type="string">Budget 2010: 10m families have lost out in Labour’s tax changes - Telegraph http://bit.ly/aybUpk</text><truncated type="boolean">false</truncated><user class="object"><contributors_enabled type="boolean">false</contributors_enabled><created_at type="string">Sun Feb 25 13:37:14 +0000 2007</created_at><description type="string">just a guy who likes games, gadgets and technology</description><favourites_count type="number">38</favourites_count><followers_count type="number">391</followers_count><following class="object" null="true"/><friends_count type="number">324</friends_count><geo_enabled type="boolean">false</geo_enabled><id type="number">793695</id><lang type="string">en</lang><location type="string">Brackley (UK)</location><name type="string">Andrew Terry</name><notifications class="object" null="true"/><profile_background_color type="string">9ae4e8</profile_background_color><profile_background_image_url type="string">http://a1.twimg.com/profile_background_images/63632/nantucket.jpg</profile_background_image_url><profile_background_tile type="boolean">false</profile_background_tile><profile_image_url type="string">http://a3.twimg.com/profile_images/435405185/myAvatar_normal.jpg</profile_image_url><profile_link_color type="string">0000ff</profile_link_color><profile_sidebar_border_color type="string">87bc44</profile_sidebar_border_color><profile_sidebar_fill_color type="string">e0ff92</profile_sidebar_fill_color><profile_text_color type="string">000000</profile_text_color><protected type="boolean">false</protected><screen_name type="string">AndrewTerry</screen_name><statuses_count type="number">3735</statuses_count><time_zone type="string">London</time_zone><url type="string">http://andrewterry.com</url><utc_offset type="number">0</utc_offset><verified type="boolean">false</verified></user></o>
