<?xml version="1.0" encoding="UTF-8"?>
<o><contributors class="object" null="true"/><coordinates class="object" null="true"/><created_at type="string">Thu Mar 25 21:10:45 +0000 2010</created_at><favorited type="boolean">false</favorited><geo class="object" null="true"/><id type="number">11053486750</id><in_reply_to_screen_name type="string">EllieMo1</in_reply_to_screen_name><in_reply_to_status_id class="object" null="true"/><in_reply_to_user_id type="number">22366146</in_reply_to_user_id><place class="object" null="true"/><source type="string">&lt;a href="http://www.tweetdeck.com/" rel="nofollow"&gt;TweetDeck&lt;/a&gt;</source><text type="string">@EllieMo1 Managerial decision that Labour have spoken out about. Allocation for Glos PCT increased over 5% this year.</text><truncated type="boolean">false</truncated><user class="object"><contributors_enabled type="boolean">false</contributors_enabled><created_at type="string">Sat Jun 20 22:49:12 +0000 2009</created_at><description type="string">Labour PPC for Cheltenham&#x0D;
&#x0D;
P&amp;P by Brian Hughes on behalf of James Green, both at 67 Clarence St, Cheltenham, GL50 3LB</description><favourites_count type="number">0</favourites_count><followers_count type="number">202</followers_count><following class="object" null="true"/><friends_count type="number">427</friends_count><geo_enabled type="boolean">false</geo_enabled><id type="number">49147821</id><lang type="string">en</lang><location type="string">London/ Cheltenham</location><name type="string">James Green</name><notifications class="object" null="true"/><profile_background_color type="string">EBEBEB</profile_background_color><profile_background_image_url type="string">http://s.twimg.com/a/1269387398/images/themes/theme7/bg.gif</profile_background_image_url><profile_background_tile type="boolean">false</profile_background_tile><profile_image_url type="string">http://a1.twimg.com/profile_images/733699012/twitterProfilePhoto_normal.jpg</profile_image_url><profile_link_color type="string">990000</profile_link_color><profile_sidebar_border_color type="string">DFDFDF</profile_sidebar_border_color><profile_sidebar_fill_color type="string">F3F3F3</profile_sidebar_fill_color><profile_text_color type="string">333333</profile_text_color><protected type="boolean">false</protected><screen_name type="string">james4chelt</screen_name><statuses_count type="number">240</statuses_count><time_zone type="string">London</time_zone><url type="string">http://www.jamesgreen.org.uk</url><utc_offset type="number">0</utc_offset><verified type="boolean">false</verified></user></o>
