<?xml version="1.0" encoding="UTF-8"?>
<o><contributors class="object" null="true"/><coordinates class="object" null="true"/><created_at type="string">Thu Mar 25 21:46:18 +0000 2010</created_at><favorited type="boolean">false</favorited><geo class="object" null="true"/><id type="number">11054925730</id><in_reply_to_screen_name class="object" null="true"/><in_reply_to_status_id class="object" null="true"/><in_reply_to_user_id class="object" null="true"/><place class="object" null="true"/><source type="string">&lt;a href="http://www.tweetdeck.com" rel="nofollow"&gt;TweetDeck&lt;/a&gt;</source><text type="string">RT @Daily_Telegraph: Four-day rail strike after Easter weekend to bring chaos http://bit.ly/b1Dq7e |Welcome to New Labour Britain</text><truncated type="boolean">false</truncated><user class="object"><contributors_enabled type="boolean">false</contributors_enabled><created_at type="string">Mon Aug 24 08:26:38 +0000 2009</created_at><description type="string">lawyer; tech; IP; antitrust; contract; author; speaker; lover of spaniels, food; travel; proud Scot; optimist (need to be)</description><favourites_count type="number">1</favourites_count><followers_count type="number">238</followers_count><following class="object" null="true"/><friends_count type="number">186</friends_count><geo_enabled type="boolean">false</geo_enabled><id type="number">68361107</id><lang type="string">en</lang><location type="string">Scotland</location><name type="string">David Flint</name><notifications class="object" null="true"/><profile_background_color type="string">9AE4E8</profile_background_color><profile_background_image_url type="string">http://a3.twimg.com/profile_background_images/84884235/twilk_background_4ba5f2aa3b93f.jpg</profile_background_image_url><profile_background_tile type="boolean">true</profile_background_tile><profile_image_url type="string">http://a1.twimg.com/profile_images/685947910/doubleflag_normal.jpg</profile_image_url><profile_link_color type="string">0084B4</profile_link_color><profile_sidebar_border_color type="string">BDDCAD</profile_sidebar_border_color><profile_sidebar_fill_color type="string">DDFFCC</profile_sidebar_fill_color><profile_text_color type="string">333333</profile_text_color><protected type="boolean">false</protected><screen_name type="string">dfscot</screen_name><statuses_count type="number">3288</statuses_count><time_zone type="string">Edinburgh</time_zone><url class="object" null="true"/><utc_offset type="number">0</utc_offset><verified type="boolean">false</verified></user></o>
