<?xml version="1.0" encoding="UTF-8"?>
<o><contributors class="object" null="true"/><coordinates class="object" null="true"/><created_at type="string">Thu Mar 25 21:38:58 +0000 2010</created_at><favorited type="boolean">false</favorited><geo class="object" null="true"/><id type="number">11054627392</id><in_reply_to_screen_name class="object" null="true"/><in_reply_to_status_id class="object" null="true"/><in_reply_to_user_id class="object" null="true"/><place class="object" null="true"/><source type="string">web</source><text type="string">Worse luck - finally get a job interview and it coincides with Red Tory launch party #ohforgodssake</text><truncated type="boolean">false</truncated><user class="object"><contributors_enabled type="boolean">false</contributors_enabled><created_at type="string">Wed May 06 16:38:49 +0000 2009</created_at><description type="string"/><favourites_count type="number">0</favourites_count><followers_count type="number">41</followers_count><following class="object" null="true"/><friends_count type="number">43</friends_count><geo_enabled type="boolean">false</geo_enabled><id type="number">38218622</id><lang type="string">en</lang><location type="string"/><name type="string">Michael Merrick</name><notifications class="object" null="true"/><profile_background_color type="string">C6E2EE</profile_background_color><profile_background_image_url type="string">http://s.twimg.com/a/1268861138/images/themes/theme2/bg.gif</profile_background_image_url><profile_background_tile type="boolean">false</profile_background_tile><profile_image_url type="string">http://a3.twimg.com/profile_images/200836845/n798815426_3396312_337_normal.jpg</profile_image_url><profile_link_color type="string">1F98C7</profile_link_color><profile_sidebar_border_color type="string">C6E2EE</profile_sidebar_border_color><profile_sidebar_fill_color type="string">DAECF4</profile_sidebar_fill_color><profile_text_color type="string">663B12</profile_text_color><protected type="boolean">false</protected><screen_name type="string">Michael_Merrick</screen_name><statuses_count type="number">483</statuses_count><time_zone type="string">London</time_zone><url type="string">http://michaeltmerrick.wordpress.com/</url><utc_offset type="number">0</utc_offset><verified type="boolean">false</verified></user></o>
