<?xml version="1.0" encoding="UTF-8"?>
<o><contributors class="object" null="true"/><coordinates class="object" null="true"/><created_at type="string">Thu Mar 25 22:06:25 +0000 2010</created_at><favorited type="boolean">false</favorited><geo class="object" null="true"/><id type="number">11055765226</id><in_reply_to_screen_name class="object" null="true"/><in_reply_to_status_id class="object" null="true"/><in_reply_to_user_id class="object" null="true"/><place class="object" null="true"/><retweeted_status class="object"><contributors class="object" null="true"/><coordinates class="object" null="true"/><created_at type="string">Thu Mar 25 17:30:18 +0000 2010</created_at><favorited type="boolean">false</favorited><geo class="object" null="true"/><id type="number">11044725076</id><in_reply_to_screen_name class="object" null="true"/><in_reply_to_status_id class="object" null="true"/><in_reply_to_user_id class="object" null="true"/><place class="object" null="true"/><source type="string">web</source><text type="string">Labour will make cuts greater than Magaret Thatcher if they win the election to correct their waste   #labour</text><truncated type="boolean">false</truncated><user class="object"><contributors_enabled type="boolean">false</contributors_enabled><created_at type="string">Tue Jun 30 17:00:58 +0000 2009</created_at><description type="string">Sports fan&#x0D;
Conservative supporter&#x0D;
Father&#x0D;
Worker&#x0D;
Current affairs&#x0D;
Blue Nile fan</description><favourites_count type="number">1</favourites_count><followers_count type="number">40</followers_count><following class="object" null="true"/><friends_count type="number">133</friends_count><geo_enabled type="boolean">false</geo_enabled><id type="number">52450175</id><lang type="string">en</lang><location type="string">Finchampstead</location><name type="string">Charles Margetts</name><notifications class="object" null="true"/><profile_background_color type="string">C0DEED</profile_background_color><profile_background_image_url type="string">http://s.twimg.com/a/1269387398/images/themes/theme1/bg.png</profile_background_image_url><profile_background_tile type="boolean">false</profile_background_tile><profile_image_url type="string">http://s.twimg.com/a/1269387398/images/default_profile_1_normal.png</profile_image_url><profile_link_color type="string">0084B4</profile_link_color><profile_sidebar_border_color type="string">C0DEED</profile_sidebar_border_color><profile_sidebar_fill_color type="string">DDEEF6</profile_sidebar_fill_color><profile_text_color type="string">333333</profile_text_color><protected type="boolean">false</protected><screen_name type="string">Charlesm186</screen_name><statuses_count type="number">759</statuses_count><time_zone type="string">London</time_zone><url type="string">http://www.finchampstead-north-conservatives.webeden.co.uk</url><utc_offset type="number">0</utc_offset><verified type="boolean">false</verified></user></retweeted_status><source type="string">web</source><text type="string">RT @Charlesm186: Labour will make cuts greater than Magaret Thatcher if they win the election to correct their waste   #labour</text><truncated type="boolean">false</truncated><user class="object"><contributors_enabled type="boolean">false</contributors_enabled><created_at type="string">Thu Mar 18 14:28:38 +0000 2010</created_at><description type="string">Occasional political commentator who can't stand Gordon Brown and doesn't care who knows it!</description><favourites_count type="number">16</favourites_count><followers_count type="number">74</followers_count><following class="object" null="true"/><friends_count type="number">108</friends_count><geo_enabled type="boolean">false</geo_enabled><id type="number">124179484</id><lang type="string">en</lang><location type="string"/><name type="string">sarah, portsmouth </name><notifications class="object" null="true"/><profile_background_color type="string">ACDED6</profile_background_color><profile_background_image_url type="string">http://s.twimg.com/a/1269387398/images/themes/theme18/bg.gif</profile_background_image_url><profile_background_tile type="boolean">false</profile_background_tile><profile_image_url type="string">http://a3.twimg.com/profile_images/764458525/twitterProfilePhoto_normal.jpg</profile_image_url><profile_link_color type="string">038543</profile_link_color><profile_sidebar_border_color type="string">EEEEEE</profile_sidebar_border_color><profile_sidebar_fill_color type="string">F6F6F6</profile_sidebar_fill_color><profile_text_color type="string">333333</profile_text_color><protected type="boolean">false</protected><screen_name type="string">SarahPortsmth</screen_name><statuses_count type="number">815</statuses_count><time_zone class="object" null="true"/><url class="object" null="true"/><utc_offset class="object" null="true"/><verified type="boolean">false</verified></user></o>
