<?xml version="1.0" encoding="UTF-8"?>
<o><contributors class="object" null="true"/><coordinates class="object" null="true"/><created_at type="string">Thu Mar 25 22:41:21 +0000 2010</created_at><favorited type="boolean">false</favorited><geo class="object" null="true"/><id type="number">11057229366</id><in_reply_to_screen_name type="string">spiderplant88</in_reply_to_screen_name><in_reply_to_status_id type="number">11057165716</in_reply_to_status_id><in_reply_to_user_id type="number">40566291</in_reply_to_user_id><place class="object" null="true"/><source type="string">web</source><text type="string">@spiderplant88 ill get my own Tory dog one day hahaha</text><truncated type="boolean">false</truncated><user class="object"><contributors_enabled type="boolean">false</contributors_enabled><created_at type="string">Wed Apr 29 14:30:17 +0000 2009</created_at><description type="string">Let me please introduce myself, im a man of wealth and taste</description><favourites_count type="number">0</favourites_count><followers_count type="number">101</followers_count><following class="object" null="true"/><friends_count type="number">92</friends_count><geo_enabled type="boolean">false</geo_enabled><id type="number">36370040</id><lang type="string">en</lang><location type="string">Northumberland</location><name type="string">Christopher Wallis</name><notifications class="object" null="true"/><profile_background_color type="string">C0DEED</profile_background_color><profile_background_image_url type="string">http://a1.twimg.com/profile_background_images/78684612/twitter_2_no_boxes.jpg</profile_background_image_url><profile_background_tile type="boolean">false</profile_background_tile><profile_image_url type="string">http://a3.twimg.com/profile_images/713931837/twitterProfilePhoto_normal.jpg</profile_image_url><profile_link_color type="string">0084B4</profile_link_color><profile_sidebar_border_color type="string">C0DEED</profile_sidebar_border_color><profile_sidebar_fill_color type="string">DDEEF6</profile_sidebar_fill_color><profile_text_color type="string">333333</profile_text_color><protected type="boolean">false</protected><screen_name type="string">chris_aka_wally</screen_name><statuses_count type="number">3893</statuses_count><time_zone type="string">London</time_zone><url type="string">http://www.facebook.com/people/Christopher-Wallis/593287007</url><utc_offset type="number">0</utc_offset><verified type="boolean">false</verified></user></o>
