<?xml version="1.0" encoding="UTF-8"?>
<o><contributors class="object" null="true"/><coordinates class="object" null="true"/><created_at type="string">Thu Mar 25 22:08:13 +0000 2010</created_at><favorited type="boolean">false</favorited><geo class="object" null="true"/><id type="number">11055838139</id><in_reply_to_screen_name class="object" null="true"/><in_reply_to_status_id class="object" null="true"/><in_reply_to_user_id class="object" null="true"/><place class="object" null="true"/><source type="string">web</source><text type="string">Unions should think about way they are behaving; times might be hard but with an election in less than two months, labour are the best hope.</text><truncated type="boolean">false</truncated><user class="object"><contributors_enabled type="boolean">false</contributors_enabled><created_at type="string">Fri Apr 17 13:49:22 +0000 2009</created_at><description type="string">Food, friends and svarus - fuel for the engine of life</description><favourites_count type="number">12</favourites_count><followers_count type="number">52</followers_count><following class="object" null="true"/><friends_count type="number">45</friends_count><geo_enabled type="boolean">false</geo_enabled><id type="number">32410535</id><lang type="string">en</lang><location type="string">N 54°30' 0'' / W 1°18' 0''</location><name type="string">Jordan Hall</name><notifications class="object" null="true"/><profile_background_color type="string">131516</profile_background_color><profile_background_image_url type="string">http://s.twimg.com/a/1269281712/images/themes/theme14/bg.gif</profile_background_image_url><profile_background_tile type="boolean">true</profile_background_tile><profile_image_url type="string">http://a1.twimg.com/profile_images/620115778/050_normal.jpg</profile_image_url><profile_link_color type="string">009999</profile_link_color><profile_sidebar_border_color type="string">eeeeee</profile_sidebar_border_color><profile_sidebar_fill_color type="string">efefef</profile_sidebar_fill_color><profile_text_color type="string">333333</profile_text_color><protected type="boolean">false</protected><screen_name type="string">jordanBhall</screen_name><statuses_count type="number">1124</statuses_count><time_zone type="string">London</time_zone><url class="object" null="true"/><utc_offset type="number">0</utc_offset><verified type="boolean">false</verified></user></o>
