<?xml version="1.0" encoding="UTF-8"?>
<o><contributors class="object" null="true"/><coordinates class="object" null="true"/><created_at type="string">Thu Mar 25 22:27:08 +0000 2010</created_at><favorited type="boolean">false</favorited><geo class="object" null="true"/><id type="number">11056624996</id><in_reply_to_screen_name class="object" null="true"/><in_reply_to_status_id class="object" null="true"/><in_reply_to_user_id class="object" null="true"/><place class="object" null="true"/><retweeted_status class="object"><contributors class="object" null="true"/><coordinates class="object" null="true"/><created_at type="string">Thu Mar 25 22:24:44 +0000 2010</created_at><favorited type="boolean">false</favorited><geo class="object" null="true"/><id type="number">11056524546</id><in_reply_to_screen_name class="object" null="true"/><in_reply_to_status_id class="object" null="true"/><in_reply_to_user_id class="object" null="true"/><place class="object" null="true"/><source type="string">web</source><text type="string">thinks many tweeters don't understand polls; incidentally have answers from #Populus founder re that Tory-Unite poll, blogpost soon</text><truncated type="boolean">false</truncated><user class="object"><contributors_enabled type="boolean">false</contributors_enabled><created_at type="string">Sat Feb 14 21:26:34 +0000 2009</created_at><description type="string">Manchester based blogger, writer, trustee, researcher, arts consultant</description><favourites_count type="number">5</favourites_count><followers_count type="number">1077</followers_count><following class="object" null="true"/><friends_count type="number">500</friends_count><geo_enabled type="boolean">false</geo_enabled><id type="number">20872529</id><lang type="string">en</lang><location type="string">Manchester</location><name type="string">Chris Paul</name><notifications class="object" null="true"/><profile_background_color type="string">9ae4e8</profile_background_color><profile_background_image_url type="string">http://s.twimg.com/a/1269387398/images/themes/theme1/bg.png</profile_background_image_url><profile_background_tile type="boolean">false</profile_background_tile><profile_image_url type="string">http://a1.twimg.com/profile_images/505407604/twitterProfilePhoto_normal.jpg</profile_image_url><profile_link_color type="string">0000ff</profile_link_color><profile_sidebar_border_color type="string">87bc44</profile_sidebar_border_color><profile_sidebar_fill_color type="string">e0ff92</profile_sidebar_fill_color><profile_text_color type="string">000000</profile_text_color><protected type="boolean">false</protected><screen_name type="string">ChrispLOL</screen_name><statuses_count type="number">16440</statuses_count><time_zone type="string">London</time_zone><url type="string">http://chrispaul-labouroflove.blogspot.com</url><utc_offset type="number">0</utc_offset><verified type="boolean">false</verified></user></retweeted_status><source type="string">&lt;a href="http://mobile.twitter.com" rel="nofollow"&gt;mobile web&lt;/a&gt;</source><text type="string">RT @ChrispLOL: thinks many tweeters don't understand polls; incidentally have answers from #Populus founder re that Tory-Unite poll, blo ...</text><truncated type="boolean">true</truncated><user class="object"><contributors_enabled type="boolean">false</contributors_enabled><created_at type="string">Mon Jan 12 04:26:33 +0000 2009</created_at><description type="string">Teacher, media relations, constitutional advisor, husband and father, friend.</description><favourites_count type="number">220</favourites_count><followers_count type="number">610</followers_count><following class="object" null="true"/><friends_count type="number">629</friends_count><geo_enabled type="boolean">true</geo_enabled><id type="number">18891281</id><lang type="string">en</lang><location type="string">Old St Pancras, London</location><name type="string">paulstpancras</name><notifications class="object" null="true"/><profile_background_color type="string">EBEBEB</profile_background_color><profile_background_image_url type="string">http://s.twimg.com/a/1269387398/images/themes/theme7/bg.gif</profile_background_image_url><profile_background_tile type="boolean">false</profile_background_tile><profile_image_url type="string">http://a1.twimg.com/profile_images/624843340/twitterProfilePhoto_normal.jpg</profile_image_url><profile_link_color type="string">990000</profile_link_color><profile_sidebar_border_color type="string">DFDFDF</profile_sidebar_border_color><profile_sidebar_fill_color type="string">F3F3F3</profile_sidebar_fill_color><profile_text_color type="string">333333</profile_text_color><protected type="boolean">false</protected><screen_name type="string">paulstpancras</screen_name><statuses_count type="number">7658</statuses_count><time_zone type="string">London</time_zone><url class="object" null="true"/><utc_offset type="number">0</utc_offset><verified type="boolean">false</verified></user></o>
