<?xml version="1.0" encoding="UTF-8"?>
<o><contributors class="object" null="true"/><coordinates class="object" null="true"/><created_at type="string">Thu Mar 25 22:28:19 +0000 2010</created_at><favorited type="boolean">false</favorited><geo class="object" null="true"/><id type="number">11056673836</id><in_reply_to_screen_name class="object" null="true"/><in_reply_to_status_id class="object" null="true"/><in_reply_to_user_id class="object" null="true"/><place class="object" null="true"/><source type="string">&lt;a href="http://www.tweetdeck.com/" rel="nofollow"&gt;TweetDeck&lt;/a&gt;</source><text type="string">#truthaboutme: I spent three days in labour and have birth without any pain meds. I'm hardcore like that!</text><truncated type="boolean">false</truncated><user class="object"><contributors_enabled type="boolean">false</contributors_enabled><created_at type="string">Sun Nov 29 00:30:20 +0000 2009</created_at><description type="string">I'm not your regular cereal killer. </description><favourites_count type="number">1</favourites_count><followers_count type="number">40</followers_count><following class="object" null="true"/><friends_count type="number">38</friends_count><geo_enabled type="boolean">false</geo_enabled><id type="number">93290645</id><lang type="string">en</lang><location type="string">..::England::..</location><name type="string">It's Her</name><notifications class="object" null="true"/><profile_background_color type="string">1A1B1F</profile_background_color><profile_background_image_url type="string">http://s.twimg.com/a/1269387398/images/themes/theme9/bg.gif</profile_background_image_url><profile_background_tile type="boolean">false</profile_background_tile><profile_image_url type="string">http://a1.twimg.com/profile_images/769027968/mytshirt_normal.jpg</profile_image_url><profile_link_color type="string">2FC2EF</profile_link_color><profile_sidebar_border_color type="string">181A1E</profile_sidebar_border_color><profile_sidebar_fill_color type="string">252429</profile_sidebar_fill_color><profile_text_color type="string">666666</profile_text_color><protected type="boolean">false</protected><screen_name type="string">ll_Tammy_ll</screen_name><statuses_count type="number">1023</statuses_count><time_zone type="string">London</time_zone><url class="object" null="true"/><utc_offset type="number">0</utc_offset><verified type="boolean">false</verified></user></o>
