<?xml version="1.0" encoding="UTF-8"?>
<o><contributors class="object" null="true"/><coordinates class="object" null="true"/><created_at type="string">Thu Mar 25 22:44:06 +0000 2010</created_at><favorited type="boolean">false</favorited><geo class="object" null="true"/><id type="number">11057344608</id><in_reply_to_screen_name class="object" null="true"/><in_reply_to_status_id class="object" null="true"/><in_reply_to_user_id class="object" null="true"/><place class="object" null="true"/><source type="string">&lt;a href="http://www.tweetdeck.com/" rel="nofollow"&gt;TweetDeck&lt;/a&gt;</source><text type="string">The view from Glasgow! The labour view! What's the point. Oh! There is Salmond who turned so far left so he could take the labour vote.</text><truncated type="boolean">false</truncated><user class="object"><contributors_enabled type="boolean">false</contributors_enabled><created_at type="string">Tue Jun 16 15:19:13 +0000 2009</created_at><description type="string">Freedom to voice opinion about EVERYTHING! Controversy is a metaphor for disagreement.&#x0D;
Love art, photos, sports &amp;  business! &#x0D;
ENJOYING LIFE!</description><favourites_count type="number">17</favourites_count><followers_count type="number">3354</followers_count><following class="object" null="true"/><friends_count type="number">3532</friends_count><geo_enabled type="boolean">false</geo_enabled><id type="number">47648979</id><lang type="string">en</lang><location type="string">uk</location><name type="string">Jas</name><notifications class="object" null="true"/><profile_background_color type="string">9AE4E8</profile_background_color><profile_background_image_url type="string">http://s.twimg.com/a/1268437273/images/themes/theme1/bg.png</profile_background_image_url><profile_background_tile type="boolean">false</profile_background_tile><profile_image_url type="string">http://a1.twimg.com/profile_images/766285622/imageofweek_normal.jpg</profile_image_url><profile_link_color type="string">0084B4</profile_link_color><profile_sidebar_border_color type="string">BDDCAD</profile_sidebar_border_color><profile_sidebar_fill_color type="string">DDFFCC</profile_sidebar_fill_color><profile_text_color type="string">333333</profile_text_color><protected type="boolean">false</protected><screen_name type="string">jazzifull</screen_name><statuses_count type="number">15896</statuses_count><time_zone type="string">London</time_zone><url type="string">http://www.ifull-ltd.com</url><utc_offset type="number">0</utc_offset><verified type="boolean">false</verified></user></o>
