<?xml version="1.0" encoding="UTF-8"?>
<o><contributors class="object" null="true"/><coordinates class="object" null="true"/><created_at type="string">Thu Mar 25 22:44:08 +0000 2010</created_at><favorited type="boolean">false</favorited><geo class="object" null="true"/><id type="number">11057346059</id><in_reply_to_screen_name class="object" null="true"/><in_reply_to_status_id class="object" null="true"/><in_reply_to_user_id class="object" null="true"/><place class="object" null="true"/><source type="string">web</source><text type="string">Wonder if Sorrell will turn out to be another token annoying Tory a la Vorderman &amp; Starkey? #bbcqt</text><truncated type="boolean">false</truncated><user class="object"><contributors_enabled type="boolean">false</contributors_enabled><created_at type="string">Tue Feb 24 22:32:50 +0000 2009</created_at><description type="string">One hundred and forty characters... the same as a text message. That's not that much space really is it? Can I manage to do this without running out of space? N</description><favourites_count type="number">2</favourites_count><followers_count type="number">32</followers_count><following class="object" null="true"/><friends_count type="number">66</friends_count><geo_enabled type="boolean">false</geo_enabled><id type="number">21806910</id><lang type="string">en</lang><location type="string">Hi-ho</location><name type="string">Paul</name><notifications class="object" null="true"/><profile_background_color type="string">8B542B</profile_background_color><profile_background_image_url type="string">http://a3.twimg.com/profile_background_images/49631045/kit.jpg</profile_background_image_url><profile_background_tile type="boolean">false</profile_background_tile><profile_image_url type="string">http://a3.twimg.com/profile_images/609723861/DSCF2345_normal.JPG</profile_image_url><profile_link_color type="string">9D582E</profile_link_color><profile_sidebar_border_color type="string">D9B17E</profile_sidebar_border_color><profile_sidebar_fill_color type="string">EADEAA</profile_sidebar_fill_color><profile_text_color type="string">333333</profile_text_color><protected type="boolean">false</protected><screen_name type="string">rpcompaneros</screen_name><statuses_count type="number">752</statuses_count><time_zone type="string">London</time_zone><url type="string">http://stuckon194.wordpress.com/</url><utc_offset type="number">0</utc_offset><verified type="boolean">false</verified></user></o>
