<?xml version="1.0" encoding="UTF-8"?>
<o><contributors class="object" null="true"/><coordinates class="object" null="true"/><created_at type="string">Thu Mar 25 22:41:44 +0000 2010</created_at><favorited type="boolean">false</favorited><geo class="object" null="true"/><id type="number">11057245521</id><in_reply_to_screen_name class="object" null="true"/><in_reply_to_status_id class="object" null="true"/><in_reply_to_user_id class="object" null="true"/><place class="object" null="true"/><source type="string">web</source><text type="string">Osboggle will create "the jobs of the future" *pout* *pout*.  Great.  I'll vote Tory then #bbcqt</text><truncated type="boolean">false</truncated><user class="object"><contributors_enabled type="boolean">false</contributors_enabled><created_at type="string">Thu Feb 26 18:43:27 +0000 2009</created_at><description type="string">All I do is tweet around BBC's Question Time TV programme</description><favourites_count type="number">121</favourites_count><followers_count type="number">1067</followers_count><following class="object" null="true"/><friends_count type="number">762</friends_count><geo_enabled type="boolean">false</geo_enabled><id type="number">22043930</id><lang type="string">en</lang><location type="string">Reading, Reading GB</location><name type="string">Mark Adams</name><notifications class="object" null="true"/><profile_background_color type="string">fdfcfc</profile_background_color><profile_background_image_url type="string">http://s.twimg.com/a/1269387398/images/themes/theme1/bg.png</profile_background_image_url><profile_background_tile type="boolean">false</profile_background_tile><profile_image_url type="string">http://a1.twimg.com/profile_images/83482808/With_Pint_normal.JPG</profile_image_url><profile_link_color type="string">0084B4</profile_link_color><profile_sidebar_border_color type="string">BDDCAD</profile_sidebar_border_color><profile_sidebar_fill_color type="string">DDFFCC</profile_sidebar_fill_color><profile_text_color type="string">5a067a</profile_text_color><protected type="boolean">false</protected><screen_name type="string">markinreading</screen_name><statuses_count type="number">6926</statuses_count><time_zone type="string">London</time_zone><url type="string">http://www.pubqt.wordpress.com</url><utc_offset type="number">0</utc_offset><verified type="boolean">false</verified></user></o>
