<?xml version="1.0" encoding="UTF-8"?>
<o><contributors class="object" null="true"/><coordinates class="object" null="true"/><created_at type="string">Thu Mar 25 22:21:11 +0000 2010</created_at><favorited type="boolean">false</favorited><geo class="object" null="true"/><id type="number">11056377524</id><in_reply_to_screen_name class="object" null="true"/><in_reply_to_status_id class="object" null="true"/><in_reply_to_user_id class="object" null="true"/><place class="object" null="true"/><source type="string">&lt;a href="http://www.tweetdeck.com" rel="nofollow"&gt;TweetDeck&lt;/a&gt;</source><text type="string">My Labour MP was on Prime Minister's Questions. Must be why he hasn't replied to me about the digital economy bill.</text><truncated type="boolean">false</truncated><user class="object"><contributors_enabled type="boolean">false</contributors_enabled><created_at type="string">Mon Jan 07 12:34:36 +0000 2008</created_at><description type="string">Freelance web developer</description><favourites_count type="number">0</favourites_count><followers_count type="number">120</followers_count><following class="object" null="true"/><friends_count type="number">76</friends_count><geo_enabled type="boolean">true</geo_enabled><id type="number">11940192</id><lang type="string">en</lang><location type="string">Bedford, UK</location><name type="string">Phillip Parr</name><notifications class="object" null="true"/><profile_background_color type="string">5ae0e0</profile_background_color><profile_background_image_url type="string">http://a3.twimg.com/profile_background_images/66413575/4213772569_91e6c1c585_o.jpg</profile_background_image_url><profile_background_tile type="boolean">false</profile_background_tile><profile_image_url type="string">http://a3.twimg.com/profile_images/567150121/image_normal.jpg</profile_image_url><profile_link_color type="string">27a38e</profile_link_color><profile_sidebar_border_color type="string">c4ceff</profile_sidebar_border_color><profile_sidebar_fill_color type="string">cbf7fa</profile_sidebar_fill_color><profile_text_color type="string">363636</profile_text_color><protected type="boolean">false</protected><screen_name type="string">wizpip</screen_name><statuses_count type="number">1643</statuses_count><time_zone type="string">London</time_zone><url type="string">http://wizpip.com</url><utc_offset type="number">0</utc_offset><verified type="boolean">false</verified></user></o>
