<?xml version="1.0" encoding="UTF-8"?>
<o><contributors class="object" null="true"/><coordinates class="object" null="true"/><created_at type="string">Thu Mar 25 22:11:45 +0000 2010</created_at><favorited type="boolean">false</favorited><geo class="object" null="true"/><id type="number">11055983711</id><in_reply_to_screen_name class="object" null="true"/><in_reply_to_status_id class="object" null="true"/><in_reply_to_user_id class="object" null="true"/><place class="object" null="true"/><source type="string">web</source><text type="string">I don't support Labour but the alternative is disaster. If only Clegg and Cable could get in.</text><truncated type="boolean">false</truncated><user class="object"><contributors_enabled type="boolean">false</contributors_enabled><created_at type="string">Thu Mar 05 14:10:57 +0000 2009</created_at><description type="string">Favouring the crimp since 1984.</description><favourites_count type="number">22</favourites_count><followers_count type="number">98</followers_count><following class="object" null="true"/><friends_count type="number">87</friends_count><geo_enabled type="boolean">false</geo_enabled><id type="number">22922194</id><lang type="string">en</lang><location type="string">Sheffield, England</location><name type="string">Jasper Sharpe</name><notifications class="object" null="true"/><profile_background_color type="string">4d170f</profile_background_color><profile_background_image_url type="string">http://a1.twimg.com/profile_background_images/53336380/7.jpg</profile_background_image_url><profile_background_tile type="boolean">true</profile_background_tile><profile_image_url type="string">http://a3.twimg.com/profile_images/470145215/twitterProfilePhoto_normal.jpg</profile_image_url><profile_link_color type="string">b4001f</profile_link_color><profile_sidebar_border_color type="string">dcadae</profile_sidebar_border_color><profile_sidebar_fill_color type="string">d54848</profile_sidebar_fill_color><profile_text_color type="string">181111</profile_text_color><protected type="boolean">false</protected><screen_name type="string">Jaspersharpe</screen_name><statuses_count type="number">2537</statuses_count><time_zone type="string">London</time_zone><url type="string">http://www.ukbouldering.com</url><utc_offset type="number">0</utc_offset><verified type="boolean">false</verified></user></o>
