<?xml version="1.0" encoding="UTF-8"?>
<o><contributors class="object" null="true"/><coordinates class="object" null="true"/><created_at type="string">Thu Mar 25 22:31:06 +0000 2010</created_at><favorited type="boolean">false</favorited><geo class="object" null="true"/><id type="number">11056794943</id><in_reply_to_screen_name class="object" null="true"/><in_reply_to_status_id class="object" null="true"/><in_reply_to_user_id class="object" null="true"/><place class="object" null="true"/><source type="string">web</source><text type="string">Back from hustings hosted by  RSPB in Man- Withington where I stood in for John Leech MP. Labour &amp; Cons PPC both pretty beside the point</text><truncated type="boolean">false</truncated><user class="object"><contributors_enabled type="boolean">false</contributors_enabled><created_at type="string">Mon Feb 02 16:49:21 +0000 2009</created_at><description type="string">lib dem councillor, parliamentary candidate for heywood and middleton, hub and 4 kids </description><favourites_count type="number">3</favourites_count><followers_count type="number">209</followers_count><following class="object" null="true"/><friends_count type="number">156</friends_count><geo_enabled type="boolean">false</geo_enabled><id type="number">19915728</id><lang type="string">en</lang><location type="string">Greater Manchester (GB)</location><name type="string">Wera Hobhouse</name><notifications class="object" null="true"/><profile_background_color type="string">1A1B1F</profile_background_color><profile_background_image_url type="string">http://s.twimg.com/a/1269553143/images/themes/theme9/bg.gif</profile_background_image_url><profile_background_tile type="boolean">false</profile_background_tile><profile_image_url type="string">http://a1.twimg.com/profile_images/380659460/Wera_09.02.02_portrait_for_twitter_normal.jpg</profile_image_url><profile_link_color type="string">2FC2EF</profile_link_color><profile_sidebar_border_color type="string">181A1E</profile_sidebar_border_color><profile_sidebar_fill_color type="string">252429</profile_sidebar_fill_color><profile_text_color type="string">666666</profile_text_color><protected type="boolean">false</protected><screen_name type="string">Wera_Hobhouse</screen_name><statuses_count type="number">511</statuses_count><time_zone type="string">London</time_zone><url class="object" null="true"/><utc_offset type="number">0</utc_offset><verified type="boolean">false</verified></user></o>
