<?xml version="1.0" encoding="UTF-8"?>
<o><contributors class="object" null="true"/><coordinates class="object" null="true"/><created_at type="string">Thu Mar 25 22:38:49 +0000 2010</created_at><favorited type="boolean">false</favorited><geo class="object" null="true"/><id type="number">11057120386</id><in_reply_to_screen_name type="string">RJNeill</in_reply_to_screen_name><in_reply_to_status_id type="number">11057019706</in_reply_to_status_id><in_reply_to_user_id type="number">18197675</in_reply_to_user_id><place class="object" null="true"/><source type="string">&lt;a href="http://echofon.com/" rel="nofollow"&gt;Echofon&lt;/a&gt;</source><text type="string">@RJNeill @derekcalf18 I can smell a Tory cricketer a mile off</text><truncated type="boolean">false</truncated><user class="object"><contributors_enabled type="boolean">false</contributors_enabled><created_at type="string">Tue Apr 07 18:22:58 +0000 2009</created_at><description type="string">From the Closet to the Cabinet (via the Comedy department).  These are my own views - not Auntie's.</description><favourites_count type="number">44</favourites_count><followers_count type="number">276</followers_count><following class="object" null="true"/><friends_count type="number">384</friends_count><geo_enabled type="boolean">false</geo_enabled><id type="number">29507454</id><lang type="string">en</lang><location type="string">Under fairy lights, somewhere</location><name type="string">James Farrell</name><notifications class="object" null="true"/><profile_background_color type="string">022330</profile_background_color><profile_background_image_url type="string">http://a3.twimg.com/profile_background_images/69373199/john_paul_and_craig3.png</profile_background_image_url><profile_background_tile type="boolean">true</profile_background_tile><profile_image_url type="string">http://a1.twimg.com/profile_images/695761676/in_ireland_normal.jpg</profile_image_url><profile_link_color type="string">0084B4</profile_link_color><profile_sidebar_border_color type="string">a8c7f7</profile_sidebar_border_color><profile_sidebar_fill_color type="string">C0DFEC</profile_sidebar_fill_color><profile_text_color type="string">333333</profile_text_color><protected type="boolean">false</protected><screen_name type="string">jamesgfarrell</screen_name><statuses_count type="number">1721</statuses_count><time_zone type="string">Edinburgh</time_zone><url type="string">http://lovejokesandhollyoaks.blogspot.com/</url><utc_offset type="number">0</utc_offset><verified type="boolean">false</verified></user></o>
