<?xml version="1.0" encoding="UTF-8"?>
<o><contributors class="object" null="true"/><coordinates class="object" null="true"/><created_at type="string">Thu Mar 25 22:35:17 +0000 2010</created_at><favorited type="boolean">false</favorited><geo class="object" null="true"/><id type="number">11056973408</id><in_reply_to_screen_name class="object" null="true"/><in_reply_to_status_id class="object" null="true"/><in_reply_to_user_id class="object" null="true"/><place class="object" null="true"/><source type="string">&lt;a href="http://andrewjaswa.com/bird-feeder/" rel="nofollow"&gt;Bird Feeder&lt;/a&gt;</source><text type="string">Labour's tax and benefits strategy has closed the income gap, thinktank says http://bit.ly/dD0ll2</text><truncated type="boolean">false</truncated><user class="object"><contributors_enabled type="boolean">false</contributors_enabled><created_at type="string">Fri Feb 12 14:56:12 +0000 2010</created_at><description type="string">News of the world.</description><favourites_count type="number">0</favourites_count><followers_count type="number">249</followers_count><following class="object" null="true"/><friends_count type="number">7</friends_count><geo_enabled type="boolean">false</geo_enabled><id type="number">113650434</id><lang type="string">en</lang><location type="string">New York City</location><name type="string">Climateox News</name><notifications class="object" null="true"/><profile_background_color type="string">0099B9</profile_background_color><profile_background_image_url type="string">http://s.twimg.com/a/1269281712/images/themes/theme4/bg.gif</profile_background_image_url><profile_background_tile type="boolean">false</profile_background_tile><profile_image_url type="string">http://s.twimg.com/a/1269281712/images/default_profile_2_normal.png</profile_image_url><profile_link_color type="string">0099B9</profile_link_color><profile_sidebar_border_color type="string">5ED4DC</profile_sidebar_border_color><profile_sidebar_fill_color type="string">95E8EC</profile_sidebar_fill_color><profile_text_color type="string">3C3940</profile_text_color><protected type="boolean">false</protected><screen_name type="string">Climateox</screen_name><statuses_count type="number">15653</statuses_count><time_zone type="string">Eastern Time (US &amp; Canada)</time_zone><url type="string">http://www.climateox.org</url><utc_offset type="number">-18000</utc_offset><verified type="boolean">false</verified></user></o>
