<?xml version="1.0" encoding="UTF-8"?>
<o><contributors class="object" null="true"/><coordinates class="object" null="true"/><created_at type="string">Thu Mar 25 22:45:51 +0000 2010</created_at><favorited type="boolean">false</favorited><geo class="object" null="true"/><id type="number">11057420426</id><in_reply_to_screen_name class="object" null="true"/><in_reply_to_status_id class="object" null="true"/><in_reply_to_user_id class="object" null="true"/><place class="object" null="true"/><retweeted_status class="object"><contributors class="object" null="true"/><coordinates class="object" null="true"/><created_at type="string">Thu Mar 25 22:44:42 +0000 2010</created_at><favorited type="boolean">false</favorited><geo class="object" null="true"/><id type="number">11057369749</id><in_reply_to_screen_name class="object" null="true"/><in_reply_to_status_id class="object" null="true"/><in_reply_to_user_id class="object" null="true"/><place class="object" null="true"/><source type="string">&lt;a href="http://www.tweetdeck.com" rel="nofollow"&gt;TweetDeck&lt;/a&gt;</source><text type="string">Hmm, "Deeper cuts than Thatcher" - there was me thinking that Nick "The Tory" Robinson put words in Alastair Darling's mouth! #bbcqt</text><truncated type="boolean">false</truncated><user class="object"><contributors_enabled type="boolean">false</contributors_enabled><created_at type="string">Fri Feb 27 22:43:30 +0000 2009</created_at><description type="string">Tweed wearing Lefty activist, at York Uni doing Politics and Sociology degree</description><favourites_count type="number">3</favourites_count><followers_count type="number">513</followers_count><following class="object" null="true"/><friends_count type="number">439</friends_count><geo_enabled type="boolean">false</geo_enabled><id type="number">22201609</id><lang type="string">en</lang><location type="string">ÜT: 53.965381,-1.062109</location><name type="string">Owain Gardner</name><notifications class="object" null="true"/><profile_background_color type="string">000000</profile_background_color><profile_background_image_url type="string">http://a1.twimg.com/profile_background_images/79366898/twilk_background_4b8aec0912e93.jpg</profile_background_image_url><profile_background_tile type="boolean">true</profile_background_tile><profile_image_url type="string">http://a3.twimg.com/profile_images/773416451/twitterProfilePhoto_normal.jpg</profile_image_url><profile_link_color type="string">0d0d0d</profile_link_color><profile_sidebar_border_color type="string">151415</profile_sidebar_border_color><profile_sidebar_fill_color type="string">0568d1</profile_sidebar_fill_color><profile_text_color type="string">030202</profile_text_color><protected type="boolean">false</protected><screen_name type="string">Odbe34</screen_name><statuses_count type="number">9916</statuses_count><time_zone type="string">London</time_zone><url type="string">http://odbe34.typepad.com/blog/</url><utc_offset type="number">0</utc_offset><verified type="boolean">false</verified></user></retweeted_status><source type="string">&lt;a href="http://apiwiki.twitter.com/" rel="nofollow"&gt;API&lt;/a&gt;</source><text type="string">RT @Odbe34: Hmm, "Deeper cuts than Thatcher" - there was me thinking that Nick "The Tory" Robinson put words in Alastair Darling's mouth ...</text><truncated type="boolean">true</truncated><user class="object"><contributors_enabled type="boolean">false</contributors_enabled><created_at type="string">Sat Mar 28 13:15:28 +0000 2009</created_at><description type="string"> Arts worker, Theatre Writer, Swimmer. PhD student interested in Class. Very bad Trainee triathlete. Sport Billy.  Left leaning old school labour. </description><favourites_count type="number">4</favourites_count><followers_count type="number">152</followers_count><following class="object" null="true"/><friends_count type="number">166</friends_count><geo_enabled type="boolean">false</geo_enabled><id type="number">27225481</id><lang type="string">en</lang><location type="string">Rossendale</location><name type="string">Mandy Precious</name><notifications class="object" null="true"/><profile_background_color type="string">9AE4E8</profile_background_color><profile_background_image_url type="string">http://a3.twimg.com/profile_background_images/63610003/Photo_60.jpg</profile_background_image_url><profile_background_tile type="boolean">true</profile_background_tile><profile_image_url type="string">http://a3.twimg.com/profile_images/773224733/twitterProfilePhoto_normal.jpg</profile_image_url><profile_link_color type="string">0084B4</profile_link_color><profile_sidebar_border_color type="string">BDDCAD</profile_sidebar_border_color><profile_sidebar_fill_color type="string">DDFFCC</profile_sidebar_fill_color><profile_text_color type="string">333333</profile_text_color><protected type="boolean">false</protected><screen_name type="string">aprecious</screen_name><statuses_count type="number">708</statuses_count><time_zone type="string">London</time_zone><url type="string">http://classmattersphd.blogspot.com</url><utc_offset type="number">0</utc_offset><verified type="boolean">false</verified></user></o>
