<?xml version="1.0" encoding="UTF-8"?>
<o><contributors class="object" null="true"/><coordinates class="object" null="true"/><created_at type="string">Thu Mar 25 20:18:38 +0000 2010</created_at><favorited type="boolean">false</favorited><geo class="object" null="true"/><id type="number">11051422896</id><in_reply_to_screen_name class="object" null="true"/><in_reply_to_status_id class="object" null="true"/><in_reply_to_user_id class="object" null="true"/><place class="object" null="true"/><source type="string">&lt;a href="http://www.nibirutech.com" rel="nofollow"&gt;TwitBird iPhone&lt;/a&gt;</source><text type="string">As for Labour, well I think they've let us down as a nation and are not prepared to take the blame for all the mistakes. They lack a leader.</text><truncated type="boolean">false</truncated><user class="object"><contributors_enabled type="boolean">false</contributors_enabled><created_at type="string">Tue Feb 17 18:49:03 +0000 2009</created_at><description type="string">short fat and hairy in places with a passion for road safety and good food!</description><favourites_count type="number">1</favourites_count><followers_count type="number">87</followers_count><following class="object" null="true"/><friends_count type="number">93</friends_count><geo_enabled type="boolean">false</geo_enabled><id type="number">21116375</id><lang type="string">en</lang><location type="string">Bournemouth</location><name type="string">Brian Chidgey</name><notifications class="object" null="true"/><profile_background_color type="string">9AE4E8</profile_background_color><profile_background_image_url type="string">http://s.twimg.com/a/1269020849/images/themes/theme1/bg.png</profile_background_image_url><profile_background_tile type="boolean">false</profile_background_tile><profile_image_url type="string">http://a1.twimg.com/profile_images/553423512/lechidge_normal.jpg</profile_image_url><profile_link_color type="string">0084B4</profile_link_color><profile_sidebar_border_color type="string">BDDCAD</profile_sidebar_border_color><profile_sidebar_fill_color type="string">DDFFCC</profile_sidebar_fill_color><profile_text_color type="string">333333</profile_text_color><protected type="boolean">false</protected><screen_name type="string">lechidge</screen_name><statuses_count type="number">1031</statuses_count><time_zone type="string">London</time_zone><url class="object" null="true"/><utc_offset type="number">0</utc_offset><verified type="boolean">false</verified></user></o>
