<?xml version="1.0" encoding="UTF-8"?>
<o><contributors class="object" null="true"/><coordinates class="object" null="true"/><created_at type="string">Thu Mar 25 22:19:23 +0000 2010</created_at><favorited type="boolean">false</favorited><geo class="object" null="true"/><id type="number">11056301103</id><in_reply_to_screen_name class="object" null="true"/><in_reply_to_status_id class="object" null="true"/><in_reply_to_user_id class="object" null="true"/><place class="object" null="true"/><source type="string">&lt;a href="http://www.tweetdeck.com/" rel="nofollow"&gt;TweetDeck&lt;/a&gt;</source><text type="string">So the choice is...Tory cuts... or Labour cuts. Welcome to the new dark ages people http://bit.ly/dgMgwf  #FuckYouThursday</text><truncated type="boolean">false</truncated><user class="object"><contributors_enabled type="boolean">false</contributors_enabled><created_at type="string">Wed May 13 15:36:28 +0000 2009</created_at><description type="string">Like most people, I have a secret. But I'm not going to tell you...</description><favourites_count type="number">0</favourites_count><followers_count type="number">42</followers_count><following class="object" null="true"/><friends_count type="number">54</friends_count><geo_enabled type="boolean">false</geo_enabled><id type="number">39773808</id><lang type="string">en</lang><location type="string">United Kingdom</location><name type="string">Dave Cullen</name><notifications class="object" null="true"/><profile_background_color type="string">1A1B1F</profile_background_color><profile_background_image_url type="string">http://s.twimg.com/a/1268437273/images/themes/theme9/bg.gif</profile_background_image_url><profile_background_tile type="boolean">false</profile_background_tile><profile_image_url type="string">http://a3.twimg.com/profile_images/631357945/Image0286_normal.jpg</profile_image_url><profile_link_color type="string">2FC2EF</profile_link_color><profile_sidebar_border_color type="string">000df0</profile_sidebar_border_color><profile_sidebar_fill_color type="string">242424</profile_sidebar_fill_color><profile_text_color type="string">adadad</profile_text_color><protected type="boolean">false</protected><screen_name type="string">altyris</screen_name><statuses_count type="number">787</statuses_count><time_zone type="string">London</time_zone><url class="object" null="true"/><utc_offset type="number">0</utc_offset><verified type="boolean">false</verified></user></o>
