<?xml version="1.0" encoding="UTF-8"?>
<o><contributors class="object" null="true"/><coordinates class="object" null="true"/><created_at type="string">Thu Mar 25 22:28:52 +0000 2010</created_at><favorited type="boolean">false</favorited><geo class="object" null="true"/><id type="number">11056696576</id><in_reply_to_screen_name type="string">Prayer_Network</in_reply_to_screen_name><in_reply_to_status_id class="object" null="true"/><in_reply_to_user_id type="number">49113781</in_reply_to_user_id><place class="object" null="true"/><source type="string">web</source><text type="string">@Prayer_Network@HelpyHaiti @worldprayr..Father of peace and comfort, Lord of everlasting mercies and truth. We come to you in our labour..</text><truncated type="boolean">false</truncated><user class="object"><contributors_enabled type="boolean">false</contributors_enabled><created_at type="string">Tue Sep 08 08:31:21 +0000 2009</created_at><description type="string">Christian Girl in love with Christ Jesus. Love to Praise GOD father, GOD son Jesus, GOD the Holy Spirit.</description><favourites_count type="number">13</favourites_count><followers_count type="number">49</followers_count><following class="object" null="true"/><friends_count type="number">39</friends_count><geo_enabled type="boolean">true</geo_enabled><id type="number">72506071</id><lang type="string">en</lang><location type="string">USA</location><name type="string">BellaAngel</name><notifications class="object" null="true"/><profile_background_color type="string">0f0f0f</profile_background_color><profile_background_image_url type="string">http://a3.twimg.com/profile_background_images/77511805/mqspaceexploration.br.jpg</profile_background_image_url><profile_background_tile type="boolean">false</profile_background_tile><profile_image_url type="string">http://s.twimg.com/a/1269387398/images/default_profile_1_normal.png</profile_image_url><profile_link_color type="string">01c8eb</profile_link_color><profile_sidebar_border_color type="string">01c8eb</profile_sidebar_border_color><profile_sidebar_fill_color type="string">0f0f0f</profile_sidebar_fill_color><profile_text_color type="string">767676</profile_text_color><protected type="boolean">false</protected><screen_name type="string">Beautifulinlife</screen_name><statuses_count type="number">942</statuses_count><time_zone type="string">Eastern Time (US &amp; Canada)</time_zone><url type="string">http://notes-bellaangel.blogspot.com/</url><utc_offset type="number">-18000</utc_offset><verified type="boolean">false</verified></user></o>
