<?xml version="1.0" encoding="UTF-8"?>
<o><contributors class="object" null="true"/><coordinates class="object" null="true"/><created_at type="string">Thu Mar 25 22:26:42 +0000 2010</created_at><favorited type="boolean">false</favorited><geo class="object" null="true"/><id type="number">11056607207</id><in_reply_to_screen_name class="object" null="true"/><in_reply_to_status_id class="object" null="true"/><in_reply_to_user_id class="object" null="true"/><place class="object" null="true"/><source type="string">&lt;a href="http://www.tweetdeck.com" rel="nofollow"&gt;TweetDeck&lt;/a&gt;</source><text type="string">RT @ColinGPaterson: At Noel gig. 14 songs in. He has played one released since Labour came to power</text><truncated type="boolean">false</truncated><user class="object"><contributors_enabled type="boolean">false</contributors_enabled><created_at type="string">Thu Jan 29 20:52:39 +0000 2009</created_at><description type="string">What does it take to change the essence of man? Steven Seagal</description><favourites_count type="number">0</favourites_count><followers_count type="number">185</followers_count><following class="object" null="true"/><friends_count type="number">130</friends_count><geo_enabled type="boolean">false</geo_enabled><id type="number">19733600</id><lang type="string">en</lang><location type="string">London</location><name type="string">John McKie</name><notifications class="object" null="true"/><profile_background_color type="string">9AE4E8</profile_background_color><profile_background_image_url type="string">http://a3.twimg.com/profile_background_images/52877793/pic.php.jpeg</profile_background_image_url><profile_background_tile type="boolean">true</profile_background_tile><profile_image_url type="string">http://a1.twimg.com/profile_images/520485286/striker_normal.jpeg</profile_image_url><profile_link_color type="string">0084B4</profile_link_color><profile_sidebar_border_color type="string">BDDCAD</profile_sidebar_border_color><profile_sidebar_fill_color type="string">DDFFCC</profile_sidebar_fill_color><profile_text_color type="string">333333</profile_text_color><protected type="boolean">false</protected><screen_name type="string">johnmckie</screen_name><statuses_count type="number">573</statuses_count><time_zone type="string">London</time_zone><url type="string">http://www.dailyrecord.co.uk/comment/columnists/lifestyle-columnists/john-mckie/</url><utc_offset type="number">0</utc_offset><verified type="boolean">false</verified></user></o>
