<?xml version="1.0" encoding="UTF-8"?>
<o><contributors class="object" null="true"/><coordinates class="object" null="true"/><created_at type="string">Thu Mar 25 22:42:07 +0000 2010</created_at><favorited type="boolean">false</favorited><geo class="object" null="true"/><id type="number">11057262231</id><in_reply_to_screen_name class="object" null="true"/><in_reply_to_status_id class="object" null="true"/><in_reply_to_user_id class="object" null="true"/><place class="object" null="true"/><source type="string">&lt;a href="http://twitterfeed.com" rel="nofollow"&gt;twitterfeed&lt;/a&gt;</source><text type="string">'Misleading' policing advert banned by watchdog: Campaign promoting key Labour promise – that local police spend 8... http://bit.ly/bvfYt0</text><truncated type="boolean">false</truncated><user class="object"><contributors_enabled type="boolean">false</contributors_enabled><created_at type="string">Fri Nov 27 21:00:37 +0000 2009</created_at><description type="string">Zaqzaqat زقزقات ZTBC</description><favourites_count type="number">0</favourites_count><followers_count type="number">858</followers_count><following class="object" null="true"/><friends_count type="number">12</friends_count><geo_enabled type="boolean">false</geo_enabled><id type="number">93046967</id><lang type="string">en</lang><location type="string">London</location><name type="string">Zaqzaqat زقزقات ZTBC</name><notifications class="object" null="true"/><profile_background_color type="string">73adc7</profile_background_color><profile_background_image_url type="string">http://a3.twimg.com/profile_background_images/60902517/on_kneesll.jpg</profile_background_image_url><profile_background_tile type="boolean">false</profile_background_tile><profile_image_url type="string">http://a3.twimg.com/profile_images/637037189/saqr2_normal.png</profile_image_url><profile_link_color type="string">20520f</profile_link_color><profile_sidebar_border_color type="string">a0c43d</profile_sidebar_border_color><profile_sidebar_fill_color type="string">55a15e</profile_sidebar_fill_color><profile_text_color type="string">653f6b</profile_text_color><protected type="boolean">false</protected><screen_name type="string">zaqzaqat</screen_name><statuses_count type="number">46805</statuses_count><time_zone type="string">London</time_zone><url type="string">http://ztbc.co.cc</url><utc_offset type="number">0</utc_offset><verified type="boolean">false</verified></user></o>
