<?xml version="1.0" encoding="UTF-8"?>
<o><contributors class="object" null="true"/><coordinates class="object" null="true"/><created_at type="string">Thu Mar 25 21:57:19 +0000 2010</created_at><favorited type="boolean">false</favorited><geo class="object" null="true"/><id type="number">11055378339</id><in_reply_to_screen_name class="object" null="true"/><in_reply_to_status_id class="object" null="true"/><in_reply_to_user_id class="object" null="true"/><place class="object" null="true"/><source type="string">&lt;a href="http://twitterfeed.com" rel="nofollow"&gt;twitterfeed&lt;/a&gt;</source><text type="string">Drop In U.s. New Jobless Claims Lifts Dow: U.S. new jobless claims fell more than expected last week, the Labour D... http://bit.ly/cyMLlv</text><truncated type="boolean">false</truncated><user class="object"><contributors_enabled type="boolean">false</contributors_enabled><created_at type="string">Mon Mar 15 03:50:04 +0000 2010</created_at><description type="string">Seeking people who need Job referrals or references </description><favourites_count type="number">0</favourites_count><followers_count type="number">154</followers_count><following class="object" null="true"/><friends_count type="number">204</friends_count><geo_enabled type="boolean">false</geo_enabled><id type="number">123138857</id><lang type="string">en</lang><location type="string"/><name type="string">John </name><notifications class="object" null="true"/><profile_background_color type="string">C0DEED</profile_background_color><profile_background_image_url type="string">http://a1.twimg.com/profile_background_images/83256596/images2.jpeg</profile_background_image_url><profile_background_tile type="boolean">true</profile_background_tile><profile_image_url type="string">http://a1.twimg.com/profile_images/753391182/images_normal.jpeg</profile_image_url><profile_link_color type="string">0084B4</profile_link_color><profile_sidebar_border_color type="string">C0DEED</profile_sidebar_border_color><profile_sidebar_fill_color type="string">DDEEF6</profile_sidebar_fill_color><profile_text_color type="string">333333</profile_text_color><protected type="boolean">false</protected><screen_name type="string">JobReferences</screen_name><statuses_count type="number">162</statuses_count><time_zone class="object" null="true"/><url type="string">http://www.referralrequest.com</url><utc_offset class="object" null="true"/><verified type="boolean">false</verified></user></o>
