<?xml version="1.0" encoding="UTF-8"?>
<o><contributors class="object" null="true"/><coordinates class="object" null="true"/><created_at type="string">Thu Mar 25 21:45:37 +0000 2010</created_at><favorited type="boolean">false</favorited><geo class="object" null="true"/><id type="number">11054898111</id><in_reply_to_screen_name type="string">chic1967</in_reply_to_screen_name><in_reply_to_status_id type="number">11048173165</in_reply_to_status_id><in_reply_to_user_id type="number">31994999</in_reply_to_user_id><place class="object" null="true"/><source type="string">web</source><text type="string">@chic1967 @ScottishAlien7 When I hear a Tory say Britain I think they just mean people who have more than £1,000,000 in the bank.</text><truncated type="boolean">false</truncated><user class="object"><contributors_enabled type="boolean">false</contributors_enabled><created_at type="string">Wed Apr 16 18:58:17 +0000 2008</created_at><description type="string">Car and Motorbike loving pink obsessed feminist tinged atheist liberal girlie :)</description><favourites_count type="number">36</favourites_count><followers_count type="number">406</followers_count><following class="object" null="true"/><friends_count type="number">452</friends_count><geo_enabled type="boolean">true</geo_enabled><id type="number">14411459</id><lang type="string">en</lang><location type="string">High Wycombe UK</location><name type="string">Emma B</name><notifications class="object" null="true"/><profile_background_color type="string">8dcbd3</profile_background_color><profile_background_image_url type="string">http://a1.twimg.com/profile_background_images/74182788/mqgirlydaze.br.jpg</profile_background_image_url><profile_background_tile type="boolean">false</profile_background_tile><profile_image_url type="string">http://a1.twimg.com/profile_images/775126002/image_normal.jpg</profile_image_url><profile_link_color type="string">398401</profile_link_color><profile_sidebar_border_color type="string">7EB456</profile_sidebar_border_color><profile_sidebar_fill_color type="string">FBC7D3</profile_sidebar_fill_color><profile_text_color type="string">0294a7</profile_text_color><protected type="boolean">false</protected><screen_name type="string">ShortyMcStompy</screen_name><statuses_count type="number">5647</statuses_count><time_zone type="string">London</time_zone><url class="object" null="true"/><utc_offset type="number">0</utc_offset><verified type="boolean">false</verified></user></o>
