<?xml version="1.0" encoding="UTF-8"?>
<o><contributors class="object" null="true"/><coordinates class="object" null="true"/><created_at type="string">Thu Mar 25 22:46:28 +0000 2010</created_at><favorited type="boolean">false</favorited><geo class="object" null="true"/><id type="number">11057446113</id><in_reply_to_screen_name class="object" null="true"/><in_reply_to_status_id class="object" null="true"/><in_reply_to_user_id class="object" null="true"/><place class="object" null="true"/><source type="string">&lt;a href="http://mobileways.de/gravity" rel="nofollow"&gt;Gravity&lt;/a&gt;</source><text type="string">Remember, this is the Labour party that said 0% was a growth.. #bbcqt</text><truncated type="boolean">false</truncated><user class="object"><contributors_enabled type="boolean">false</contributors_enabled><created_at type="string">Fri Feb 13 18:20:16 +0000 2009</created_at><description type="string">Doing something working in Stoke, Staffordshire and Cheshire. His comments, not those he works for</description><favourites_count type="number">8</favourites_count><followers_count type="number">194</followers_count><following class="object" null="true"/><friends_count type="number">175</friends_count><geo_enabled type="boolean">false</geo_enabled><id type="number">20792244</id><lang type="string">en</lang><location type="string">Stoke-on-Trent</location><name type="string">Tommy Hill</name><notifications class="object" null="true"/><profile_background_color type="string">022330</profile_background_color><profile_background_image_url type="string">http://s.twimg.com/a/1269387398/images/themes/theme15/bg.png</profile_background_image_url><profile_background_tile type="boolean">false</profile_background_tile><profile_image_url type="string">http://a3.twimg.com/profile_images/712515219/champagne_normal.jpg</profile_image_url><profile_link_color type="string">30034a</profile_link_color><profile_sidebar_border_color type="string">40008f</profile_sidebar_border_color><profile_sidebar_fill_color type="string">72628c</profile_sidebar_fill_color><profile_text_color type="string">4c0273</profile_text_color><protected type="boolean">false</protected><screen_name type="string">Tommy_Hill</screen_name><statuses_count type="number">2340</statuses_count><time_zone type="string">London</time_zone><url class="object" null="true"/><utc_offset type="number">0</utc_offset><verified type="boolean">false</verified></user></o>
