<?xml version="1.0" encoding="UTF-8"?>
<o><contributors class="object" null="true"/><coordinates class="object" null="true"/><created_at type="string">Thu Mar 25 22:14:14 +0000 2010</created_at><favorited type="boolean">false</favorited><geo class="object" null="true"/><id type="number">11056085280</id><in_reply_to_screen_name class="object" null="true"/><in_reply_to_status_id class="object" null="true"/><in_reply_to_user_id class="object" null="true"/><place class="object" null="true"/><source type="string">web</source><text type="string">Them: "I've got out." Me: "You make it sound like you've escaped the asylum." Them: "I'm in a room full of Labour party donors!"</text><truncated type="boolean">false</truncated><user class="object"><contributors_enabled type="boolean">false</contributors_enabled><created_at type="string">Wed Jan 07 12:55:33 +0000 2009</created_at><description type="string">London local government PR bod with an interest in all things art, news, music, politics, people... Views are my own.</description><favourites_count type="number">9</favourites_count><followers_count type="number">856</followers_count><following class="object" null="true"/><friends_count type="number">459</friends_count><geo_enabled type="boolean">false</geo_enabled><id type="number">18720055</id><lang type="string">en</lang><location type="string">London.</location><name type="string">Charlotte Stamper</name><notifications class="object" null="true"/><profile_background_color type="string">EDECE9</profile_background_color><profile_background_image_url type="string">http://s.twimg.com/a/1269281712/images/themes/theme2/bg.gif</profile_background_image_url><profile_background_tile type="boolean">false</profile_background_tile><profile_image_url type="string">http://a1.twimg.com/profile_images/516631910/5813_237809830103_581200103_7912478_7417383_n_normal.jpg</profile_image_url><profile_link_color type="string">9e460b</profile_link_color><profile_sidebar_border_color type="string">D3D2CF</profile_sidebar_border_color><profile_sidebar_fill_color type="string">cfcdcd</profile_sidebar_fill_color><profile_text_color type="string">3d3939</profile_text_color><protected type="boolean">false</protected><screen_name type="string">charlottetwitts</screen_name><statuses_count type="number">2537</statuses_count><time_zone type="string">London</time_zone><url type="string">http://www.charlottestamper.com</url><utc_offset type="number">0</utc_offset><verified type="boolean">false</verified></user></o>
