<?xml version="1.0" encoding="UTF-8"?>
<o><contributors class="object" null="true"/><coordinates class="object"><coordinates class="array"><e type="number">-1.275169</e><e type="number">51.690193</e></coordinates><type type="string">Point</type></coordinates><created_at type="string">Thu Mar 25 22:40:39 +0000 2010</created_at><favorited type="boolean">false</favorited><geo class="object"><coordinates class="array"><e type="number">51.690193</e><e type="number">-1.275169</e></coordinates><type type="string">Point</type></geo><id type="number">11057199740</id><in_reply_to_screen_name class="object" null="true"/><in_reply_to_status_id class="object" null="true"/><in_reply_to_user_id class="object" null="true"/><place class="object" null="true"/><source type="string">&lt;a href="http://echofon.com/" rel="nofollow"&gt;Echofon&lt;/a&gt;</source><text type="string">How condescending is George???  I'll be voting Tory but they've got to stop this talking down to people. #bbcqt</text><truncated type="boolean">false</truncated><user class="object"><contributors_enabled type="boolean">false</contributors_enabled><created_at type="string">Fri Mar 06 00:02:39 +0000 2009</created_at><description type="string">Ex pizza delivery boy &amp; all round nice guy.</description><favourites_count type="number">9</favourites_count><followers_count type="number">58</followers_count><following class="object" null="true"/><friends_count type="number">40</friends_count><geo_enabled type="boolean">true</geo_enabled><id type="number">23001341</id><lang type="string">en</lang><location type="string"/><name type="string">Paul Goddard</name><notifications class="object" null="true"/><profile_background_color type="string">352726</profile_background_color><profile_background_image_url type="string">http://s.twimg.com/a/1268437273/images/themes/theme5/bg.gif</profile_background_image_url><profile_background_tile type="boolean">false</profile_background_tile><profile_image_url type="string">http://a3.twimg.com/profile_images/316962325/Profile_normal.jpg</profile_image_url><profile_link_color type="string">D02B55</profile_link_color><profile_sidebar_border_color type="string">829D5E</profile_sidebar_border_color><profile_sidebar_fill_color type="string">99CC33</profile_sidebar_fill_color><profile_text_color type="string">3E4415</profile_text_color><protected type="boolean">false</protected><screen_name type="string">Paul_Goddard</screen_name><statuses_count type="number">1088</statuses_count><time_zone type="string">London</time_zone><url class="object" null="true"/><utc_offset type="number">0</utc_offset><verified type="boolean">false</verified></user></o>
