<?xml version="1.0" encoding="UTF-8"?>
<o><contributors class="object" null="true"/><coordinates class="object" null="true"/><created_at type="string">Thu Mar 25 21:48:40 +0000 2010</created_at><favorited type="boolean">false</favorited><geo class="object" null="true"/><id type="number">11055022076</id><in_reply_to_screen_name class="object" null="true"/><in_reply_to_status_id class="object" null="true"/><in_reply_to_user_id class="object" null="true"/><place class="object" null="true"/><retweeted_status class="object"><contributors class="object" null="true"/><coordinates class="object" null="true"/><created_at type="string">Thu Mar 25 21:47:38 +0000 2010</created_at><favorited type="boolean">false</favorited><geo class="object" null="true"/><id type="number">11054979366</id><in_reply_to_screen_name class="object" null="true"/><in_reply_to_status_id class="object" null="true"/><in_reply_to_user_id class="object" null="true"/><place class="object" null="true"/><source type="string">web</source><text type="string">V sad to hear Bill Thomas has died. An unsung hero of the Labour movement who worked to improve Rowley Regis &amp; Sandwell. A man of integrity.</text><truncated type="boolean">false</truncated><user class="object"><contributors_enabled type="boolean">false</contributors_enabled><created_at type="string">Wed Oct 07 09:04:59 +0000 2009</created_at><description type="string">MEP for the West Midlands since 1999.</description><favourites_count type="number">4</favourites_count><followers_count type="number">478</followers_count><following class="object" null="true"/><friends_count type="number">120</friends_count><geo_enabled type="boolean">false</geo_enabled><id type="number">80532808</id><lang type="string">en</lang><location type="string">West Midlands/ Brussels</location><name type="string">Michael Cashman</name><notifications class="object" null="true"/><profile_background_color type="string">f7edf6</profile_background_color><profile_background_image_url type="string">http://a1.twimg.com/profile_background_images/50146044/flags_background.jpg</profile_background_image_url><profile_background_tile type="boolean">false</profile_background_tile><profile_image_url type="string">http://a1.twimg.com/profile_images/457464362/CASHMAN_Michael_normal.jpg</profile_image_url><profile_link_color type="string">009999</profile_link_color><profile_sidebar_border_color type="string">f2e70c</profile_sidebar_border_color><profile_sidebar_fill_color type="string">f2eded</profile_sidebar_fill_color><profile_text_color type="string">333333</profile_text_color><protected type="boolean">false</protected><screen_name type="string">mcashmanMEP</screen_name><statuses_count type="number">86</statuses_count><time_zone type="string">London</time_zone><url type="string">http://www.michaelcashmanmep.org.uk</url><utc_offset type="number">0</utc_offset><verified type="boolean">false</verified></user></retweeted_status><source type="string">&lt;a href="http://mobile.twitter.com" rel="nofollow"&gt;mobile web&lt;/a&gt;</source><text type="string">RT @mcashmanMEP: V sad to hear Bill Thomas has died. An unsung hero of the Labour movement who worked to improve Rowley Regis &amp; Sandwell ...</text><truncated type="boolean">true</truncated><user class="object"><contributors_enabled type="boolean">false</contributors_enabled><created_at type="string">Fri Jan 30 00:24:46 +0000 2009</created_at><description type="string">Me? Socialist, Cricket fanatic, Celtophile, democrat, lover, occasional raconteur, Worcestershire CCC, WBA FC, Worcester and Ospreys RFCs</description><favourites_count type="number">27</favourites_count><followers_count type="number">79</followers_count><following class="object" null="true"/><friends_count type="number">114</friends_count><geo_enabled type="boolean">false</geo_enabled><id type="number">19744868</id><lang type="string">en</lang><location type="string">Sandwell- the greatest borough</location><name type="string">Paul Sandars</name><notifications class="object" null="true"/><profile_background_color type="string">9ae4e8</profile_background_color><profile_background_image_url type="string">http://s.twimg.com/a/1269387398/images/themes/theme1/bg.png</profile_background_image_url><profile_background_tile type="boolean">false</profile_background_tile><profile_image_url type="string">http://a1.twimg.com/profile_images/702322344/PS1_normal.jpg</profile_image_url><profile_link_color type="string">0000ff</profile_link_color><profile_sidebar_border_color type="string">87bc44</profile_sidebar_border_color><profile_sidebar_fill_color type="string">e0ff92</profile_sidebar_fill_color><profile_text_color type="string">000000</profile_text_color><protected type="boolean">false</protected><screen_name type="string">PaulSandars</screen_name><statuses_count type="number">1312</statuses_count><time_zone type="string">Tehran</time_zone><url class="object" null="true"/><utc_offset type="number">12600</utc_offset><verified type="boolean">false</verified></user></o>
