<?xml version="1.0" encoding="UTF-8"?>
<o><contributors class="object" null="true"/><coordinates class="object" null="true"/><created_at type="string">Thu Mar 25 21:56:47 +0000 2010</created_at><favorited type="boolean">false</favorited><geo class="object" null="true"/><id type="number">11055356042</id><in_reply_to_screen_name type="string">sierraac</in_reply_to_screen_name><in_reply_to_status_id type="number">11055321506</in_reply_to_status_id><in_reply_to_user_id type="number">21935156</in_reply_to_user_id><place class="object" null="true"/><source type="string">web</source><text type="string">@sierraac Oh ok! Awww... Caylor... Tory.... ;)</text><truncated type="boolean">false</truncated><user class="object"><contributors_enabled type="boolean">false</contributors_enabled><created_at type="string">Sun Apr 26 16:24:24 +0000 2009</created_at><description type="string">Niley, Jemi, Kenielle, DLove, JBiebz.♥ Carolina+Katie+Tihana+Ella♥ &#x0D;
I am a Gleek.</description><favourites_count type="number">101</favourites_count><followers_count type="number">857</followers_count><following class="object" null="true"/><friends_count type="number">278</friends_count><geo_enabled type="boolean">false</geo_enabled><id type="number">35499144</id><lang type="string">en</lang><location type="string">England/Nileyworld!</location><name type="string">Gaygreg Fockbowsky.</name><notifications class="object" null="true"/><profile_background_color type="string">ffffff</profile_background_color><profile_background_image_url type="string">http://a1.twimg.com/profile_background_images/86082392/75871010.jpg</profile_background_image_url><profile_background_tile type="boolean">false</profile_background_tile><profile_image_url type="string">http://a3.twimg.com/profile_images/774783849/11921269_normal.png</profile_image_url><profile_link_color type="string">5096eb</profile_link_color><profile_sidebar_border_color type="string">050505</profile_sidebar_border_color><profile_sidebar_fill_color type="string">ffffff</profile_sidebar_fill_color><profile_text_color type="string">6b6868</profile_text_color><protected type="boolean">false</protected><screen_name type="string">_lucyofniley</screen_name><statuses_count type="number">21925</statuses_count><time_zone type="string">London</time_zone><url type="string">http://formspring.me/lucyofniley</url><utc_offset type="number">0</utc_offset><verified type="boolean">false</verified></user></o>
