<?xml version="1.0" encoding="UTF-8"?>
<o><contributors class="object" null="true"/><coordinates class="object" null="true"/><created_at type="string">Thu Mar 25 22:49:06 +0000 2010</created_at><favorited type="boolean">false</favorited><geo class="object" null="true"/><id type="number">11057557202</id><in_reply_to_screen_name type="string">weedunks</in_reply_to_screen_name><in_reply_to_status_id type="number">11057523964</in_reply_to_status_id><in_reply_to_user_id type="number">89419119</in_reply_to_user_id><place class="object" null="true"/><source type="string">&lt;a href="http://www.tweetdeck.com/" rel="nofollow"&gt;TweetDeck&lt;/a&gt;</source><text type="string">@weedunks A Tory loves nothing more than a good cut. You know that Dunks.</text><truncated type="boolean">false</truncated><user class="object"><contributors_enabled type="boolean">false</contributors_enabled><created_at type="string">Tue Mar 25 18:13:30 +0000 2008</created_at><description type="string"/><favourites_count type="number">7</favourites_count><followers_count type="number">559</followers_count><following class="object" null="true"/><friends_count type="number">635</friends_count><geo_enabled type="boolean">false</geo_enabled><id type="number">14217549</id><lang type="string">en</lang><location type="string">London, England</location><name type="string">philwoodford</name><notifications class="object" null="true"/><profile_background_color type="string">ffffff</profile_background_color><profile_background_image_url type="string">http://a3.twimg.com/profile_background_images/34912487/mqcolorwheelpics.br.jpg</profile_background_image_url><profile_background_tile type="boolean">true</profile_background_tile><profile_image_url type="string">http://a3.twimg.com/profile_images/69381973/Image121_normal.jpg</profile_image_url><profile_link_color type="string">cc0000</profile_link_color><profile_sidebar_border_color type="string">cc0000</profile_sidebar_border_color><profile_sidebar_fill_color type="string">eeeeee</profile_sidebar_fill_color><profile_text_color type="string">111111</profile_text_color><protected type="boolean">false</protected><screen_name type="string">philwoodford</screen_name><statuses_count type="number">6227</statuses_count><time_zone class="object" null="true"/><url type="string">http://www.washedandreadytoeat.com</url><utc_offset class="object" null="true"/><verified type="boolean">false</verified></user></o>
