<?xml version="1.0" encoding="UTF-8"?>
<o><contributors class="object" null="true"/><coordinates class="object" null="true"/><created_at type="string">Thu Mar 25 22:41:40 +0000 2010</created_at><favorited type="boolean">false</favorited><geo class="object" null="true"/><id type="number">11057242725</id><in_reply_to_screen_name class="object" null="true"/><in_reply_to_status_id class="object" null="true"/><in_reply_to_user_id class="object" null="true"/><place class="object" null="true"/><source type="string">web</source><text type="string">I really do not want the Torys to get in. Everytime I watch the news and a tory says something, I want to punch them in the face</text><truncated type="boolean">false</truncated><user class="object"><contributors_enabled type="boolean">false</contributors_enabled><created_at type="string">Sat Aug 29 17:29:32 +0000 2009</created_at><description type="string">Harry Potter. Star Trek. Zimmer Frame. Oaky Doke. Umbrellas. Reading. Writing. Knitting. General lunacy.</description><favourites_count type="number">138</favourites_count><followers_count type="number">51</followers_count><following class="object" null="true"/><friends_count type="number">51</friends_count><geo_enabled type="boolean">false</geo_enabled><id type="number">69916690</id><lang type="string">en</lang><location type="string"/><name type="string">Ashlie</name><notifications class="object" null="true"/><profile_background_color type="string">1A1B1F</profile_background_color><profile_background_image_url type="string">http://s.twimg.com/a/1269387398/images/themes/theme9/bg.gif</profile_background_image_url><profile_background_tile type="boolean">false</profile_background_tile><profile_image_url type="string">http://a1.twimg.com/profile_images/724121264/Milificent_normal.png</profile_image_url><profile_link_color type="string">2FC2EF</profile_link_color><profile_sidebar_border_color type="string">181A1E</profile_sidebar_border_color><profile_sidebar_fill_color type="string">252429</profile_sidebar_fill_color><profile_text_color type="string">666666</profile_text_color><protected type="boolean">false</protected><screen_name type="string">SiriusBrown</screen_name><statuses_count type="number">1901</statuses_count><time_zone type="string">London</time_zone><url class="object" null="true"/><utc_offset type="number">0</utc_offset><verified type="boolean">false</verified></user></o>
