<?xml version="1.0" encoding="UTF-8"?>
<o><contributors class="object" null="true"/><coordinates class="object" null="true"/><created_at type="string">Thu Mar 25 22:46:39 +0000 2010</created_at><favorited type="boolean">false</favorited><geo class="object" null="true"/><id type="number">11057453570</id><in_reply_to_screen_name type="string">PhilCane</in_reply_to_screen_name><in_reply_to_status_id type="number">11057340938</in_reply_to_status_id><in_reply_to_user_id type="number">24449359</in_reply_to_user_id><place class="object" null="true"/><source type="string">web</source><text type="string">@PhilCane Nah Good article frm Red Tory Blond in Prospect http://bit.ly/ceu8zz</text><truncated type="boolean">false</truncated><user class="object"><contributors_enabled type="boolean">false</contributors_enabled><created_at type="string">Mon Jan 26 19:57:06 +0000 2009</created_at><description type="string">I Blog on Pop Culture  with friends</description><favourites_count type="number">10</favourites_count><followers_count type="number">199</followers_count><following class="object" null="true"/><friends_count type="number">341</friends_count><geo_enabled type="boolean">false</geo_enabled><id type="number">19553306</id><lang type="string">en</lang><location type="string">LDN Tufnell Park</location><name type="string">Simon Mason</name><notifications class="object" null="true"/><profile_background_color type="string">9ae4e8</profile_background_color><profile_background_image_url type="string">http://a3.twimg.com/profile_background_images/78505965/twilk_background_4b870706b42ca.jpg</profile_background_image_url><profile_background_tile type="boolean">true</profile_background_tile><profile_image_url type="string">http://a1.twimg.com/profile_images/627073710/P1010655_2_normal.JPG</profile_image_url><profile_link_color type="string">0000ff</profile_link_color><profile_sidebar_border_color type="string">87bc44</profile_sidebar_border_color><profile_sidebar_fill_color type="string">e0ff92</profile_sidebar_fill_color><profile_text_color type="string">000000</profile_text_color><protected type="boolean">false</protected><screen_name type="string">LDNCalling</screen_name><statuses_count type="number">2013</statuses_count><time_zone type="string">London</time_zone><url type="string">http://www.touchingfromadistance.co.uk/</url><utc_offset type="number">0</utc_offset><verified type="boolean">false</verified></user></o>
