<?xml version="1.0" encoding="UTF-8"?>
<o><contributors class="object" null="true"/><coordinates class="object" null="true"/><created_at type="string">Thu Mar 25 22:30:25 +0000 2010</created_at><favorited type="boolean">false</favorited><geo class="object" null="true"/><id type="number">11056764731</id><in_reply_to_screen_name class="object" null="true"/><in_reply_to_status_id class="object" null="true"/><in_reply_to_user_id class="object" null="true"/><place class="object" null="true"/><retweeted_status class="object"><contributors class="object" null="true"/><coordinates class="object" null="true"/><created_at type="string">Thu Mar 25 17:09:21 +0000 2010</created_at><favorited type="boolean">false</favorited><geo class="object" null="true"/><id type="number">11043818293</id><in_reply_to_screen_name class="object" null="true"/><in_reply_to_status_id class="object" null="true"/><in_reply_to_user_id class="object" null="true"/><place class="object" null="true"/><source type="string">&lt;a href="http://bit.ly" rel="nofollow"&gt;bit.ly&lt;/a&gt;</source><text type="string">Oh, Darling! Why Alistair's budget gives Labour a shot at victory http://bit.ly/9lbhhX</text><truncated type="boolean">false</truncated><user class="object"><contributors_enabled type="boolean">false</contributors_enabled><created_at type="string">Sun Jan 11 18:06:10 +0000 2009</created_at><description type="string">All the news, opinion and campaign updates from Labour's biggest e-network.</description><favourites_count type="number">1</favourites_count><followers_count type="number">4118</followers_count><following class="object" null="true"/><friends_count type="number">2633</friends_count><geo_enabled type="boolean">false</geo_enabled><id type="number">18874097</id><lang type="string">en</lang><location type="string">UK</location><name type="string">LabourList</name><notifications class="object" null="true"/><profile_background_color type="string">ffffff</profile_background_color><profile_background_image_url type="string">http://a3.twimg.com/profile_background_images/84194295/change.jpg</profile_background_image_url><profile_background_tile type="boolean">true</profile_background_tile><profile_image_url type="string">http://a1.twimg.com/profile_images/70663018/labour_list_logo_1_normal.jpg</profile_image_url><profile_link_color type="string">ca150c</profile_link_color><profile_sidebar_border_color type="string">CA150C</profile_sidebar_border_color><profile_sidebar_fill_color type="string">e3dede</profile_sidebar_fill_color><profile_text_color type="string">333333</profile_text_color><protected type="boolean">false</protected><screen_name type="string">LabourList</screen_name><statuses_count type="number">4018</statuses_count><time_zone type="string">London</time_zone><url type="string">http://www.labourlist.org/</url><utc_offset type="number">0</utc_offset><verified type="boolean">false</verified></user></retweeted_status><source type="string">web</source><text type="string">RT @LabourList: Oh, Darling! Why Alistair's budget gives Labour a shot at victory http://bit.ly/9lbhhX</text><truncated type="boolean">false</truncated><user class="object"><contributors_enabled type="boolean">false</contributors_enabled><created_at type="string">Wed Feb 11 16:13:42 +0000 2009</created_at><description type="string">Labour Parliamentary Candidate for Cannock Chase</description><favourites_count type="number">0</favourites_count><followers_count type="number">142</followers_count><following class="object" null="true"/><friends_count type="number">25</friends_count><geo_enabled type="boolean">false</geo_enabled><id type="number">20599470</id><lang type="string">en</lang><location type="string">UK</location><name type="string">Sue Woodward</name><notifications class="object" null="true"/><profile_background_color type="string">EBEBEB</profile_background_color><profile_background_image_url type="string">http://a3.twimg.com/profile_background_images/78497637/AS.jpg</profile_background_image_url><profile_background_tile type="boolean">true</profile_background_tile><profile_image_url type="string">http://a3.twimg.com/profile_images/624897153/twitterProfilePhoto_normal.jpg</profile_image_url><profile_link_color type="string">990000</profile_link_color><profile_sidebar_border_color type="string">DFDFDF</profile_sidebar_border_color><profile_sidebar_fill_color type="string">F3F3F3</profile_sidebar_fill_color><profile_text_color type="string">333333</profile_text_color><protected type="boolean">false</protected><screen_name type="string">Sue4Chase</screen_name><statuses_count type="number">482</statuses_count><time_zone type="string">London</time_zone><url class="object" null="true"/><utc_offset type="number">0</utc_offset><verified type="boolean">false</verified></user></o>
