<?xml version="1.0" encoding="UTF-8"?>
<o><contributors class="object" null="true"/><coordinates class="object" null="true"/><created_at type="string">Thu Mar 25 20:13:59 +0000 2010</created_at><favorited type="boolean">false</favorited><geo class="object" null="true"/><id type="number">11051240220</id><in_reply_to_screen_name class="object" null="true"/><in_reply_to_status_id class="object" null="true"/><in_reply_to_user_id class="object" null="true"/><place class="object" null="true"/><source type="string">&lt;a href="http://www.tweetdeck.com" rel="nofollow"&gt;TweetDeck&lt;/a&gt;</source><text type="string">Seriously, you would think the unions wanted labour to lose. Rail strikes going to be a real pain in the arse</text><truncated type="boolean">false</truncated><user class="object"><contributors_enabled type="boolean">false</contributors_enabled><created_at type="string">Sun Apr 26 15:38:51 +0000 2009</created_at><description type="string">UK  based Conservative student &amp; Blogger studying Environmental Science at Oxford Brookes University</description><favourites_count type="number">1</favourites_count><followers_count type="number">265</followers_count><following class="object" null="true"/><friends_count type="number">359</friends_count><geo_enabled type="boolean">false</geo_enabled><id type="number">35489246</id><lang type="string">en</lang><location type="string">Oxford, UK</location><name type="string">Alex Painter</name><notifications class="object" null="true"/><profile_background_color type="string">B2DFDA</profile_background_color><profile_background_image_url type="string">http://s.twimg.com/a/1269387398/images/themes/theme13/bg.gif</profile_background_image_url><profile_background_tile type="boolean">false</profile_background_tile><profile_image_url type="string">http://a1.twimg.com/profile_images/564560510/twitterProfilePhoto_normal.jpg</profile_image_url><profile_link_color type="string">93A644</profile_link_color><profile_sidebar_border_color type="string">eeeeee</profile_sidebar_border_color><profile_sidebar_fill_color type="string">ffffff</profile_sidebar_fill_color><profile_text_color type="string">333333</profile_text_color><protected type="boolean">false</protected><screen_name type="string">alexpainter</screen_name><statuses_count type="number">1580</statuses_count><time_zone type="string">London</time_zone><url type="string">http://www.alexpainter.co.uk</url><utc_offset type="number">0</utc_offset><verified type="boolean">false</verified></user></o>
