<?xml version="1.0" encoding="UTF-8"?>
<o><contributors class="object" null="true"/><coordinates class="object" null="true"/><created_at type="string">Thu Mar 25 22:19:31 +0000 2010</created_at><favorited type="boolean">false</favorited><geo class="object" null="true"/><id type="number">11056306015</id><in_reply_to_screen_name class="object" null="true"/><in_reply_to_status_id class="object" null="true"/><in_reply_to_user_id class="object" null="true"/><place class="object" null="true"/><source type="string">&lt;a href="http://ubertwitter.com" rel="nofollow"&gt;UberTwitter&lt;/a&gt;</source><text type="string">At the debate. Conservatives and lib dems have the edge. Labour is struggling.</text><truncated type="boolean">false</truncated><user class="object"><contributors_enabled type="boolean">false</contributors_enabled><created_at type="string">Sun Mar 22 10:17:54 +0000 2009</created_at><description type="string">Closet Ninja</description><favourites_count type="number">0</favourites_count><followers_count type="number">84</followers_count><following class="object" null="true"/><friends_count type="number">104</friends_count><geo_enabled type="boolean">false</geo_enabled><id type="number">25803559</id><lang type="string">en</lang><location type="string">London</location><name type="string">Caitlin </name><notifications class="object" null="true"/><profile_background_color type="string">1A1B1F</profile_background_color><profile_background_image_url type="string">http://a3.twimg.com/profile_background_images/69416209/mcqueen.jpg</profile_background_image_url><profile_background_tile type="boolean">true</profile_background_tile><profile_image_url type="string">http://a3.twimg.com/profile_images/771374309/24989_387328019185_510779185_4958862_7635641_n_normal.jpg</profile_image_url><profile_link_color type="string">2FC2EF</profile_link_color><profile_sidebar_border_color type="string">181A1E</profile_sidebar_border_color><profile_sidebar_fill_color type="string">252429</profile_sidebar_fill_color><profile_text_color type="string">666666</profile_text_color><protected type="boolean">false</protected><screen_name type="string">CaitlinCandela</screen_name><statuses_count type="number">1166</statuses_count><time_zone type="string">Hawaii</time_zone><url type="string">http://null</url><utc_offset type="number">-36000</utc_offset><verified type="boolean">false</verified></user></o>
