<?xml version="1.0" encoding="UTF-8"?>
<o><contributors class="object" null="true"/><coordinates class="object" null="true"/><created_at type="string">Thu Mar 25 22:07:17 +0000 2010</created_at><favorited type="boolean">false</favorited><geo class="object" null="true"/><id type="number">11055800170</id><in_reply_to_screen_name class="object" null="true"/><in_reply_to_status_id class="object" null="true"/><in_reply_to_user_id class="object" null="true"/><place class="object" null="true"/><source type="string">&lt;a href="http://twitterfeed.com" rel="nofollow"&gt;twitterfeed&lt;/a&gt;</source><text type="string">Labour cuts 'tougher than 1980s': If Labour is re-elected spending cuts will be "tougher and deeper" than those un... http://bit.ly/bWU33U</text><truncated type="boolean">false</truncated><user class="object"><contributors_enabled type="boolean">false</contributors_enabled><created_at type="string">Mon Sep 28 16:08:36 +0000 2009</created_at><description type="string">wonderful donegal hills ireland eire</description><favourites_count type="number">0</favourites_count><followers_count type="number">261</followers_count><following class="object" null="true"/><friends_count type="number">284</friends_count><geo_enabled type="boolean">false</geo_enabled><id type="number">78050593</id><lang type="string">en</lang><location type="string"/><name type="string">Donnacha McGee</name><notifications class="object" null="true"/><profile_background_color type="string">B2DFDA</profile_background_color><profile_background_image_url type="string">http://s.twimg.com/a/1269387398/images/themes/theme13/bg.gif</profile_background_image_url><profile_background_tile type="boolean">false</profile_background_tile><profile_image_url type="string">http://a1.twimg.com/profile_images/441089098/images_normal.jpg</profile_image_url><profile_link_color type="string">93A644</profile_link_color><profile_sidebar_border_color type="string">eeeeee</profile_sidebar_border_color><profile_sidebar_fill_color type="string">ffffff</profile_sidebar_fill_color><profile_text_color type="string">333333</profile_text_color><protected type="boolean">false</protected><screen_name type="string">Donegal_Hills</screen_name><statuses_count type="number">1724</statuses_count><time_zone type="string">Dublin</time_zone><url type="string">http://paydotcom.com/r/87290/donegalhills/25896963/</url><utc_offset type="number">0</utc_offset><verified type="boolean">false</verified></user></o>
