<?xml version="1.0" encoding="UTF-8"?>
<o><contributors class="object" null="true"/><coordinates class="object" null="true"/><created_at type="string">Thu Mar 25 22:34:24 +0000 2010</created_at><favorited type="boolean">false</favorited><geo class="object" null="true"/><id type="number">11056935791</id><in_reply_to_screen_name class="object" null="true"/><in_reply_to_status_id class="object" null="true"/><in_reply_to_user_id class="object" null="true"/><place class="object" null="true"/><source type="string">web</source><text type="string">Tory Burch clothing sale!  Get it while it's hot! http://bit.ly/tory-burch-clothing-sale</text><truncated type="boolean">false</truncated><user class="object"><contributors_enabled type="boolean">false</contributors_enabled><created_at type="string">Mon Mar 09 16:49:00 +0000 2009</created_at><description type="string">Shop all of your favorite brands and stores -- all in one place!</description><favourites_count type="number">5</favourites_count><followers_count type="number">1939</followers_count><following class="object" null="true"/><friends_count type="number">2134</friends_count><geo_enabled type="boolean">false</geo_enabled><id type="number">23457815</id><lang type="string">en</lang><location type="string">Los Angeles, CA</location><name type="string">beso.com</name><notifications class="object" null="true"/><profile_background_color type="string">eeeeee</profile_background_color><profile_background_image_url type="string">http://a3.twimg.com/profile_background_images/27979253/twitter_background2.jpg</profile_background_image_url><profile_background_tile type="boolean">false</profile_background_tile><profile_image_url type="string">http://a1.twimg.com/profile_images/327080320/beso_twitter_normal.gif</profile_image_url><profile_link_color type="string">0084B4</profile_link_color><profile_sidebar_border_color type="string">BDDCAD</profile_sidebar_border_color><profile_sidebar_fill_color type="string">DDFFCC</profile_sidebar_fill_color><profile_text_color type="string">333333</profile_text_color><protected type="boolean">false</protected><screen_name type="string">beso</screen_name><statuses_count type="number">468</statuses_count><time_zone type="string">Pacific Time (US &amp; Canada)</time_zone><url type="string">http://www.beso.com</url><utc_offset type="number">-28800</utc_offset><verified type="boolean">false</verified></user></o>
