<?xml version="1.0" encoding="UTF-8"?>
<o><contributors class="object" null="true"/><coordinates class="object" null="true"/><created_at type="string">Thu Mar 25 22:25:46 +0000 2010</created_at><favorited type="boolean">false</favorited><geo class="object" null="true"/><id type="number">11056567873</id><in_reply_to_screen_name class="object" null="true"/><in_reply_to_status_id class="object" null="true"/><in_reply_to_user_id class="object" null="true"/><place class="object" null="true"/><retweeted_status class="object"><contributors class="object" null="true"/><coordinates class="object" null="true"/><created_at type="string">Thu Mar 25 22:24:52 +0000 2010</created_at><favorited type="boolean">false</favorited><geo class="object" null="true"/><id type="number">11056529856</id><in_reply_to_screen_name class="object" null="true"/><in_reply_to_status_id class="object" null="true"/><in_reply_to_user_id class="object" null="true"/><place class="object" null="true"/><source type="string">web</source><text type="string">Much excitement in the Tory camp that their lead over Labour is back in 4-5% in polls.  Lead was 17% last October.</text><truncated type="boolean">false</truncated><user class="object"><contributors_enabled type="boolean">false</contributors_enabled><created_at type="string">Mon Sep 21 16:08:30 +0000 2009</created_at><description type="string">Lib Dem Councillor for Cheadle &amp; Gatley ward in Stockport</description><favourites_count type="number">1</favourites_count><followers_count type="number">201</followers_count><following class="object" null="true"/><friends_count type="number">259</friends_count><geo_enabled type="boolean">false</geo_enabled><id type="number">76062469</id><lang type="string">en</lang><location type="string">Stockport, UK</location><name type="string">Iain Roberts</name><notifications class="object" null="true"/><profile_background_color type="string">352726</profile_background_color><profile_background_image_url type="string">http://a3.twimg.com/profile_background_images/46344933/background4.jpg</profile_background_image_url><profile_background_tile type="boolean">true</profile_background_tile><profile_image_url type="string">http://a1.twimg.com/profile_images/452662384/twitterProfilePhoto_normal.jpg</profile_image_url><profile_link_color type="string">D02B55</profile_link_color><profile_sidebar_border_color type="string">829D5E</profile_sidebar_border_color><profile_sidebar_fill_color type="string">eff2e9</profile_sidebar_fill_color><profile_text_color type="string">3E4415</profile_text_color><protected type="boolean">false</protected><screen_name type="string">CllrIainRoberts</screen_name><statuses_count type="number">930</statuses_count><time_zone type="string">London</time_zone><url type="string">http://iainroberts.mycouncillor.org.uk</url><utc_offset type="number">0</utc_offset><verified type="boolean">false</verified></user></retweeted_status><source type="string">web</source><text type="string">RT @CllrIainRoberts: Much excitement in the Tory camp that their lead over Labour is back in 4-5% in polls.  Lead was 17% last October.</text><truncated type="boolean">false</truncated><user class="object"><contributors_enabled type="boolean">false</contributors_enabled><created_at type="string">Thu Nov 01 11:56:03 +0000 2007</created_at><description type="string">Pothole obsessed (well it is true), Liberal Democrat, proud single mum of three</description><favourites_count type="number">7</favourites_count><followers_count type="number">326</followers_count><following class="object" null="true"/><friends_count type="number">492</friends_count><geo_enabled type="boolean">false</geo_enabled><id type="number">9850702</id><lang type="string">en</lang><location type="string">Watford, Hertfordshire</location><name type="string">Susan Gaszczak</name><notifications class="object" null="true"/><profile_background_color type="string">FF6699</profile_background_color><profile_background_image_url type="string">http://a1.twimg.com/profile_background_images/67707848/free_twitter_designer.jpg</profile_background_image_url><profile_background_tile type="boolean">true</profile_background_tile><profile_image_url type="string">http://a1.twimg.com/profile_images/743955028/Susan_H_S_normal.jpg</profile_image_url><profile_link_color type="string">B40B43</profile_link_color><profile_sidebar_border_color type="string">CC3366</profile_sidebar_border_color><profile_sidebar_fill_color type="string">E5507E</profile_sidebar_fill_color><profile_text_color type="string">362720</profile_text_color><protected type="boolean">false</protected><screen_name type="string">SusanGaszczak</screen_name><statuses_count type="number">1511</statuses_count><time_zone type="string">London</time_zone><url type="string">http://www.justcallmesusan.org.uk</url><utc_offset type="number">0</utc_offset><verified type="boolean">false</verified></user></o>
