<?xml version="1.0" encoding="UTF-8"?>
<o><contributors class="object" null="true"/><coordinates class="object" null="true"/><created_at type="string">Thu Mar 25 21:48:15 +0000 2010</created_at><favorited type="boolean">false</favorited><geo class="object" null="true"/><id type="number">11055004505</id><in_reply_to_screen_name class="object" null="true"/><in_reply_to_status_id class="object" null="true"/><in_reply_to_user_id class="object" null="true"/><place class="object" null="true"/><source type="string">&lt;a href="http://lifestream.aim.com" rel="nofollow"&gt;AIM&lt;/a&gt;</source><text type="string">on the phone w/ Tory! nd eating Pizza, fries nd Chocolate cake! Yum</text><truncated type="boolean">false</truncated><user class="object"><contributors_enabled type="boolean">false</contributors_enabled><created_at type="string">Thu Aug 20 20:08:05 +0000 2009</created_at><description type="string"/><favourites_count type="number">4</favourites_count><followers_count type="number">20</followers_count><following class="object" null="true"/><friends_count type="number">42</friends_count><geo_enabled type="boolean">false</geo_enabled><id type="number">67410156</id><lang type="string">en</lang><location type="string">Coming to a city Near you!</location><name type="string">Vallyn</name><notifications class="object" null="true"/><profile_background_color type="string">FF6699</profile_background_color><profile_background_image_url type="string">http://a1.twimg.com/profile_background_images/58615118/l_b61db26b3827481ca9589dd93d26df3f.jpg</profile_background_image_url><profile_background_tile type="boolean">true</profile_background_tile><profile_image_url type="string">http://a1.twimg.com/profile_images/565591808/Picture_016_normal.jpg</profile_image_url><profile_link_color type="string">B40B43</profile_link_color><profile_sidebar_border_color type="string">CC3366</profile_sidebar_border_color><profile_sidebar_fill_color type="string">E5507E</profile_sidebar_fill_color><profile_text_color type="string">362720</profile_text_color><protected type="boolean">false</protected><screen_name type="string">MsVallyn</screen_name><statuses_count type="number">339</statuses_count><time_zone type="string">Pacific Time (US &amp; Canada)</time_zone><url class="object" null="true"/><utc_offset type="number">-28800</utc_offset><verified type="boolean">false</verified></user></o>
