<?xml version="1.0" encoding="UTF-8"?>
<o><contributors class="object" null="true"/><coordinates class="object" null="true"/><created_at type="string">Thu Mar 25 22:45:43 +0000 2010</created_at><favorited type="boolean">false</favorited><geo class="object" null="true"/><id type="number">11057414537</id><in_reply_to_screen_name class="object" null="true"/><in_reply_to_status_id class="object" null="true"/><in_reply_to_user_id class="object" null="true"/><place class="object" null="true"/><source type="string">web</source><text type="string">……What we need is for everybody to give Labour a damn good kicking…................form an orderly Q please…..!!</text><truncated type="boolean">false</truncated><user class="object"><contributors_enabled type="boolean">false</contributors_enabled><created_at type="string">Fri Sep 05 14:56:16 +0000 2008</created_at><description type="string">Interior &amp; Architectural companies social &amp; interactive portal run by the mischievous twins Patrick &amp; Svein. Approach with caution ! ☺ </description><favourites_count type="number">18</favourites_count><followers_count type="number">641</followers_count><following class="object" null="true"/><friends_count type="number">589</friends_count><geo_enabled type="boolean">false</geo_enabled><id type="number">16144559</id><lang type="string">en</lang><location type="string">London</location><name type="string">Space Projects Ltd</name><notifications class="object" null="true"/><profile_background_color type="string">000000</profile_background_color><profile_background_image_url type="string">http://a3.twimg.com/profile_background_images/39871259/You_Tube_Logo.jpg</profile_background_image_url><profile_background_tile type="boolean">true</profile_background_tile><profile_image_url type="string">http://a3.twimg.com/profile_images/746069751/head-1_normal.jpg</profile_image_url><profile_link_color type="string">0310ff</profile_link_color><profile_sidebar_border_color type="string">6e4a6e</profile_sidebar_border_color><profile_sidebar_fill_color type="string">857e7e</profile_sidebar_fill_color><profile_text_color type="string">0a0a0a</profile_text_color><protected type="boolean">false</protected><screen_name type="string">Spaceprojects</screen_name><statuses_count type="number">10658</statuses_count><time_zone type="string">London</time_zone><url type="string">http://www.spaceprojects.co.uk</url><utc_offset type="number">0</utc_offset><verified type="boolean">false</verified></user></o>
