<?xml version="1.0" encoding="UTF-8"?>
<o><contributors class="object" null="true"/><coordinates class="object" null="true"/><created_at type="string">Thu Mar 25 21:59:30 +0000 2010</created_at><favorited type="boolean">false</favorited><geo class="object" null="true"/><id type="number">11055467897</id><in_reply_to_screen_name type="string">spoiltko</in_reply_to_screen_name><in_reply_to_status_id type="number">11055416688</in_reply_to_status_id><in_reply_to_user_id type="number">102806546</in_reply_to_user_id><place class="object" null="true"/><source type="string">web</source><text type="string">@spoiltko you! i dont do manual labour! lol</text><truncated type="boolean">false</truncated><user class="object"><contributors_enabled type="boolean">false</contributors_enabled><created_at type="string">Sun Mar 15 10:04:57 +0000 2009</created_at><description type="string">I'm a Londoner who lives with a work little play hard attitude. Likes pretending im on a diet. Loves Michael Jackson, Jesus and Darwin. </description><favourites_count type="number">98</favourites_count><followers_count type="number">1855</followers_count><following class="object" null="true"/><friends_count type="number">1420</friends_count><geo_enabled type="boolean">false</geo_enabled><id type="number">24507326</id><lang type="string">en</lang><location type="string">London</location><name type="string">clara belle</name><notifications class="object" null="true"/><profile_background_color type="string">642D8B</profile_background_color><profile_background_image_url type="string">http://a1.twimg.com/profile_background_images/84981930/mj_image_another_part_of_me.jpg</profile_background_image_url><profile_background_tile type="boolean">true</profile_background_tile><profile_image_url type="string">http://a3.twimg.com/profile_images/756438619/019_normal.jpg</profile_image_url><profile_link_color type="string">FF0000</profile_link_color><profile_sidebar_border_color type="string">65B0DA</profile_sidebar_border_color><profile_sidebar_fill_color type="string">7AC3EE</profile_sidebar_fill_color><profile_text_color type="string">3D1957</profile_text_color><protected type="boolean">false</protected><screen_name type="string">clarabelle80085</screen_name><statuses_count type="number">23523</statuses_count><time_zone type="string">London</time_zone><url type="string">http://facebook.com/clarabelle80085</url><utc_offset type="number">0</utc_offset><verified type="boolean">false</verified></user></o>
