<?xml version="1.0" encoding="UTF-8"?>
<o><contributors class="object" null="true"/><coordinates class="object" null="true"/><created_at type="string">Thu Mar 25 20:19:50 +0000 2010</created_at><favorited type="boolean">false</favorited><geo class="object" null="true"/><id type="number">11051469342</id><in_reply_to_screen_name class="object" null="true"/><in_reply_to_status_id class="object" null="true"/><in_reply_to_user_id class="object" null="true"/><place class="object" null="true"/><source type="string">&lt;a href="http://www.tweetdeck.com" rel="nofollow"&gt;TweetDeck&lt;/a&gt;</source><text type="string">Labour MP Anne Moffat struck 'secret' Commons retirement deal http://bit.ly/c0daUs</text><truncated type="boolean">false</truncated><user class="object"><contributors_enabled type="boolean">false</contributors_enabled><created_at type="string">Thu May 15 16:23:27 +0000 2008</created_at><description type="string">Slightly eccentric, apparently. Or barking mad. Depends who you ask. Crazy about cricket and football, interested in any other sport.</description><favourites_count type="number">70</favourites_count><followers_count type="number">509</followers_count><following class="object" null="true"/><friends_count type="number">534</friends_count><geo_enabled type="boolean">true</geo_enabled><id type="number">14788128</id><lang type="string">en</lang><location type="string">Yorkshire and a bit of Lancs</location><name type="string">Pam_Nash</name><notifications class="object" null="true"/><profile_background_color type="string">1f5403</profile_background_color><profile_background_image_url type="string">http://a3.twimg.com/profile_background_images/9437457/DSCN1104__Large___1600x1200_.JPG</profile_background_image_url><profile_background_tile type="boolean">true</profile_background_tile><profile_image_url type="string">http://a1.twimg.com/profile_images/679530390/Marina_normal.jpg</profile_image_url><profile_link_color type="string">21500c</profile_link_color><profile_sidebar_border_color type="string">e18114</profile_sidebar_border_color><profile_sidebar_fill_color type="string">99CC33</profile_sidebar_fill_color><profile_text_color type="string">3E4415</profile_text_color><protected type="boolean">false</protected><screen_name type="string">Pam_Nash</screen_name><statuses_count type="number">14077</statuses_count><time_zone type="string">London</time_zone><url type="string">http://sittinginthesky.blogspot.com</url><utc_offset type="number">0</utc_offset><verified type="boolean">false</verified></user></o>
