<?xml version="1.0" encoding="UTF-8"?>
<o><contributors class="object" null="true"/><coordinates class="object" null="true"/><created_at type="string">Thu Mar 25 22:06:29 +0000 2010</created_at><favorited type="boolean">false</favorited><geo class="object" null="true"/><id type="number">11055767559</id><in_reply_to_screen_name class="object" null="true"/><in_reply_to_status_id class="object" null="true"/><in_reply_to_user_id class="object" null="true"/><place class="object" null="true"/><source type="string">&lt;a href="http://twitterfeed.com" rel="nofollow"&gt;twitterfeed&lt;/a&gt;</source><text type="string">BBC: Labour cuts 'tougher than 1980s': If Labour is re-elected spending cuts will be "tougher and deeper" than those under Margaret Th...</text><truncated type="boolean">false</truncated><user class="object"><contributors_enabled type="boolean">false</contributors_enabled><created_at type="string">Thu Feb 14 14:46:03 +0000 2008</created_at><description class="object" null="true"/><favourites_count type="number">0</favourites_count><followers_count type="number">325</followers_count><following class="object" null="true"/><friends_count type="number">0</friends_count><geo_enabled type="boolean">false</geo_enabled><id type="number">13472952</id><lang type="string">en</lang><location class="object" null="true"/><name type="string">picsarch</name><notifications class="object" null="true"/><profile_background_color type="string">9ae4e8</profile_background_color><profile_background_image_url type="string">http://s.twimg.com/a/1268844775/images/themes/theme1/bg.png</profile_background_image_url><profile_background_tile type="boolean">false</profile_background_tile><profile_image_url type="string">http://s.twimg.com/a/1268844775/images/default_profile_3_normal.png</profile_image_url><profile_link_color type="string">0000ff</profile_link_color><profile_sidebar_border_color type="string">87bc44</profile_sidebar_border_color><profile_sidebar_fill_color type="string">e0ff92</profile_sidebar_fill_color><profile_text_color type="string">000000</profile_text_color><protected type="boolean">false</protected><screen_name type="string">picsarch</screen_name><statuses_count type="number">21189</statuses_count><time_zone type="string">Central Time (US &amp; Canada)</time_zone><url class="object" null="true"/><utc_offset type="number">-21600</utc_offset><verified type="boolean">false</verified></user></o>
