<?xml version="1.0" encoding="UTF-8"?>
<o><contributors class="object" null="true"/><coordinates class="object" null="true"/><created_at type="string">Thu Mar 25 22:21:22 +0000 2010</created_at><favorited type="boolean">false</favorited><geo class="object" null="true"/><id type="number">11056385505</id><in_reply_to_screen_name class="object" null="true"/><in_reply_to_status_id class="object" null="true"/><in_reply_to_user_id class="object" null="true"/><place class="object" null="true"/><retweeted_status class="object"><contributors class="object" null="true"/><coordinates class="object" null="true"/><created_at type="string">Thu Mar 25 22:16:51 +0000 2010</created_at><favorited type="boolean">false</favorited><geo class="object" null="true"/><id type="number">11056195282</id><in_reply_to_screen_name class="object" null="true"/><in_reply_to_status_id class="object" null="true"/><in_reply_to_user_id class="object" null="true"/><place class="object" null="true"/><source type="string">&lt;a href="http://www.typepad.com/" rel="nofollow"&gt;TypePad&lt;/a&gt;</source><text type="string">YouGov/Sun has Tory lead back at 4% (from 2%) in post-Budget tracker poll http://bit.ly/cIRAmH</text><truncated type="boolean">false</truncated><user class="object"><contributors_enabled type="boolean">false</contributors_enabled><created_at type="string">Fri Sep 05 03:13:55 +0000 2008</created_at><description type="string">Tim Montgomerie, Editor of ConservativeHome.com, co-founder of Centre for Social Justice, neocon, ManU season ticket holder</description><favourites_count type="number">8</favourites_count><followers_count type="number">4097</followers_count><following class="object" null="true"/><friends_count type="number">272</friends_count><geo_enabled type="boolean">false</geo_enabled><id type="number">16139649</id><lang type="string">en</lang><location type="string">Salisbury and London</location><name type="string">Tim Montgomerie </name><notifications class="object" null="true"/><profile_background_color type="string">EBEBEB</profile_background_color><profile_background_image_url type="string">http://a3.twimg.com/profile_background_images/8823727/C-HOME_SHIELD_ART_HI_RES.jpg</profile_background_image_url><profile_background_tile type="boolean">false</profile_background_tile><profile_image_url type="string">http://a1.twimg.com/profile_images/772751766/n635830782_2531966_4231_normal.jpg</profile_image_url><profile_link_color type="string">030099</profile_link_color><profile_sidebar_border_color type="string">DFDFDF</profile_sidebar_border_color><profile_sidebar_fill_color type="string">F3F3F3</profile_sidebar_fill_color><profile_text_color type="string">221616</profile_text_color><protected type="boolean">false</protected><screen_name type="string">TimMontgomerie</screen_name><statuses_count type="number">5076</statuses_count><time_zone type="string">London</time_zone><url type="string">http://www.conservativehome.com</url><utc_offset type="number">0</utc_offset><verified type="boolean">false</verified></user></retweeted_status><source type="string">web</source><text type="string">RT @TimMontgomerie: YouGov/Sun has Tory lead back at 4% (from 2%) in post-Budget tracker poll http://bit.ly/cIRAmH</text><truncated type="boolean">false</truncated><user class="object"><contributors_enabled type="boolean">false</contributors_enabled><created_at type="string">Mon Feb 01 15:00:58 +0000 2010</created_at><description type="string">Deputy Editor of The Wall Street Journal Europe</description><favourites_count type="number">0</favourites_count><followers_count type="number">409</followers_count><following class="object" null="true"/><friends_count type="number">61</friends_count><geo_enabled type="boolean">true</geo_enabled><id type="number">110437588</id><lang type="string">en</lang><location type="string">London</location><name type="string">Iain Martin</name><notifications class="object" null="true"/><profile_background_color type="string">9ae4e8</profile_background_color><profile_background_image_url type="string">http://s.twimg.com/a/1269553143/images/themes/theme1/bg.png</profile_background_image_url><profile_background_tile type="boolean">false</profile_background_tile><profile_image_url type="string">http://a1.twimg.com/profile_images/669422706/Iain-Martin-colhed_normal.gif</profile_image_url><profile_link_color type="string">0000ff</profile_link_color><profile_sidebar_border_color type="string">87bc44</profile_sidebar_border_color><profile_sidebar_fill_color type="string">e0ff92</profile_sidebar_fill_color><profile_text_color type="string">000000</profile_text_color><protected type="boolean">false</protected><screen_name type="string">iainmartinwsj</screen_name><statuses_count type="number">210</statuses_count><time_zone type="string">London</time_zone><url type="string">http://blogs.wsj.com/iainmartin</url><utc_offset type="number">0</utc_offset><verified type="boolean">false</verified></user></o>
