<?xml version="1.0" encoding="UTF-8"?>
<o><contributors class="object" null="true"/><coordinates class="object" null="true"/><created_at type="string">Thu Mar 25 22:32:56 +0000 2010</created_at><favorited type="boolean">false</favorited><geo class="object" null="true"/><id type="number">11056873241</id><in_reply_to_screen_name class="object" null="true"/><in_reply_to_status_id class="object" null="true"/><in_reply_to_user_id class="object" null="true"/><place class="object" null="true"/><source type="string">&lt;a href="http://twitterfeed.com" rel="nofollow"&gt;twitterfeed&lt;/a&gt;</source><text type="string">Labour's assault on liberty is the undeniable scandal: Monday 22 March 2010,  liberty central blog, Guardian


Reg... http://bit.ly/dcKQZa</text><truncated type="boolean">false</truncated><user class="object"><contributors_enabled type="boolean">false</contributors_enabled><created_at type="string">Thu Mar 25 17:13:36 +0000 2010</created_at><description type="string"/><favourites_count type="number">1</favourites_count><followers_count type="number">0</followers_count><following class="object" null="true"/><friends_count type="number">0</friends_count><geo_enabled type="boolean">false</geo_enabled><id type="number">126371832</id><lang type="string">en</lang><location type="string">London</location><name type="string">Henry Porter </name><notifications class="object" null="true"/><profile_background_color type="string">9ae4e8</profile_background_color><profile_background_image_url type="string">http://s.twimg.com/a/1269387398/images/themes/theme1/bg.png</profile_background_image_url><profile_background_tile type="boolean">false</profile_background_tile><profile_image_url type="string">http://s.twimg.com/a/1269387398/images/default_profile_6_normal.png</profile_image_url><profile_link_color type="string">0000ff</profile_link_color><profile_sidebar_border_color type="string">87bc44</profile_sidebar_border_color><profile_sidebar_fill_color type="string">e0ff92</profile_sidebar_fill_color><profile_text_color type="string">000000</profile_text_color><protected type="boolean">false</protected><screen_name type="string">HPonLiberty</screen_name><statuses_count type="number">4</statuses_count><time_zone class="object" null="true"/><url type="string">http://henry-porter.com</url><utc_offset class="object" null="true"/><verified type="boolean">false</verified></user></o>
