<?xml version="1.0" encoding="UTF-8"?>
<o><contributors class="object" null="true"/><coordinates class="object" null="true"/><created_at type="string">Thu Mar 25 22:44:54 +0000 2010</created_at><favorited type="boolean">false</favorited><geo class="object" null="true"/><id type="number">11057378156</id><in_reply_to_screen_name class="object" null="true"/><in_reply_to_status_id class="object" null="true"/><in_reply_to_user_id class="object" null="true"/><place class="object" null="true"/><source type="string">&lt;a href="http://www.nibirutech.com" rel="nofollow"&gt;TwitBird iPhone&lt;/a&gt;</source><text type="string">Byrne will be getting a battering on #bbcqt tonight then! Yes is the only answer to the first question! Labour are in tatters!!!</text><truncated type="boolean">false</truncated><user class="object"><contributors_enabled type="boolean">false</contributors_enabled><created_at type="string">Mon Feb 09 20:48:19 +0000 2009</created_at><description type="string">Land Agent, horse racing enthusiast and Sportsman</description><favourites_count type="number">0</favourites_count><followers_count type="number">48</followers_count><following class="object" null="true"/><friends_count type="number">98</friends_count><geo_enabled type="boolean">false</geo_enabled><id type="number">20465673</id><lang type="string">en</lang><location type="string">Warwickshire</location><name type="string">John Sawdon</name><notifications class="object" null="true"/><profile_background_color type="string">BADFCD</profile_background_color><profile_background_image_url type="string">http://a1.twimg.com/profile_background_images/4365184/SP_A0111_edit.jpg</profile_background_image_url><profile_background_tile type="boolean">true</profile_background_tile><profile_image_url type="string">http://a1.twimg.com/profile_images/747229506/Sawds_normal.jpg</profile_image_url><profile_link_color type="string">FF0000</profile_link_color><profile_sidebar_border_color type="string">F2E195</profile_sidebar_border_color><profile_sidebar_fill_color type="string">FFF7CC</profile_sidebar_fill_color><profile_text_color type="string">0C3E53</profile_text_color><protected type="boolean">false</protected><screen_name type="string">Sawds</screen_name><statuses_count type="number">272</statuses_count><time_zone type="string">London</time_zone><url class="object" null="true"/><utc_offset type="number">0</utc_offset><verified type="boolean">false</verified></user></o>
