<?xml version="1.0" encoding="UTF-8"?>
<o><contributors class="object" null="true"/><coordinates class="object" null="true"/><created_at type="string">Thu Mar 25 22:22:18 +0000 2010</created_at><favorited type="boolean">false</favorited><geo class="object" null="true"/><id type="number">11056424454</id><in_reply_to_screen_name class="object" null="true"/><in_reply_to_status_id class="object" null="true"/><in_reply_to_user_id class="object" null="true"/><place class="object" null="true"/><source type="string">web</source><text type="string">Are the unions in cahoots with Labour enabling the government to become the strike ending heros before the election?</text><truncated type="boolean">false</truncated><user class="object"><contributors_enabled type="boolean">false</contributors_enabled><created_at type="string">Tue Nov 03 11:48:31 +0000 2009</created_at><description type="string">Running as an independent candidate for Battersea at 2010 general election. Main issue: to drive systemic corruption out of Parliament. </description><favourites_count type="number">0</favourites_count><followers_count type="number">9</followers_count><following class="object" null="true"/><friends_count type="number">9</friends_count><geo_enabled type="boolean">false</geo_enabled><id type="number">87172680</id><lang type="string">en</lang><location type="string">Battersea, London</location><name type="string">Tom Fox</name><notifications class="object" null="true"/><profile_background_color type="string">9ae4e8</profile_background_color><profile_background_image_url type="string">http://s.twimg.com/a/1268699350/images/themes/theme1/bg.png</profile_background_image_url><profile_background_tile type="boolean">false</profile_background_tile><profile_image_url type="string">http://a3.twimg.com/profile_images/527964115/tom_normal.jpg</profile_image_url><profile_link_color type="string">0000ff</profile_link_color><profile_sidebar_border_color type="string">87bc44</profile_sidebar_border_color><profile_sidebar_fill_color type="string">e0ff92</profile_sidebar_fill_color><profile_text_color type="string">000000</profile_text_color><protected type="boolean">false</protected><screen_name type="string">battersea4brit</screen_name><statuses_count type="number">8</statuses_count><time_zone type="string">London</time_zone><url type="string">http://www.battersea4britain.co.uk</url><utc_offset type="number">0</utc_offset><verified type="boolean">false</verified></user></o>
