<?xml version="1.0" encoding="UTF-8"?>
<o><contributors class="object" null="true"/><coordinates class="object" null="true"/><created_at type="string">Thu Mar 25 22:48:16 +0000 2010</created_at><favorited type="boolean">false</favorited><geo class="object" null="true"/><id type="number">11057522419</id><in_reply_to_screen_name class="object" null="true"/><in_reply_to_status_id class="object" null="true"/><in_reply_to_user_id class="object" null="true"/><place class="object" null="true"/><source type="string">web</source><text type="string">#bbcqt #Labour and #Conervative cannot be trusted.</text><truncated type="boolean">false</truncated><user class="object"><contributors_enabled type="boolean">false</contributors_enabled><created_at type="string">Fri Jun 05 21:40:13 +0000 2009</created_at><description type="string">Support Scottish Independence,Support the SNP,Freedom, Democracy for all Humans.&#x0D;
</description><favourites_count type="number">5</favourites_count><followers_count type="number">163</followers_count><following class="object" null="true"/><friends_count type="number">152</friends_count><geo_enabled type="boolean">false</geo_enabled><id type="number">45004127</id><lang type="string">en</lang><location type="string">Scotland</location><name type="string">Simon Arnold</name><notifications class="object" null="true"/><profile_background_color type="string">131516</profile_background_color><profile_background_image_url type="string">http://s.twimg.com/a/1269387398/images/themes/theme14/bg.gif</profile_background_image_url><profile_background_tile type="boolean">true</profile_background_tile><profile_image_url type="string">http://a3.twimg.com/profile_images/736810457/twitterProfilePhoto_normal.jpg</profile_image_url><profile_link_color type="string">009999</profile_link_color><profile_sidebar_border_color type="string">eeeeee</profile_sidebar_border_color><profile_sidebar_fill_color type="string">efefef</profile_sidebar_fill_color><profile_text_color type="string">333333</profile_text_color><protected type="boolean">false</protected><screen_name type="string">_SimonArnoldme</screen_name><statuses_count type="number">4537</statuses_count><time_zone type="string">Edinburgh</time_zone><url type="string">http://www.green-humanist.eu/1.html </url><utc_offset type="number">0</utc_offset><verified type="boolean">false</verified></user></o>
