<?xml version="1.0" encoding="UTF-8"?>
<o><contributors class="object" null="true"/><coordinates class="object" null="true"/><created_at type="string">Thu Mar 25 22:47:13 +0000 2010</created_at><favorited type="boolean">false</favorited><geo class="object" null="true"/><id type="number">11057477639</id><in_reply_to_screen_name class="object" null="true"/><in_reply_to_status_id class="object" null="true"/><in_reply_to_user_id class="object" null="true"/><place class="object" null="true"/><source type="string">web</source><text type="string">If last night's programme about chocolate producers in west Africa using child slave labour doesn't stop us eating chocolate nothing will!</text><truncated type="boolean">false</truncated><user class="object"><contributors_enabled type="boolean">false</contributors_enabled><created_at type="string">Thu Apr 09 22:57:23 +0000 2009</created_at><description type="string"/><favourites_count type="number">0</favourites_count><followers_count type="number">9</followers_count><following class="object" null="true"/><friends_count type="number">19</friends_count><geo_enabled type="boolean">false</geo_enabled><id type="number">30090113</id><lang type="string">en</lang><location type="string">S Wales</location><name type="string">Andy Griffiths</name><notifications class="object" null="true"/><profile_background_color type="string">0099B9</profile_background_color><profile_background_image_url type="string">http://s.twimg.com/a/1269281712/images/themes/theme4/bg.gif</profile_background_image_url><profile_background_tile type="boolean">false</profile_background_tile><profile_image_url type="string">http://a3.twimg.com/profile_images/298053863/Gibby_funday09_smile_normal.jpg</profile_image_url><profile_link_color type="string">0099B9</profile_link_color><profile_sidebar_border_color type="string">5ED4DC</profile_sidebar_border_color><profile_sidebar_fill_color type="string">95E8EC</profile_sidebar_fill_color><profile_text_color type="string">3C3940</profile_text_color><protected type="boolean">false</protected><screen_name type="string">SeaFriend</screen_name><statuses_count type="number">31</statuses_count><time_zone class="object" null="true"/><url class="object" null="true"/><utc_offset class="object" null="true"/><verified type="boolean">false</verified></user></o>
