<?xml version="1.0" encoding="UTF-8"?>
<o><contributors class="object" null="true"/><coordinates class="object" null="true"/><created_at type="string">Thu Mar 25 21:54:26 +0000 2010</created_at><favorited type="boolean">false</favorited><geo class="object" null="true"/><id type="number">11055260286</id><in_reply_to_screen_name class="object" null="true"/><in_reply_to_status_id class="object" null="true"/><in_reply_to_user_id class="object" null="true"/><place class="object" null="true"/><source type="string">&lt;a href="http://www.seesmic.com/" rel="nofollow"&gt;Seesmic&lt;/a&gt;</source><text type="string">Dept of Labour reminds of Easter trading restrictions http://bit.ly/9mEJWT</text><truncated type="boolean">false</truncated><user class="object"><contributors_enabled type="boolean">false</contributors_enabled><created_at type="string">Thu Nov 20 22:01:47 +0000 2008</created_at><description type="string">Making tax compliance super easy for kiwi small business and rental property owners. Visit our website to find out how...</description><favourites_count type="number">0</favourites_count><followers_count type="number">11</followers_count><following class="object" null="true"/><friends_count type="number">8</friends_count><geo_enabled type="boolean">false</geo_enabled><id type="number">17523764</id><lang type="string">en</lang><location type="string">Napier, NZ</location><name type="string">Kiwitax Team</name><notifications class="object" null="true"/><profile_background_color type="string">ffffff</profile_background_color><profile_background_image_url type="string">http://a1.twimg.com/profile_background_images/80836180/kiwitax_twitter_background.png</profile_background_image_url><profile_background_tile type="boolean">true</profile_background_tile><profile_image_url type="string">http://a1.twimg.com/profile_images/739449306/kiwitax_avatar_normal.png</profile_image_url><profile_link_color type="string">347ca2</profile_link_color><profile_sidebar_border_color type="string">eeeeee</profile_sidebar_border_color><profile_sidebar_fill_color type="string">ffffff</profile_sidebar_fill_color><profile_text_color type="string">666666</profile_text_color><protected type="boolean">false</protected><screen_name type="string">Kiwitax</screen_name><statuses_count type="number">22</statuses_count><time_zone type="string">Wellington</time_zone><url type="string">http://www.kiwitax.co.nz</url><utc_offset type="number">43200</utc_offset><verified type="boolean">false</verified></user></o>
