<?xml version="1.0" encoding="UTF-8"?>
<o><contributors class="object" null="true"/><coordinates class="object" null="true"/><created_at type="string">Thu Mar 25 22:48:47 +0000 2010</created_at><favorited type="boolean">false</favorited><geo class="object" null="true"/><id type="number">11057543798</id><in_reply_to_screen_name class="object" null="true"/><in_reply_to_status_id class="object" null="true"/><in_reply_to_user_id class="object" null="true"/><place class="object" null="true"/><source type="string">&lt;a href="http://www.tweetdeck.com/" rel="nofollow"&gt;TweetDeck&lt;/a&gt;</source><text type="string">is interested to hear some stories of labour shortages in China due to wage demands. Some massive structural shifts to come</text><truncated type="boolean">false</truncated><user class="object"><contributors_enabled type="boolean">false</contributors_enabled><created_at type="string">Fri Feb 27 13:42:12 +0000 2009</created_at><description type="string">Thinking out loud, media / investment entrepreneur and sports enthusiast. Blogs at josephpkelly.com</description><favourites_count type="number">56</favourites_count><followers_count type="number">299</followers_count><following class="object" null="true"/><friends_count type="number">258</friends_count><geo_enabled type="boolean">false</geo_enabled><id type="number">22140139</id><lang type="string">en</lang><location type="string">London, England</location><name type="string">Joseph Kelly</name><notifications class="object" null="true"/><profile_background_color type="string">042d38</profile_background_color><profile_background_image_url type="string">http://a3.twimg.com/profile_background_images/9476729/London.jpg</profile_background_image_url><profile_background_tile type="boolean">true</profile_background_tile><profile_image_url type="string">http://a1.twimg.com/profile_images/730519570/cartoon_normal.jpg</profile_image_url><profile_link_color type="string">b5b1b1</profile_link_color><profile_sidebar_border_color type="string">030b12</profile_sidebar_border_color><profile_sidebar_fill_color type="string">284c59</profile_sidebar_fill_color><profile_text_color type="string">8f8d8b</profile_text_color><protected type="boolean">false</protected><screen_name type="string">josephpkelly</screen_name><statuses_count type="number">2113</statuses_count><time_zone type="string">London</time_zone><url type="string">http://www.loopthing.com</url><utc_offset type="number">0</utc_offset><verified type="boolean">false</verified></user></o>
