<?xml version="1.0" encoding="UTF-8"?>
<o><contributors class="object" null="true"/><coordinates class="object" null="true"/><created_at type="string">Thu Mar 25 22:18:13 +0000 2010</created_at><favorited type="boolean">false</favorited><geo class="object" null="true"/><id type="number">11056251904</id><in_reply_to_screen_name class="object" null="true"/><in_reply_to_status_id class="object" null="true"/><in_reply_to_user_id class="object" null="true"/><place class="object" null="true"/><source type="string">&lt;a href="http://www.tweetdeck.com/" rel="nofollow"&gt;TweetDeck&lt;/a&gt;</source><text type="string">LOL! RT @DarenBBC: Thinking, F*** it, lets all vote #LibDems, give them a 4 year go at it. The others had 30+ yrs &amp; screwed it. #UKElection</text><truncated type="boolean">false</truncated><user class="object"><contributors_enabled type="boolean">false</contributors_enabled><created_at type="string">Wed Sep 10 19:28:31 +0000 2008</created_at><description type="string">Musings on life as global digital evangelist living out of a suitcase and occasionally getting to go underwater…</description><favourites_count type="number">11</favourites_count><followers_count type="number">1510</followers_count><following class="object" null="true"/><friends_count type="number">1182</friends_count><geo_enabled type="boolean">false</geo_enabled><id type="number">16226538</id><lang type="string">en</lang><location type="string">ÜT: 36.122325,-115.170456</location><name type="string">Dean Donaldson</name><notifications class="object" null="true"/><profile_background_color type="string">161410</profile_background_color><profile_background_image_url type="string">http://a1.twimg.com/profile_background_images/17504512/twitter_back_new.png</profile_background_image_url><profile_background_tile type="boolean">false</profile_background_tile><profile_image_url type="string">http://a1.twimg.com/profile_images/65075256/Dean_new_sq_normal.jpg</profile_image_url><profile_link_color type="string">b9c0b8</profile_link_color><profile_sidebar_border_color type="string">363430</profile_sidebar_border_color><profile_sidebar_fill_color type="string">22201d</profile_sidebar_fill_color><profile_text_color type="string">919991</profile_text_color><protected type="boolean">false</protected><screen_name type="string">deandonaldson</screen_name><statuses_count type="number">5121</statuses_count><time_zone type="string">London</time_zone><url type="string">http://info.deandonaldson.com</url><utc_offset type="number">0</utc_offset><verified type="boolean">false</verified></user></o>
