<?xml version="1.0" encoding="UTF-8"?>
<o><contributors class="object" null="true"/><coordinates class="object" null="true"/><created_at type="string">Thu Mar 25 22:39:35 +0000 2010</created_at><favorited type="boolean">false</favorited><geo class="object" null="true"/><id type="number">11057153018</id><in_reply_to_screen_name class="object" null="true"/><in_reply_to_status_id class="object" null="true"/><in_reply_to_user_id class="object" null="true"/><place class="object" null="true"/><source type="string">&lt;a href="http://www.tweetdeck.com" rel="nofollow"&gt;TweetDeck&lt;/a&gt;</source><text type="string">This Conservative response to Labour's budget is making me lol</text><truncated type="boolean">false</truncated><user class="object"><contributors_enabled type="boolean">false</contributors_enabled><created_at type="string">Sun Feb 01 14:54:25 +0000 2009</created_at><description type="string">'I've survived so many chain mails, I'm like GOD' (via @Facebook)</description><favourites_count type="number">46</favourites_count><followers_count type="number">893</followers_count><following class="object" null="true"/><friends_count type="number">911</friends_count><geo_enabled type="boolean">true</geo_enabled><id type="number">19861093</id><lang type="string">en</lang><location type="string">iPhone: 51.42756,-0.16800</location><name type="string">Rich</name><notifications class="object" null="true"/><profile_background_color type="string">787878</profile_background_color><profile_background_image_url type="string">http://a3.twimg.com/profile_background_images/79025513/goulding.jpg</profile_background_image_url><profile_background_tile type="boolean">true</profile_background_tile><profile_image_url type="string">http://a3.twimg.com/profile_images/693938037/giloi_normal.jpg</profile_image_url><profile_link_color type="string">787878</profile_link_color><profile_sidebar_border_color type="string">910e0e</profile_sidebar_border_color><profile_sidebar_fill_color type="string">000000</profile_sidebar_fill_color><profile_text_color type="string">a80d0d</profile_text_color><protected type="boolean">false</protected><screen_name type="string">giloi</screen_name><statuses_count type="number">15015</statuses_count><time_zone type="string">London</time_zone><url type="string">http://richardlartey.wordpress.com</url><utc_offset type="number">0</utc_offset><verified type="boolean">false</verified></user></o>
