<?xml version="1.0" encoding="UTF-8"?>
<o><contributors class="object" null="true"/><coordinates class="object" null="true"/><created_at type="string">Thu Mar 25 22:04:34 +0000 2010</created_at><favorited type="boolean">false</favorited><geo class="object" null="true"/><id type="number">11055687090</id><in_reply_to_screen_name class="object" null="true"/><in_reply_to_status_id class="object" null="true"/><in_reply_to_user_id class="object" null="true"/><place class="object" null="true"/><source type="string">&lt;a href="http://www.netvibes.com/subscribe.php?module=Twitter" rel="nofollow"&gt;Netvibes&lt;/a&gt;</source><text type="string">Just back from Redditch Labour Party AGM - Great speeches by @RichardAngell and Graham Vickery. Very inspiring stuff!</text><truncated type="boolean">false</truncated><user class="object"><contributors_enabled type="boolean">false</contributors_enabled><created_at type="string">Fri Mar 13 21:24:58 +0000 2009</created_at><description type="string">Finalist at Warwick University. Labour Party Activist. (hopefully) Future Lawyer  </description><favourites_count type="number">0</favourites_count><followers_count type="number">39</followers_count><following class="object" null="true"/><friends_count type="number">184</friends_count><geo_enabled type="boolean">false</geo_enabled><id type="number">24257929</id><lang type="string">en</lang><location type="string">Leamington Spa, England</location><name type="string">Christopher Williams</name><notifications class="object" null="true"/><profile_background_color type="string">1A1B1F</profile_background_color><profile_background_image_url type="string">http://s.twimg.com/a/1269553143/images/themes/theme9/bg.gif</profile_background_image_url><profile_background_tile type="boolean">false</profile_background_tile><profile_image_url type="string">http://a1.twimg.com/profile_images/106801500/Me_normal.jpg</profile_image_url><profile_link_color type="string">2FC2EF</profile_link_color><profile_sidebar_border_color type="string">181A1E</profile_sidebar_border_color><profile_sidebar_fill_color type="string">252429</profile_sidebar_fill_color><profile_text_color type="string">666666</profile_text_color><protected type="boolean">false</protected><screen_name type="string">CPWilliams1287</screen_name><statuses_count type="number">65</statuses_count><time_zone type="string">London</time_zone><url class="object" null="true"/><utc_offset type="number">0</utc_offset><verified type="boolean">false</verified></user></o>
