<?xml version="1.0" encoding="UTF-8"?>
<o><contributors class="object" null="true"/><coordinates class="object" null="true"/><created_at type="string">Thu Mar 25 21:58:16 +0000 2010</created_at><favorited type="boolean">false</favorited><geo class="object" null="true"/><id type="number">11055417158</id><in_reply_to_screen_name class="object" null="true"/><in_reply_to_status_id class="object" null="true"/><in_reply_to_user_id class="object" null="true"/><place class="object" null="true"/><source type="string">web</source><text type="string">@wmharnett I hadn't heard that. The movie was good, but nothing beats that first season and the holiday special with the untucked Tory.</text><truncated type="boolean">false</truncated><user class="object"><contributors_enabled type="boolean">false</contributors_enabled><created_at type="string">Sun Apr 27 16:10:55 +0000 2008</created_at><description type="string">Live and direct.</description><favourites_count type="number">2</favourites_count><followers_count type="number">409</followers_count><following class="object" null="true"/><friends_count type="number">233</friends_count><geo_enabled type="boolean">true</geo_enabled><id type="number">14559196</id><lang type="string">en</lang><location type="string">Downtown L.A.</location><name type="string">Ben Welsh</name><notifications class="object" null="true"/><profile_background_color type="string">ffffff</profile_background_color><profile_background_image_url type="string">http://a1.twimg.com/profile_background_images/59775776/white1px.jpg</profile_background_image_url><profile_background_tile type="boolean">true</profile_background_tile><profile_image_url type="string">http://a3.twimg.com/profile_images/431731687/twitter-icon_normal.png</profile_image_url><profile_link_color type="string">2263cc</profile_link_color><profile_sidebar_border_color type="string">ffffff</profile_sidebar_border_color><profile_sidebar_fill_color type="string">ffffff</profile_sidebar_fill_color><profile_text_color type="string">000000</profile_text_color><protected type="boolean">false</protected><screen_name type="string">palewire</screen_name><statuses_count type="number">5872</statuses_count><time_zone type="string">Pacific Time (US &amp; Canada)</time_zone><url type="string">http://palewire.com</url><utc_offset type="number">-28800</utc_offset><verified type="boolean">false</verified></user></o>
