<?xml version="1.0" encoding="UTF-8"?>
<o><contributors class="object" null="true"/><coordinates class="object" null="true"/><created_at type="string">Thu Mar 25 22:12:37 +0000 2010</created_at><favorited type="boolean">false</favorited><geo class="object" null="true"/><id type="number">11056019789</id><in_reply_to_screen_name class="object" null="true"/><in_reply_to_status_id class="object" null="true"/><in_reply_to_user_id class="object" null="true"/><place class="object" null="true"/><source type="string">web</source><text type="string">Productivity has fallen in the NHS over the last 10 years - Labours record never stands up to scrutiny  #labour</text><truncated type="boolean">false</truncated><user class="object"><contributors_enabled type="boolean">false</contributors_enabled><created_at type="string">Tue Jun 30 17:00:58 +0000 2009</created_at><description type="string">Sports fan&#x0D;
Conservative supporter&#x0D;
Father&#x0D;
Worker&#x0D;
Current affairs&#x0D;
Blue Nile fan</description><favourites_count type="number">1</favourites_count><followers_count type="number">40</followers_count><following class="object" null="true"/><friends_count type="number">133</friends_count><geo_enabled type="boolean">false</geo_enabled><id type="number">52450175</id><lang type="string">en</lang><location type="string">Finchampstead</location><name type="string">Charles Margetts</name><notifications class="object" null="true"/><profile_background_color type="string">C0DEED</profile_background_color><profile_background_image_url type="string">http://s.twimg.com/a/1269387398/images/themes/theme1/bg.png</profile_background_image_url><profile_background_tile type="boolean">false</profile_background_tile><profile_image_url type="string">http://s.twimg.com/a/1269387398/images/default_profile_1_normal.png</profile_image_url><profile_link_color type="string">0084B4</profile_link_color><profile_sidebar_border_color type="string">C0DEED</profile_sidebar_border_color><profile_sidebar_fill_color type="string">DDEEF6</profile_sidebar_fill_color><profile_text_color type="string">333333</profile_text_color><protected type="boolean">false</protected><screen_name type="string">Charlesm186</screen_name><statuses_count type="number">763</statuses_count><time_zone type="string">London</time_zone><url type="string">http://www.finchampstead-north-conservatives.webeden.co.uk</url><utc_offset type="number">0</utc_offset><verified type="boolean">false</verified></user></o>
