<?xml version="1.0" encoding="UTF-8"?>
<o><contributors class="object" null="true"/><coordinates class="object" null="true"/><created_at type="string">Thu Mar 25 22:48:46 +0000 2010</created_at><favorited type="boolean">false</favorited><geo class="object" null="true"/><id type="number">11057543408</id><in_reply_to_screen_name class="object" null="true"/><in_reply_to_status_id class="object" null="true"/><in_reply_to_user_id class="object" null="true"/><place class="object" null="true"/><retweeted_status class="object"><contributors class="object" null="true"/><coordinates class="object" null="true"/><created_at type="string">Thu Mar 25 22:46:58 +0000 2010</created_at><favorited type="boolean">false</favorited><geo class="object" null="true"/><id type="number">11057467298</id><in_reply_to_screen_name class="object" null="true"/><in_reply_to_status_id class="object" null="true"/><in_reply_to_user_id class="object" null="true"/><place class="object" null="true"/><source type="string">&lt;a href="http://www.tweetdeck.com" rel="nofollow"&gt;TweetDeck&lt;/a&gt;</source><text type="string">Another Tory saying 'honest' - perhaps CCHQ directive? #bbcqt</text><truncated type="boolean">false</truncated><user class="object"><contributors_enabled type="boolean">false</contributors_enabled><created_at type="string">Thu Feb 21 20:09:22 +0000 2008</created_at><description type="string">Mother, Lib Dem &amp; HR Manager, with green tinges.</description><favourites_count type="number">0</favourites_count><followers_count type="number">192</followers_count><following class="object" null="true"/><friends_count type="number">411</friends_count><geo_enabled type="boolean">false</geo_enabled><id type="number">13786392</id><lang type="string">en</lang><location type="string">Sheffield</location><name type="string">rachelolgeirsso</name><notifications class="object" null="true"/><profile_background_color type="string">642D8B</profile_background_color><profile_background_image_url type="string">http://s.twimg.com/a/1269387398/images/themes/theme10/bg.gif</profile_background_image_url><profile_background_tile type="boolean">true</profile_background_tile><profile_image_url type="string">http://a3.twimg.com/profile_images/546613691/twitterProfilePhoto_normal.jpg</profile_image_url><profile_link_color type="string">2b1fe5</profile_link_color><profile_sidebar_border_color type="string">65B0DA</profile_sidebar_border_color><profile_sidebar_fill_color type="string">7AC3EE</profile_sidebar_fill_color><profile_text_color type="string">3D1957</profile_text_color><protected type="boolean">false</protected><screen_name type="string">rachelolgeirsso</screen_name><statuses_count type="number">1468</statuses_count><time_zone type="string">London</time_zone><url class="object" null="true"/><utc_offset type="number">0</utc_offset><verified type="boolean">false</verified></user></retweeted_status><source type="string">&lt;a href="http://apiwiki.twitter.com/" rel="nofollow"&gt;API&lt;/a&gt;</source><text type="string">RT @rachelolgeirsso: Another Tory saying 'honest' - perhaps CCHQ directive? #bbcqt</text><truncated type="boolean">false</truncated><user class="object"><contributors_enabled type="boolean">false</contributors_enabled><created_at type="string">Sun Jan 25 16:24:50 +0000 2009</created_at><description type="string">progressive left, wannabe globe trotter, blogger (above), sociology + news journalism student, volunteer, and champagne waitress when short of pennies.</description><favourites_count type="number">7</favourites_count><followers_count type="number">644</followers_count><following class="object" null="true"/><friends_count type="number">1203</friends_count><geo_enabled type="boolean">true</geo_enabled><id type="number">19493491</id><lang type="string">en</lang><location type="string">East Sussex, UK</location><name type="string">Claire French</name><notifications class="object" null="true"/><profile_background_color type="string">ffffff</profile_background_color><profile_background_image_url type="string">http://a3.twimg.com/profile_background_images/76674343/dubai-towers.jpg</profile_background_image_url><profile_background_tile type="boolean">true</profile_background_tile><profile_image_url type="string">http://a3.twimg.com/profile_images/728155621/Scan_1_normal.jpeg</profile_image_url><profile_link_color type="string">000000</profile_link_color><profile_sidebar_border_color type="string">050000</profile_sidebar_border_color><profile_sidebar_fill_color type="string">9e73fa</profile_sidebar_fill_color><profile_text_color type="string">000000</profile_text_color><protected type="boolean">false</protected><screen_name type="string">clairee_french</screen_name><statuses_count type="number">3416</statuses_count><time_zone type="string">London</time_zone><url type="string">http://clairefrench.wordpress.com/</url><utc_offset type="number">0</utc_offset><verified type="boolean">false</verified></user></o>
