<?xml version="1.0" encoding="UTF-8"?>
<o><contributors class="object" null="true"/><coordinates class="object" null="true"/><created_at type="string">Thu Mar 25 21:44:48 +0000 2010</created_at><favorited type="boolean">false</favorited><geo class="object" null="true"/><id type="number">11054863426</id><in_reply_to_screen_name class="object" null="true"/><in_reply_to_status_id class="object" null="true"/><in_reply_to_user_id class="object" null="true"/><place class="object" null="true"/><source type="string">&lt;a href="http://www.atebits.com/" rel="nofollow"&gt;Tweetie&lt;/a&gt;</source><text type="string">Was getting worried as David bid £1k in labour auction for some signed footie pic, fortunately outbid. But my cake win is a bargain!</text><truncated type="boolean">false</truncated><user class="object"><contributors_enabled type="boolean">false</contributors_enabled><created_at type="string">Fri Oct 17 13:18:54 +0000 2008</created_at><description type="string">I'm a Labour councillor in Southwark and I work part-time for Val Shawcross AM researching transport issues and helping her scrutinise Boris</description><favourites_count type="number">1</favourites_count><followers_count type="number">395</followers_count><following class="object" null="true"/><friends_count type="number">378</friends_count><geo_enabled type="boolean">false</geo_enabled><id type="number">16824319</id><lang type="string">en</lang><location type="string">London</location><name type="string">Fiona Colley</name><notifications class="object" null="true"/><profile_background_color type="string">642D8B</profile_background_color><profile_background_image_url type="string">http://s.twimg.com/a/1269387398/images/themes/theme10/bg.gif</profile_background_image_url><profile_background_tile type="boolean">true</profile_background_tile><profile_image_url type="string">http://a1.twimg.com/profile_images/536836154/twitterProfilePhoto_normal.jpg</profile_image_url><profile_link_color type="string">FF0000</profile_link_color><profile_sidebar_border_color type="string">65B0DA</profile_sidebar_border_color><profile_sidebar_fill_color type="string">7AC3EE</profile_sidebar_fill_color><profile_text_color type="string">3D1957</profile_text_color><protected type="boolean">false</protected><screen_name type="string">FionaColley</screen_name><statuses_count type="number">1060</statuses_count><time_zone type="string">London</time_zone><url type="string">http://www.fiona-colley.net</url><utc_offset type="number">0</utc_offset><verified type="boolean">false</verified></user></o>
