<?xml version="1.0" encoding="UTF-8"?>
<o><contributors class="object" null="true"/><coordinates class="object" null="true"/><created_at type="string">Thu Mar 25 20:54:00 +0000 2010</created_at><favorited type="boolean">false</favorited><geo class="object" null="true"/><id type="number">11052816985</id><in_reply_to_screen_name class="object" null="true"/><in_reply_to_status_id class="object" null="true"/><in_reply_to_user_id class="object" null="true"/><place class="object" null="true"/><source type="string">&lt;a href="http://ubertwitter.com" rel="nofollow"&gt;UberTwitter&lt;/a&gt;</source><text type="string">RT @IKNOWIGOTSKILLZ: $95 for a JELLY sandal SMFH«~ Tory Burch?</text><truncated type="boolean">false</truncated><user class="object"><contributors_enabled type="boolean">false</contributors_enabled><created_at type="string">Thu Apr 02 02:11:12 +0000 2009</created_at><description type="string">ALLLLL the way Turnt UP!!!!!</description><favourites_count type="number">0</favourites_count><followers_count type="number">189</followers_count><following class="object" null="true"/><friends_count type="number">93</friends_count><geo_enabled type="boolean">false</geo_enabled><id type="number">28257335</id><lang type="string">en</lang><location type="string">Brooklyn Babe</location><name type="string">Fran</name><notifications class="object" null="true"/><profile_background_color type="string">000000</profile_background_color><profile_background_image_url type="string">http://a1.twimg.com/profile_background_images/71021750/zebra_1_.jpg</profile_background_image_url><profile_background_tile type="boolean">true</profile_background_tile><profile_image_url type="string">http://a1.twimg.com/profile_images/773781506/IMG00456-20100221-0429_1__normal.jpg</profile_image_url><profile_link_color type="string">a790a4</profile_link_color><profile_sidebar_border_color type="string">959af2</profile_sidebar_border_color><profile_sidebar_fill_color type="string">420642</profile_sidebar_fill_color><profile_text_color type="string">8c348c</profile_text_color><protected type="boolean">false</protected><screen_name type="string">CashmirThoughts</screen_name><statuses_count type="number">8174</statuses_count><time_zone type="string">Pacific Time (US &amp; Canada)</time_zone><url class="object" null="true"/><utc_offset type="number">-28800</utc_offset><verified type="boolean">false</verified></user></o>
