<?xml version="1.0" encoding="UTF-8"?>
<o><contributors class="object" null="true"/><coordinates class="object" null="true"/><created_at type="string">Thu Mar 25 20:45:34 +0000 2010</created_at><favorited type="boolean">false</favorited><geo class="object" null="true"/><id type="number">11052489799</id><in_reply_to_screen_name class="object" null="true"/><in_reply_to_status_id class="object" null="true"/><in_reply_to_user_id class="object" null="true"/><place class="object" null="true"/><retweeted_status class="object"><contributors class="object" null="true"/><coordinates class="object" null="true"/><created_at type="string">Thu Mar 25 20:44:33 +0000 2010</created_at><favorited type="boolean">false</favorited><geo class="object" null="true"/><id type="number">11052449003</id><in_reply_to_screen_name class="object" null="true"/><in_reply_to_status_id class="object" null="true"/><in_reply_to_user_id class="object" null="true"/><place class="object" null="true"/><source type="string">&lt;a href="http://twitterrific.com" rel="nofollow"&gt;Twitterrific&lt;/a&gt;</source><text type="string">RT @myinfamy Tory MP ordered to repay £28,000 in expenses http://tinyurl.com/yc6lzv2 #torytombstone</text><truncated type="boolean">false</truncated><user class="object"><contributors_enabled type="boolean">false</contributors_enabled><created_at type="string">Fri Feb 12 23:00:01 +0000 2010</created_at><description type="string">Blog that takes a humorous approach to fending off the ravening Etonian  hordes.</description><favourites_count type="number">2</favourites_count><followers_count type="number">495</followers_count><following class="object" null="true"/><friends_count type="number">481</friends_count><geo_enabled type="boolean">false</geo_enabled><id type="number">113754486</id><lang type="string">en</lang><location type="string">London</location><name type="string">Tank the Tories</name><notifications class="object" null="true"/><profile_background_color type="string">a130a1</profile_background_color><profile_background_image_url type="string">http://a3.twimg.com/profile_background_images/74772793/tankthetoriestwitbg1c.jpg</profile_background_image_url><profile_background_tile type="boolean">false</profile_background_tile><profile_image_url type="string">http://a1.twimg.com/profile_images/774814858/twitterProfilePhoto_normal.jpg</profile_image_url><profile_link_color type="string">db0bd4</profile_link_color><profile_sidebar_border_color type="string">d6a2e8</profile_sidebar_border_color><profile_sidebar_fill_color type="string">e0c5fa</profile_sidebar_fill_color><profile_text_color type="string">333333</profile_text_color><protected type="boolean">false</protected><screen_name type="string">TanktheTories</screen_name><statuses_count type="number">1446</statuses_count><time_zone type="string">London</time_zone><url type="string">http://tankthetories.com</url><utc_offset type="number">0</utc_offset><verified type="boolean">false</verified></user></retweeted_status><source type="string">&lt;a href="http://www.tweetdeck.com" rel="nofollow"&gt;TweetDeck&lt;/a&gt;</source><text type="string">RT @TanktheTories: RT @myinfamy Tory MP ordered to repay £28,000 in expenses http://tinyurl.com/yc6lzv2 #torytombstone</text><truncated type="boolean">false</truncated><user class="object"><contributors_enabled type="boolean">false</contributors_enabled><created_at type="string">Sun Jun 14 23:32:48 +0000 2009</created_at><description type="string">Massive Doctor Who fan!!!</description><favourites_count type="number">0</favourites_count><followers_count type="number">17</followers_count><following class="object" null="true"/><friends_count type="number">47</friends_count><geo_enabled type="boolean">true</geo_enabled><id type="number">47204352</id><lang type="string">en</lang><location type="string">UK</location><name type="string">John Breeze</name><notifications class="object" null="true"/><profile_background_color type="string">C6E2EE</profile_background_color><profile_background_image_url type="string">http://a3.twimg.com/profile_background_images/18110425/Doctor_Who_5.jpg</profile_background_image_url><profile_background_tile type="boolean">false</profile_background_tile><profile_image_url type="string">http://a1.twimg.com/profile_images/774852700/twitterProfilePhoto_normal.jpg</profile_image_url><profile_link_color type="string">1F98C7</profile_link_color><profile_sidebar_border_color type="string">C6E2EE</profile_sidebar_border_color><profile_sidebar_fill_color type="string">DAECF4</profile_sidebar_fill_color><profile_text_color type="string">663B12</profile_text_color><protected type="boolean">false</protected><screen_name type="string">jb_whovians</screen_name><statuses_count type="number">91</statuses_count><time_zone type="string">London</time_zone><url type="string">http://www.tardis.typepad.com</url><utc_offset type="number">0</utc_offset><verified type="boolean">false</verified></user></o>
