<?xml version="1.0" encoding="UTF-8"?>
<o><contributors class="object" null="true"/><coordinates class="object" null="true"/><created_at type="string">Thu Mar 25 21:41:02 +0000 2010</created_at><favorited type="boolean">false</favorited><geo class="object" null="true"/><id type="number">11054710822</id><in_reply_to_screen_name class="object" null="true"/><in_reply_to_status_id class="object" null="true"/><in_reply_to_user_id class="object" null="true"/><place class="object" null="true"/><source type="string">web</source><text type="string">is trying to come up with witty vote for labour slogans. JK ROWLING + david tenant are massive supporters, so ive come up with...CONT</text><truncated type="boolean">false</truncated><user class="object"><contributors_enabled type="boolean">false</contributors_enabled><created_at type="string">Fri Jun 19 22:13:41 +0000 2009</created_at><description type="string">GLEEK, JOBROS + DEMI, ARTIC MONKEYS AND READING FEST. MUSIC TV FILMS + INTY = LOVE. VAMPIRE DIARIES AAAAH!!! LOVELOVELOVE. </description><favourites_count type="number">3</favourites_count><followers_count type="number">109</followers_count><following class="object" null="true"/><friends_count type="number">149</friends_count><geo_enabled type="boolean">false</geo_enabled><id type="number">48847018</id><lang type="string">en</lang><location type="string">UK , Northampton</location><name type="string">prema shah</name><notifications class="object" null="true"/><profile_background_color type="string">352726</profile_background_color><profile_background_image_url type="string">http://a3.twimg.com/profile_background_images/60775975/glee.jpg</profile_background_image_url><profile_background_tile type="boolean">false</profile_background_tile><profile_image_url type="string">http://a1.twimg.com/profile_images/652634180/l_641efdee80c64234bb996ecd81e0b489_normal.jpg</profile_image_url><profile_link_color type="string">D02B55</profile_link_color><profile_sidebar_border_color type="string">829D5E</profile_sidebar_border_color><profile_sidebar_fill_color type="string">99CC33</profile_sidebar_fill_color><profile_text_color type="string">3E4415</profile_text_color><protected type="boolean">false</protected><screen_name type="string">PremaShah</screen_name><statuses_count type="number">995</statuses_count><time_zone class="object" null="true"/><url class="object" null="true"/><utc_offset class="object" null="true"/><verified type="boolean">false</verified></user></o>
