<?xml version="1.0" encoding="UTF-8"?>
<o><contributors class="object" null="true"/><coordinates class="object" null="true"/><created_at type="string">Thu Mar 25 22:13:16 +0000 2010</created_at><favorited type="boolean">false</favorited><geo class="object" null="true"/><id type="number">11056045985</id><in_reply_to_screen_name class="object" null="true"/><in_reply_to_status_id class="object" null="true"/><in_reply_to_user_id class="object" null="true"/><place class="object" null="true"/><source type="string">web</source><text type="string">http://www.guardian.co.uk/politics/2010/mar/25/alistair-darling-cut-deeper-margaret-thatcher reality hits Labour</text><truncated type="boolean">false</truncated><user class="object"><contributors_enabled type="boolean">false</contributors_enabled><created_at type="string">Mon Jan 04 13:15:13 +0000 2010</created_at><description type="string">A graduate, working in Newcastle upon Tyne, who is trying to become 'a proper northerner'</description><favourites_count type="number">0</favourites_count><followers_count type="number">21</followers_count><following class="object" null="true"/><friends_count type="number">33</friends_count><geo_enabled type="boolean">false</geo_enabled><id type="number">101754882</id><lang type="string">en</lang><location type="string">Newcastle upon Tyne</location><name type="string">Shaun Nichols</name><notifications class="object" null="true"/><profile_background_color type="string">b3afaa</profile_background_color><profile_background_image_url type="string">http://a1.twimg.com/profile_background_images/82567216/paper-clips.jpg</profile_background_image_url><profile_background_tile type="boolean">false</profile_background_tile><profile_image_url type="string">http://a1.twimg.com/profile_images/612357160/shaun_twitter_pic_normal.JPG</profile_image_url><profile_link_color type="string">2e9c3d</profile_link_color><profile_sidebar_border_color type="string">0a5234</profile_sidebar_border_color><profile_sidebar_fill_color type="string">0a5234</profile_sidebar_fill_color><profile_text_color type="string">000000</profile_text_color><protected type="boolean">false</protected><screen_name type="string">shaunPnichols</screen_name><statuses_count type="number">20</statuses_count><time_zone type="string">Edinburgh</time_zone><url type="string">http://www.justgiving.com/Shaun-Nichols</url><utc_offset type="number">0</utc_offset><verified type="boolean">false</verified></user></o>
