<?xml version="1.0" encoding="UTF-8"?>
<o><contributors class="object" null="true"/><coordinates class="object" null="true"/><created_at type="string">Thu Mar 25 22:48:32 +0000 2010</created_at><favorited type="boolean">false</favorited><geo class="object" null="true"/><id type="number">11057533421</id><in_reply_to_screen_name class="object" null="true"/><in_reply_to_status_id class="object" null="true"/><in_reply_to_user_id class="object" null="true"/><place class="object" null="true"/><source type="string">&lt;a href="http://ubertwitter.com" rel="nofollow"&gt;UberTwitter&lt;/a&gt;</source><text type="string">Labour are the Party of the economy, simple! Trust no-one else. I think Darling made a silly comment today though. No need! #bbcqt</text><truncated type="boolean">false</truncated><user class="object"><contributors_enabled type="boolean">false</contributors_enabled><created_at type="string">Mon Oct 12 11:22:27 +0000 2009</created_at><description type="string">Unison &amp; Labour Party activist. Toon Army. Trance &amp; techno. Radiohead to chill out..</description><favourites_count type="number">24</favourites_count><followers_count type="number">878</followers_count><following class="object" null="true"/><friends_count type="number">1053</friends_count><geo_enabled type="boolean">false</geo_enabled><id type="number">81819139</id><lang type="string">en</lang><location type="string">ÜT: 50.384776,-4.097341</location><name type="string">Jonathan Taylor</name><notifications class="object" null="true"/><profile_background_color type="string">352726</profile_background_color><profile_background_image_url type="string">http://s.twimg.com/a/1269553143/images/themes/theme5/bg.gif</profile_background_image_url><profile_background_tile type="boolean">false</profile_background_tile><profile_image_url type="string">http://a3.twimg.com/profile_images/773280637/twitterProfilePhoto_normal.jpg</profile_image_url><profile_link_color type="string">e61049</profile_link_color><profile_sidebar_border_color type="string">829D5E</profile_sidebar_border_color><profile_sidebar_fill_color type="string">96cc29</profile_sidebar_fill_color><profile_text_color type="string">3E4415</profile_text_color><protected type="boolean">false</protected><screen_name type="string">Jon2aylor</screen_name><statuses_count type="number">7114</statuses_count><time_zone type="string">London</time_zone><url class="object" null="true"/><utc_offset type="number">0</utc_offset><verified type="boolean">false</verified></user></o>
