<?xml version="1.0" encoding="UTF-8"?>
<o><contributors class="object" null="true"/><coordinates class="object" null="true"/><created_at type="string">Thu Mar 25 22:13:58 +0000 2010</created_at><favorited type="boolean">false</favorited><geo class="object" null="true"/><id type="number">11056074331</id><in_reply_to_screen_name class="object" null="true"/><in_reply_to_status_id class="object" null="true"/><in_reply_to_user_id class="object" null="true"/><place class="object" null="true"/><source type="string">&lt;a href="http://alexking.org/projects/wordpress" rel="nofollow"&gt;Twitter Tools&lt;/a&gt;</source><text type="string">UK News: David Cameron turns to Saatchi to show Labour still isn't working http://bit.ly/cs19Xq</text><truncated type="boolean">false</truncated><user class="object"><contributors_enabled type="boolean">false</contributors_enabled><created_at type="string">Fri Jun 01 06:17:22 +0000 2007</created_at><description type="string">Only use this account to post updates on blog. Please follow me on MyAppleStuff for tweets!</description><favourites_count type="number">0</favourites_count><followers_count type="number">343</followers_count><following class="object" null="true"/><friends_count type="number">5</friends_count><geo_enabled type="boolean">false</geo_enabled><id type="number">6493112</id><lang type="string">en</lang><location type="string">Spain</location><name type="string">AlmerimarLife</name><notifications class="object" null="true"/><profile_background_color type="string">9ae4e8</profile_background_color><profile_background_image_url type="string">http://s.twimg.com/a/1268437273/images/themes/theme1/bg.png</profile_background_image_url><profile_background_tile type="boolean">false</profile_background_tile><profile_image_url type="string">http://a1.twimg.com/profile_images/26357362/indalo_normal.jpg</profile_image_url><profile_link_color type="string">0000ff</profile_link_color><profile_sidebar_border_color type="string">87bc44</profile_sidebar_border_color><profile_sidebar_fill_color type="string">e0ff92</profile_sidebar_fill_color><profile_text_color type="string">000000</profile_text_color><protected type="boolean">false</protected><screen_name type="string">almerimarlife</screen_name><statuses_count type="number">10387</statuses_count><time_zone type="string">Paris</time_zone><url type="string">http://almerimarlife.com</url><utc_offset type="number">3600</utc_offset><verified type="boolean">false</verified></user></o>
