<?xml version='1.0' encoding='UTF-8'?>
<GateDocument>
<!-- The document's features-->

<GateDocumentFeatures>
<Feature>
  <Name className="java.lang.String">kind</Name>
  <Value className="java.lang.String"></Value>
</Feature>
<Feature>
  <Name className="java.lang.String">MimeType</Name>
  <Value className="java.lang.String">text/xml</Value>
</Feature>
<Feature>
  <Name className="java.lang.String">gate.SourceURL</Name>
  <Value className="java.lang.String">file:/home/diana/gate-extras/sentiment/testdocs/politwits/politwits-5000/politwits-5000_00009.xml</Value>
</Feature>
</GateDocumentFeatures>
<!-- The document content area with serialized nodes -->

<TextWithNodes><Node id="0" />Thu Mar 25 20:06:32 +0000 2010<Node id="30" /> <Node id="31" />false<Node id="36" /> <Node id="37" />11050953871<Node id="48" /> <Node id="49" />vlgibler<Node id="57" /> <Node id="58" />11034214494<Node id="69" /> <Node id="70" />36955268<Node id="78" /> <Node id="79" />&lt;a href="http://www.tweetdeck.com" rel="nofollow">TweetDeck&lt;/a><Node id="142" />@<Node id="143" />vlgibler<Node id="151" /> <Node id="152" /> <Node id="153" />Tory<Node id="157" />,<Node id="158" /> <Node id="159" />if<Node id="161" /> <Node id="162" />you<Node id="165" /> <Node id="166" />need<Node id="170" /> <Node id="171" />help<Node id="175" /> <Node id="176" />with<Node id="180" /> <Node id="181" />a<Node id="182" /> <Node id="183" />place<Node id="188" /> <Node id="189" />to<Node id="191" /> <Node id="192" />live<Node id="196" /> <Node id="197" />I<Node id="198" /> <Node id="199" />am<Node id="201" /> <Node id="202" />happy<Node id="207" /> <Node id="208" />to<Node id="210" /> <Node id="211" />help<Node id="215" />.<Node id="216" /> <Node id="217" /> <Node id="218" />congrats<Node id="226" /> <Node id="227" />on<Node id="229" /> <Node id="230" />graduation<Node id="240" />!<Node id="241" /> <Node id="242" /> <Node id="243" />Laura<Node id="248" /> <Node id="249" />false<Node id="254" /> <Node id="255" />false<Node id="260" /> <Node id="261" />Thu Mar 25 19:04:58 +0000 2010<Node id="291" /> <Node id="292" />0<Node id="293" /> <Node id="294" />0<Node id="295" /> <Node id="296" />0<Node id="297" /> <Node id="298" />false<Node id="303" /> <Node id="304" />126398550<Node id="313" /> <Node id="314" />en<Node id="316" /> <Node id="317" />Austin Texas<Node id="329" /> <Node id="330" />laura casey<Node id="341" /> <Node id="342" />9ae4e8<Node id="348" /> <Node id="349" />http://s.twimg.com/a/1269387398/images/themes/theme1/bg.png<Node id="408" /> <Node id="409" />false<Node id="414" /> <Node id="415" />http://a1.twimg.com/profile_images/775020288/book_photo_from_barbara_normal.jpg<Node id="494" /> <Node id="495" />0000ff<Node id="501" /> <Node id="502" />87bc44<Node id="508" /> <Node id="509" />e0ff92<Node id="515" /> <Node id="516" />000000<Node id="522" /> <Node id="523" />false<Node id="528" /> <Node id="529" />RealtorTXGal<Node id="541" /> <Node id="542" />5<Node id="543" /> <Node id="544" />Central Time (US &amp; Canada)<Node id="570" /> <Node id="571" />http://www.lauracasey.com<Node id="596" /> <Node id="597" />-21600<Node id="603" /> <Node id="604" />false<Node id="609" /></TextWithNodes>
<!-- The default annotation set -->

<AnnotationSet>
<Annotation Id="1659" Type="Token" StartNode="143" EndNode="151">
<Feature>
  <Name className="java.lang.String">length</Name>
  <Value className="java.lang.String">8</Value>
</Feature>
<Feature>
  <Name className="java.lang.String">category</Name>
  <Value className="java.lang.String">NN</Value>
</Feature>
<Feature>
  <Name className="java.lang.String">orth</Name>
  <Value className="java.lang.String">lowercase</Value>
</Feature>
<Feature>
  <Name className="java.lang.String">root</Name>
  <Value className="java.lang.String">vlgibler</Value>
</Feature>
<Feature>
  <Name className="java.lang.String">kind</Name>
  <Value className="java.lang.String">word</Value>
</Feature>
<Feature>
  <Name className="java.lang.String">string</Name>
  <Value className="java.lang.String">vlgibler</Value>
</Feature>
</Annotation>
<Annotation Id="1658" Type="Token" StartNode="142" EndNode="143">
<Feature>
  <Name className="java.lang.String">length</Name>
  <Value className="java.lang.String">1</Value>
</Feature>
<Feature>
  <Name className="java.lang.String">category</Name>
  <Value className="java.lang.String">IN</Value>
</Feature>
<Feature>
  <Name className="java.lang.String">root</Name>
  <Value className="java.lang.String">@</Value>
</Feature>
<Feature>
  <Name className="java.lang.String">kind</Name>
  <Value className="java.lang.String">punctuation</Value>
</Feature>
<Feature>
  <Name className="java.lang.String">string</Name>
  <Value className="java.lang.String">@</Value>
</Feature>
</Annotation>
<Annotation Id="1663" Type="Token" StartNode="157" EndNode="158">
<Feature>
  <Name className="java.lang.String">length</Name>
  <Value className="java.lang.String">1</Value>
</Feature>
<Feature>
  <Name className="java.lang.String">category</Name>
  <Value className="java.lang.String">,</Value>
</Feature>
<Feature>
  <Name className="java.lang.String">root</Name>
  <Value className="java.lang.String">,</Value>
</Feature>
<Feature>
  <Name className="java.lang.String">kind</Name>
  <Value className="java.lang.String">punctuation</Value>
</Feature>
<Feature>
  <Name className="java.lang.String">string</Name>
  <Value className="java.lang.String">,</Value>
</Feature>
</Annotation>
<Annotation Id="1662" Type="Token" StartNode="153" EndNode="157">
<Feature>
  <Name className="java.lang.String">length</Name>
  <Value className="java.lang.String">4</Value>
</Feature>
<Feature>
  <Name className="java.lang.String">category</Name>
  <Value className="java.lang.String">NNP</Value>
</Feature>
<Feature>
  <Name className="java.lang.String">orth</Name>
  <Value className="java.lang.String">upperInitial</Value>
</Feature>
<Feature>
  <Name className="java.lang.String">root</Name>
  <Value className="java.lang.String">tory</Value>
</Feature>
<Feature>
  <Name className="java.lang.String">kind</Name>
  <Value className="java.lang.String">word</Value>
</Feature>
<Feature>
  <Name className="java.lang.String">string</Name>
  <Value className="java.lang.String">Tory</Value>
</Feature>
</Annotation>
<Annotation Id="1661" Type="SpaceToken" StartNode="152" EndNode="153">
<Feature>
  <Name className="java.lang.String">length</Name>
  <Value className="java.lang.String">1</Value>
</Feature>
<Feature>
  <Name className="java.lang.String">kind</Name>
  <Value className="java.lang.String">space</Value>
</Feature>
<Feature>
  <Name className="java.lang.String">string</Name>
  <Value className="java.lang.String"> </Value>
</Feature>
</Annotation>
<Annotation Id="1660" Type="SpaceToken" StartNode="151" EndNode="152">
<Feature>
  <Name className="java.lang.String">length</Name>
  <Value className="java.lang.String">1</Value>
</Feature>
<Feature>
  <Name className="java.lang.String">kind</Name>
  <Value className="java.lang.String">space</Value>
</Feature>
<Feature>
  <Name className="java.lang.String">string</Name>
  <Value className="java.lang.String"> </Value>
</Feature>
</Annotation>
<Annotation Id="1703" Type="Token" StartNode="243" EndNode="248">
<Feature>
  <Name className="java.lang.String">length</Name>
  <Value className="java.lang.String">5</Value>
</Feature>
<Feature>
  <Name className="java.lang.String">category</Name>
  <Value className="java.lang.String">NNP</Value>
</Feature>
<Feature>
  <Name className="java.lang.String">orth</Name>
  <Value className="java.lang.String">upperInitial</Value>
</Feature>
<Feature>
  <Name className="java.lang.String">root</Name>
  <Value className="java.lang.String">laura</Value>
</Feature>
<Feature>
  <Name className="java.lang.String">kind</Name>
  <Value className="java.lang.String">word</Value>
</Feature>
<Feature>
  <Name className="java.lang.String">string</Name>
  <Value className="java.lang.String">Laura</Value>
</Feature>
</Annotation>
<Annotation Id="1702" Type="SpaceToken" StartNode="242" EndNode="243">
<Feature>
  <Name className="java.lang.String">length</Name>
  <Value className="java.lang.String">1</Value>
</Feature>
<Feature>
  <Name className="java.lang.String">kind</Name>
  <Value className="java.lang.String">space</Value>
</Feature>
<Feature>
  <Name className="java.lang.String">string</Name>
  <Value className="java.lang.String"> </Value>
</Feature>
</Annotation>
<Annotation Id="1701" Type="SpaceToken" StartNode="241" EndNode="242">
<Feature>
  <Name className="java.lang.String">length</Name>
  <Value className="java.lang.String">1</Value>
</Feature>
<Feature>
  <Name className="java.lang.String">kind</Name>
  <Value className="java.lang.String">space</Value>
</Feature>
<Feature>
  <Name className="java.lang.String">string</Name>
  <Value className="java.lang.String"> </Value>
</Feature>
</Annotation>
<Annotation Id="1700" Type="Token" StartNode="240" EndNode="241">
<Feature>
  <Name className="java.lang.String">length</Name>
  <Value className="java.lang.String">1</Value>
</Feature>
<Feature>
  <Name className="java.lang.String">category</Name>
  <Value className="java.lang.String">.</Value>
</Feature>
<Feature>
  <Name className="java.lang.String">root</Name>
  <Value className="java.lang.String">!</Value>
</Feature>
<Feature>
  <Name className="java.lang.String">kind</Name>
  <Value className="java.lang.String">punctuation</Value>
</Feature>
<Feature>
  <Name className="java.lang.String">string</Name>
  <Value className="java.lang.String">!</Value>
</Feature>
</Annotation>
<Annotation Id="1699" Type="Token" StartNode="230" EndNode="240">
<Feature>
  <Name className="java.lang.String">length</Name>
  <Value className="java.lang.String">10</Value>
</Feature>
<Feature>
  <Name className="java.lang.String">category</Name>
  <Value className="java.lang.String">NN</Value>
</Feature>
<Feature>
  <Name className="java.lang.String">orth</Name>
  <Value className="java.lang.String">lowercase</Value>
</Feature>
<Feature>
  <Name className="java.lang.String">root</Name>
  <Value className="java.lang.String">graduation</Value>
</Feature>
<Feature>
  <Name className="java.lang.String">kind</Name>
  <Value className="java.lang.String">word</Value>
</Feature>
<Feature>
  <Name className="java.lang.String">string</Name>
  <Value className="java.lang.String">graduation</Value>
</Feature>
</Annotation>
<Annotation Id="1698" Type="SpaceToken" StartNode="229" EndNode="230">
<Feature>
  <Name className="java.lang.String">length</Name>
  <Value className="java.lang.String">1</Value>
</Feature>
<Feature>
  <Name className="java.lang.String">kind</Name>
  <Value className="java.lang.String">space</Value>
</Feature>
<Feature>
  <Name className="java.lang.String">string</Name>
  <Value className="java.lang.String"> </Value>
</Feature>
</Annotation>
<Annotation Id="1697" Type="Token" StartNode="227" EndNode="229">
<Feature>
  <Name className="java.lang.String">length</Name>
  <Value className="java.lang.String">2</Value>
</Feature>
<Feature>
  <Name className="java.lang.String">category</Name>
  <Value className="java.lang.String">IN</Value>
</Feature>
<Feature>
  <Name className="java.lang.String">orth</Name>
  <Value className="java.lang.String">lowercase</Value>
</Feature>
<Feature>
  <Name className="java.lang.String">root</Name>
  <Value className="java.lang.String">on</Value>
</Feature>
<Feature>
  <Name className="java.lang.String">kind</Name>
  <Value className="java.lang.String">word</Value>
</Feature>
<Feature>
  <Name className="java.lang.String">string</Name>
  <Value className="java.lang.String">on</Value>
</Feature>
</Annotation>
<Annotation Id="1696" Type="SpaceToken" StartNode="226" EndNode="227">
<Feature>
  <Name className="java.lang.String">length</Name>
  <Value className="java.lang.String">1</Value>
</Feature>
<Feature>
  <Name className="java.lang.String">kind</Name>
  <Value className="java.lang.String">space</Value>
</Feature>
<Feature>
  <Name className="java.lang.String">string</Name>
  <Value className="java.lang.String"> </Value>
</Feature>
</Annotation>
<Annotation Id="1711" Type="Lookup" StartNode="202" EndNode="207">
<Feature>
  <Name className="java.lang.String">majorType</Name>
  <Value className="java.lang.String">affect</Value>
</Feature>
<Feature>
  <Name className="java.lang.String">category</Name>
  <Value className="java.lang.String">adjective</Value>
</Feature>
<Feature>
  <Name className="java.lang.String">minorType</Name>
  <Value className="java.lang.String">joy</Value>
</Feature>
</Annotation>
<Annotation Id="1710" Type="Lookup" StartNode="243" EndNode="248">
<Feature>
  <Name className="java.lang.String">majorType</Name>
  <Value className="java.lang.String">person_first</Value>
</Feature>
<Feature>
  <Name className="java.lang.String">minorType</Name>
  <Value className="java.lang.String">female</Value>
</Feature>
</Annotation>
<Annotation Id="1709" Type="Lookup" StartNode="197" EndNode="198">
<Feature>
  <Name className="java.lang.String">majorType</Name>
  <Value className="java.lang.String">stop</Value>
</Feature>
</Annotation>
<Annotation Id="1708" Type="Sentence" StartNode="243" EndNode="248">
</Annotation>
<Annotation Id="1707" Type="Sentence" StartNode="218" EndNode="241">
</Annotation>
<Annotation Id="1706" Type="Sentence" StartNode="143" EndNode="216">
</Annotation>
<Annotation Id="1705" Type="Split" StartNode="240" EndNode="241">
<Feature>
  <Name className="java.lang.String">kind</Name>
  <Value className="java.lang.String">internal</Value>
</Feature>
</Annotation>
<Annotation Id="1704" Type="Split" StartNode="215" EndNode="216">
<Feature>
  <Name className="java.lang.String">kind</Name>
  <Value className="java.lang.String">internal</Value>
</Feature>
</Annotation>
<Annotation Id="1718" Type="Affect" StartNode="202" EndNode="207">
<Feature>
  <Name className="java.lang.String">category</Name>
  <Value className="java.lang.String">adjective</Value>
</Feature>
<Feature>
  <Name className="java.lang.String">kind</Name>
  <Value className="java.lang.String">joy</Value>
</Feature>
<Feature>
  <Name className="java.lang.String">rule</Name>
  <Value className="java.lang.String">AffectAdjective</Value>
</Feature>
</Annotation>
<Annotation Id="1716" Type="Party" StartNode="153" EndNode="157">
<Feature>
  <Name className="java.lang.String">kind</Name>
  <Value className="java.lang.String">Con</Value>
</Feature>
</Annotation>
<Annotation Id="1717" Type="AffectLookup" StartNode="202" EndNode="207">
<Feature>
  <Name className="java.lang.String">category</Name>
  <Value className="java.lang.String">adjective</Value>
</Feature>
<Feature>
  <Name className="java.lang.String">kind</Name>
  <Value className="java.lang.String">joy</Value>
</Feature>
</Annotation>
<Annotation Id="1715" Type="Person" StartNode="243" EndNode="248">
<Feature>
  <Name className="java.lang.String">rule1</Name>
  <Value className="java.lang.String">GazPersonFirst</Value>
</Feature>
<Feature>
  <Name className="java.lang.String">gender</Name>
  <Value className="java.lang.String">female</Value>
</Feature>
<Feature>
  <Name className="java.lang.String">rule</Name>
  <Value className="java.lang.String">PersonFinal</Value>
</Feature>
</Annotation>
<Annotation Id="1712" Type="Lookup" StartNode="153" EndNode="157">
<Feature>
  <Name className="java.lang.String">type</Name>
  <Value className="java.lang.String">Con</Value>
</Feature>
<Feature>
  <Name className="java.lang.String">majorType</Name>
  <Value className="java.lang.String">party</Value>
</Feature>
</Annotation>
<Annotation Id="1713" Type="FirstPerson" StartNode="243" EndNode="248">
<Feature>
  <Name className="java.lang.String">gender</Name>
  <Value className="java.lang.String">female</Value>
</Feature>
<Feature>
  <Name className="java.lang.String">rule</Name>
  <Value className="java.lang.String">FirstName</Value>
</Feature>
</Annotation>
<Annotation Id="1669" Type="Token" StartNode="166" EndNode="170">
<Feature>
  <Name className="java.lang.String">orth</Name>
  <Value className="java.lang.String">lowercase</Value>
</Feature>
<Feature>
  <Name className="java.lang.String">category</Name>
  <Value className="java.lang.String">VBP</Value>
</Feature>
<Feature>
  <Name className="java.lang.String">root</Name>
  <Value className="java.lang.String">need</Value>
</Feature>
<Feature>
  <Name className="java.lang.String">string</Name>
  <Value className="java.lang.String">need</Value>
</Feature>
<Feature>
  <Name className="java.lang.String">length</Name>
  <Value className="java.lang.String">4</Value>
</Feature>
<Feature>
  <Name className="java.lang.String">affix</Name>
  <Value className="java.lang.String"> </Value>
</Feature>
<Feature>
  <Name className="java.lang.String">kind</Name>
  <Value className="java.lang.String">word</Value>
</Feature>
</Annotation>
<Annotation Id="1668" Type="SpaceToken" StartNode="165" EndNode="166">
<Feature>
  <Name className="java.lang.String">length</Name>
  <Value className="java.lang.String">1</Value>
</Feature>
<Feature>
  <Name className="java.lang.String">kind</Name>
  <Value className="java.lang.String">space</Value>
</Feature>
<Feature>
  <Name className="java.lang.String">string</Name>
  <Value className="java.lang.String"> </Value>
</Feature>
</Annotation>
<Annotation Id="1671" Type="Token" StartNode="171" EndNode="175">
<Feature>
  <Name className="java.lang.String">length</Name>
  <Value className="java.lang.String">4</Value>
</Feature>
<Feature>
  <Name className="java.lang.String">category</Name>
  <Value className="java.lang.String">VB</Value>
</Feature>
<Feature>
  <Name className="java.lang.String">orth</Name>
  <Value className="java.lang.String">lowercase</Value>
</Feature>
<Feature>
  <Name className="java.lang.String">root</Name>
  <Value className="java.lang.String">help</Value>
</Feature>
<Feature>
  <Name className="java.lang.String">kind</Name>
  <Value className="java.lang.String">word</Value>
</Feature>
<Feature>
  <Name className="java.lang.String">string</Name>
  <Value className="java.lang.String">help</Value>
</Feature>
</Annotation>
<Annotation Id="1670" Type="SpaceToken" StartNode="170" EndNode="171">
<Feature>
  <Name className="java.lang.String">length</Name>
  <Value className="java.lang.String">1</Value>
</Feature>
<Feature>
  <Name className="java.lang.String">kind</Name>
  <Value className="java.lang.String">space</Value>
</Feature>
<Feature>
  <Name className="java.lang.String">string</Name>
  <Value className="java.lang.String"> </Value>
</Feature>
</Annotation>
<Annotation Id="1665" Type="Token" StartNode="159" EndNode="161">
<Feature>
  <Name className="java.lang.String">length</Name>
  <Value className="java.lang.String">2</Value>
</Feature>
<Feature>
  <Name className="java.lang.String">category</Name>
  <Value className="java.lang.String">IN</Value>
</Feature>
<Feature>
  <Name className="java.lang.String">orth</Name>
  <Value className="java.lang.String">lowercase</Value>
</Feature>
<Feature>
  <Name className="java.lang.String">root</Name>
  <Value className="java.lang.String">if</Value>
</Feature>
<Feature>
  <Name className="java.lang.String">kind</Name>
  <Value className="java.lang.String">word</Value>
</Feature>
<Feature>
  <Name className="java.lang.String">string</Name>
  <Value className="java.lang.String">if</Value>
</Feature>
</Annotation>
<Annotation Id="1664" Type="SpaceToken" StartNode="158" EndNode="159">
<Feature>
  <Name className="java.lang.String">length</Name>
  <Value className="java.lang.String">1</Value>
</Feature>
<Feature>
  <Name className="java.lang.String">kind</Name>
  <Value className="java.lang.String">space</Value>
</Feature>
<Feature>
  <Name className="java.lang.String">string</Name>
  <Value className="java.lang.String"> </Value>
</Feature>
</Annotation>
<Annotation Id="1667" Type="Token" StartNode="162" EndNode="165">
<Feature>
  <Name className="java.lang.String">length</Name>
  <Value className="java.lang.String">3</Value>
</Feature>
<Feature>
  <Name className="java.lang.String">category</Name>
  <Value className="java.lang.String">PRP</Value>
</Feature>
<Feature>
  <Name className="java.lang.String">orth</Name>
  <Value className="java.lang.String">lowercase</Value>
</Feature>
<Feature>
  <Name className="java.lang.String">root</Name>
  <Value className="java.lang.String">you</Value>
</Feature>
<Feature>
  <Name className="java.lang.String">kind</Name>
  <Value className="java.lang.String">word</Value>
</Feature>
<Feature>
  <Name className="java.lang.String">string</Name>
  <Value className="java.lang.String">you</Value>
</Feature>
</Annotation>
<Annotation Id="1666" Type="SpaceToken" StartNode="161" EndNode="162">
<Feature>
  <Name className="java.lang.String">length</Name>
  <Value className="java.lang.String">1</Value>
</Feature>
<Feature>
  <Name className="java.lang.String">kind</Name>
  <Value className="java.lang.String">space</Value>
</Feature>
<Feature>
  <Name className="java.lang.String">string</Name>
  <Value className="java.lang.String"> </Value>
</Feature>
</Annotation>
<Annotation Id="1677" Type="Token" StartNode="183" EndNode="188">
<Feature>
  <Name className="java.lang.String">length</Name>
  <Value className="java.lang.String">5</Value>
</Feature>
<Feature>
  <Name className="java.lang.String">category</Name>
  <Value className="java.lang.String">NN</Value>
</Feature>
<Feature>
  <Name className="java.lang.String">orth</Name>
  <Value className="java.lang.String">lowercase</Value>
</Feature>
<Feature>
  <Name className="java.lang.String">root</Name>
  <Value className="java.lang.String">place</Value>
</Feature>
<Feature>
  <Name className="java.lang.String">kind</Name>
  <Value className="java.lang.String">word</Value>
</Feature>
<Feature>
  <Name className="java.lang.String">string</Name>
  <Value className="java.lang.String">place</Value>
</Feature>
</Annotation>
<Annotation Id="1676" Type="SpaceToken" StartNode="182" EndNode="183">
<Feature>
  <Name className="java.lang.String">length</Name>
  <Value className="java.lang.String">1</Value>
</Feature>
<Feature>
  <Name className="java.lang.String">kind</Name>
  <Value className="java.lang.String">space</Value>
</Feature>
<Feature>
  <Name className="java.lang.String">string</Name>
  <Value className="java.lang.String"> </Value>
</Feature>
</Annotation>
<Annotation Id="1679" Type="Token" StartNode="189" EndNode="191">
<Feature>
  <Name className="java.lang.String">length</Name>
  <Value className="java.lang.String">2</Value>
</Feature>
<Feature>
  <Name className="java.lang.String">category</Name>
  <Value className="java.lang.String">TO</Value>
</Feature>
<Feature>
  <Name className="java.lang.String">orth</Name>
  <Value className="java.lang.String">lowercase</Value>
</Feature>
<Feature>
  <Name className="java.lang.String">root</Name>
  <Value className="java.lang.String">to</Value>
</Feature>
<Feature>
  <Name className="java.lang.String">kind</Name>
  <Value className="java.lang.String">word</Value>
</Feature>
<Feature>
  <Name className="java.lang.String">string</Name>
  <Value className="java.lang.String">to</Value>
</Feature>
</Annotation>
<Annotation Id="1678" Type="SpaceToken" StartNode="188" EndNode="189">
<Feature>
  <Name className="java.lang.String">length</Name>
  <Value className="java.lang.String">1</Value>
</Feature>
<Feature>
  <Name className="java.lang.String">kind</Name>
  <Value className="java.lang.String">space</Value>
</Feature>
<Feature>
  <Name className="java.lang.String">string</Name>
  <Value className="java.lang.String"> </Value>
</Feature>
</Annotation>
<Annotation Id="1673" Type="Token" StartNode="176" EndNode="180">
<Feature>
  <Name className="java.lang.String">length</Name>
  <Value className="java.lang.String">4</Value>
</Feature>
<Feature>
  <Name className="java.lang.String">category</Name>
  <Value className="java.lang.String">IN</Value>
</Feature>
<Feature>
  <Name className="java.lang.String">orth</Name>
  <Value className="java.lang.String">lowercase</Value>
</Feature>
<Feature>
  <Name className="java.lang.String">root</Name>
  <Value className="java.lang.String">with</Value>
</Feature>
<Feature>
  <Name className="java.lang.String">kind</Name>
  <Value className="java.lang.String">word</Value>
</Feature>
<Feature>
  <Name className="java.lang.String">string</Name>
  <Value className="java.lang.String">with</Value>
</Feature>
</Annotation>
<Annotation Id="1672" Type="SpaceToken" StartNode="175" EndNode="176">
<Feature>
  <Name className="java.lang.String">length</Name>
  <Value className="java.lang.String">1</Value>
</Feature>
<Feature>
  <Name className="java.lang.String">kind</Name>
  <Value className="java.lang.String">space</Value>
</Feature>
<Feature>
  <Name className="java.lang.String">string</Name>
  <Value className="java.lang.String"> </Value>
</Feature>
</Annotation>
<Annotation Id="1675" Type="Token" StartNode="181" EndNode="182">
<Feature>
  <Name className="java.lang.String">length</Name>
  <Value className="java.lang.String">1</Value>
</Feature>
<Feature>
  <Name className="java.lang.String">category</Name>
  <Value className="java.lang.String">DT</Value>
</Feature>
<Feature>
  <Name className="java.lang.String">orth</Name>
  <Value className="java.lang.String">lowercase</Value>
</Feature>
<Feature>
  <Name className="java.lang.String">root</Name>
  <Value className="java.lang.String">a</Value>
</Feature>
<Feature>
  <Name className="java.lang.String">kind</Name>
  <Value className="java.lang.String">word</Value>
</Feature>
<Feature>
  <Name className="java.lang.String">string</Name>
  <Value className="java.lang.String">a</Value>
</Feature>
</Annotation>
<Annotation Id="1674" Type="SpaceToken" StartNode="180" EndNode="181">
<Feature>
  <Name className="java.lang.String">length</Name>
  <Value className="java.lang.String">1</Value>
</Feature>
<Feature>
  <Name className="java.lang.String">kind</Name>
  <Value className="java.lang.String">space</Value>
</Feature>
<Feature>
  <Name className="java.lang.String">string</Name>
  <Value className="java.lang.String"> </Value>
</Feature>
</Annotation>
<Annotation Id="1684" Type="SpaceToken" StartNode="198" EndNode="199">
<Feature>
  <Name className="java.lang.String">length</Name>
  <Value className="java.lang.String">1</Value>
</Feature>
<Feature>
  <Name className="java.lang.String">kind</Name>
  <Value className="java.lang.String">space</Value>
</Feature>
<Feature>
  <Name className="java.lang.String">string</Name>
  <Value className="java.lang.String"> </Value>
</Feature>
</Annotation>
<Annotation Id="1685" Type="Token" StartNode="199" EndNode="201">
<Feature>
  <Name className="java.lang.String">orth</Name>
  <Value className="java.lang.String">lowercase</Value>
</Feature>
<Feature>
  <Name className="java.lang.String">category</Name>
  <Value className="java.lang.String">VBP</Value>
</Feature>
<Feature>
  <Name className="java.lang.String">root</Name>
  <Value className="java.lang.String">be</Value>
</Feature>
<Feature>
  <Name className="java.lang.String">string</Name>
  <Value className="java.lang.String">am</Value>
</Feature>
<Feature>
  <Name className="java.lang.String">length</Name>
  <Value className="java.lang.String">2</Value>
</Feature>
<Feature>
  <Name className="java.lang.String">affix</Name>
  <Value className="java.lang.String"></Value>
</Feature>
<Feature>
  <Name className="java.lang.String">kind</Name>
  <Value className="java.lang.String">word</Value>
</Feature>
</Annotation>
<Annotation Id="1686" Type="SpaceToken" StartNode="201" EndNode="202">
<Feature>
  <Name className="java.lang.String">length</Name>
  <Value className="java.lang.String">1</Value>
</Feature>
<Feature>
  <Name className="java.lang.String">kind</Name>
  <Value className="java.lang.String">space</Value>
</Feature>
<Feature>
  <Name className="java.lang.String">string</Name>
  <Value className="java.lang.String"> </Value>
</Feature>
</Annotation>
<Annotation Id="1687" Type="Token" StartNode="202" EndNode="207">
<Feature>
  <Name className="java.lang.String">length</Name>
  <Value className="java.lang.String">5</Value>
</Feature>
<Feature>
  <Name className="java.lang.String">category</Name>
  <Value className="java.lang.String">JJ</Value>
</Feature>
<Feature>
  <Name className="java.lang.String">orth</Name>
  <Value className="java.lang.String">lowercase</Value>
</Feature>
<Feature>
  <Name className="java.lang.String">root</Name>
  <Value className="java.lang.String">happy</Value>
</Feature>
<Feature>
  <Name className="java.lang.String">kind</Name>
  <Value className="java.lang.String">word</Value>
</Feature>
<Feature>
  <Name className="java.lang.String">string</Name>
  <Value className="java.lang.String">happy</Value>
</Feature>
</Annotation>
<Annotation Id="1680" Type="SpaceToken" StartNode="191" EndNode="192">
<Feature>
  <Name className="java.lang.String">length</Name>
  <Value className="java.lang.String">1</Value>
</Feature>
<Feature>
  <Name className="java.lang.String">kind</Name>
  <Value className="java.lang.String">space</Value>
</Feature>
<Feature>
  <Name className="java.lang.String">string</Name>
  <Value className="java.lang.String"> </Value>
</Feature>
</Annotation>
<Annotation Id="1681" Type="Token" StartNode="192" EndNode="196">
<Feature>
  <Name className="java.lang.String">length</Name>
  <Value className="java.lang.String">4</Value>
</Feature>
<Feature>
  <Name className="java.lang.String">category</Name>
  <Value className="java.lang.String">VB</Value>
</Feature>
<Feature>
  <Name className="java.lang.String">orth</Name>
  <Value className="java.lang.String">lowercase</Value>
</Feature>
<Feature>
  <Name className="java.lang.String">root</Name>
  <Value className="java.lang.String">live</Value>
</Feature>
<Feature>
  <Name className="java.lang.String">kind</Name>
  <Value className="java.lang.String">word</Value>
</Feature>
<Feature>
  <Name className="java.lang.String">string</Name>
  <Value className="java.lang.String">live</Value>
</Feature>
</Annotation>
<Annotation Id="1682" Type="SpaceToken" StartNode="196" EndNode="197">
<Feature>
  <Name className="java.lang.String">length</Name>
  <Value className="java.lang.String">1</Value>
</Feature>
<Feature>
  <Name className="java.lang.String">kind</Name>
  <Value className="java.lang.String">space</Value>
</Feature>
<Feature>
  <Name className="java.lang.String">string</Name>
  <Value className="java.lang.String"> </Value>
</Feature>
</Annotation>
<Annotation Id="1683" Type="Token" StartNode="197" EndNode="198">
<Feature>
  <Name className="java.lang.String">length</Name>
  <Value className="java.lang.String">1</Value>
</Feature>
<Feature>
  <Name className="java.lang.String">category</Name>
  <Value className="java.lang.String">PRP</Value>
</Feature>
<Feature>
  <Name className="java.lang.String">orth</Name>
  <Value className="java.lang.String">upperInitial</Value>
</Feature>
<Feature>
  <Name className="java.lang.String">root</Name>
  <Value className="java.lang.String">i</Value>
</Feature>
<Feature>
  <Name className="java.lang.String">kind</Name>
  <Value className="java.lang.String">word</Value>
</Feature>
<Feature>
  <Name className="java.lang.String">string</Name>
  <Value className="java.lang.String">I</Value>
</Feature>
</Annotation>
<Annotation Id="1692" Type="Token" StartNode="215" EndNode="216">
<Feature>
  <Name className="java.lang.String">length</Name>
  <Value className="java.lang.String">1</Value>
</Feature>
<Feature>
  <Name className="java.lang.String">category</Name>
  <Value className="java.lang.String">.</Value>
</Feature>
<Feature>
  <Name className="java.lang.String">root</Name>
  <Value className="java.lang.String">.</Value>
</Feature>
<Feature>
  <Name className="java.lang.String">kind</Name>
  <Value className="java.lang.String">punctuation</Value>
</Feature>
<Feature>
  <Name className="java.lang.String">string</Name>
  <Value className="java.lang.String">.</Value>
</Feature>
</Annotation>
<Annotation Id="1693" Type="SpaceToken" StartNode="216" EndNode="217">
<Feature>
  <Name className="java.lang.String">length</Name>
  <Value className="java.lang.String">1</Value>
</Feature>
<Feature>
  <Name className="java.lang.String">kind</Name>
  <Value className="java.lang.String">space</Value>
</Feature>
<Feature>
  <Name className="java.lang.String">string</Name>
  <Value className="java.lang.String"> </Value>
</Feature>
</Annotation>
<Annotation Id="1694" Type="SpaceToken" StartNode="217" EndNode="218">
<Feature>
  <Name className="java.lang.String">length</Name>
  <Value className="java.lang.String">1</Value>
</Feature>
<Feature>
  <Name className="java.lang.String">kind</Name>
  <Value className="java.lang.String">space</Value>
</Feature>
<Feature>
  <Name className="java.lang.String">string</Name>
  <Value className="java.lang.String"> </Value>
</Feature>
</Annotation>
<Annotation Id="1695" Type="Token" StartNode="218" EndNode="226">
<Feature>
  <Name className="java.lang.String">orth</Name>
  <Value className="java.lang.String">lowercase</Value>
</Feature>
<Feature>
  <Name className="java.lang.String">category</Name>
  <Value className="java.lang.String">NNS</Value>
</Feature>
<Feature>
  <Name className="java.lang.String">root</Name>
  <Value className="java.lang.String">congrat</Value>
</Feature>
<Feature>
  <Name className="java.lang.String">string</Name>
  <Value className="java.lang.String">congrats</Value>
</Feature>
<Feature>
  <Name className="java.lang.String">length</Name>
  <Value className="java.lang.String">8</Value>
</Feature>
<Feature>
  <Name className="java.lang.String">affix</Name>
  <Value className="java.lang.String">s</Value>
</Feature>
<Feature>
  <Name className="java.lang.String">kind</Name>
  <Value className="java.lang.String">word</Value>
</Feature>
</Annotation>
<Annotation Id="1688" Type="SpaceToken" StartNode="207" EndNode="208">
<Feature>
  <Name className="java.lang.String">length</Name>
  <Value className="java.lang.String">1</Value>
</Feature>
<Feature>
  <Name className="java.lang.String">kind</Name>
  <Value className="java.lang.String">space</Value>
</Feature>
<Feature>
  <Name className="java.lang.String">string</Name>
  <Value className="java.lang.String"> </Value>
</Feature>
</Annotation>
<Annotation Id="1689" Type="Token" StartNode="208" EndNode="210">
<Feature>
  <Name className="java.lang.String">length</Name>
  <Value className="java.lang.String">2</Value>
</Feature>
<Feature>
  <Name className="java.lang.String">category</Name>
  <Value className="java.lang.String">TO</Value>
</Feature>
<Feature>
  <Name className="java.lang.String">orth</Name>
  <Value className="java.lang.String">lowercase</Value>
</Feature>
<Feature>
  <Name className="java.lang.String">root</Name>
  <Value className="java.lang.String">to</Value>
</Feature>
<Feature>
  <Name className="java.lang.String">kind</Name>
  <Value className="java.lang.String">word</Value>
</Feature>
<Feature>
  <Name className="java.lang.String">string</Name>
  <Value className="java.lang.String">to</Value>
</Feature>
</Annotation>
<Annotation Id="1690" Type="SpaceToken" StartNode="210" EndNode="211">
<Feature>
  <Name className="java.lang.String">length</Name>
  <Value className="java.lang.String">1</Value>
</Feature>
<Feature>
  <Name className="java.lang.String">kind</Name>
  <Value className="java.lang.String">space</Value>
</Feature>
<Feature>
  <Name className="java.lang.String">string</Name>
  <Value className="java.lang.String"> </Value>
</Feature>
</Annotation>
<Annotation Id="1691" Type="Token" StartNode="211" EndNode="215">
<Feature>
  <Name className="java.lang.String">length</Name>
  <Value className="java.lang.String">4</Value>
</Feature>
<Feature>
  <Name className="java.lang.String">category</Name>
  <Value className="java.lang.String">VB</Value>
</Feature>
<Feature>
  <Name className="java.lang.String">orth</Name>
  <Value className="java.lang.String">lowercase</Value>
</Feature>
<Feature>
  <Name className="java.lang.String">root</Name>
  <Value className="java.lang.String">help</Value>
</Feature>
<Feature>
  <Name className="java.lang.String">kind</Name>
  <Value className="java.lang.String">word</Value>
</Feature>
<Feature>
  <Name className="java.lang.String">string</Name>
  <Value className="java.lang.String">help</Value>
</Feature>
</Annotation>
</AnnotationSet>

<!-- Named annotation set -->

<AnnotationSet Name="Original markups">
<Annotation Id="0" Type="o" StartNode="0" EndNode="609">
</Annotation>
<Annotation Id="1" Type="contributors" StartNode="0" EndNode="0">
<Feature>
  <Name className="java.lang.String">class</Name>
  <Value className="java.lang.String">object</Value>
</Feature>
<Feature>
  <Name className="java.lang.String">isEmptyAndSpan</Name>
  <Value className="java.lang.String">true</Value>
</Feature>
<Feature>
  <Name className="java.lang.String">null</Name>
  <Value className="java.lang.String">true</Value>
</Feature>
</Annotation>
<Annotation Id="2" Type="coordinates" StartNode="0" EndNode="0">
<Feature>
  <Name className="java.lang.String">class</Name>
  <Value className="java.lang.String">object</Value>
</Feature>
<Feature>
  <Name className="java.lang.String">isEmptyAndSpan</Name>
  <Value className="java.lang.String">true</Value>
</Feature>
<Feature>
  <Name className="java.lang.String">null</Name>
  <Value className="java.lang.String">true</Value>
</Feature>
</Annotation>
<Annotation Id="3" Type="created_at" StartNode="0" EndNode="30">
<Feature>
  <Name className="java.lang.String">type</Name>
  <Value className="java.lang.String">string</Value>
</Feature>
</Annotation>
<Annotation Id="4" Type="favorited" StartNode="31" EndNode="36">
<Feature>
  <Name className="java.lang.String">type</Name>
  <Value className="java.lang.String">boolean</Value>
</Feature>
</Annotation>
<Annotation Id="5" Type="geo" StartNode="36" EndNode="36">
<Feature>
  <Name className="java.lang.String">class</Name>
  <Value className="java.lang.String">object</Value>
</Feature>
<Feature>
  <Name className="java.lang.String">isEmptyAndSpan</Name>
  <Value className="java.lang.String">true</Value>
</Feature>
<Feature>
  <Name className="java.lang.String">null</Name>
  <Value className="java.lang.String">true</Value>
</Feature>
</Annotation>
<Annotation Id="6" Type="id" StartNode="37" EndNode="48">
<Feature>
  <Name className="java.lang.String">type</Name>
  <Value className="java.lang.String">number</Value>
</Feature>
</Annotation>
<Annotation Id="7" Type="in_reply_to_screen_name" StartNode="49" EndNode="57">
<Feature>
  <Name className="java.lang.String">type</Name>
  <Value className="java.lang.String">string</Value>
</Feature>
</Annotation>
<Annotation Id="8" Type="in_reply_to_status_id" StartNode="58" EndNode="69">
<Feature>
  <Name className="java.lang.String">type</Name>
  <Value className="java.lang.String">number</Value>
</Feature>
</Annotation>
<Annotation Id="9" Type="in_reply_to_user_id" StartNode="70" EndNode="78">
<Feature>
  <Name className="java.lang.String">type</Name>
  <Value className="java.lang.String">number</Value>
</Feature>
</Annotation>
<Annotation Id="10" Type="place" StartNode="78" EndNode="78">
<Feature>
  <Name className="java.lang.String">class</Name>
  <Value className="java.lang.String">object</Value>
</Feature>
<Feature>
  <Name className="java.lang.String">isEmptyAndSpan</Name>
  <Value className="java.lang.String">true</Value>
</Feature>
<Feature>
  <Name className="java.lang.String">null</Name>
  <Value className="java.lang.String">true</Value>
</Feature>
</Annotation>
<Annotation Id="11" Type="source" StartNode="79" EndNode="142">
<Feature>
  <Name className="java.lang.String">type</Name>
  <Value className="java.lang.String">string</Value>
</Feature>
</Annotation>
<Annotation Id="12" Type="text" StartNode="142" EndNode="248">
<Feature>
  <Name className="java.lang.String">type</Name>
  <Value className="java.lang.String">string</Value>
</Feature>
</Annotation>
<Annotation Id="13" Type="truncated" StartNode="249" EndNode="254">
<Feature>
  <Name className="java.lang.String">type</Name>
  <Value className="java.lang.String">boolean</Value>
</Feature>
</Annotation>
<Annotation Id="14" Type="user" StartNode="255" EndNode="609">
<Feature>
  <Name className="java.lang.String">class</Name>
  <Value className="java.lang.String">object</Value>
</Feature>
</Annotation>
<Annotation Id="15" Type="contributors_enabled" StartNode="255" EndNode="260">
<Feature>
  <Name className="java.lang.String">type</Name>
  <Value className="java.lang.String">boolean</Value>
</Feature>
</Annotation>
<Annotation Id="17" Type="description" StartNode="291" EndNode="291">
<Feature>
  <Name className="java.lang.String">type</Name>
  <Value className="java.lang.String">string</Value>
</Feature>
<Feature>
  <Name className="java.lang.String">isEmptyAndSpan</Name>
  <Value className="java.lang.String">true</Value>
</Feature>
</Annotation>
<Annotation Id="16" Type="created_at" StartNode="261" EndNode="291">
<Feature>
  <Name className="java.lang.String">type</Name>
  <Value className="java.lang.String">string</Value>
</Feature>
</Annotation>
<Annotation Id="19" Type="followers_count" StartNode="294" EndNode="295">
<Feature>
  <Name className="java.lang.String">type</Name>
  <Value className="java.lang.String">number</Value>
</Feature>
</Annotation>
<Annotation Id="18" Type="favourites_count" StartNode="292" EndNode="293">
<Feature>
  <Name className="java.lang.String">type</Name>
  <Value className="java.lang.String">number</Value>
</Feature>
</Annotation>
<Annotation Id="21" Type="friends_count" StartNode="296" EndNode="297">
<Feature>
  <Name className="java.lang.String">type</Name>
  <Value className="java.lang.String">number</Value>
</Feature>
</Annotation>
<Annotation Id="20" Type="following" StartNode="295" EndNode="295">
<Feature>
  <Name className="java.lang.String">class</Name>
  <Value className="java.lang.String">object</Value>
</Feature>
<Feature>
  <Name className="java.lang.String">isEmptyAndSpan</Name>
  <Value className="java.lang.String">true</Value>
</Feature>
<Feature>
  <Name className="java.lang.String">null</Name>
  <Value className="java.lang.String">true</Value>
</Feature>
</Annotation>
<Annotation Id="23" Type="id" StartNode="304" EndNode="313">
<Feature>
  <Name className="java.lang.String">type</Name>
  <Value className="java.lang.String">number</Value>
</Feature>
</Annotation>
<Annotation Id="22" Type="geo_enabled" StartNode="298" EndNode="303">
<Feature>
  <Name className="java.lang.String">type</Name>
  <Value className="java.lang.String">boolean</Value>
</Feature>
</Annotation>
<Annotation Id="25" Type="location" StartNode="317" EndNode="329">
<Feature>
  <Name className="java.lang.String">type</Name>
  <Value className="java.lang.String">string</Value>
</Feature>
</Annotation>
<Annotation Id="24" Type="lang" StartNode="314" EndNode="316">
<Feature>
  <Name className="java.lang.String">type</Name>
  <Value className="java.lang.String">string</Value>
</Feature>
</Annotation>
<Annotation Id="27" Type="notifications" StartNode="341" EndNode="341">
<Feature>
  <Name className="java.lang.String">class</Name>
  <Value className="java.lang.String">object</Value>
</Feature>
<Feature>
  <Name className="java.lang.String">isEmptyAndSpan</Name>
  <Value className="java.lang.String">true</Value>
</Feature>
<Feature>
  <Name className="java.lang.String">null</Name>
  <Value className="java.lang.String">true</Value>
</Feature>
</Annotation>
<Annotation Id="26" Type="name" StartNode="330" EndNode="341">
<Feature>
  <Name className="java.lang.String">type</Name>
  <Value className="java.lang.String">string</Value>
</Feature>
</Annotation>
<Annotation Id="29" Type="profile_background_image_url" StartNode="349" EndNode="408">
<Feature>
  <Name className="java.lang.String">type</Name>
  <Value className="java.lang.String">string</Value>
</Feature>
</Annotation>
<Annotation Id="28" Type="profile_background_color" StartNode="342" EndNode="348">
<Feature>
  <Name className="java.lang.String">type</Name>
  <Value className="java.lang.String">string</Value>
</Feature>
</Annotation>
<Annotation Id="31" Type="profile_image_url" StartNode="415" EndNode="494">
<Feature>
  <Name className="java.lang.String">type</Name>
  <Value className="java.lang.String">string</Value>
</Feature>
</Annotation>
<Annotation Id="30" Type="profile_background_tile" StartNode="409" EndNode="414">
<Feature>
  <Name className="java.lang.String">type</Name>
  <Value className="java.lang.String">boolean</Value>
</Feature>
</Annotation>
<Annotation Id="34" Type="profile_sidebar_fill_color" StartNode="509" EndNode="515">
<Feature>
  <Name className="java.lang.String">type</Name>
  <Value className="java.lang.String">string</Value>
</Feature>
</Annotation>
<Annotation Id="35" Type="profile_text_color" StartNode="516" EndNode="522">
<Feature>
  <Name className="java.lang.String">type</Name>
  <Value className="java.lang.String">string</Value>
</Feature>
</Annotation>
<Annotation Id="32" Type="profile_link_color" StartNode="495" EndNode="501">
<Feature>
  <Name className="java.lang.String">type</Name>
  <Value className="java.lang.String">string</Value>
</Feature>
</Annotation>
<Annotation Id="33" Type="profile_sidebar_border_color" StartNode="502" EndNode="508">
<Feature>
  <Name className="java.lang.String">type</Name>
  <Value className="java.lang.String">string</Value>
</Feature>
</Annotation>
<Annotation Id="38" Type="statuses_count" StartNode="542" EndNode="543">
<Feature>
  <Name className="java.lang.String">type</Name>
  <Value className="java.lang.String">number</Value>
</Feature>
</Annotation>
<Annotation Id="39" Type="time_zone" StartNode="544" EndNode="570">
<Feature>
  <Name className="java.lang.String">type</Name>
  <Value className="java.lang.String">string</Value>
</Feature>
</Annotation>
<Annotation Id="36" Type="protected" StartNode="523" EndNode="528">
<Feature>
  <Name className="java.lang.String">type</Name>
  <Value className="java.lang.String">boolean</Value>
</Feature>
</Annotation>
<Annotation Id="37" Type="screen_name" StartNode="529" EndNode="541">
<Feature>
  <Name className="java.lang.String">type</Name>
  <Value className="java.lang.String">string</Value>
</Feature>
</Annotation>
<Annotation Id="42" Type="verified" StartNode="604" EndNode="609">
<Feature>
  <Name className="java.lang.String">type</Name>
  <Value className="java.lang.String">boolean</Value>
</Feature>
</Annotation>
<Annotation Id="40" Type="url" StartNode="571" EndNode="596">
<Feature>
  <Name className="java.lang.String">type</Name>
  <Value className="java.lang.String">string</Value>
</Feature>
</Annotation>
<Annotation Id="41" Type="utc_offset" StartNode="597" EndNode="603">
<Feature>
  <Name className="java.lang.String">type</Name>
  <Value className="java.lang.String">number</Value>
</Feature>
</Annotation>
</AnnotationSet>

</GateDocument>
