<?xml version="1.0" encoding="UTF-8"?>
<o><contributors class="object" null="true"/><coordinates class="object" null="true"/><created_at type="string">Thu Mar 25 22:48:18 +0000 2010</created_at><favorited type="boolean">false</favorited><geo class="object" null="true"/><id type="number">11057523964</id><in_reply_to_screen_name class="object" null="true"/><in_reply_to_status_id class="object" null="true"/><in_reply_to_user_id class="object" null="true"/><place class="object" null="true"/><source type="string">&lt;a href="/devices" rel="nofollow"&gt;txt&lt;/a&gt;</source><text type="string">What is this Labour fixation with the Tories 'relishing' cuts? #bbcqt</text><truncated type="boolean">false</truncated><user class="object"><contributors_enabled type="boolean">false</contributors_enabled><created_at type="string">Thu Nov 12 10:36:14 +0000 2009</created_at><description type="string">Conservative, Scottish Unionist, libertarian and Rangers daft! Studying social sciences with the OU. My favourite bands are the Beatles, Blur and Queen.</description><favourites_count type="number">6</favourites_count><followers_count type="number">126</followers_count><following class="object" null="true"/><friends_count type="number">124</friends_count><geo_enabled type="boolean">false</geo_enabled><id type="number">89419119</id><lang type="string">en</lang><location type="string">Ayr, Scotland</location><name type="string">Duncan McAlister</name><notifications class="object" null="true"/><profile_background_color type="string">C0DEED</profile_background_color><profile_background_image_url type="string">http://a1.twimg.com/profile_background_images/83317306/10h21j5.jpg</profile_background_image_url><profile_background_tile type="boolean">true</profile_background_tile><profile_image_url type="string">http://a3.twimg.com/profile_images/753904909/Manchester_UEFA_Cup_Final_normal.jpg</profile_image_url><profile_link_color type="string">0084B4</profile_link_color><profile_sidebar_border_color type="string">C0DEED</profile_sidebar_border_color><profile_sidebar_fill_color type="string">DDEEF6</profile_sidebar_fill_color><profile_text_color type="string">333333</profile_text_color><protected type="boolean">false</protected><screen_name type="string">weedunks</screen_name><statuses_count type="number">1996</statuses_count><time_zone type="string">Edinburgh</time_zone><url class="object" null="true"/><utc_offset type="number">0</utc_offset><verified type="boolean">false</verified></user></o>
