<?xml version="1.0" encoding="UTF-8"?>
<o><contributors class="object" null="true"/><coordinates class="object" null="true"/><created_at type="string">Thu Mar 25 21:45:41 +0000 2010</created_at><favorited type="boolean">false</favorited><geo class="object" null="true"/><id type="number">11054900925</id><in_reply_to_screen_name class="object" null="true"/><in_reply_to_status_id class="object" null="true"/><in_reply_to_user_id class="object" null="true"/><place class="object" null="true"/><source type="string">web</source><text type="string">RT @b_uncut SAVE  SAM: #Labour Party And B-UNCUT Encourage Street Art http://bit.ly/ckYCjO</text><truncated type="boolean">false</truncated><user class="object"><contributors_enabled type="boolean">false</contributors_enabled><created_at type="string">Fri Sep 25 11:08:59 +0000 2009</created_at><description type="string">Follow Amir Akhrif's political and social meanderings, as the Labour Party's council candidate for the Portobello Road area of Notting Hill.</description><favourites_count type="number">3</favourites_count><followers_count type="number">63</followers_count><following class="object" null="true"/><friends_count type="number">57</friends_count><geo_enabled type="boolean">true</geo_enabled><id type="number">77188802</id><lang type="string">en</lang><location type="string">London, UK</location><name type="string">Amir Akhrif</name><notifications class="object" null="true"/><profile_background_color type="string">000000</profile_background_color><profile_background_image_url type="string">http://a3.twimg.com/profile_background_images/76038771/big-ben.jpg</profile_background_image_url><profile_background_tile type="boolean">true</profile_background_tile><profile_image_url type="string">http://a3.twimg.com/profile_images/741095997/me_normal.jpg</profile_image_url><profile_link_color type="string">ff262a</profile_link_color><profile_sidebar_border_color type="string">000000</profile_sidebar_border_color><profile_sidebar_fill_color type="string">1e0124</profile_sidebar_fill_color><profile_text_color type="string">737273</profile_text_color><protected type="boolean">false</protected><screen_name type="string">AmirAkhrif</screen_name><statuses_count type="number">249</statuses_count><time_zone type="string">London</time_zone><url type="string">http://amirakhrif.wordpress.com</url><utc_offset type="number">0</utc_offset><verified type="boolean">false</verified></user></o>
