<?xml version="1.0" encoding="UTF-8"?>
<o><contributors class="object" null="true"/><coordinates class="object" null="true"/><created_at type="string">Thu Mar 25 22:11:51 +0000 2010</created_at><favorited type="boolean">false</favorited><geo class="object" null="true"/><id type="number">11055988046</id><in_reply_to_screen_name type="string">dominiccampbell</in_reply_to_screen_name><in_reply_to_status_id class="object" null="true"/><in_reply_to_user_id type="number">7526892</in_reply_to_user_id><place class="object" null="true"/><source type="string">&lt;a href="http://m.twitter.com/" rel="nofollow"&gt;mobile web&lt;/a&gt;</source><text type="string">@dominiccampbell Just update my facebook status with labour thinktank info. An experiment for which I await feedback. Not dun that b4 to m8s</text><truncated type="boolean">false</truncated><user class="object"><contributors_enabled type="boolean">false</contributors_enabled><created_at type="string">Mon Jul 06 08:09:24 +0000 2009</created_at><description type="string">I'm a Community Governance Officer working for Kirklees Council. Responsible for working with local councillors and area committees in Batley and Huddersfield  </description><favourites_count type="number">0</favourites_count><followers_count type="number">38</followers_count><following class="object" null="true"/><friends_count type="number">31</friends_count><geo_enabled type="boolean">false</geo_enabled><id type="number">54152685</id><lang type="string">en</lang><location type="string">Huddersfield, England</location><name type="string">Spencer Wilson</name><notifications class="object" null="true"/><profile_background_color type="string">022330</profile_background_color><profile_background_image_url type="string">http://s.twimg.com/a/1269387398/images/themes/theme15/bg.png</profile_background_image_url><profile_background_tile type="boolean">false</profile_background_tile><profile_image_url type="string">http://a1.twimg.com/profile_images/739766176/Spencer_normal.jpg</profile_image_url><profile_link_color type="string">0084B4</profile_link_color><profile_sidebar_border_color type="string">a8c7f7</profile_sidebar_border_color><profile_sidebar_fill_color type="string">C0DFEC</profile_sidebar_fill_color><profile_text_color type="string">333333</profile_text_color><protected type="boolean">false</protected><screen_name type="string">SpencerLWilson</screen_name><statuses_count type="number">273</statuses_count><time_zone type="string">London</time_zone><url class="object" null="true"/><utc_offset type="number">0</utc_offset><verified type="boolean">false</verified></user></o>
