<?xml version="1.0" encoding="UTF-8"?>
<o><contributors class="object" null="true"/><coordinates class="object" null="true"/><created_at type="string">Thu Mar 25 22:23:48 +0000 2010</created_at><favorited type="boolean">false</favorited><geo class="object" null="true"/><id type="number">11056486113</id><in_reply_to_screen_name class="object" null="true"/><in_reply_to_status_id class="object" null="true"/><in_reply_to_user_id class="object" null="true"/><place class="object" null="true"/><source type="string">&lt;a href="http://www.stone.com/Twittelator" rel="nofollow"&gt;Twittelator&lt;/a&gt;</source><text type="string">Islington Labour councillor says ID cards could have saved Baby P.</text><truncated type="boolean">false</truncated><user class="object"><contributors_enabled type="boolean">false</contributors_enabled><created_at type="string">Tue Apr 07 13:43:35 +0000 2009</created_at><description type="string">Deputy Leader &amp; Lib Dem Councillor for Canonbury Ward, London Borough of Islington. </description><favourites_count type="number">0</favourites_count><followers_count type="number">466</followers_count><following class="object" null="true"/><friends_count type="number">406</friends_count><geo_enabled type="boolean">false</geo_enabled><id type="number">29449714</id><lang type="string">en</lang><location type="string">London</location><name type="string">Lucy Watt</name><notifications class="object" null="true"/><profile_background_color type="string">1A1B1F</profile_background_color><profile_background_image_url type="string">http://a3.twimg.com/profile_background_images/36560991/Emin_love.jpg</profile_background_image_url><profile_background_tile type="boolean">true</profile_background_tile><profile_image_url type="string">http://a3.twimg.com/profile_images/727550559/cllr_lucy_watt_portrait_oct08_normal.jpg</profile_image_url><profile_link_color type="string">8fe0d9</profile_link_color><profile_sidebar_border_color type="string">181A1E</profile_sidebar_border_color><profile_sidebar_fill_color type="string">ae62f5</profile_sidebar_fill_color><profile_text_color type="string">4f4949</profile_text_color><protected type="boolean">false</protected><screen_name type="string">Lucy_Watt</screen_name><statuses_count type="number">1877</statuses_count><time_zone type="string">London</time_zone><url class="object" null="true"/><utc_offset type="number">0</utc_offset><verified type="boolean">false</verified></user></o>
