<?xml version="1.0" encoding="UTF-8"?>
<o><contributors class="object" null="true"/><coordinates class="object" null="true"/><created_at type="string">Thu Mar 25 22:03:08 +0000 2010</created_at><favorited type="boolean">false</favorited><geo class="object" null="true"/><id type="number">11055626320</id><in_reply_to_screen_name class="object" null="true"/><in_reply_to_status_id class="object" null="true"/><in_reply_to_user_id class="object" null="true"/><place class="object" null="true"/><retweeted_status class="object"><contributors class="object" null="true"/><coordinates class="object" null="true"/><created_at type="string">Thu Mar 25 22:00:43 +0000 2010</created_at><favorited type="boolean">false</favorited><geo class="object" null="true"/><id type="number">11055523048</id><in_reply_to_screen_name class="object" null="true"/><in_reply_to_status_id class="object" null="true"/><in_reply_to_user_id class="object" null="true"/><place class="object" null="true"/><source type="string">&lt;a href="http://twitterfeed.com" rel="nofollow"&gt;twitterfeed&lt;/a&gt;</source><text type="string">Labour's tax and benefits strategy has closed the income gap, thinktank says http://bit.ly/bAUl6P</text><truncated type="boolean">false</truncated><user class="object"><contributors_enabled type="boolean">false</contributors_enabled><created_at type="string">Thu Feb 22 12:32:47 +0000 2007</created_at><description type="string">Latest news from the Guardian</description><favourites_count type="number">0</favourites_count><followers_count type="number">54881</followers_count><following class="object" null="true"/><friends_count type="number">854</friends_count><geo_enabled type="boolean">true</geo_enabled><id type="number">788524</id><lang type="string">en</lang><location type="string">London</location><name type="string">The Guardian</name><notifications class="object" null="true"/><profile_background_color type="string">9ae4e8</profile_background_color><profile_background_image_url type="string">http://a3.twimg.com/profile_background_images/28670065/GuardianTwitterBg_Generic.gif</profile_background_image_url><profile_background_tile type="boolean">false</profile_background_tile><profile_image_url type="string">http://a1.twimg.com/profile_images/264039700/G_twitter_main_normal.jpg</profile_image_url><profile_link_color type="string">0000ff</profile_link_color><profile_sidebar_border_color type="string">87bc44</profile_sidebar_border_color><profile_sidebar_fill_color type="string">e0ff92</profile_sidebar_fill_color><profile_text_color type="string">000000</profile_text_color><protected type="boolean">false</protected><screen_name type="string">guardiannews</screen_name><statuses_count type="number">29437</statuses_count><time_zone type="string">London</time_zone><url type="string">http://www.guardian.co.uk/</url><utc_offset type="number">0</utc_offset><verified type="boolean">false</verified></user></retweeted_status><source type="string">&lt;a href="http://lab.r246.jp/twicca/" rel="nofollow"&gt;twicca&lt;/a&gt;</source><text type="string">RT @guardiannews: Labour's tax and benefits strategy has closed the income gap, thinktank says http://bit.ly/bAUl6P</text><truncated type="boolean">false</truncated><user class="object"><contributors_enabled type="boolean">false</contributors_enabled><created_at type="string">Tue Jul 17 08:37:51 +0000 2007</created_at><description type="string">a boy pretending to be a wolf pretending to be a king (and founder of @FutureGov)</description><favourites_count type="number">1398</favourites_count><followers_count type="number">5625</followers_count><following class="object" null="true"/><friends_count type="number">4844</friends_count><geo_enabled type="boolean">false</geo_enabled><id type="number">7526892</id><lang type="string">en</lang><location type="string">London and DC</location><name type="string">Dominic Campbell</name><notifications class="object" null="true"/><profile_background_color type="string">9ae4e8</profile_background_color><profile_background_image_url type="string">http://a3.twimg.com/profile_background_images/3312589/Dali_scally.jpg</profile_background_image_url><profile_background_tile type="boolean">true</profile_background_tile><profile_image_url type="string">http://a1.twimg.com/profile_images/523843860/twitterProfilePhoto_normal.jpg</profile_image_url><profile_link_color type="string">0000FF</profile_link_color><profile_sidebar_border_color type="string">91FFD4</profile_sidebar_border_color><profile_sidebar_fill_color type="string">91FFD4</profile_sidebar_fill_color><profile_text_color type="string">000000</profile_text_color><protected type="boolean">false</protected><screen_name type="string">dominiccampbell</screen_name><statuses_count type="number">36797</statuses_count><time_zone type="string">London</time_zone><url type="string">http://www.futuregovconsultancy.com</url><utc_offset type="number">0</utc_offset><verified type="boolean">false</verified></user></o>
