<?xml version="1.0" encoding="UTF-8"?>
<o><contributors class="object" null="true"/><coordinates class="object" null="true"/><created_at type="string">Thu Mar 25 22:09:42 +0000 2010</created_at><favorited type="boolean">false</favorited><geo class="object" null="true"/><id type="number">11055899336</id><in_reply_to_screen_name class="object" null="true"/><in_reply_to_status_id class="object" null="true"/><in_reply_to_user_id class="object" null="true"/><place class="object" null="true"/><source type="string">&lt;a href="http://flickr.com/services/twitter/" rel="nofollow"&gt;Flickr&lt;/a&gt;</source><text type="string">It's hard to take pictures of your hands! Union Jack knitting, a labour of love http://flic.kr/p/7NqroN</text><truncated type="boolean">false</truncated><user class="object"><contributors_enabled type="boolean">false</contributors_enabled><created_at type="string">Sun May 31 20:51:04 +0000 2009</created_at><description type="string">I could knit that...just get me a pattern, seriously I've turned into a freak!!</description><favourites_count type="number">0</favourites_count><followers_count type="number">7</followers_count><following class="object" null="true"/><friends_count type="number">37</friends_count><geo_enabled type="boolean">false</geo_enabled><id type="number">43753341</id><lang type="string">en</lang><location type="string">Coventry</location><name type="string">Tamsin Slater</name><notifications class="object" null="true"/><profile_background_color type="string">352726</profile_background_color><profile_background_image_url type="string">http://s.twimg.com/a/1269387398/images/themes/theme5/bg.gif</profile_background_image_url><profile_background_tile type="boolean">false</profile_background_tile><profile_image_url type="string">http://a3.twimg.com/profile_images/471219057/image_normal</profile_image_url><profile_link_color type="string">D02B55</profile_link_color><profile_sidebar_border_color type="string">829D5E</profile_sidebar_border_color><profile_sidebar_fill_color type="string">99CC33</profile_sidebar_fill_color><profile_text_color type="string">3E4415</profile_text_color><protected type="boolean">false</protected><screen_name type="string">tamstercov</screen_name><statuses_count type="number">136</statuses_count><time_zone type="string">London</time_zone><url class="object" null="true"/><utc_offset type="number">0</utc_offset><verified type="boolean">false</verified></user></o>
