<?xml version="1.0" encoding="UTF-8"?>
<o><contributors class="object" null="true"/><coordinates class="object" null="true"/><created_at type="string">Thu Mar 25 22:17:57 +0000 2010</created_at><favorited type="boolean">false</favorited><geo class="object" null="true"/><id type="number">11056240527</id><in_reply_to_screen_name class="object" null="true"/><in_reply_to_status_id class="object" null="true"/><in_reply_to_user_id class="object" null="true"/><place class="object" null="true"/><source type="string">&lt;a href="http://www.hootsuite.com" rel="nofollow"&gt;HootSuite&lt;/a&gt;</source><text type="string">Labour cuts 'tougher than 1980s' - If Labour is re-elected spending cuts will be "tougher and deeper" than those un... http://ow.ly/16TizF</text><truncated type="boolean">false</truncated><user class="object"><contributors_enabled type="boolean">false</contributors_enabled><created_at type="string">Tue May 19 16:51:32 +0000 2009</created_at><description type="string">6 News stories a day, everyday. News that you want to know... in 140 characters or less</description><favourites_count type="number">0</favourites_count><followers_count type="number">683</followers_count><following class="object" null="true"/><friends_count type="number">6</friends_count><geo_enabled type="boolean">false</geo_enabled><id type="number">41154776</id><lang type="string">en</lang><location type="string">Washington, DC</location><name type="string">Newsxchng</name><notifications class="object" null="true"/><profile_background_color type="string">f5fafa</profile_background_color><profile_background_image_url type="string">http://a1.twimg.com/profile_background_images/13593562/untitled.JPG</profile_background_image_url><profile_background_tile type="boolean">true</profile_background_tile><profile_image_url type="string">http://a1.twimg.com/profile_images/219243152/untitled_normal.JPG</profile_image_url><profile_link_color type="string">00030a</profile_link_color><profile_sidebar_border_color type="string">000000</profile_sidebar_border_color><profile_sidebar_fill_color type="string">ffffff</profile_sidebar_fill_color><profile_text_color type="string">080707</profile_text_color><protected type="boolean">false</protected><screen_name type="string">Newsxchng</screen_name><statuses_count type="number">22232</statuses_count><time_zone type="string">Quito</time_zone><url class="object" null="true"/><utc_offset type="number">-18000</utc_offset><verified type="boolean">false</verified></user></o>
