<?xml version="1.0" encoding="UTF-8"?>
<o><contributors class="object" null="true"/><coordinates class="object" null="true"/><created_at type="string">Thu Mar 25 22:08:52 +0000 2010</created_at><favorited type="boolean">false</favorited><geo class="object" null="true"/><id type="number">11055865531</id><in_reply_to_screen_name class="object" null="true"/><in_reply_to_status_id class="object" null="true"/><in_reply_to_user_id class="object" null="true"/><place class="object" null="true"/><retweeted_status class="object"><contributors class="object" null="true"/><coordinates class="object" null="true"/><created_at type="string">Thu Mar 25 22:00:43 +0000 2010</created_at><favorited type="boolean">false</favorited><geo class="object" null="true"/><id type="number">11055523048</id><in_reply_to_screen_name class="object" null="true"/><in_reply_to_status_id class="object" null="true"/><in_reply_to_user_id class="object" null="true"/><place class="object" null="true"/><source type="string">&lt;a href="http://twitterfeed.com" rel="nofollow"&gt;twitterfeed&lt;/a&gt;</source><text type="string">Labour's tax and benefits strategy has closed the income gap, thinktank says http://bit.ly/bAUl6P</text><truncated type="boolean">false</truncated><user class="object"><contributors_enabled type="boolean">false</contributors_enabled><created_at type="string">Thu Feb 22 12:32:47 +0000 2007</created_at><description type="string">Latest news from the Guardian</description><favourites_count type="number">0</favourites_count><followers_count type="number">54882</followers_count><following class="object" null="true"/><friends_count type="number">854</friends_count><geo_enabled type="boolean">true</geo_enabled><id type="number">788524</id><lang type="string">en</lang><location type="string">London</location><name type="string">The Guardian</name><notifications class="object" null="true"/><profile_background_color type="string">9ae4e8</profile_background_color><profile_background_image_url type="string">http://a3.twimg.com/profile_background_images/28670065/GuardianTwitterBg_Generic.gif</profile_background_image_url><profile_background_tile type="boolean">false</profile_background_tile><profile_image_url type="string">http://a1.twimg.com/profile_images/264039700/G_twitter_main_normal.jpg</profile_image_url><profile_link_color type="string">0000ff</profile_link_color><profile_sidebar_border_color type="string">87bc44</profile_sidebar_border_color><profile_sidebar_fill_color type="string">e0ff92</profile_sidebar_fill_color><profile_text_color type="string">000000</profile_text_color><protected type="boolean">false</protected><screen_name type="string">guardiannews</screen_name><statuses_count type="number">29437</statuses_count><time_zone type="string">London</time_zone><url type="string">http://www.guardian.co.uk/</url><utc_offset type="number">0</utc_offset><verified type="boolean">false</verified></user></retweeted_status><source type="string">&lt;a href="http://www.seesmic.com/" rel="nofollow"&gt;Seesmic&lt;/a&gt;</source><text type="string">RT @guardiannews: Labour's tax and benefits strategy has closed the income gap, thinktank says http://bit.ly/bAUl6P</text><truncated type="boolean">false</truncated><user class="object"><contributors_enabled type="boolean">false</contributors_enabled><created_at type="string">Tue Jul 07 22:58:54 +0000 2009</created_at><description type="string"/><favourites_count type="number">0</favourites_count><followers_count type="number">58</followers_count><following class="object" null="true"/><friends_count type="number">348</friends_count><geo_enabled type="boolean">false</geo_enabled><id type="number">54710996</id><lang type="string">en</lang><location type="string"/><name type="string">James Riach</name><notifications class="object" null="true"/><profile_background_color type="string">9ae4e8</profile_background_color><profile_background_image_url type="string">http://s.twimg.com/a/1269387398/images/themes/theme1/bg.png</profile_background_image_url><profile_background_tile type="boolean">false</profile_background_tile><profile_image_url type="string">http://a1.twimg.com/profile_images/674476746/twitterProfilePhoto_normal.jpg</profile_image_url><profile_link_color type="string">0000ff</profile_link_color><profile_sidebar_border_color type="string">87bc44</profile_sidebar_border_color><profile_sidebar_fill_color type="string">e0ff92</profile_sidebar_fill_color><profile_text_color type="string">000000</profile_text_color><protected type="boolean">false</protected><screen_name type="string">JimmyRiach</screen_name><statuses_count type="number">174</statuses_count><time_zone type="string">London</time_zone><url type="string">http://www.last.fm/user/Jimmy_Riach</url><utc_offset type="number">0</utc_offset><verified type="boolean">false</verified></user></o>
