<?xml version="1.0" encoding="UTF-8"?>
<o><contributors class="object" null="true"/><coordinates class="object" null="true"/><created_at type="string">Thu Mar 25 22:16:37 +0000 2010</created_at><favorited type="boolean">false</favorited><geo class="object" null="true"/><id type="number">11056185454</id><in_reply_to_screen_name type="string">ckmccormack</in_reply_to_screen_name><in_reply_to_status_id type="number">11055793085</in_reply_to_status_id><in_reply_to_user_id type="number">15939981</in_reply_to_user_id><place class="object" null="true"/><source type="string">&lt;a href="http://www.atebits.com/" rel="nofollow"&gt;Tweetie&lt;/a&gt;</source><text type="string">@ckmccormack Oh he will have a fit. Victoria. Poor Tory. - Darius</text><truncated type="boolean">false</truncated><user class="object"><contributors_enabled type="boolean">false</contributors_enabled><created_at type="string">Fri Mar 20 05:33:38 +0000 2009</created_at><description type="string">Nothing to read and there is no more weed. Fiction is fun, when it's well done. Welcome to our gay little crew.</description><favourites_count type="number">2212</favourites_count><followers_count type="number">145</followers_count><following class="object" null="true"/><friends_count type="number">106</friends_count><geo_enabled type="boolean">false</geo_enabled><id type="number">25467060</id><lang type="string">en</lang><location type="string">New York City</location><name type="string">toutlefreakingmonde</name><notifications class="object" null="true"/><profile_background_color type="string">9AE4E8</profile_background_color><profile_background_image_url type="string">http://a3.twimg.com/profile_background_images/37751881/JS50215.JPG</profile_background_image_url><profile_background_tile type="boolean">true</profile_background_tile><profile_image_url type="string">http://a1.twimg.com/profile_images/708433348/meg_normal.jpg</profile_image_url><profile_link_color type="string">0e9115</profile_link_color><profile_sidebar_border_color type="string">10140e</profile_sidebar_border_color><profile_sidebar_fill_color type="string">fcfcfc</profile_sidebar_fill_color><profile_text_color type="string">080708</profile_text_color><protected type="boolean">false</protected><screen_name type="string">likevinescrew</screen_name><statuses_count type="number">6451</statuses_count><time_zone type="string">Eastern Time (US &amp; Canada)</time_zone><url type="string">http://likevinescrew.tumblr.com/</url><utc_offset type="number">-18000</utc_offset><verified type="boolean">false</verified></user></o>
