<?xml version="1.0" encoding="UTF-8"?>
<o><contributors class="object" null="true"/><coordinates class="object" null="true"/><created_at type="string">Thu Mar 25 20:51:15 +0000 2010</created_at><favorited type="boolean">false</favorited><geo class="object" null="true"/><id type="number">11052709675</id><in_reply_to_screen_name class="object" null="true"/><in_reply_to_status_id class="object" null="true"/><in_reply_to_user_id class="object" null="true"/><place class="object" null="true"/><source type="string">&lt;a href="http://twitterfeed.com" rel="nofollow"&gt;twitterfeed&lt;/a&gt;</source><text type="string">fashion  Tory Burch Debuts a Grateful Dead Homage [the Cut - New York Magazine] http://bit.ly/a5pK83: #fashion #ne... http://bit.ly/drat6a</text><truncated type="boolean">false</truncated><user class="object"><contributors_enabled type="boolean">false</contributors_enabled><created_at type="string">Sun Nov 01 20:15:40 +0000 2009</created_at><description type="string">I am a Canucks fan, love to play golf, and have lived comfortably with Crohn's Disease for 22 years.</description><favourites_count type="number">0</favourites_count><followers_count type="number">570</followers_count><following class="object" null="true"/><friends_count type="number">84</friends_count><geo_enabled type="boolean">false</geo_enabled><id type="number">86792981</id><lang type="string">en</lang><location type="string">Chilliwack, BC</location><name type="string">Jeff Zerr</name><notifications class="object" null="true"/><profile_background_color type="string">131516</profile_background_color><profile_background_image_url type="string">http://s.twimg.com/a/1269281712/images/themes/theme14/bg.gif</profile_background_image_url><profile_background_tile type="boolean">true</profile_background_tile><profile_image_url type="string">http://a1.twimg.com/profile_images/686126696/IMG_0609_2_normal.jpg</profile_image_url><profile_link_color type="string">009999</profile_link_color><profile_sidebar_border_color type="string">eeeeee</profile_sidebar_border_color><profile_sidebar_fill_color type="string">efefef</profile_sidebar_fill_color><profile_text_color type="string">333333</profile_text_color><protected type="boolean">false</protected><screen_name type="string">jeffreyzerr</screen_name><statuses_count type="number">13030</statuses_count><time_zone type="string">Pacific Time (US &amp; Canada)</time_zone><url class="object" null="true"/><utc_offset type="number">-28800</utc_offset><verified type="boolean">false</verified></user></o>
