<?xml version="1.0" encoding="UTF-8"?>
<o><contributors class="object" null="true"/><coordinates class="object" null="true"/><created_at type="string">Thu Mar 25 22:33:11 +0000 2010</created_at><favorited type="boolean">false</favorited><geo class="object" null="true"/><id type="number">11056884045</id><in_reply_to_screen_name class="object" null="true"/><in_reply_to_status_id class="object" null="true"/><in_reply_to_user_id class="object" null="true"/><place class="object" null="true"/><source type="string">&lt;a href="http://twitterfeed.com" rel="nofollow"&gt;twitterfeed&lt;/a&gt;</source><text type="string">Tory MP's firm got government grant http://bit.ly/aruvrr</text><truncated type="boolean">false</truncated><user class="object"><contributors_enabled type="boolean">false</contributors_enabled><created_at type="string">Wed Jan 14 22:42:22 +0000 2009</created_at><description type="string">Online reporters give you the headlines, live updates, plus an inside look at what's happening at CBC Calgary.</description><favourites_count type="number">1</favourites_count><followers_count type="number">4379</followers_count><following class="object" null="true"/><friends_count type="number">227</friends_count><geo_enabled type="boolean">false</geo_enabled><id type="number">18999809</id><lang type="string">en</lang><location type="string">Calgary</location><name type="string">CBC Calgary</name><notifications class="object" null="true"/><profile_background_color type="string">0E4C00</profile_background_color><profile_background_image_url type="string">http://a3.twimg.com/profile_background_images/4206881/calgary-twitter-bg3.jpg</profile_background_image_url><profile_background_tile type="boolean">false</profile_background_tile><profile_image_url type="string">http://a1.twimg.com/profile_images/74849106/cbc-cgy_bigger_normal.png</profile_image_url><profile_link_color type="string">c06c35</profile_link_color><profile_sidebar_border_color type="string">829D5E</profile_sidebar_border_color><profile_sidebar_fill_color type="string">cbe49b</profile_sidebar_fill_color><profile_text_color type="string">3E4415</profile_text_color><protected type="boolean">false</protected><screen_name type="string">CBCCalgary</screen_name><statuses_count type="number">5438</statuses_count><time_zone type="string">Mountain Time (US &amp; Canada)</time_zone><url type="string">http://www.cbc.ca/calgary/</url><utc_offset type="number">-25200</utc_offset><verified type="boolean">false</verified></user></o>
