<?xml version="1.0" encoding="UTF-8"?>
<o><contributors class="object" null="true"/><coordinates class="object" null="true"/><created_at type="string">Thu Mar 25 22:27:50 +0000 2010</created_at><favorited type="boolean">false</favorited><geo class="object" null="true"/><id type="number">11056653858</id><in_reply_to_screen_name type="string">headsonpoles</in_reply_to_screen_name><in_reply_to_status_id type="number">11056424908</in_reply_to_status_id><in_reply_to_user_id type="number">114522843</in_reply_to_user_id><place class="object" null="true"/><source type="string">web</source><text type="string">@headsonpoles yeah, you should join me, you'll need to be numb when Labour wins a forth term.</text><truncated type="boolean">false</truncated><user class="object"><contributors_enabled type="boolean">false</contributors_enabled><created_at type="string">Fri Mar 27 18:55:15 +0000 2009</created_at><description type="string">Student/ Labour supporter/ Pro EU = a strange mix of politics and student life, so expect lots of tory bashing, with a sprinkle of drunk storys... </description><favourites_count type="number">0</favourites_count><followers_count type="number">154</followers_count><following class="object" null="true"/><friends_count type="number">160</friends_count><geo_enabled type="boolean">false</geo_enabled><id type="number">27069558</id><lang type="string">en</lang><location type="string">Reading/ Essex</location><name type="string">Richard Wood</name><notifications class="object" null="true"/><profile_background_color type="string">f7f7f4</profile_background_color><profile_background_image_url type="string">http://a1.twimg.com/profile_background_images/84712954/220px-Labour_Party.svg.png</profile_background_image_url><profile_background_tile type="boolean">true</profile_background_tile><profile_image_url type="string">http://a3.twimg.com/profile_images/582082645/twitterProfilePhoto_normal.jpg</profile_image_url><profile_link_color type="string">0084B4</profile_link_color><profile_sidebar_border_color type="string">a8c7f7</profile_sidebar_border_color><profile_sidebar_fill_color type="string">C0DFEC</profile_sidebar_fill_color><profile_text_color type="string">333333</profile_text_color><protected type="boolean">false</protected><screen_name type="string">Richard28Wood</screen_name><statuses_count type="number">2561</statuses_count><time_zone type="string">London</time_zone><url type="string">http://leftadvance.blogspot.com/</url><utc_offset type="number">0</utc_offset><verified type="boolean">false</verified></user></o>
