<?xml version="1.0" encoding="UTF-8"?>
<o><contributors class="object" null="true"/><coordinates class="object" null="true"/><created_at type="string">Thu Mar 25 22:22:28 +0000 2010</created_at><favorited type="boolean">false</favorited><geo class="object" null="true"/><id type="number">11056431524</id><in_reply_to_screen_name class="object" null="true"/><in_reply_to_status_id class="object" null="true"/><in_reply_to_user_id class="object" null="true"/><place class="object" null="true"/><retweeted_status class="object"><contributors class="object" null="true"/><coordinates class="object" null="true"/><created_at type="string">Thu Mar 25 22:05:03 +0000 2010</created_at><favorited type="boolean">false</favorited><geo class="object" null="true"/><id type="number">11055706609</id><in_reply_to_screen_name class="object" null="true"/><in_reply_to_status_id class="object" null="true"/><in_reply_to_user_id class="object" null="true"/><place class="object" null="true"/><source type="string">&lt;a href="http://ubertwitter.com" rel="nofollow"&gt;UberTwitter&lt;/a&gt;</source><text type="string">I don't know why bob crow of the rmt is trying to get a tory govt elected but if he gets one I hope they shaft him #traitor</text><truncated type="boolean">false</truncated><user class="object"><contributors_enabled type="boolean">false</contributors_enabled><created_at type="string">Wed Jan 14 13:26:45 +0000 2009</created_at><description type="string">Labour Party supporter, liberal views, f1, politics, ashleytmason.blogspot.com
blackberry pin: 217A69D6</description><favourites_count type="number">1</favourites_count><followers_count type="number">1582</followers_count><following class="object" null="true"/><friends_count type="number">1619</friends_count><geo_enabled type="boolean">true</geo_enabled><id type="number">18976017</id><lang type="string">en</lang><location type="string">ÜT: 50.36784,-4.1594</location><name type="string">Ashley Mason</name><notifications class="object" null="true"/><profile_background_color type="string">ffffff</profile_background_color><profile_background_image_url type="string">http://a3.twimg.com/profile_background_images/37563755/mqcloudsandhedge.br.jpg</profile_background_image_url><profile_background_tile type="boolean">false</profile_background_tile><profile_image_url type="string">http://a1.twimg.com/profile_images/701848610/twitterProfilePhoto_normal.jpg</profile_image_url><profile_link_color type="string">519400</profile_link_color><profile_sidebar_border_color type="string">5fad00</profile_sidebar_border_color><profile_sidebar_fill_color type="string">9ecffa</profile_sidebar_fill_color><profile_text_color type="string">333333</profile_text_color><protected type="boolean">false</protected><screen_name type="string">ashleytmason</screen_name><statuses_count type="number">3260</statuses_count><time_zone type="string">London</time_zone><url type="string">http://www.facebook.com/ashleytmason</url><utc_offset type="number">0</utc_offset><verified type="boolean">false</verified></user></retweeted_status><source type="string">&lt;a href="http://apiwiki.twitter.com/" rel="nofollow"&gt;API&lt;/a&gt;</source><text type="string">RT @ashleytmason: I don't know why bob crow of the rmt is trying to get a tory govt elected but if he gets one I hope they shaft him #tr ...</text><truncated type="boolean">true</truncated><user class="object"><contributors_enabled type="boolean">false</contributors_enabled><created_at type="string">Wed Jan 21 13:43:47 +0000 2009</created_at><description type="string">Homo in Brighton (Hove act.) with woutz69 on here and loving life, sans 99% of the other people!</description><favourites_count type="number">0</favourites_count><followers_count type="number">114</followers_count><following class="object" null="true"/><friends_count type="number">250</friends_count><geo_enabled type="boolean">true</geo_enabled><id type="number">19287571</id><lang type="string">en</lang><location type="string">ÜT: 50.824892,-0.156351</location><name type="string">Adam Highway</name><notifications class="object" null="true"/><profile_background_color type="string">1A1B1F</profile_background_color><profile_background_image_url type="string">http://s.twimg.com/a/1269553143/images/themes/theme9/bg.gif</profile_background_image_url><profile_background_tile type="boolean">false</profile_background_tile><profile_image_url type="string">http://a1.twimg.com/profile_images/106197108/Cocaine_normal.jpg</profile_image_url><profile_link_color type="string">2FC2EF</profile_link_color><profile_sidebar_border_color type="string">181A1E</profile_sidebar_border_color><profile_sidebar_fill_color type="string">252429</profile_sidebar_fill_color><profile_text_color type="string">666666</profile_text_color><protected type="boolean">false</protected><screen_name type="string">late2theparty</screen_name><statuses_count type="number">1454</statuses_count><time_zone type="string">London</time_zone><url type="string">http://www.adamandwouter.co.uk/blog/</url><utc_offset type="number">0</utc_offset><verified type="boolean">false</verified></user></o>
