<?xml version="1.0" encoding="UTF-8"?>
<o><contributors class="object" null="true"/><coordinates class="object" null="true"/><created_at type="string">Thu Mar 25 22:47:15 +0000 2010</created_at><favorited type="boolean">false</favorited><geo class="object" null="true"/><id type="number">11057478716</id><in_reply_to_screen_name class="object" null="true"/><in_reply_to_status_id class="object" null="true"/><in_reply_to_user_id class="object" null="true"/><place class="object" null="true"/><source type="string">&lt;a href="http://twitpic.com/" rel="nofollow"&gt;TwitPic&lt;/a&gt;</source><text type="string">http://twitpic.com/1awccb - Rochester and Strood commuters deliver their verdict on Labour PPCs latest work of fiction...</text><truncated type="boolean">false</truncated><user class="object"><contributors_enabled type="boolean">false</contributors_enabled><created_at type="string">Tue Aug 18 19:33:11 +0000 2009</created_at><description type="string">Conservative. Libertarian. Husband. Father. Glenman. Not necessarily in that order. Is it Beer O'Clock yet?</description><favourites_count type="number">0</favourites_count><followers_count type="number">270</followers_count><following class="object" null="true"/><friends_count type="number">556</friends_count><geo_enabled type="boolean">false</geo_enabled><id type="number">66775035</id><lang type="string">en</lang><location type="string">Rochester, Kent</location><name type="string">Chris Irvine</name><notifications class="object" null="true"/><profile_background_color type="string">022330</profile_background_color><profile_background_image_url type="string">http://a3.twimg.com/profile_background_images/77648091/glentoran.jpg</profile_background_image_url><profile_background_tile type="boolean">false</profile_background_tile><profile_image_url type="string">http://a3.twimg.com/profile_images/772615775/fussy_normal.gif</profile_image_url><profile_link_color type="string">0084B4</profile_link_color><profile_sidebar_border_color type="string">a8c7f7</profile_sidebar_border_color><profile_sidebar_fill_color type="string">C0DFEC</profile_sidebar_fill_color><profile_text_color type="string">333333</profile_text_color><protected type="boolean">false</protected><screen_name type="string">cgirvine</screen_name><statuses_count type="number">1827</statuses_count><time_zone type="string">London</time_zone><url class="object" null="true"/><utc_offset type="number">0</utc_offset><verified type="boolean">false</verified></user></o>
