<?xml version="1.0" encoding="UTF-8"?>
<o><contributors class="object" null="true"/><coordinates class="object" null="true"/><created_at type="string">Thu Mar 25 22:47:50 +0000 2010</created_at><favorited type="boolean">false</favorited><geo class="object" null="true"/><id type="number">11057503523</id><in_reply_to_screen_name type="string">CS_sean</in_reply_to_screen_name><in_reply_to_status_id type="number">11057434488</in_reply_to_status_id><in_reply_to_user_id type="number">14395135</in_reply_to_user_id><place class="object" null="true"/><source type="string">&lt;a href="http://www.atebits.com/" rel="nofollow"&gt;Tweetie&lt;/a&gt;</source><text type="string">@CS_sean Sounds like child labour to me. Shame on you.</text><truncated type="boolean">false</truncated><user class="object"><contributors_enabled type="boolean">false</contributors_enabled><created_at type="string">Thu Jul 02 20:35:07 +0000 2009</created_at><description type="string">Full-time Web Developer building sites for SME's with ExpressionEngine, CodeIgniter, PHP. Music lover, avid gamer, all-round technology geek!</description><favourites_count type="number">128</favourites_count><followers_count type="number">450</followers_count><following class="object" null="true"/><friends_count type="number">1351</friends_count><geo_enabled type="boolean">false</geo_enabled><id type="number">53179249</id><lang type="string">en</lang><location type="string">North Yorkshire, England, UK</location><name type="string">Jonathan Paylor</name><notifications class="object" null="true"/><profile_background_color type="string">9AE4E8</profile_background_color><profile_background_image_url type="string">http://s.twimg.com/a/1269387398/images/themes/theme1/bg.png</profile_background_image_url><profile_background_tile type="boolean">false</profile_background_tile><profile_image_url type="string">http://a3.twimg.com/profile_images/732830237/twitterProfilePhoto_normal.jpg</profile_image_url><profile_link_color type="string">0084B4</profile_link_color><profile_sidebar_border_color type="string">BDDCAD</profile_sidebar_border_color><profile_sidebar_fill_color type="string">DDFFCC</profile_sidebar_fill_color><profile_text_color type="string">333333</profile_text_color><protected type="boolean">false</protected><screen_name type="string">jpaylor</screen_name><statuses_count type="number">2138</statuses_count><time_zone type="string">London</time_zone><url class="object" null="true"/><utc_offset type="number">0</utc_offset><verified type="boolean">false</verified></user></o>
