<?xml version="1.0" encoding="UTF-8"?>
<o><contributors class="object" null="true"/><coordinates class="object" null="true"/><created_at type="string">Thu Mar 25 22:07:46 +0000 2010</created_at><favorited type="boolean">false</favorited><geo class="object" null="true"/><id type="number">11055819434</id><in_reply_to_screen_name class="object" null="true"/><in_reply_to_status_id class="object" null="true"/><in_reply_to_user_id class="object" null="true"/><place class="object" null="true"/><source type="string">&lt;a href="http://twitterfeed.com" rel="nofollow"&gt;twitterfeed&lt;/a&gt;</source><text type="string">Labour cuts 'tougher than 1980s': If Labour is re-elected spending cuts will be "tougher and deeper" than those un... http://bit.ly/d1CtfM</text><truncated type="boolean">false</truncated><user class="object"><contributors_enabled type="boolean">false</contributors_enabled><created_at type="string">Thu Nov 12 23:19:23 +0000 2009</created_at><description type="string"/><favourites_count type="number">1</favourites_count><followers_count type="number">95</followers_count><following class="object" null="true"/><friends_count type="number">24</friends_count><geo_enabled type="boolean">false</geo_enabled><id type="number">89568345</id><lang type="string">en</lang><location type="string"/><name type="string">Filmizletir net</name><notifications class="object" null="true"/><profile_background_color type="string">969F74</profile_background_color><profile_background_image_url type="string">http://a3.twimg.com/profile_background_images/83136759/bg.jpg</profile_background_image_url><profile_background_tile type="boolean">false</profile_background_tile><profile_image_url type="string">http://a1.twimg.com/profile_images/752446906/Web_20Banner_20Logo_20_ends__normal.jpg</profile_image_url><profile_link_color type="string">5F5F36</profile_link_color><profile_sidebar_border_color type="string">C3C39A</profile_sidebar_border_color><profile_sidebar_fill_color type="string">C3C39A</profile_sidebar_fill_color><profile_text_color type="string">56633F</profile_text_color><protected type="boolean">false</protected><screen_name type="string">filmizletir</screen_name><statuses_count type="number">3029</statuses_count><time_zone type="string">Greenland</time_zone><url type="string">http://www.filmizletir.net</url><utc_offset type="number">-10800</utc_offset><verified type="boolean">false</verified></user></o>
