<?xml version="1.0" encoding="UTF-8"?>
<o><contributors class="object" null="true"/><coordinates class="object" null="true"/><created_at type="string">Thu Mar 25 22:20:58 +0000 2010</created_at><favorited type="boolean">false</favorited><geo class="object" null="true"/><id type="number">11056368956</id><in_reply_to_screen_name class="object" null="true"/><in_reply_to_status_id class="object" null="true"/><in_reply_to_user_id class="object" null="true"/><place class="object" null="true"/><source type="string">&lt;a href="http://www.shapeservices.com/im" rel="nofollow"&gt;im+&lt;/a&gt;</source><text type="string">RT @meralhece: Islington labour councillors singing the praises of ID cards, completely deluded</text><truncated type="boolean">false</truncated><user class="object"><contributors_enabled type="boolean">false</contributors_enabled><created_at type="string">Sun Oct 18 13:33:27 +0000 2009</created_at><description type="string">Walking, cycling, swimming, web and ICT work. Living in Sheffield and London and staying active.</description><favourites_count type="number">49</favourites_count><followers_count type="number">65</followers_count><following class="object" null="true"/><friends_count type="number">194</friends_count><geo_enabled type="boolean">true</geo_enabled><id type="number">83364537</id><lang type="string">en</lang><location type="string">53.364999,-2.314921</location><name type="string">Gregory McNeill</name><notifications class="object" null="true"/><profile_background_color type="string">ffffff</profile_background_color><profile_background_image_url type="string">http://a3.twimg.com/profile_background_images/84384861/twitter-thing-9.jpg</profile_background_image_url><profile_background_tile type="boolean">false</profile_background_tile><profile_image_url type="string">http://a1.twimg.com/profile_images/762163266/IMG_0410-crop_normal.jpg</profile_image_url><profile_link_color type="string">734719</profile_link_color><profile_sidebar_border_color type="string">ffffff</profile_sidebar_border_color><profile_sidebar_fill_color type="string">ffffff</profile_sidebar_fill_color><profile_text_color type="string">323232</profile_text_color><protected type="boolean">false</protected><screen_name type="string">gregoryiain</screen_name><statuses_count type="number">886</statuses_count><time_zone type="string">London</time_zone><url type="string">http://www.mcneillfamily.com</url><utc_offset type="number">0</utc_offset><verified type="boolean">false</verified></user></o>
