<?xml version="1.0" encoding="UTF-8"?>
<o><contributors class="object" null="true"/><coordinates class="object" null="true"/><created_at type="string">Thu Mar 25 22:35:03 +0000 2010</created_at><favorited type="boolean">false</favorited><geo class="object" null="true"/><id type="number">11056962852</id><in_reply_to_screen_name class="object" null="true"/><in_reply_to_status_id class="object" null="true"/><in_reply_to_user_id class="object" null="true"/><place class="object" null="true"/><source type="string">web</source><text type="string">Time to abandon ship? Darling: Labour's public spending cuts will be "deeper and tougher" than Margaret Thatcher's http://goo.gl/o3sv #UK</text><truncated type="boolean">false</truncated><user class="object"><contributors_enabled type="boolean">false</contributors_enabled><created_at type="string">Tue Apr 24 11:46:51 +0000 2007</created_at><description type="string">atheist; socialist-libertarian; hellenist; émigré</description><favourites_count type="number">3</favourites_count><followers_count type="number">85</followers_count><following class="object" null="true"/><friends_count type="number">53</friends_count><geo_enabled type="boolean">true</geo_enabled><id type="number">5461892</id><lang type="string">en</lang><location type="string">UK</location><name type="string">ɥɔıʇsäʇuáʌı</name><notifications class="object" null="true"/><profile_background_color type="string">9ae4e8</profile_background_color><profile_background_image_url type="string">http://a3.twimg.com/profile_background_images/78179327/2654455530_60ababecc9_b.jpg</profile_background_image_url><profile_background_tile type="boolean">false</profile_background_tile><profile_image_url type="string">http://a1.twimg.com/profile_images/766720212/IMG_0112_normal.JPG</profile_image_url><profile_link_color type="string">0084B4</profile_link_color><profile_sidebar_border_color type="string">ffffff</profile_sidebar_border_color><profile_sidebar_fill_color type="string">7676fa</profile_sidebar_fill_color><profile_text_color type="string">000000</profile_text_color><protected type="boolean">false</protected><screen_name type="string">amities</screen_name><statuses_count type="number">2041</statuses_count><time_zone type="string">Dublin</time_zone><url class="object" null="true"/><utc_offset type="number">0</utc_offset><verified type="boolean">false</verified></user></o>
