<?xml version="1.0" encoding="UTF-8"?>
<o><contributors class="object" null="true"/><coordinates class="object" null="true"/><created_at type="string">Thu Mar 25 22:38:32 +0000 2010</created_at><favorited type="boolean">false</favorited><geo class="object" null="true"/><id type="number">11057108487</id><in_reply_to_screen_name class="object" null="true"/><in_reply_to_status_id class="object" null="true"/><in_reply_to_user_id class="object" null="true"/><place class="object" null="true"/><source type="string">&lt;a href="http://www.atebits.com/" rel="nofollow"&gt;Tweetie&lt;/a&gt;</source><text type="string">Even the local press say Durham's Labour MP repaid expenses: http://bit.ly/aKkLCO.

Will she threaten to sue them too?</text><truncated type="boolean">false</truncated><user class="object"><contributors_enabled type="boolean">false</contributors_enabled><created_at type="string">Thu Jan 08 18:41:26 +0000 2009</created_at><description type="string">A liberal bit of this and that.</description><favourites_count type="number">0</favourites_count><followers_count type="number">120</followers_count><following class="object" null="true"/><friends_count type="number">85</friends_count><geo_enabled type="boolean">true</geo_enabled><id type="number">18773575</id><lang type="string">en</lang><location type="string">Hull</location><name type="string">Dominic Haney</name><notifications class="object" null="true"/><profile_background_color type="string">efe31f</profile_background_color><profile_background_image_url type="string">http://s.twimg.com/a/1268861138/images/themes/theme12/bg.gif</profile_background_image_url><profile_background_tile type="boolean">false</profile_background_tile><profile_image_url type="string">http://a3.twimg.com/profile_images/756641915/Twitter_avatar_normal.jpg</profile_image_url><profile_link_color type="string">141075</profile_link_color><profile_sidebar_border_color type="string">F2E195</profile_sidebar_border_color><profile_sidebar_fill_color type="string">fff3b3</profile_sidebar_fill_color><profile_text_color type="string">0c0d0e</profile_text_color><protected type="boolean">false</protected><screen_name type="string">libdom</screen_name><statuses_count type="number">1055</statuses_count><time_zone type="string">London</time_zone><url class="object" null="true"/><utc_offset type="number">0</utc_offset><verified type="boolean">false</verified></user></o>
