<?xml version="1.0" encoding="UTF-8"?>
<o><contributors class="object" null="true"/><coordinates class="object" null="true"/><created_at type="string">Thu Mar 25 22:01:11 +0000 2010</created_at><favorited type="boolean">false</favorited><geo class="object" null="true"/><id type="number">11055542561</id><in_reply_to_screen_name class="object" null="true"/><in_reply_to_status_id class="object" null="true"/><in_reply_to_user_id class="object" null="true"/><place class="object" null="true"/><source type="string">&lt;a href="http://echofon.com/" rel="nofollow"&gt;Echofon&lt;/a&gt;</source><text type="string">Question Time from Glasgow tonight. Wonder if there'll be any Q's on corruption in labour Glasgow Council. Nah. Too parochial</text><truncated type="boolean">false</truncated><user class="object"><contributors_enabled type="boolean">false</contributors_enabled><created_at type="string">Sun Feb 15 21:47:17 +0000 2009</created_at><description type="string">Interests: Cycling, Technology, 'New Media', Travel</description><favourites_count type="number">31</favourites_count><followers_count type="number">102</followers_count><following class="object" null="true"/><friends_count type="number">101</friends_count><geo_enabled type="boolean">false</geo_enabled><id type="number">20940338</id><lang type="string">en</lang><location type="string">Glasgow</location><name type="string">Eric.Spencer</name><notifications class="object" null="true"/><profile_background_color type="string">9AE4E8</profile_background_color><profile_background_image_url type="string">http://a1.twimg.com/profile_background_images/23486692/DSC00016b_small.JPG</profile_background_image_url><profile_background_tile type="boolean">true</profile_background_tile><profile_image_url type="string">http://a3.twimg.com/profile_images/282105195/DSC00016b_normal.JPG</profile_image_url><profile_link_color type="string">0084B4</profile_link_color><profile_sidebar_border_color type="string">BDDCAD</profile_sidebar_border_color><profile_sidebar_fill_color type="string">DDFFCC</profile_sidebar_fill_color><profile_text_color type="string">333333</profile_text_color><protected type="boolean">false</protected><screen_name type="string">gear_ratio</screen_name><statuses_count type="number">1272</statuses_count><time_zone type="string">Edinburgh</time_zone><url class="object" null="true"/><utc_offset type="number">0</utc_offset><verified type="boolean">false</verified></user></o>
