<?xml version="1.0" encoding="UTF-8"?>
<o><contributors class="object" null="true"/><coordinates class="object" null="true"/><created_at type="string">Thu Mar 25 21:55:09 +0000 2010</created_at><favorited type="boolean">false</favorited><geo class="object" null="true"/><id type="number">11055289610</id><in_reply_to_screen_name class="object" null="true"/><in_reply_to_status_id class="object" null="true"/><in_reply_to_user_id class="object" null="true"/><place class="object" null="true"/><source type="string">web</source><text type="string">Joan says alot without actually saying anything - classic Labour tactic #primetime</text><truncated type="boolean">false</truncated><user class="object"><contributors_enabled type="boolean">false</contributors_enabled><created_at type="string">Fri Feb 27 11:46:34 +0000 2009</created_at><description type="string">Coffee addict &amp; blogger, politics, history, business and then some.</description><favourites_count type="number">0</favourites_count><followers_count type="number">118</followers_count><following class="object" null="true"/><friends_count type="number">286</friends_count><geo_enabled type="boolean">false</geo_enabled><id type="number">22131680</id><lang type="string">en</lang><location type="string">Sallins, Co. Kildare, Ireland</location><name type="string">Conor</name><notifications class="object" null="true"/><profile_background_color type="string">8B542B</profile_background_color><profile_background_image_url type="string">http://s.twimg.com/a/1269387398/images/themes/theme8/bg.gif</profile_background_image_url><profile_background_tile type="boolean">false</profile_background_tile><profile_image_url type="string">http://a1.twimg.com/profile_images/774875168/013136-green-jelly-icon-animals-animal-lion2_normal.png</profile_image_url><profile_link_color type="string">9D582E</profile_link_color><profile_sidebar_border_color type="string">D9B17E</profile_sidebar_border_color><profile_sidebar_fill_color type="string">EADEAA</profile_sidebar_fill_color><profile_text_color type="string">333333</profile_text_color><protected type="boolean">false</protected><screen_name type="string">conormcgarry</screen_name><statuses_count type="number">206</statuses_count><time_zone type="string">Dublin</time_zone><url type="string">http://cafestickens.wordpress.com</url><utc_offset type="number">0</utc_offset><verified type="boolean">false</verified></user></o>
