<?xml version="1.0" encoding="UTF-8"?>
<o><contributors class="object" null="true"/><coordinates class="object" null="true"/><created_at type="string">Thu Mar 25 22:01:31 +0000 2010</created_at><favorited type="boolean">false</favorited><geo class="object" null="true"/><id type="number">11055557261</id><in_reply_to_screen_name class="object" null="true"/><in_reply_to_status_id class="object" null="true"/><in_reply_to_user_id class="object" null="true"/><place class="object" null="true"/><source type="string">&lt;a href="http://echofon.com/" rel="nofollow"&gt;Echofon&lt;/a&gt;</source><text type="string">WTF are the RMT playing at? When they get a Tory govt they'll be sorry.</text><truncated type="boolean">false</truncated><user class="object"><contributors_enabled type="boolean">false</contributors_enabled><created_at type="string">Sun Jan 25 18:12:24 +0000 2009</created_at><description type="string">Father, husband, cook, wannabe smallholder. Oh, and I've a PhD in genetics and work as a cell biologist, for what it's worth.</description><favourites_count type="number">2</favourites_count><followers_count type="number">895</followers_count><following class="object" null="true"/><friends_count type="number">606</friends_count><geo_enabled type="boolean">false</geo_enabled><id type="number">19497648</id><lang type="string">en</lang><location type="string">iPhone: 55.947144,-3.118958</location><name type="string">Hardyduncan</name><notifications class="object" null="true"/><profile_background_color type="string">EDECE9</profile_background_color><profile_background_image_url type="string">http://a3.twimg.com/profile_background_images/11023765/-comp.jpg</profile_background_image_url><profile_background_tile type="boolean">true</profile_background_tile><profile_image_url type="string">http://a3.twimg.com/profile_images/615922295/rrd_picture_normal.jpg</profile_image_url><profile_link_color type="string">088253</profile_link_color><profile_sidebar_border_color type="string">D3D2CF</profile_sidebar_border_color><profile_sidebar_fill_color type="string">E3E2DE</profile_sidebar_fill_color><profile_text_color type="string">634047</profile_text_color><protected type="boolean">false</protected><screen_name type="string">Hardyduncan</screen_name><statuses_count type="number">13790</statuses_count><time_zone type="string">Edinburgh</time_zone><url type="string">http://roryduncan.posterous.com/</url><utc_offset type="number">0</utc_offset><verified type="boolean">false</verified></user></o>
