<?xml version="1.0" encoding="UTF-8"?>
<o><contributors class="object" null="true"/><coordinates class="object" null="true"/><created_at type="string">Thu Mar 25 22:38:20 +0000 2010</created_at><favorited type="boolean">false</favorited><geo class="object" null="true"/><id type="number">11057100513</id><in_reply_to_screen_name class="object" null="true"/><in_reply_to_status_id class="object" null="true"/><in_reply_to_user_id class="object" null="true"/><place class="object" null="true"/><source type="string">&lt;a href="http://echofon.com/" rel="nofollow"&gt;Echofon&lt;/a&gt;</source><text type="string">You'd never know you were a tory... RT @gregmurray33 if I have only 32p in my meter does that make me poor or lazy?!?!</text><truncated type="boolean">false</truncated><user class="object"><contributors_enabled type="boolean">false</contributors_enabled><created_at type="string">Mon Jan 26 13:34:19 +0000 2009</created_at><description type="string">Just a guy, who tweets in a personal capacity, trying to make the best of life. Enjoy trips to the beach, cooking, cocktails and coffee.</description><favourites_count type="number">0</favourites_count><followers_count type="number">134</followers_count><following class="object" null="true"/><friends_count type="number">141</friends_count><geo_enabled type="boolean">true</geo_enabled><id type="number">19533853</id><lang type="string">en</lang><location type="string">Aberdeen, Scotland</location><name type="string">James Dunphy</name><notifications class="object" null="true"/><profile_background_color type="string">3E291A</profile_background_color><profile_background_image_url type="string">http://s.twimg.com/a/1269020849/images/themes/theme1/bg.png</profile_background_image_url><profile_background_tile type="boolean">false</profile_background_tile><profile_image_url type="string">http://a1.twimg.com/profile_images/765801976/IMG_1945_small_normal.JPG</profile_image_url><profile_link_color type="string">0084B4</profile_link_color><profile_sidebar_border_color type="string">BDDCAD</profile_sidebar_border_color><profile_sidebar_fill_color type="string">DDFFCC</profile_sidebar_fill_color><profile_text_color type="string">333333</profile_text_color><protected type="boolean">false</protected><screen_name type="string">JamesDunphy</screen_name><statuses_count type="number">1772</statuses_count><time_zone type="string">London</time_zone><url class="object" null="true"/><utc_offset type="number">0</utc_offset><verified type="boolean">false</verified></user></o>
