<?xml version="1.0" encoding="UTF-8"?>
<o><contributors class="object" null="true"/><coordinates class="object" null="true"/><created_at type="string">Thu Mar 25 22:37:46 +0000 2010</created_at><favorited type="boolean">false</favorited><geo class="object" null="true"/><id type="number">11057076910</id><in_reply_to_screen_name type="string">rich_w</in_reply_to_screen_name><in_reply_to_status_id type="number">11056685593</in_reply_to_status_id><in_reply_to_user_id type="number">15432988</in_reply_to_user_id><place class="object" null="true"/><source type="string">web</source><text type="string">@rich_w Definitely odd results but Labour are 2nd! I know a group of code monkeys were taking test this pm so bound to slant things :-)</text><truncated type="boolean">false</truncated><user class="object"><contributors_enabled type="boolean">false</contributors_enabled><created_at type="string">Wed Jan 28 18:36:13 +0000 2009</created_at><description type="string">I love blogging, chocolate, Japan, reading, sci-fi, the seaside and cats. I also reckon that you can never be too fabulous</description><favourites_count type="number">3</favourites_count><followers_count type="number">433</followers_count><following class="object" null="true"/><friends_count type="number">415</friends_count><geo_enabled type="boolean">false</geo_enabled><id type="number">19667149</id><lang type="string">en</lang><location type="string">Wimbledon</location><name type="string">Natalie Salmon</name><notifications class="object" null="true"/><profile_background_color type="string">642D8B</profile_background_color><profile_background_image_url type="string">http://a1.twimg.com/profile_background_images/66452974/CIMG1446.JPG</profile_background_image_url><profile_background_tile type="boolean">true</profile_background_tile><profile_image_url type="string">http://a1.twimg.com/profile_images/748713510/CIMG2304_normal.JPG</profile_image_url><profile_link_color type="string">ff008c</profile_link_color><profile_sidebar_border_color type="string">65B0DA</profile_sidebar_border_color><profile_sidebar_fill_color type="string">bcf5ea</profile_sidebar_fill_color><profile_text_color type="string">3D1957</profile_text_color><protected type="boolean">false</protected><screen_name type="string">thehappysalmon</screen_name><statuses_count type="number">3823</statuses_count><time_zone type="string">London</time_zone><url type="string">http://thehappysalmon.blogspot.com/</url><utc_offset type="number">0</utc_offset><verified type="boolean">false</verified></user></o>
