<?xml version="1.0" encoding="UTF-8"?>
<o><contributors class="object" null="true"/><coordinates class="object" null="true"/><created_at type="string">Thu Mar 25 22:25:57 +0000 2010</created_at><favorited type="boolean">false</favorited><geo class="object" null="true"/><id type="number">11056575173</id><in_reply_to_screen_name class="object" null="true"/><in_reply_to_status_id class="object" null="true"/><in_reply_to_user_id class="object" null="true"/><place class="object" null="true"/><source type="string">&lt;a href="http://www.osfoora.com" rel="nofollow"&gt;Osfoora&lt;/a&gt;</source><text type="string">I'm bored so I think I'll say "VOTE TORY" &amp; await the barage of abuse by the 99% labour loving Twitter public! Bring it on</text><truncated type="boolean">false</truncated><user class="object"><contributors_enabled type="boolean">false</contributors_enabled><created_at type="string">Fri Jun 19 19:54:10 +0000 2009</created_at><description type="string">Zod incarnate</description><favourites_count type="number">23</favourites_count><followers_count type="number">177</followers_count><following class="object" null="true"/><friends_count type="number">70</friends_count><geo_enabled type="boolean">false</geo_enabled><id type="number">48808878</id><lang type="string">en</lang><location type="string">iPhone: 51.753365,-0.541390</location><name type="string">Kris Baldwin</name><notifications class="object" null="true"/><profile_background_color type="string">C6E2EE</profile_background_color><profile_background_image_url type="string">http://s.twimg.com/a/1269387398/images/themes/theme2/bg.gif</profile_background_image_url><profile_background_tile type="boolean">false</profile_background_tile><profile_image_url type="string">http://a3.twimg.com/profile_images/774160319/TweetLandPhoto_normal.jpg</profile_image_url><profile_link_color type="string">1F98C7</profile_link_color><profile_sidebar_border_color type="string">C6E2EE</profile_sidebar_border_color><profile_sidebar_fill_color type="string">DAECF4</profile_sidebar_fill_color><profile_text_color type="string">663B12</profile_text_color><protected type="boolean">false</protected><screen_name type="string">bigbalders</screen_name><statuses_count type="number">7816</statuses_count><time_zone type="string">London</time_zone><url type="string">http://www.twitpic.com/photos/bigbalders</url><utc_offset type="number">0</utc_offset><verified type="boolean">false</verified></user></o>
