<?xml version="1.0" encoding="UTF-8"?>
<o><contributors class="object" null="true"/><coordinates class="object" null="true"/><created_at type="string">Thu Mar 25 22:22:54 +0000 2010</created_at><favorited type="boolean">false</favorited><geo class="object" null="true"/><id type="number">11056448986</id><in_reply_to_screen_name class="object" null="true"/><in_reply_to_status_id class="object" null="true"/><in_reply_to_user_id class="object" null="true"/><place class="object" null="true"/><source type="string">&lt;a href="http://twitterfeed.com" rel="nofollow"&gt;twitterfeed&lt;/a&gt;</source><text type="string">politicalbetting - The Tory daily poll lead doubles http://bit.ly/bXBK0Y</text><truncated type="boolean">false</truncated><user class="object"><contributors_enabled type="boolean">false</contributors_enabled><created_at type="string">Sun Nov 22 10:34:11 +0000 2009</created_at><description type="string">Born in the 1956, Lazy writer specialised on Nostradamus's prophecies, crazy collector of old books about renaissance's prophecies, love financial forecast...</description><favourites_count type="number">2</favourites_count><followers_count type="number">327</followers_count><following class="object" null="true"/><friends_count type="number">186</friends_count><geo_enabled type="boolean">true</geo_enabled><id type="number">91765879</id><lang type="string">en</lang><location type="string">Milton Keynes</location><name type="string">Mario Gregorio</name><notifications class="object" null="true"/><profile_background_color type="string">C0DEED</profile_background_color><profile_background_image_url type="string">http://a1.twimg.com/profile_background_images/55323512/SS101088__Custom_.JPG</profile_background_image_url><profile_background_tile type="boolean">false</profile_background_tile><profile_image_url type="string">http://a1.twimg.com/profile_images/538562834/strange_normal.gif</profile_image_url><profile_link_color type="string">0084B4</profile_link_color><profile_sidebar_border_color type="string">C0DEED</profile_sidebar_border_color><profile_sidebar_fill_color type="string">DDEEF6</profile_sidebar_fill_color><profile_text_color type="string">333333</profile_text_color><protected type="boolean">false</protected><screen_name type="string">mariogreat</screen_name><statuses_count type="number">7347</statuses_count><time_zone type="string">London</time_zone><url type="string">http://www.propheties.it</url><utc_offset type="number">0</utc_offset><verified type="boolean">false</verified></user></o>
