<?xml version="1.0" encoding="UTF-8"?>
<o><contributors class="object" null="true"/><coordinates class="object" null="true"/><created_at type="string">Thu Mar 25 21:53:42 +0000 2010</created_at><favorited type="boolean">false</favorited><geo class="object" null="true"/><id type="number">11055229899</id><in_reply_to_screen_name class="object" null="true"/><in_reply_to_status_id class="object" null="true"/><in_reply_to_user_id class="object" null="true"/><place class="object" null="true"/><retweeted_status class="object"><contributors class="object" null="true"/><coordinates class="object" null="true"/><created_at type="string">Thu Mar 25 21:51:24 +0000 2010</created_at><favorited type="boolean">false</favorited><geo class="object" null="true"/><id type="number">11055136362</id><in_reply_to_screen_name class="object" null="true"/><in_reply_to_status_id class="object" null="true"/><in_reply_to_user_id class="object" null="true"/><place class="object" null="true"/><source type="string">&lt;a href="http://apiwiki.twitter.com/" rel="nofollow"&gt;API&lt;/a&gt;</source><text type="string">Budget 2010: Interest bill on UK government debt set to soar  #ukpolitics http://bit.ly/bQIASM</text><truncated type="boolean">false</truncated><user class="object"><contributors_enabled type="boolean">false</contributors_enabled><created_at type="string">Fri Jun 19 06:29:01 +0000 2009</created_at><description type="string">UK Politics</description><favourites_count type="number">0</favourites_count><followers_count type="number">4623</followers_count><following class="object" null="true"/><friends_count type="number">5077</friends_count><geo_enabled type="boolean">false</geo_enabled><id type="number">48631668</id><lang type="string">en</lang><location type="string">UK</location><name type="string">Politics of UK</name><notifications class="object" null="true"/><profile_background_color type="string">9ae4e8</profile_background_color><profile_background_image_url type="string">http://s.twimg.com/a/1269387398/images/themes/theme1/bg.png</profile_background_image_url><profile_background_tile type="boolean">false</profile_background_tile><profile_image_url type="string">http://a3.twimg.com/profile_images/270749963/ukpolitics1_normal.jpg</profile_image_url><profile_link_color type="string">0000ff</profile_link_color><profile_sidebar_border_color type="string">87bc44</profile_sidebar_border_color><profile_sidebar_fill_color type="string">e0ff92</profile_sidebar_fill_color><profile_text_color type="string">000000</profile_text_color><protected type="boolean">false</protected><screen_name type="string">politicsofuk</screen_name><statuses_count type="number">8653</statuses_count><time_zone type="string">Pacific Time (US &amp; Canada)</time_zone><url class="object" null="true"/><utc_offset type="number">-28800</utc_offset><verified type="boolean">false</verified></user></retweeted_status><source type="string">web</source><text type="string">RT @politicsofuk: Budget 2010: Interest bill on UK government debt set to soar  #ukpolitics http://bit.ly/bQIASM</text><truncated type="boolean">false</truncated><user class="object"><contributors_enabled type="boolean">false</contributors_enabled><created_at type="string">Sat Nov 21 22:10:43 +0000 2009</created_at><description type="string">Media, academia, research, photography, politics</description><favourites_count type="number">1</favourites_count><followers_count type="number">212</followers_count><following class="object" null="true"/><friends_count type="number">213</friends_count><geo_enabled type="boolean">false</geo_enabled><id type="number">91664307</id><lang type="string">en</lang><location type="string">ÜT: 44.419566,26.020244</location><name type="string">Octavian Buiu</name><notifications class="object" null="true"/><profile_background_color type="string">9ae4e8</profile_background_color><profile_background_image_url type="string">http://s.twimg.com/a/1269387398/images/themes/theme1/bg.png</profile_background_image_url><profile_background_tile type="boolean">false</profile_background_tile><profile_image_url type="string">http://a1.twimg.com/profile_images/571107380/IMG03993_normal.jpg</profile_image_url><profile_link_color type="string">0000ff</profile_link_color><profile_sidebar_border_color type="string">87bc44</profile_sidebar_border_color><profile_sidebar_fill_color type="string">e0ff92</profile_sidebar_fill_color><profile_text_color type="string">000000</profile_text_color><protected type="boolean">false</protected><screen_name type="string">obuiu</screen_name><statuses_count type="number">2196</statuses_count><time_zone type="string">Bucharest</time_zone><url class="object" null="true"/><utc_offset type="number">7200</utc_offset><verified type="boolean">false</verified></user></o>
