<?xml version="1.0" encoding="UTF-8"?>
<o><contributors class="object" null="true"/><coordinates class="object" null="true"/><created_at type="string">Thu Mar 25 22:45:46 +0000 2010</created_at><favorited type="boolean">false</favorited><geo class="object" null="true"/><id type="number">11057416282</id><in_reply_to_screen_name class="object" null="true"/><in_reply_to_status_id class="object" null="true"/><in_reply_to_user_id class="object" null="true"/><place class="object" null="true"/><source type="string">web</source><text type="string">at least #Labour are outlining some plans #BaronessWarsi - what about the #Tories? #bbcqt</text><truncated type="boolean">false</truncated><user class="object"><contributors_enabled type="boolean">false</contributors_enabled><created_at type="string">Mon Dec 24 00:11:01 +0000 2007</created_at><description type="string">Tweeting in a personal capacity.</description><favourites_count type="number">0</favourites_count><followers_count type="number">290</followers_count><following class="object" null="true"/><friends_count type="number">428</friends_count><geo_enabled type="boolean">false</geo_enabled><id type="number">11464872</id><lang type="string">en</lang><location type="string">Liverpool, UK</location><name type="string">simon872</name><notifications class="object" null="true"/><profile_background_color type="string">ffffff</profile_background_color><profile_background_image_url type="string">http://a3.twimg.com/profile_background_images/82415729/liverbuilding.jpg</profile_background_image_url><profile_background_tile type="boolean">false</profile_background_tile><profile_image_url type="string">http://a1.twimg.com/profile_images/706055880/twitterProfilePhoto_normal.jpg</profile_image_url><profile_link_color type="string">3777a1</profile_link_color><profile_sidebar_border_color type="string">c9c9c9</profile_sidebar_border_color><profile_sidebar_fill_color type="string">ebebeb</profile_sidebar_fill_color><profile_text_color type="string">6e6e6e</profile_text_color><protected type="boolean">false</protected><screen_name type="string">simon872</screen_name><statuses_count type="number">1203</statuses_count><time_zone type="string">London</time_zone><url class="object" null="true"/><utc_offset type="number">0</utc_offset><verified type="boolean">false</verified></user></o>
