<?xml version="1.0" encoding="UTF-8"?>
<o><contributors class="object" null="true"/><coordinates class="object" null="true"/><created_at type="string">Thu Mar 25 22:29:55 +0000 2010</created_at><favorited type="boolean">false</favorited><geo class="object" null="true"/><id type="number">11056741353</id><in_reply_to_screen_name class="object" null="true"/><in_reply_to_status_id class="object" null="true"/><in_reply_to_user_id class="object" null="true"/><place class="object" null="true"/><source type="string">&lt;a href="http://mobile.twitter.com" rel="nofollow"&gt;mobile web&lt;/a&gt;</source><text type="string">#mychildwillnever vote tory</text><truncated type="boolean">false</truncated><user class="object"><contributors_enabled type="boolean">false</contributors_enabled><created_at type="string">Tue Jan 27 03:22:24 +0000 2009</created_at><description type="string">I'm getting off my arse and doing something about the wrong that's in the world.&#x0D;
What are YOU doing?</description><favourites_count type="number">3</favourites_count><followers_count type="number">67</followers_count><following class="object" null="true"/><friends_count type="number">111</friends_count><geo_enabled type="boolean">false</geo_enabled><id type="number">19574895</id><lang type="string">en</lang><location type="string">Kilburn, London</location><name type="string">Jack Holroyde</name><notifications class="object" null="true"/><profile_background_color type="string">ffe645</profile_background_color><profile_background_image_url type="string">http://s.twimg.com/a/1269387398/images/themes/theme14/bg.gif</profile_background_image_url><profile_background_tile type="boolean">true</profile_background_tile><profile_image_url type="string">http://a3.twimg.com/profile_images/757957839/DSC00042_normal.JPG</profile_image_url><profile_link_color type="string">009999</profile_link_color><profile_sidebar_border_color type="string">eeeeee</profile_sidebar_border_color><profile_sidebar_fill_color type="string">efefef</profile_sidebar_fill_color><profile_text_color type="string">333333</profile_text_color><protected type="boolean">false</protected><screen_name type="string">Jackyboy86</screen_name><statuses_count type="number">413</statuses_count><time_zone type="string">London</time_zone><url class="object" null="true"/><utc_offset type="number">0</utc_offset><verified type="boolean">false</verified></user></o>
