<?xml version="1.0" encoding="UTF-8"?>
<o><contributors class="object" null="true"/><coordinates class="object" null="true"/><created_at type="string">Thu Mar 25 21:22:26 +0000 2010</created_at><favorited type="boolean">false</favorited><geo class="object" null="true"/><id type="number">11053956790</id><in_reply_to_screen_name class="object" null="true"/><in_reply_to_status_id class="object" null="true"/><in_reply_to_user_id class="object" null="true"/><place class="object" null="true"/><source type="string">web</source><text type="string">RT @Stewart4MP Labour's scorched earth Budget &amp;lt;- how can a 'nothing' budget be an 'earth scorcher' as well?</text><truncated type="boolean">false</truncated><user class="object"><contributors_enabled type="boolean">false</contributors_enabled><created_at type="string">Thu Feb 12 21:03:52 +0000 2009</created_at><description type="string">Scottish Computer tech with a bus pass. Interested in Politics. No links to any Party.</description><favourites_count type="number">9</favourites_count><followers_count type="number">78</followers_count><following class="object" null="true"/><friends_count type="number">108</friends_count><geo_enabled type="boolean">false</geo_enabled><id type="number">20718160</id><lang type="string">en</lang><location type="string">Scotland</location><name type="string">John McGregor</name><notifications class="object" null="true"/><profile_background_color type="string">0099B9</profile_background_color><profile_background_image_url type="string">http://a1.twimg.com/profile_background_images/51999512/skye.jpg</profile_background_image_url><profile_background_tile type="boolean">false</profile_background_tile><profile_image_url type="string">http://a3.twimg.com/profile_images/695394395/twitterpic2_normal.jpg</profile_image_url><profile_link_color type="string">0099B9</profile_link_color><profile_sidebar_border_color type="string">5ED4DC</profile_sidebar_border_color><profile_sidebar_fill_color type="string">95E8EC</profile_sidebar_fill_color><profile_text_color type="string">3C3940</profile_text_color><protected type="boolean">false</protected><screen_name type="string">valeman</screen_name><statuses_count type="number">2027</statuses_count><time_zone type="string">Edinburgh</time_zone><url type="string">http://thevaleman.wordpress.com/</url><utc_offset type="number">0</utc_offset><verified type="boolean">false</verified></user></o>
