<?xml version="1.0" encoding="UTF-8"?>
<o><contributors class="object" null="true"/><coordinates class="object" null="true"/><created_at type="string">Thu Mar 25 22:48:07 +0000 2010</created_at><favorited type="boolean">false</favorited><geo class="object" null="true"/><id type="number">11057515662</id><in_reply_to_screen_name class="object" null="true"/><in_reply_to_status_id class="object" null="true"/><in_reply_to_user_id class="object" null="true"/><place class="object" null="true"/><retweeted_status class="object"><contributors class="object" null="true"/><coordinates class="object" null="true"/><created_at type="string">Thu Mar 25 22:47:41 +0000 2010</created_at><favorited type="boolean">false</favorited><geo class="object" null="true"/><id type="number">11057497155</id><in_reply_to_screen_name class="object" null="true"/><in_reply_to_status_id class="object" null="true"/><in_reply_to_user_id class="object" null="true"/><place class="object" null="true"/><source type="string">web</source><text type="string">I actually want to throw up on Warsi. She's like a Nikki-off-big-brother-tory #whoISshe?!</text><truncated type="boolean">false</truncated><user class="object"><contributors_enabled type="boolean">false</contributors_enabled><created_at type="string">Thu Mar 05 22:07:08 +0000 2009</created_at><description type="string">mini-Mandy. Apparently. 
17, A Levels, Politics (Labour)... 
Tweeting about personal musings alongside political gossip. I am West Wing's Donna.</description><favourites_count type="number">0</favourites_count><followers_count type="number">313</followers_count><following class="object" null="true"/><friends_count type="number">273</friends_count><geo_enabled type="boolean">false</geo_enabled><id type="number">22987321</id><lang type="string">en</lang><location type="string">Newcastle, England</location><name type="string">Nick Pringle</name><notifications class="object" null="true"/><profile_background_color type="string">8B542B</profile_background_color><profile_background_image_url type="string">http://a1.twimg.com/profile_background_images/79605872/ScreenShot029.jpg</profile_background_image_url><profile_background_tile type="boolean">true</profile_background_tile><profile_image_url type="string">http://a3.twimg.com/profile_images/504689127/twitterProfilePhoto_normal.jpg</profile_image_url><profile_link_color type="string">9D582E</profile_link_color><profile_sidebar_border_color type="string">D9B17E</profile_sidebar_border_color><profile_sidebar_fill_color type="string">EADEAA</profile_sidebar_fill_color><profile_text_color type="string">333333</profile_text_color><protected type="boolean">false</protected><screen_name type="string">nickpringle</screen_name><statuses_count type="number">2042</statuses_count><time_zone type="string">London</time_zone><url class="object" null="true"/><utc_offset type="number">0</utc_offset><verified type="boolean">false</verified></user></retweeted_status><source type="string">web</source><text type="string">RT @nickpringle: I actually want to throw up on Warsi. She's like a Nikki-off-big-brother-tory #whoISshe?!</text><truncated type="boolean">false</truncated><user class="object"><contributors_enabled type="boolean">false</contributors_enabled><created_at type="string">Thu Feb 05 10:59:19 +0000 2009</created_at><description type="string">Marketing, Public Relations, reality TV, Labour, friends, family, alcohol</description><favourites_count type="number">3</favourites_count><followers_count type="number">414</followers_count><following class="object" null="true"/><friends_count type="number">676</friends_count><geo_enabled type="boolean">false</geo_enabled><id type="number">20137739</id><lang type="string">en</lang><location type="string"/><name type="string">Kira</name><notifications class="object" null="true"/><profile_background_color type="string">C0DEED</profile_background_color><profile_background_image_url type="string">http://a1.twimg.com/profile_background_images/81560026/telephone.jpg</profile_background_image_url><profile_background_tile type="boolean">true</profile_background_tile><profile_image_url type="string">http://a3.twimg.com/profile_images/706096329/twitterProfilePhoto_normal.jpg</profile_image_url><profile_link_color type="string">0084B4</profile_link_color><profile_sidebar_border_color type="string">C0DEED</profile_sidebar_border_color><profile_sidebar_fill_color type="string">DDEEF6</profile_sidebar_fill_color><profile_text_color type="string">333333</profile_text_color><protected type="boolean">false</protected><screen_name type="string">kiramadeira</screen_name><statuses_count type="number">13366</statuses_count><time_zone type="string">London</time_zone><url class="object" null="true"/><utc_offset type="number">0</utc_offset><verified type="boolean">false</verified></user></o>
