<?xml version="1.0" encoding="UTF-8"?>
<o><contributors class="object" null="true"/><coordinates class="object" null="true"/><created_at type="string">Thu Mar 25 21:21:31 +0000 2010</created_at><favorited type="boolean">false</favorited><geo class="object" null="true"/><id type="number">11053919674</id><in_reply_to_screen_name class="object" null="true"/><in_reply_to_status_id class="object" null="true"/><in_reply_to_user_id class="object" null="true"/><place class="object" null="true"/><source type="string">web</source><text type="string">Post-interview reading (reading policy itself as well) - Tory plans to tackle inequality are deeply flawed | Progress: http://bit.ly/bSKiBn</text><truncated type="boolean">false</truncated><user class="object"><contributors_enabled type="boolean">false</contributors_enabled><created_at type="string">Mon Jun 23 12:35:21 +0000 2008</created_at><description type="string">a rogue employee of the established Church, terrifying the DMPCs with my Pastoral Measure Code of Practice - tweets are my own.</description><favourites_count type="number">128</favourites_count><followers_count type="number">325</followers_count><following class="object" null="true"/><friends_count type="number">283</friends_count><geo_enabled type="boolean">false</geo_enabled><id type="number">15206398</id><lang type="string">en</lang><location type="string">London</location><name type="string">Fi McKenzie</name><notifications class="object" null="true"/><profile_background_color type="string">1A1B1F</profile_background_color><profile_background_image_url type="string">http://a1.twimg.com/profile_background_images/68304376/twilk_background.jpg</profile_background_image_url><profile_background_tile type="boolean">true</profile_background_tile><profile_image_url type="string">http://a3.twimg.com/profile_images/711370923/2760784_normal.jpg</profile_image_url><profile_link_color type="string">2FC2EF</profile_link_color><profile_sidebar_border_color type="string">181A1E</profile_sidebar_border_color><profile_sidebar_fill_color type="string">252429</profile_sidebar_fill_color><profile_text_color type="string">666666</profile_text_color><protected type="boolean">false</protected><screen_name type="string">fkmckenzie</screen_name><statuses_count type="number">2280</statuses_count><time_zone type="string">London</time_zone><url type="string">http://adventuringwithfi.wordpress.com</url><utc_offset type="number">0</utc_offset><verified type="boolean">false</verified></user></o>
