<?xml version="1.0" encoding="UTF-8"?>
<o><contributors class="object" null="true"/><coordinates class="object" null="true"/><created_at type="string">Thu Mar 25 21:12:05 +0000 2010</created_at><favorited type="boolean">false</favorited><geo class="object" null="true"/><id type="number">11053538768</id><in_reply_to_screen_name type="string">BenCooper86</in_reply_to_screen_name><in_reply_to_status_id type="number">11052475848</in_reply_to_status_id><in_reply_to_user_id type="number">34293782</in_reply_to_user_id><place class="object" null="true"/><source type="string">&lt;a href="http://ubertwitter.com" rel="nofollow"&gt;UberTwitter&lt;/a&gt;</source><text type="string">@BenCooper86 @spiderplant88 that just shows that labour isn't relevant to large swathes of the country. Lib dems have universal appeal</text><truncated type="boolean">false</truncated><user class="object"><contributors_enabled type="boolean">false</contributors_enabled><created_at type="string">Mon Feb 16 14:30:53 +0000 2009</created_at><description type="string">Lib Dem PPC for Barnsley Central. 2nd most influential Lib Dem on Twitter, and sidekick to @billiwilliams for  @YorkOuterLD</description><favourites_count type="number">8</favourites_count><followers_count type="number">526</followers_count><following class="object" null="true"/><friends_count type="number">568</friends_count><geo_enabled type="boolean">false</geo_enabled><id type="number">20989039</id><lang type="string">en</lang><location type="string">Yorkshire</location><name type="string">Chris Wiggin</name><notifications class="object" null="true"/><profile_background_color type="string">e1c90e</profile_background_color><profile_background_image_url type="string">http://s.twimg.com/a/1269387398/images/themes/theme1/bg.png</profile_background_image_url><profile_background_tile type="boolean">false</profile_background_tile><profile_image_url type="string">http://a1.twimg.com/profile_images/699045818/twitterProfilePhoto_normal.jpg</profile_image_url><profile_link_color type="string">de5d02</profile_link_color><profile_sidebar_border_color type="string">D9B17E</profile_sidebar_border_color><profile_sidebar_fill_color type="string">EADEAA</profile_sidebar_fill_color><profile_text_color type="string">050505</profile_text_color><protected type="boolean">false</protected><screen_name type="string">chriswiggin</screen_name><statuses_count type="number">7558</statuses_count><time_zone type="string">London</time_zone><url type="string">http://www.facebook.com/christopherjwiggin</url><utc_offset type="number">0</utc_offset><verified type="boolean">false</verified></user></o>
