<?xml version="1.0" encoding="UTF-8"?>
<o><contributors class="object" null="true"/><coordinates class="object" null="true"/><created_at type="string">Thu Mar 25 22:16:26 +0000 2010</created_at><favorited type="boolean">false</favorited><geo class="object" null="true"/><id type="number">11056177768</id><in_reply_to_screen_name type="string">JonMWelch</in_reply_to_screen_name><in_reply_to_status_id type="number">11055365636</in_reply_to_status_id><in_reply_to_user_id type="number">21348173</in_reply_to_user_id><place class="object" null="true"/><source type="string">&lt;a href="http://echofon.com/" rel="nofollow"&gt;Echofon&lt;/a&gt;</source><text type="string">@JonMWelch Predictably, I suppose,  the LibDems say a vote for Tories or Greens simply helps Labour retain the seat. We shall see.</text><truncated type="boolean">false</truncated><user class="object"><contributors_enabled type="boolean">false</contributors_enabled><created_at type="string">Thu May 14 16:12:13 +0000 2009</created_at><description type="string">Ian Bullock is an English journalist, freelance writer and PR fellow who runs Ian B Communications, based in Norwich, Norfolk. And a jolly nice chap, of course!</description><favourites_count type="number">298</favourites_count><followers_count type="number">1019</followers_count><following class="object" null="true"/><friends_count type="number">864</friends_count><geo_enabled type="boolean">false</geo_enabled><id type="number">40024441</id><lang type="string">en</lang><location type="string">Norwich, UK</location><name type="string">Ian Bullock</name><notifications class="object" null="true"/><profile_background_color type="string">C0DEED</profile_background_color><profile_background_image_url type="string">http://a3.twimg.com/profile_background_images/39413635/1960.jpg</profile_background_image_url><profile_background_tile type="boolean">true</profile_background_tile><profile_image_url type="string">http://a1.twimg.com/profile_images/213139380/Ian_B_Twitter_normal.jpg</profile_image_url><profile_link_color type="string">216882</profile_link_color><profile_sidebar_border_color type="string">c1d9eb</profile_sidebar_border_color><profile_sidebar_fill_color type="string">8cafff</profile_sidebar_fill_color><profile_text_color type="string">333333</profile_text_color><protected type="boolean">false</protected><screen_name type="string">IanBullock</screen_name><statuses_count type="number">3778</statuses_count><time_zone type="string">London</time_zone><url type="string">http://www.ianbcommunications.com</url><utc_offset type="number">0</utc_offset><verified type="boolean">false</verified></user></o>
