<?xml version="1.0" encoding="UTF-8"?>
<o><contributors class="object" null="true"/><coordinates class="object" null="true"/><created_at type="string">Thu Mar 25 22:00:27 +0000 2010</created_at><favorited type="boolean">false</favorited><geo class="object" null="true"/><id type="number">11055511435</id><in_reply_to_screen_name class="object" null="true"/><in_reply_to_status_id class="object" null="true"/><in_reply_to_user_id class="object" null="true"/><place class="object" null="true"/><source type="string">&lt;a href="http://apiwiki.twitter.com/" rel="nofollow"&gt;API&lt;/a&gt;</source><text type="string">http://quotesjokes.info Arabic Proverb~ God sells knowledge for labour -- honour for risk.</text><truncated type="boolean">false</truncated><user class="object"><contributors_enabled type="boolean">false</contributors_enabled><created_at type="string">Tue Jan 19 21:53:26 +0000 2010</created_at><description type="string">Famous Quotes &amp; Popular Jokes to brighten your day on Twitter. Download 20k jokes &amp; quotes on our free website..
Please Follow &amp; ReTweet If You Like !</description><favourites_count type="number">0</favourites_count><followers_count type="number">44</followers_count><following class="object" null="true"/><friends_count type="number">11</friends_count><geo_enabled type="boolean">false</geo_enabled><id type="number">106535551</id><lang type="string">en</lang><location type="string"/><name type="string">quotesjokes.info</name><notifications class="object" null="true"/><profile_background_color type="string">9ae4e8</profile_background_color><profile_background_image_url type="string">http://s.twimg.com/a/1269020849/images/themes/theme1/bg.png</profile_background_image_url><profile_background_tile type="boolean">false</profile_background_tile><profile_image_url type="string">http://a3.twimg.com/profile_images/645206673/twitteravatar_normal.png</profile_image_url><profile_link_color type="string">0000ff</profile_link_color><profile_sidebar_border_color type="string">87bc44</profile_sidebar_border_color><profile_sidebar_fill_color type="string">e0ff92</profile_sidebar_fill_color><profile_text_color type="string">000000</profile_text_color><protected type="boolean">false</protected><screen_name type="string">quotes_jokes</screen_name><statuses_count type="number">2464</statuses_count><time_zone type="string">Dublin</time_zone><url type="string">http://quotesjokes.info</url><utc_offset type="number">0</utc_offset><verified type="boolean">false</verified></user></o>
