<?xml version="1.0" encoding="UTF-8"?>
<o><contributors class="object" null="true"/><coordinates class="object" null="true"/><created_at type="string">Thu Mar 25 20:27:54 +0000 2010</created_at><favorited type="boolean">false</favorited><geo class="object" null="true"/><id type="number">11051788864</id><in_reply_to_screen_name class="object" null="true"/><in_reply_to_status_id class="object" null="true"/><in_reply_to_user_id class="object" null="true"/><place class="object" null="true"/><retweeted_status class="object"><contributors class="object" null="true"/><coordinates class="object" null="true"/><created_at type="string">Thu Mar 25 18:08:22 +0000 2010</created_at><favorited type="boolean">false</favorited><geo class="object" null="true"/><id type="number">11046318548</id><in_reply_to_screen_name class="object" null="true"/><in_reply_to_status_id class="object" null="true"/><in_reply_to_user_id class="object" null="true"/><place class="object" null="true"/><source type="string">web</source><text type="string">news just in of senior Tory in Wirral following Arrowe Park budget news</text><truncated type="boolean">false</truncated><user class="object"><contributors_enabled type="boolean">false</contributors_enabled><created_at type="string">Mon Feb 22 22:14:25 +0000 2010</created_at><description type="string">In the often murky world of Wirral's politics, where do you turn for analysis of what the political class are saying and, more important, doing?</description><favourites_count type="number">0</favourites_count><followers_count type="number">152</followers_count><following class="object" null="true"/><friends_count type="number">513</friends_count><geo_enabled type="boolean">false</geo_enabled><id type="number">116556884</id><lang type="string">en</lang><location type="string">The Leisure Peninsula</location><name type="string">Wirral Watch</name><notifications class="object" null="true"/><profile_background_color type="string">131516</profile_background_color><profile_background_image_url type="string">http://s.twimg.com/a/1269387398/images/themes/theme14/bg.gif</profile_background_image_url><profile_background_tile type="boolean">true</profile_background_tile><profile_image_url type="string">http://a1.twimg.com/profile_images/712385800/Wiral_normal.jpeg</profile_image_url><profile_link_color type="string">009999</profile_link_color><profile_sidebar_border_color type="string">eeeeee</profile_sidebar_border_color><profile_sidebar_fill_color type="string">efefef</profile_sidebar_fill_color><profile_text_color type="string">333333</profile_text_color><protected type="boolean">false</protected><screen_name type="string">wirralwatch</screen_name><statuses_count type="number">167</statuses_count><time_zone class="object" null="true"/><url class="object" null="true"/><utc_offset class="object" null="true"/><verified type="boolean">false</verified></user></retweeted_status><source type="string">web</source><text type="string">RT @wirralwatch: news just in of senior Tory in Wirral following Arrowe Park budget news</text><truncated type="boolean">false</truncated><user class="object"><contributors_enabled type="boolean">false</contributors_enabled><created_at type="string">Sat Feb 06 14:09:57 +0000 2010</created_at><description type="string">New Wirral Forum</description><favourites_count type="number">0</favourites_count><followers_count type="number">248</followers_count><following class="object" null="true"/><friends_count type="number">441</friends_count><geo_enabled type="boolean">false</geo_enabled><id type="number">111893301</id><lang type="string">en</lang><location type="string">Wirral</location><name type="string">Paul </name><notifications class="object" null="true"/><profile_background_color type="string">9ae4e8</profile_background_color><profile_background_image_url type="string">http://s.twimg.com/a/1269387398/images/themes/theme1/bg.png</profile_background_image_url><profile_background_tile type="boolean">false</profile_background_tile><profile_image_url type="string">http://a3.twimg.com/profile_images/726106537/avatar_normal.jpg</profile_image_url><profile_link_color type="string">0000ff</profile_link_color><profile_sidebar_border_color type="string">87bc44</profile_sidebar_border_color><profile_sidebar_fill_color type="string">e0ff92</profile_sidebar_fill_color><profile_text_color type="string">000000</profile_text_color><protected type="boolean">false</protected><screen_name type="string">WirralWorld</screen_name><statuses_count type="number">236</statuses_count><time_zone type="string">Hawaii</time_zone><url type="string">http://www.wirralworld.com</url><utc_offset type="number">-36000</utc_offset><verified type="boolean">false</verified></user></o>
