<?xml version="1.0" encoding="UTF-8"?>
<o><contributors class="object" null="true"/><coordinates class="object" null="true"/><created_at type="string">Thu Mar 25 21:55:27 +0000 2010</created_at><favorited type="boolean">false</favorited><geo class="object" null="true"/><id type="number">11055301758</id><in_reply_to_screen_name class="object" null="true"/><in_reply_to_status_id class="object" null="true"/><in_reply_to_user_id class="object" null="true"/><place class="object" null="true"/><source type="string">web</source><text type="string">David Cameron has already lost the election as I have already written Apathy will win Camerons the loser New Labour will win by Apathy !!!</text><truncated type="boolean">false</truncated><user class="object"><contributors_enabled type="boolean">false</contributors_enabled><created_at type="string">Fri Oct 16 18:26:30 +0000 2009</created_at><description type="string">Ideas, Critics, Writer, Artist - exceptional, motivated, impressive, leader - Aquarian - Creator of Honesty in Politics 1998 'Political Refugee'.</description><favourites_count type="number">38</favourites_count><followers_count type="number">931</followers_count><following class="object" null="true"/><friends_count type="number">1772</friends_count><geo_enabled type="boolean">false</geo_enabled><id type="number">82940867</id><lang type="string">en</lang><location type="string">London / Essex </location><name type="string">Anthony Du Varene</name><notifications class="object" null="true"/><profile_background_color type="string">ACDED6</profile_background_color><profile_background_image_url type="string">http://s.twimg.com/a/1269387398/images/themes/theme18/bg.gif</profile_background_image_url><profile_background_tile type="boolean">false</profile_background_tile><profile_image_url type="string">http://a1.twimg.com/profile_images/665628190/Skye_normal.jpg</profile_image_url><profile_link_color type="string">038543</profile_link_color><profile_sidebar_border_color type="string">EEEEEE</profile_sidebar_border_color><profile_sidebar_fill_color type="string">F6F6F6</profile_sidebar_fill_color><profile_text_color type="string">333333</profile_text_color><protected type="boolean">false</protected><screen_name type="string">adv2000</screen_name><statuses_count type="number">1335</statuses_count><time_zone type="string">London</time_zone><url class="object" null="true"/><utc_offset type="number">0</utc_offset><verified type="boolean">false</verified></user></o>
