<?xml version="1.0" encoding="UTF-8"?>
<o><contributors class="object" null="true"/><coordinates class="object" null="true"/><created_at type="string">Thu Mar 25 22:47:46 +0000 2010</created_at><favorited type="boolean">false</favorited><geo class="object" null="true"/><id type="number">11057500601</id><in_reply_to_screen_name class="object" null="true"/><in_reply_to_status_id class="object" null="true"/><in_reply_to_user_id class="object" null="true"/><place class="object" null="true"/><source type="string">web</source><text type="string">labour are well and truely past their sell by date.</text><truncated type="boolean">false</truncated><user class="object"><contributors_enabled type="boolean">false</contributors_enabled><created_at type="string">Mon Feb 02 22:12:22 +0000 2009</created_at><description type="string"/><favourites_count type="number">20</favourites_count><followers_count type="number">211</followers_count><following class="object" null="true"/><friends_count type="number">231</friends_count><geo_enabled type="boolean">false</geo_enabled><id type="number">19937076</id><lang type="string">en</lang><location type="string">south derbys/ notts border</location><name type="string">lance </name><notifications class="object" null="true"/><profile_background_color type="string">000000</profile_background_color><profile_background_image_url type="string">http://a3.twimg.com/profile_background_images/70919947/nvchocolate.br.jpg</profile_background_image_url><profile_background_tile type="boolean">false</profile_background_tile><profile_image_url type="string">http://a3.twimg.com/profile_images/747119689/DSC00101_normal.JPG</profile_image_url><profile_link_color type="string">f54d23</profile_link_color><profile_sidebar_border_color type="string">9fa621</profile_sidebar_border_color><profile_sidebar_fill_color type="string">080201</profile_sidebar_fill_color><profile_text_color type="string">828282</profile_text_color><protected type="boolean">false</protected><screen_name type="string">thelanceholt</screen_name><statuses_count type="number">10068</statuses_count><time_zone type="string">London</time_zone><url class="object" null="true"/><utc_offset type="number">0</utc_offset><verified type="boolean">false</verified></user></o>
