<?xml version="1.0" encoding="UTF-8"?>
<o><contributors class="object" null="true"/><coordinates class="object" null="true"/><created_at type="string">Thu Mar 25 21:12:40 +0000 2010</created_at><favorited type="boolean">false</favorited><geo class="object" null="true"/><id type="number">11053562681</id><in_reply_to_screen_name type="string">DrKMJ</in_reply_to_screen_name><in_reply_to_status_id type="number">11053110886</in_reply_to_status_id><in_reply_to_user_id type="number">113000755</in_reply_to_user_id><place class="object" null="true"/><source type="string">web</source><text type="string">@DrKMJ why do LibDems need to do a deal? why don't we just have the balls 2 make this time for significant change - whoever is not Tory/lab?</text><truncated type="boolean">false</truncated><user class="object"><contributors_enabled type="boolean">false</contributors_enabled><created_at type="string">Tue Jun 23 19:50:39 +0000 2009</created_at><description type="string">NFP on a mission to eradicate debt stigma and promote credit free living. Think debt doesn't affect you? Think again.</description><favourites_count type="number">197</favourites_count><followers_count type="number">971</followers_count><following class="object" null="true"/><friends_count type="number">726</friends_count><geo_enabled type="boolean">false</geo_enabled><id type="number">50080575</id><lang type="string">en</lang><location type="string">East Midlands, UK</location><name type="string">Emma Bryn-Jones</name><notifications class="object" null="true"/><profile_background_color type="string">c20e0e</profile_background_color><profile_background_image_url type="string">http://a1.twimg.com/profile_background_images/19619424/penny_jar_photo_5770_20090409_1_.JPG</profile_background_image_url><profile_background_tile type="boolean">false</profile_background_tile><profile_image_url type="string">http://a1.twimg.com/profile_images/559001502/twitterProfilePhoto_normal.jpg</profile_image_url><profile_link_color type="string">c4121b</profile_link_color><profile_sidebar_border_color type="string">181A1E</profile_sidebar_border_color><profile_sidebar_fill_color type="string">dbd8e8</profile_sidebar_fill_color><profile_text_color type="string">666666</profile_text_color><protected type="boolean">false</protected><screen_name type="string">Zerocredit_UK</screen_name><statuses_count type="number">4192</statuses_count><time_zone type="string">London</time_zone><url type="string">http://zero-credit.co.uk</url><utc_offset type="number">0</utc_offset><verified type="boolean">false</verified></user></o>
