<?xml version="1.0" encoding="UTF-8"?>
<o><contributors class="object" null="true"/><coordinates class="object" null="true"/><created_at type="string">Thu Mar 25 22:10:26 +0000 2010</created_at><favorited type="boolean">false</favorited><geo class="object" null="true"/><id type="number">11055930132</id><in_reply_to_screen_name class="object" null="true"/><in_reply_to_status_id class="object" null="true"/><in_reply_to_user_id class="object" null="true"/><place class="object" null="true"/><source type="string">&lt;a href="http://ubertwitter.com" rel="nofollow"&gt;UberTwitter&lt;/a&gt;</source><text type="string">More Lib weakness: tough criticism of Tory trade w Colombia,not a peep over proposed open trade w Saudi Arabia. #roft #cdnpoli</text><truncated type="boolean">false</truncated><user class="object"><contributors_enabled type="boolean">false</contributors_enabled><created_at type="string">Tue Jun 23 15:04:34 +0000 2009</created_at><description type="string">The more corrupt the state, the more numerous the laws. -- Tacitus, Roman senator and historian (A.D. c.56-c.115)</description><favourites_count type="number">0</favourites_count><followers_count type="number">1596</followers_count><following class="object" null="true"/><friends_count type="number">375</friends_count><geo_enabled type="boolean">false</geo_enabled><id type="number">49999478</id><lang type="string">en</lang><location type="string"/><name type="string">Dominion Pundit</name><notifications class="object" null="true"/><profile_background_color type="string">fafafa</profile_background_color><profile_background_image_url type="string">http://a1.twimg.com/profile_background_images/82458300/freespeecholandmedium.gif</profile_background_image_url><profile_background_tile type="boolean">true</profile_background_tile><profile_image_url type="string">http://a3.twimg.com/profile_images/699283521/twitterProfilePhoto_normal.jpg</profile_image_url><profile_link_color type="string">3326e3</profile_link_color><profile_sidebar_border_color type="string">fafafa</profile_sidebar_border_color><profile_sidebar_fill_color type="string">ffffff</profile_sidebar_fill_color><profile_text_color type="string">545454</profile_text_color><protected type="boolean">false</protected><screen_name type="string">dominionpundit</screen_name><statuses_count type="number">23223</statuses_count><time_zone type="string">Quito</time_zone><url class="object" null="true"/><utc_offset type="number">-18000</utc_offset><verified type="boolean">false</verified></user></o>
