<?xml version="1.0" encoding="UTF-8"?>
<o><contributors class="object" null="true"/><coordinates class="object" null="true"/><created_at type="string">Thu Mar 25 22:45:59 +0000 2010</created_at><favorited type="boolean">false</favorited><geo class="object" null="true"/><id type="number">11057425548</id><in_reply_to_screen_name class="object" null="true"/><in_reply_to_status_id class="object" null="true"/><in_reply_to_user_id class="object" null="true"/><place class="object" null="true"/><source type="string">&lt;a href="http://dabr.co.uk" rel="nofollow"&gt;dabr&lt;/a&gt;</source><text type="string">RT @ByrneTofferings: Considering that tory party mostly rejects Keynesianism, have the elderly women of uk on my side. Awesome: ie his mum</text><truncated type="boolean">false</truncated><user class="object"><contributors_enabled type="boolean">false</contributors_enabled><created_at type="string">Fri Mar 13 17:51:51 +0000 2009</created_at><description type="string">caring, friendly chocoholic &amp; cat fan interested in Education + good coffee</description><favourites_count type="number">4</favourites_count><followers_count type="number">488</followers_count><following class="object" null="true"/><friends_count type="number">347</friends_count><geo_enabled type="boolean">false</geo_enabled><id type="number">24214759</id><lang type="string">en</lang><location type="string">Scotland, Tehran &amp; Sheffield</location><name type="string">S Cooper</name><notifications class="object" null="true"/><profile_background_color type="string">352726</profile_background_color><profile_background_image_url type="string">http://a1.twimg.com/profile_background_images/75063774/twitterProfilePhoto.jpg</profile_background_image_url><profile_background_tile type="boolean">false</profile_background_tile><profile_image_url type="string">http://a1.twimg.com/profile_images/694393918/twitterProfilePhoto_normal.jpg</profile_image_url><profile_link_color type="string">D02B55</profile_link_color><profile_sidebar_border_color type="string">829D5E</profile_sidebar_border_color><profile_sidebar_fill_color type="string">99CC33</profile_sidebar_fill_color><profile_text_color type="string">3E4415</profile_text_color><protected type="boolean">false</protected><screen_name type="string">Labourcat</screen_name><statuses_count type="number">5981</statuses_count><time_zone type="string">Edinburgh</time_zone><url class="object" null="true"/><utc_offset type="number">0</utc_offset><verified type="boolean">false</verified></user></o>
