<?xml version="1.0" encoding="UTF-8"?>
<o><contributors class="object" null="true"/><coordinates class="object" null="true"/><created_at type="string">Thu Mar 25 21:40:48 +0000 2010</created_at><favorited type="boolean">false</favorited><geo class="object" null="true"/><id type="number">11054701908</id><in_reply_to_screen_name type="string">KatieFforde</in_reply_to_screen_name><in_reply_to_status_id type="number">11054607370</in_reply_to_status_id><in_reply_to_user_id type="number">19911184</in_reply_to_user_id><place class="object" null="true"/><source type="string">&lt;a href="http://www.tweetdeck.com" rel="nofollow"&gt;TweetDeck&lt;/a&gt;</source><text type="string">@KatieFforde It's a tricky one the way people feel about labour at the mo ...</text><truncated type="boolean">false</truncated><user class="object"><contributors_enabled type="boolean">false</contributors_enabled><created_at type="string">Mon Jan 26 22:20:01 +0000 2009</created_at><description type="string">Massage and Craniosacral therapist in Stroud and Cheltenham, website designer and house builder</description><favourites_count type="number">18</favourites_count><followers_count type="number">245</followers_count><following class="object" null="true"/><friends_count type="number">466</friends_count><geo_enabled type="boolean">false</geo_enabled><id type="number">19562161</id><lang type="string">en</lang><location type="string">Stroud, UK</location><name type="string">Jess Bale</name><notifications class="object" null="true"/><profile_background_color type="string">fbe3fc</profile_background_color><profile_background_image_url type="string">http://a1.twimg.com/profile_background_images/6250746/COLOURlovers.com-Healthy_Pinky.png</profile_background_image_url><profile_background_tile type="boolean">false</profile_background_tile><profile_image_url type="string">http://a1.twimg.com/profile_images/326656150/reducedrectangle_normal.jpg</profile_image_url><profile_link_color type="string">910099</profile_link_color><profile_sidebar_border_color type="string">a364aa</profile_sidebar_border_color><profile_sidebar_fill_color type="string">f9c3f4</profile_sidebar_fill_color><profile_text_color type="string">8d299e</profile_text_color><protected type="boolean">false</protected><screen_name type="string">Ixxxy</screen_name><statuses_count type="number">448</statuses_count><time_zone type="string">London</time_zone><url type="string">http://www.cheltenhammassage.org.uk</url><utc_offset type="number">0</utc_offset><verified type="boolean">false</verified></user></o>
