<?xml version="1.0" encoding="UTF-8"?>
<o><contributors class="object" null="true"/><coordinates class="object" null="true"/><created_at type="string">Thu Mar 25 22:25:58 +0000 2010</created_at><favorited type="boolean">false</favorited><geo class="object" null="true"/><id type="number">11056576055</id><in_reply_to_screen_name class="object" null="true"/><in_reply_to_status_id class="object" null="true"/><in_reply_to_user_id class="object" null="true"/><place class="object" null="true"/><source type="string">&lt;a href="http://www.hootsuite.com" rel="nofollow"&gt;HootSuite&lt;/a&gt;</source><text type="string">Latest Headlines: Labour cuts 'tougher than 1980s' - If Labour is re-elected spending cuts will be "tougher and dee... http://ow.ly/16Thgt</text><truncated type="boolean">false</truncated><user class="object"><contributors_enabled type="boolean">false</contributors_enabled><created_at type="string">Thu Oct 22 07:38:18 +0000 2009</created_at><description type="string">http://ow.ly/17qFc</description><favourites_count type="number">12</favourites_count><followers_count type="number">1096</followers_count><following class="object" null="true"/><friends_count type="number">2000</friends_count><geo_enabled type="boolean">true</geo_enabled><id type="number">84267770</id><lang type="string">en</lang><location type="string">Kuala Terengganu,Malaysia</location><name type="string">Azly Abu</name><notifications class="object" null="true"/><profile_background_color type="string">02130C</profile_background_color><profile_background_image_url type="string">http://a1.twimg.com/profile_background_images/61674652/x807a4e7baee6eeee1b7ff5a3da430de.gif</profile_background_image_url><profile_background_tile type="boolean">true</profile_background_tile><profile_image_url type="string">http://a1.twimg.com/profile_images/693989720/i1_normal.jpg</profile_image_url><profile_link_color type="string">393939</profile_link_color><profile_sidebar_border_color type="string">F9F7F6</profile_sidebar_border_color><profile_sidebar_fill_color type="string">070707</profile_sidebar_fill_color><profile_text_color type="string">7D6D17</profile_text_color><protected type="boolean">false</protected><screen_name type="string">januox</screen_name><statuses_count type="number">19115</statuses_count><time_zone type="string">Kuala Lumpur</time_zone><url type="string">http://ojahat.blogspot.com</url><utc_offset type="number">28800</utc_offset><verified type="boolean">false</verified></user></o>
