<?xml version="1.0" encoding="UTF-8"?>
<o><contributors class="object" null="true"/><coordinates class="object" null="true"/><created_at type="string">Thu Mar 25 22:27:29 +0000 2010</created_at><favorited type="boolean">false</favorited><geo class="object" null="true"/><id type="number">11056639809</id><in_reply_to_screen_name class="object" null="true"/><in_reply_to_status_id class="object" null="true"/><in_reply_to_user_id class="object" null="true"/><place class="object" null="true"/><retweeted_status class="object"><contributors class="object" null="true"/><coordinates class="object" null="true"/><created_at type="string">Thu Mar 25 21:13:49 +0000 2010</created_at><favorited type="boolean">false</favorited><geo class="object" null="true"/><id type="number">11053607746</id><in_reply_to_screen_name class="object" null="true"/><in_reply_to_status_id class="object" null="true"/><in_reply_to_user_id class="object" null="true"/><place class="object" null="true"/><source type="string">&lt;a href="http://www.facebook.com/twitter" rel="nofollow"&gt;Facebook&lt;/a&gt;</source><text type="string">Masa Sampei #79 &amp; Tory Nyhaug #W4 doing some odd stretching before Saturday's practice. http://vimeo.com/10440212 http://bit.ly/cypHzJ</text><truncated type="boolean">false</truncated><user class="object"><contributors_enabled type="boolean">false</contributors_enabled><created_at type="string">Tue Nov 10 15:59:44 +0000 2009</created_at><description type="string"/><favourites_count type="number">0</favourites_count><followers_count type="number">105</followers_count><following class="object" null="true"/><friends_count type="number">27</friends_count><geo_enabled type="boolean">false</geo_enabled><id type="number">88956991</id><lang type="string">en</lang><location type="string">Kent, WA</location><name type="string">Redline Bicycles</name><notifications class="object" null="true"/><profile_background_color type="string">faf7f7</profile_background_color><profile_background_image_url type="string">http://a3.twimg.com/profile_background_images/52691961/Redline-stripe.png</profile_background_image_url><profile_background_tile type="boolean">true</profile_background_tile><profile_image_url type="string">http://a1.twimg.com/profile_images/520534114/Redline-bicycles-logo_normal.jpg</profile_image_url><profile_link_color type="string">ad0303</profile_link_color><profile_sidebar_border_color type="string">fa0303</profile_sidebar_border_color><profile_sidebar_fill_color type="string">a3a1a1</profile_sidebar_fill_color><profile_text_color type="string">424141</profile_text_color><protected type="boolean">false</protected><screen_name type="string">redlinebicycles</screen_name><statuses_count type="number">97</statuses_count><time_zone type="string">Alaska</time_zone><url type="string">http://www.redlinebicycles.com</url><utc_offset type="number">-32400</utc_offset><verified type="boolean">false</verified></user></retweeted_status><source type="string">&lt;a href="http://echofon.com/" rel="nofollow"&gt;Echofon&lt;/a&gt;</source><text type="string">RT @redlinebicycles: Masa Sampei #79 &amp; Tory Nyhaug #W4 doing some odd stretching before Saturday's practice. http://vimeo.com/10440212 h ...</text><truncated type="boolean">true</truncated><user class="object"><contributors_enabled type="boolean">false</contributors_enabled><created_at type="string">Sun Apr 26 23:04:21 +0000 2009</created_at><description type="string"/><favourites_count type="number">26</favourites_count><followers_count type="number">67</followers_count><following class="object" null="true"/><friends_count type="number">95</friends_count><geo_enabled type="boolean">true</geo_enabled><id type="number">35593250</id><lang type="string">ja</lang><location type="string">Yokohama, Japan</location><name type="string">Go Iwahashi</name><notifications class="object" null="true"/><profile_background_color type="string">9ae4e8</profile_background_color><profile_background_image_url type="string">http://s.twimg.com/a/1268437273/images/themes/theme1/bg.png</profile_background_image_url><profile_background_tile type="boolean">false</profile_background_tile><profile_image_url type="string">http://a3.twimg.com/profile_images/195742641/gohelmet_normal.gif</profile_image_url><profile_link_color type="string">0000ff</profile_link_color><profile_sidebar_border_color type="string">87bc44</profile_sidebar_border_color><profile_sidebar_fill_color type="string">e0ff92</profile_sidebar_fill_color><profile_text_color type="string">000000</profile_text_color><protected type="boolean">false</protected><screen_name type="string">gochang</screen_name><statuses_count type="number">1007</statuses_count><time_zone type="string">Hawaii</time_zone><url type="string">http://happydirt.exblog.jp/</url><utc_offset type="number">-36000</utc_offset><verified type="boolean">false</verified></user></o>
