<?xml version="1.0" encoding="UTF-8"?>
<o><contributors class="object" null="true"/><coordinates class="object" null="true"/><created_at type="string">Thu Mar 25 22:04:13 +0000 2010</created_at><favorited type="boolean">false</favorited><geo class="object" null="true"/><id type="number">11055671544</id><in_reply_to_screen_name class="object" null="true"/><in_reply_to_status_id class="object" null="true"/><in_reply_to_user_id class="object" null="true"/><place class="object" null="true"/><source type="string">web</source><text type="string">Sad to see once proud socialist unions now going all out to win the election for the policy less Tory party, shame on them!</text><truncated type="boolean">false</truncated><user class="object"><contributors_enabled type="boolean">false</contributors_enabled><created_at type="string">Tue Feb 03 13:34:13 +0000 2009</created_at><description type="string">I'm a counsellor and musician 57 yrs old born again single, love to talk, debate on most subjects with anyone</description><favourites_count type="number">86</favourites_count><followers_count type="number">137</followers_count><following class="object" null="true"/><friends_count type="number">170</friends_count><geo_enabled type="boolean">false</geo_enabled><id type="number">19970486</id><lang type="string">en</lang><location type="string">England west midlands born in </location><name type="string">Desi Corcoran</name><notifications class="object" null="true"/><profile_background_color type="string">352726</profile_background_color><profile_background_image_url type="string">http://a3.twimg.com/profile_background_images/71450309/twilk_background.jpg</profile_background_image_url><profile_background_tile type="boolean">true</profile_background_tile><profile_image_url type="string">http://a1.twimg.com/profile_images/75037732/OAKATHON_11.10.08_SELF_normal.jpg</profile_image_url><profile_link_color type="string">D02B55</profile_link_color><profile_sidebar_border_color type="string">829D5E</profile_sidebar_border_color><profile_sidebar_fill_color type="string">99CC33</profile_sidebar_fill_color><profile_text_color type="string">3E4415</profile_text_color><protected type="boolean">false</protected><screen_name type="string">desi3chord</screen_name><statuses_count type="number">1260</statuses_count><time_zone type="string">London</time_zone><url class="object" null="true"/><utc_offset type="number">0</utc_offset><verified type="boolean">false</verified></user></o>
