<?xml version="1.0" encoding="UTF-8"?>
<o><contributors class="object" null="true"/><coordinates class="object" null="true"/><created_at type="string">Thu Mar 25 20:22:56 +0000 2010</created_at><favorited type="boolean">false</favorited><geo class="object" null="true"/><id type="number">11051592382</id><in_reply_to_screen_name class="object" null="true"/><in_reply_to_status_id class="object" null="true"/><in_reply_to_user_id class="object" null="true"/><place class="object" null="true"/><source type="string">&lt;a href="http://ubertwitter.com" rel="nofollow"&gt;UberTwitter&lt;/a&gt;</source><text type="string">I got on my tory burch flats and I think my feet ashy. Shit I was rushing lol oh well</text><truncated type="boolean">false</truncated><user class="object"><contributors_enabled type="boolean">false</contributors_enabled><created_at type="string">Tue Mar 17 13:09:41 +0000 2009</created_at><description type="string">u gotta love me</description><favourites_count type="number">1</favourites_count><followers_count type="number">416</followers_count><following class="object" null="true"/><friends_count type="number">112</friends_count><geo_enabled type="boolean">false</geo_enabled><id type="number">24878427</id><lang type="string">en</lang><location type="string">ÜT: 40.683307,-73.771556</location><name type="string">tiana ford</name><notifications class="object" null="true"/><profile_background_color type="string">9AE4E8</profile_background_color><profile_background_image_url type="string">http://a1.twimg.com/profile_background_images/6011136/pillow_talk.jpg</profile_background_image_url><profile_background_tile type="boolean">true</profile_background_tile><profile_image_url type="string">http://a1.twimg.com/profile_images/456675876/IMG00277-20090409-1720_normal.jpg</profile_image_url><profile_link_color type="string">0084B4</profile_link_color><profile_sidebar_border_color type="string">BDDCAD</profile_sidebar_border_color><profile_sidebar_fill_color type="string">DDFFCC</profile_sidebar_fill_color><profile_text_color type="string">333333</profile_text_color><protected type="boolean">false</protected><screen_name type="string">MzSolo_Dolo</screen_name><statuses_count type="number">20904</statuses_count><time_zone type="string">Central Time (US &amp; Canada)</time_zone><url class="object" null="true"/><utc_offset type="number">-21600</utc_offset><verified type="boolean">false</verified></user></o>
