<?xml version="1.0" encoding="UTF-8"?>
<o><contributors class="object" null="true"/><coordinates class="object" null="true"/><created_at type="string">Thu Mar 25 22:44:59 +0000 2010</created_at><favorited type="boolean">false</favorited><geo class="object" null="true"/><id type="number">11057381894</id><in_reply_to_screen_name class="object" null="true"/><in_reply_to_status_id class="object" null="true"/><in_reply_to_user_id class="object" null="true"/><place class="object" null="true"/><source type="string">web</source><text type="string">Labour doorstep very positive today. Didn't meet a single Conservative voter - or a single LibDem voter for that matter. #morelikethisplease</text><truncated type="boolean">false</truncated><user class="object"><contributors_enabled type="boolean">false</contributors_enabled><created_at type="string">Mon Jan 11 11:09:56 +0000 2010</created_at><description type="string">LOVES: Barnardo's, the NHS and all unsung heroes who work to uphold human dignity.

HATES: the gravy train.

SUPPORTS: Labour of course!</description><favourites_count type="number">1</favourites_count><followers_count type="number">95</followers_count><following class="object" null="true"/><friends_count type="number">153</friends_count><geo_enabled type="boolean">false</geo_enabled><id type="number">103825546</id><lang type="string">en</lang><location type="string">Warrington</location><name type="string">MusicMP</name><notifications class="object" null="true"/><profile_background_color type="string">9ae4e8</profile_background_color><profile_background_image_url type="string">http://s.twimg.com/a/1269020849/images/themes/theme1/bg.png</profile_background_image_url><profile_background_tile type="boolean">false</profile_background_tile><profile_image_url type="string">http://a3.twimg.com/profile_images/715638257/twitterProfilePhoto_normal.jpg</profile_image_url><profile_link_color type="string">0000ff</profile_link_color><profile_sidebar_border_color type="string">87bc44</profile_sidebar_border_color><profile_sidebar_fill_color type="string">e0ff92</profile_sidebar_fill_color><profile_text_color type="string">000000</profile_text_color><protected type="boolean">false</protected><screen_name type="string">MusicMP</screen_name><statuses_count type="number">1254</statuses_count><time_zone class="object" null="true"/><url class="object" null="true"/><utc_offset class="object" null="true"/><verified type="boolean">false</verified></user></o>
