<?xml version="1.0" encoding="UTF-8"?>
<o><contributors class="object" null="true"/><coordinates class="object" null="true"/><created_at type="string">Thu Mar 25 21:27:56 +0000 2010</created_at><favorited type="boolean">false</favorited><geo class="object" null="true"/><id type="number">11054179282</id><in_reply_to_screen_name class="object" null="true"/><in_reply_to_status_id class="object" null="true"/><in_reply_to_user_id class="object" null="true"/><place class="object" null="true"/><source type="string">&lt;a href="http://www.tweetdeck.com" rel="nofollow"&gt;TweetDeck&lt;/a&gt;</source><text type="string">Ipsos/MORI poll for Reuters shows  Tories trailing Labour by four points, 41-37, in 56 key Labour marginals.  http://bit.ly/cTqwNv</text><truncated type="boolean">false</truncated><user class="object"><contributors_enabled type="boolean">false</contributors_enabled><created_at type="string">Fri Jan 30 11:49:09 +0000 2009</created_at><description type="string">ENTP - fixes problems - does magic things</description><favourites_count type="number">1</favourites_count><followers_count type="number">390</followers_count><following class="object" null="true"/><friends_count type="number">231</friends_count><geo_enabled type="boolean">false</geo_enabled><id type="number">19764048</id><lang type="string">en</lang><location type="string">Bracing by-the-Sea, UK</location><name type="string">tim archer</name><notifications class="object" null="true"/><profile_background_color type="string">C6E2EE</profile_background_color><profile_background_image_url type="string">http://a1.twimg.com/profile_background_images/56872764/IMG_2020.JPG</profile_background_image_url><profile_background_tile type="boolean">true</profile_background_tile><profile_image_url type="string">http://a3.twimg.com/profile_images/125562027/Ohblimey2-1_normal.jpg</profile_image_url><profile_link_color type="string">0f6485</profile_link_color><profile_sidebar_border_color type="string">C6E2EE</profile_sidebar_border_color><profile_sidebar_fill_color type="string">DAECF4</profile_sidebar_fill_color><profile_text_color type="string">663B12</profile_text_color><protected type="boolean">false</protected><screen_name type="string">OhBlimey</screen_name><statuses_count type="number">12931</statuses_count><time_zone type="string">Edinburgh</time_zone><url type="string">http://cloud-capped.blogspot.com/</url><utc_offset type="number">0</utc_offset><verified type="boolean">false</verified></user></o>
