<?xml version="1.0" encoding="UTF-8"?>
<o><contributors class="object" null="true"/><coordinates class="object" null="true"/><created_at type="string">Thu Mar 25 22:23:55 +0000 2010</created_at><favorited type="boolean">false</favorited><geo class="object" null="true"/><id type="number">11056490749</id><in_reply_to_screen_name type="string">Razer178</in_reply_to_screen_name><in_reply_to_status_id type="number">11056427446</in_reply_to_status_id><in_reply_to_user_id type="number">57647193</in_reply_to_user_id><place class="object" null="true"/><source type="string">web</source><text type="string">@Razer178 More or less than Nu Labour? I regard the Tories as the slightly better polished turd :P</text><truncated type="boolean">false</truncated><user class="object"><contributors_enabled type="boolean">false</contributors_enabled><created_at type="string">Sat Oct 03 11:54:19 +0000 2009</created_at><description type="string"/><favourites_count type="number">0</favourites_count><followers_count type="number">25</followers_count><following class="object" null="true"/><friends_count type="number">62</friends_count><geo_enabled type="boolean">false</geo_enabled><id type="number">79444020</id><lang type="string">en</lang><location type="string">York</location><name type="string">Luke Thomson</name><notifications class="object" null="true"/><profile_background_color type="string">EBEBEB</profile_background_color><profile_background_image_url type="string">http://s.twimg.com/a/1269387398/images/themes/theme7/bg.gif</profile_background_image_url><profile_background_tile type="boolean">false</profile_background_tile><profile_image_url type="string">http://a3.twimg.com/profile_images/669821167/coffee_2_normal.jpg</profile_image_url><profile_link_color type="string">990000</profile_link_color><profile_sidebar_border_color type="string">DFDFDF</profile_sidebar_border_color><profile_sidebar_fill_color type="string">F3F3F3</profile_sidebar_fill_color><profile_text_color type="string">333333</profile_text_color><protected type="boolean">false</protected><screen_name type="string">Lock_H</screen_name><statuses_count type="number">3332</statuses_count><time_zone type="string">London</time_zone><url class="object" null="true"/><utc_offset type="number">0</utc_offset><verified type="boolean">false</verified></user></o>
