<?xml version="1.0" encoding="UTF-8"?>
<o><contributors class="object" null="true"/><coordinates class="object" null="true"/><created_at type="string">Thu Mar 25 21:04:22 +0000 2010</created_at><favorited type="boolean">false</favorited><geo class="object" null="true"/><id type="number">11053233977</id><in_reply_to_screen_name type="string">RedEaredRabbit</in_reply_to_screen_name><in_reply_to_status_id type="number">11052898605</in_reply_to_status_id><in_reply_to_user_id type="number">67557000</in_reply_to_user_id><place class="object" null="true"/><source type="string">web</source><text type="string">@RedEaredRabbit Like clockwork. Is he *trying* to ensure the failure of the railways *and* Labour's election chances? Short-termism...</text><truncated type="boolean">false</truncated><user class="object"><contributors_enabled type="boolean">false</contributors_enabled><created_at type="string">Sun Mar 18 18:21:57 +0000 2007</created_at><description type="string">Irish Psychologist, based in London.</description><favourites_count type="number">0</favourites_count><followers_count type="number">306</followers_count><following class="object" null="true"/><friends_count type="number">336</friends_count><geo_enabled type="boolean">false</geo_enabled><id type="number">1430811</id><lang type="string">en</lang><location type="string">Wapping, London</location><name type="string">Richard A MacKinnon</name><notifications class="object" null="true"/><profile_background_color type="string">022330</profile_background_color><profile_background_image_url type="string">http://s.twimg.com/a/1269387398/images/themes/theme15/bg.png</profile_background_image_url><profile_background_tile type="boolean">false</profile_background_tile><profile_image_url type="string">http://a1.twimg.com/profile_images/735692734/IMG_0053_normal.JPG</profile_image_url><profile_link_color type="string">0084B4</profile_link_color><profile_sidebar_border_color type="string">a8c7f7</profile_sidebar_border_color><profile_sidebar_fill_color type="string">C0DFEC</profile_sidebar_fill_color><profile_text_color type="string">333333</profile_text_color><protected type="boolean">false</protected><screen_name type="string">MacPsych</screen_name><statuses_count type="number">3561</statuses_count><time_zone type="string">London</time_zone><url type="string">http://macpsych.wordpress.com</url><utc_offset type="number">0</utc_offset><verified type="boolean">false</verified></user></o>
