<?xml version="1.0" encoding="UTF-8"?>
<o><contributors class="object" null="true"/><coordinates class="object" null="true"/><created_at type="string">Thu Mar 25 20:54:19 +0000 2010</created_at><favorited type="boolean">false</favorited><geo class="object" null="true"/><id type="number">11052829629</id><in_reply_to_screen_name class="object" null="true"/><in_reply_to_status_id class="object" null="true"/><in_reply_to_user_id class="object" null="true"/><place class="object" null="true"/><source type="string">&lt;a href="http://twitterfeed.com" rel="nofollow"&gt;twitterfeed&lt;/a&gt;</source><text type="string">Tories hope Saatchi can get election campaign working: Margaret Thatcher guru who dreamed up famous 'Labour isn't ... http://bit.ly/assx8z</text><truncated type="boolean">false</truncated><user class="object"><contributors_enabled type="boolean">false</contributors_enabled><created_at type="string">Sun Dec 27 09:50:36 +0000 2009</created_at><description type="string">Moraqeb مراقب  Observer watch  ZTBC</description><favourites_count type="number">0</favourites_count><followers_count type="number">745</followers_count><following class="object" null="true"/><friends_count type="number">33</friends_count><geo_enabled type="boolean">false</geo_enabled><id type="number">99679787</id><lang type="string">en</lang><location type="string">London - UK</location><name type="string">Observer watch ZTBC</name><notifications class="object" null="true"/><profile_background_color type="string">C0DEED</profile_background_color><profile_background_image_url type="string">http://a3.twimg.com/profile_background_images/62211821/on_knees001346.jpg</profile_background_image_url><profile_background_tile type="boolean">false</profile_background_tile><profile_image_url type="string">http://a1.twimg.com/profile_images/600928866/moraqeb11_normal.jpg</profile_image_url><profile_link_color type="string">0084B4</profile_link_color><profile_sidebar_border_color type="string">C0DEED</profile_sidebar_border_color><profile_sidebar_fill_color type="string">DDEEF6</profile_sidebar_fill_color><profile_text_color type="string">333333</profile_text_color><protected type="boolean">false</protected><screen_name type="string">moraqeb</screen_name><statuses_count type="number">39195</statuses_count><time_zone type="string">London</time_zone><url type="string">http://ztbc.co.cc</url><utc_offset type="number">0</utc_offset><verified type="boolean">false</verified></user></o>
