<?xml version="1.0" encoding="UTF-8"?>
<o><contributors class="object" null="true"/><coordinates class="object" null="true"/><created_at type="string">Thu Mar 25 20:46:56 +0000 2010</created_at><favorited type="boolean">false</favorited><geo class="object" null="true"/><id type="number">11052542843</id><in_reply_to_screen_name class="object" null="true"/><in_reply_to_status_id class="object" null="true"/><in_reply_to_user_id class="object" null="true"/><place class="object" null="true"/><source type="string">&lt;a href="http://www.tweetdeck.com/" rel="nofollow"&gt;TweetDeck&lt;/a&gt;</source><text type="string">RT @ThetisMercurio Swedes are offering a future Tory govt &amp; @Samfr their busiest silencer of disgruntled parents, boxed http://bit.ly/dt2c43</text><truncated type="boolean">false</truncated><user class="object"><contributors_enabled type="boolean">false</contributors_enabled><created_at type="string">Fri Apr 03 22:49:39 +0000 2009</created_at><description type="string">aka zooey</description><favourites_count type="number">0</favourites_count><followers_count type="number">214</followers_count><following class="object" null="true"/><friends_count type="number">306</friends_count><geo_enabled type="boolean">false</geo_enabled><id type="number">28676345</id><lang type="string">en</lang><location type="string">Ladugårdslandet, Stockholm</location><name type="string">alicia h.</name><notifications class="object" null="true"/><profile_background_color type="string">2b202b</profile_background_color><profile_background_image_url type="string">http://a3.twimg.com/profile_background_images/35330949/log.jpg</profile_background_image_url><profile_background_tile type="boolean">false</profile_background_tile><profile_image_url type="string">http://a1.twimg.com/profile_images/670047990/salta250_normal.JPG</profile_image_url><profile_link_color type="string">870b49</profile_link_color><profile_sidebar_border_color type="string">430a54</profile_sidebar_border_color><profile_sidebar_fill_color type="string">bd889f</profile_sidebar_fill_color><profile_text_color type="string">4a114a</profile_text_color><protected type="boolean">false</protected><screen_name type="string">zzzooey</screen_name><statuses_count type="number">10096</statuses_count><time_zone type="string">Stockholm</time_zone><url type="string">http://zooey.wordpress.com</url><utc_offset type="number">3600</utc_offset><verified type="boolean">false</verified></user></o>
