<?xml version="1.0" encoding="UTF-8"?>
<o><contributors class="object" null="true"/><coordinates class="object" null="true"/><created_at type="string">Thu Mar 25 22:48:56 +0000 2010</created_at><favorited type="boolean">false</favorited><geo class="object" null="true"/><id type="number">11057550238</id><in_reply_to_screen_name class="object" null="true"/><in_reply_to_status_id class="object" null="true"/><in_reply_to_user_id class="object" null="true"/><place class="object" null="true"/><source type="string">web</source><text type="string">The labour party is stuffing the great state of n.s.w and for some reason the people keep voting them in. Are we that stupid</text><truncated type="boolean">false</truncated><user class="object"><contributors_enabled type="boolean">false</contributors_enabled><created_at type="string">Wed Mar 10 10:51:35 +0000 2010</created_at><description type="string"/><favourites_count type="number">0</favourites_count><followers_count type="number">6</followers_count><following class="object" null="true"/><friends_count type="number">27</friends_count><geo_enabled type="boolean">true</geo_enabled><id type="number">121716952</id><lang type="string">en</lang><location type="string">Sydney, Australia</location><name type="string">langi mata</name><notifications class="object" null="true"/><profile_background_color type="string">0099B9</profile_background_color><profile_background_image_url type="string">http://a3.twimg.com/profile_background_images/85826471/Image06.jpg</profile_background_image_url><profile_background_tile type="boolean">true</profile_background_tile><profile_image_url type="string">http://a1.twimg.com/profile_images/772870738/tonga_crest_normal.png</profile_image_url><profile_link_color type="string">0099B9</profile_link_color><profile_sidebar_border_color type="string">5ED4DC</profile_sidebar_border_color><profile_sidebar_fill_color type="string">95E8EC</profile_sidebar_fill_color><profile_text_color type="string">3C3940</profile_text_color><protected type="boolean">false</protected><screen_name type="string">langi023</screen_name><statuses_count type="number">34</statuses_count><time_zone type="string">Sydney</time_zone><url class="object" null="true"/><utc_offset type="number">36000</utc_offset><verified type="boolean">false</verified></user></o>
