<?xml version="1.0" encoding="UTF-8"?>
<o><contributors class="object" null="true"/><coordinates class="object" null="true"/><created_at type="string">Thu Mar 25 22:29:14 +0000 2010</created_at><favorited type="boolean">false</favorited><geo class="object" null="true"/><id type="number">11056711651</id><in_reply_to_screen_name class="object" null="true"/><in_reply_to_status_id class="object" null="true"/><in_reply_to_user_id class="object" null="true"/><place class="object" null="true"/><source type="string">&lt;a href="http://www.tweetdeck.com" rel="nofollow"&gt;TweetDeck&lt;/a&gt;</source><text type="string">Completely deluded RT @meralhece: Deputy leader of Islington labour group thinks Baby P wouldve been prevented had we had ID cards!!!</text><truncated type="boolean">false</truncated><user class="object"><contributors_enabled type="boolean">false</contributors_enabled><created_at type="string">Sun Dec 14 03:16:51 +0000 2008</created_at><description type="string">Web designer, asp.net developer, anti-fascist, civil rights campaigner, and Liberal Democrat.</description><favourites_count type="number">708</favourites_count><followers_count type="number">398</followers_count><following class="object" null="true"/><friends_count type="number">378</friends_count><geo_enabled type="boolean">false</geo_enabled><id type="number">18110317</id><lang type="string">en</lang><location type="string">Preston</location><name type="string">Stephen Mullen</name><notifications class="object" null="true"/><profile_background_color type="string">0099B9</profile_background_color><profile_background_image_url type="string">http://a3.twimg.com/profile_background_images/31532507/twitterback-stephenmullen.jpg</profile_background_image_url><profile_background_tile type="boolean">false</profile_background_tile><profile_image_url type="string">http://a1.twimg.com/profile_images/656930034/twitterProfilePhoto_normal.jpg</profile_image_url><profile_link_color type="string">0099B9</profile_link_color><profile_sidebar_border_color type="string">5ED4DC</profile_sidebar_border_color><profile_sidebar_fill_color type="string">95E8EC</profile_sidebar_fill_color><profile_text_color type="string">3C3940</profile_text_color><protected type="boolean">false</protected><screen_name type="string">StephenMullen</screen_name><statuses_count type="number">3085</statuses_count><time_zone type="string">London</time_zone><url type="string">http://www.sdmullen.co.uk</url><utc_offset type="number">0</utc_offset><verified type="boolean">false</verified></user></o>
