<?xml version="1.0" encoding="UTF-8"?>
<o><contributors class="object" null="true"/><coordinates class="object" null="true"/><created_at type="string">Thu Mar 25 22:39:08 +0000 2010</created_at><favorited type="boolean">false</favorited><geo class="object" null="true"/><id type="number">11057133888</id><in_reply_to_screen_name class="object" null="true"/><in_reply_to_status_id class="object" null="true"/><in_reply_to_user_id class="object" null="true"/><place class="object" null="true"/><source type="string">&lt;a href="http://twitterfeed.com" rel="nofollow"&gt;twitterfeed&lt;/a&gt;</source><text type="string">#diarioeconomico 'Tories' e 'Labour' fazem campanha no Facebook: David Cameron e Gordon Brown estão a usar as rede... http://bit.ly/cGxryu</text><truncated type="boolean">false</truncated><user class="object"><contributors_enabled type="boolean">false</contributors_enabled><created_at type="string">Mon Jun 29 13:23:15 +0000 2009</created_at><description type="string">Noticias de Portugal - Constantemente actualizadas! - newsportugal @ FriendFeed</description><favourites_count type="number">2953</favourites_count><followers_count type="number">2537</followers_count><following class="object" null="true"/><friends_count type="number">1200</friends_count><geo_enabled type="boolean">true</geo_enabled><id type="number">52053647</id><lang type="string">en</lang><location type="string">Porto, Portugal</location><name type="string">Noticias de Portugal</name><notifications class="object" null="true"/><profile_background_color type="string">1A1B1F</profile_background_color><profile_background_image_url type="string">http://s.twimg.com/a/1269387398/images/themes/theme9/bg.gif</profile_background_image_url><profile_background_tile type="boolean">false</profile_background_tile><profile_image_url type="string">http://a3.twimg.com/profile_images/425538881/p-826c963c250447838b1a79209c4f845e-medium-1000_normal.jpg</profile_image_url><profile_link_color type="string">2FC2EF</profile_link_color><profile_sidebar_border_color type="string">181A1E</profile_sidebar_border_color><profile_sidebar_fill_color type="string">252429</profile_sidebar_fill_color><profile_text_color type="string">666666</profile_text_color><protected type="boolean">false</protected><screen_name type="string">news_portugal</screen_name><statuses_count type="number">180664</statuses_count><time_zone type="string">Hawaii</time_zone><url type="string">http://www.google.com/profiles/tvportuguesaexcluviso</url><utc_offset type="number">-36000</utc_offset><verified type="boolean">false</verified></user></o>
