<?xml version="1.0" encoding="UTF-8"?>
<o><contributors class="object" null="true"/><coordinates class="object" null="true"/><created_at type="string">Thu Mar 25 21:12:42 +0000 2010</created_at><favorited type="boolean">false</favorited><geo class="object" null="true"/><id type="number">11053563957</id><in_reply_to_screen_name class="object" null="true"/><in_reply_to_status_id class="object" null="true"/><in_reply_to_user_id class="object" null="true"/><place class="object" null="true"/><source type="string">web</source><text type="string">Word, please stop correcting me when I type labour #iamcanadiansostopwiththeautocorrectingalready</text><truncated type="boolean">false</truncated><user class="object"><contributors_enabled type="boolean">false</contributors_enabled><created_at type="string">Wed May 06 22:13:57 +0000 2009</created_at><description type="string">Official Twitter Account of Kinnikinnick Foods One of the worlds largest Gluten Free &amp; Allergy Friendly food producers. Tweeting From Edmonton, AB, Canada</description><favourites_count type="number">0</favourites_count><followers_count type="number">1312</followers_count><following class="object" null="true"/><friends_count type="number">1410</friends_count><geo_enabled type="boolean">false</geo_enabled><id type="number">38290766</id><lang type="string">en</lang><location type="string">Edmonton, Canada</location><name type="string">Kinnikinnick Foods</name><notifications class="object" null="true"/><profile_background_color type="string">000c3d</profile_background_color><profile_background_image_url type="string">http://a1.twimg.com/profile_background_images/13947500/background.jpg</profile_background_image_url><profile_background_tile type="boolean">false</profile_background_tile><profile_image_url type="string">http://a1.twimg.com/profile_images/224972904/kinnlogo_normal.gif</profile_image_url><profile_link_color type="string">2FC2EF</profile_link_color><profile_sidebar_border_color type="string">181A1E</profile_sidebar_border_color><profile_sidebar_fill_color type="string">f5ec0a</profile_sidebar_fill_color><profile_text_color type="string">5d57ef</profile_text_color><protected type="boolean">false</protected><screen_name type="string">GF_Insider</screen_name><statuses_count type="number">1185</statuses_count><time_zone type="string">Mountain Time (US &amp; Canada)</time_zone><url type="string">http://www.kinnikinnick.com</url><utc_offset type="number">-25200</utc_offset><verified type="boolean">false</verified></user></o>
