<?xml version="1.0" encoding="UTF-8"?>
<o><contributors class="object" null="true"/><coordinates class="object" null="true"/><created_at type="string">Thu Mar 25 22:03:16 +0000 2010</created_at><favorited type="boolean">false</favorited><geo class="object" null="true"/><id type="number">11055632018</id><in_reply_to_screen_name class="object" null="true"/><in_reply_to_status_id class="object" null="true"/><in_reply_to_user_id class="object" null="true"/><place class="object" null="true"/><source type="string">web</source><text type="string">YouGov has Tory Lead back up to 4 in Daily Tracking, will take more to polls to see impact of budget Con: 37 Lab:33 Lib:18</text><truncated type="boolean">false</truncated><user class="object"><contributors_enabled type="boolean">false</contributors_enabled><created_at type="string">Wed Jan 13 21:27:49 +0000 2010</created_at><description type="string">Student at the University of Reading</description><favourites_count type="number">0</favourites_count><followers_count type="number">24</followers_count><following class="object" null="true"/><friends_count type="number">52</friends_count><geo_enabled type="boolean">false</geo_enabled><id type="number">104611357</id><lang type="string">en</lang><location type="string">ÜT: 51.452632,-0.934617</location><name type="string">Guy Grandison</name><notifications class="object" null="true"/><profile_background_color type="string">9ae4e8</profile_background_color><profile_background_image_url type="string">http://s.twimg.com/a/1269553143/images/themes/theme1/bg.png</profile_background_image_url><profile_background_tile type="boolean">false</profile_background_tile><profile_image_url type="string">http://a1.twimg.com/profile_images/629430592/guy1_normal.PNG</profile_image_url><profile_link_color type="string">0000ff</profile_link_color><profile_sidebar_border_color type="string">87bc44</profile_sidebar_border_color><profile_sidebar_fill_color type="string">e0ff92</profile_sidebar_fill_color><profile_text_color type="string">000000</profile_text_color><protected type="boolean">false</protected><screen_name type="string">guygrandison</screen_name><statuses_count type="number">92</statuses_count><time_zone type="string">London</time_zone><url type="string">http://youngtory.wordpress.com/</url><utc_offset type="number">0</utc_offset><verified type="boolean">false</verified></user></o>
