<?xml version="1.0" encoding="UTF-8"?>
<o><contributors class="object" null="true"/><coordinates class="object" null="true"/><created_at type="string">Thu Mar 25 22:46:01 +0000 2010</created_at><favorited type="boolean">false</favorited><geo class="object" null="true"/><id type="number">11057427006</id><in_reply_to_screen_name class="object" null="true"/><in_reply_to_status_id class="object" null="true"/><in_reply_to_user_id class="object" null="true"/><place class="object" null="true"/><source type="string">&lt;a href="http://www.tweetdeck.com" rel="nofollow"&gt;TweetDeck&lt;/a&gt;</source><text type="string">RT @HouseofTwitsLib: RT @spiderplant88 No Alistair Darling has shot Labour well and truly in the arse #bbcqt</text><truncated type="boolean">false</truncated><user class="object"><contributors_enabled type="boolean">false</contributors_enabled><created_at type="string">Thu Apr 30 13:59:24 +0000 2009</created_at><description type="string">Father, Worker, Blogger, LibDem</description><favourites_count type="number">2</favourites_count><followers_count type="number">219</followers_count><following class="object" null="true"/><friends_count type="number">371</friends_count><geo_enabled type="boolean">false</geo_enabled><id type="number">36667656</id><lang type="string">en</lang><location type="string">Sutton, Surrey</location><name type="string">Jason Hunter</name><notifications class="object" null="true"/><profile_background_color type="string">407f28</profile_background_color><profile_background_image_url type="string">http://a1.twimg.com/profile_background_images/79505212/summergrass_16_4033.jpg</profile_background_image_url><profile_background_tile type="boolean">false</profile_background_tile><profile_image_url type="string">http://a3.twimg.com/profile_images/772682855/twitterProfilePhoto_normal.jpg</profile_image_url><profile_link_color type="string">67ab19</profile_link_color><profile_sidebar_border_color type="string">2b5419</profile_sidebar_border_color><profile_sidebar_fill_color type="string">32631e</profile_sidebar_fill_color><profile_text_color type="string">063006</profile_text_color><protected type="boolean">false</protected><screen_name type="string">JasonJHunter</screen_name><statuses_count type="number">1417</statuses_count><time_zone type="string">London</time_zone><url type="string">http://www.jasonjhunter.com</url><utc_offset type="number">0</utc_offset><verified type="boolean">false</verified></user></o>
