<?xml version="1.0" encoding="UTF-8"?>
<o><contributors class="object" null="true"/><coordinates class="object" null="true"/><created_at type="string">Thu Mar 25 22:42:59 +0000 2010</created_at><favorited type="boolean">false</favorited><geo class="object" null="true"/><id type="number">11057298586</id><in_reply_to_screen_name class="object" null="true"/><in_reply_to_status_id class="object" null="true"/><in_reply_to_user_id class="object" null="true"/><place class="object" null="true"/><source type="string">&lt;a href="http://www.facebook.com/twitter" rel="nofollow"&gt;Facebook&lt;/a&gt;</source><text type="string">Tory Burch flat with matching handbag...too cute on a summer day, 
perhaps paired with some white linen pants or... http://bit.ly/bBSoEV</text><truncated type="boolean">false</truncated><user class="object"><contributors_enabled type="boolean">false</contributors_enabled><created_at type="string">Sat Feb 06 22:03:17 +0000 2010</created_at><description type="string">We are the premier designer shoes and handbag retailer!</description><favourites_count type="number">0</favourites_count><followers_count type="number">5</followers_count><following class="object" null="true"/><friends_count type="number">27</friends_count><geo_enabled type="boolean">false</geo_enabled><id type="number">111993683</id><lang type="string">en</lang><location type="string">Walnut Creek, CA</location><name type="string">FootcandyWalnutCreek</name><notifications class="object" null="true"/><profile_background_color type="string">DBE9ED</profile_background_color><profile_background_image_url type="string">http://s.twimg.com/a/1269553143/images/themes/theme1/bg.png</profile_background_image_url><profile_background_tile type="boolean">false</profile_background_tile><profile_image_url type="string">http://s.twimg.com/a/1269553143/images/default_profile_4_normal.png</profile_image_url><profile_link_color type="string">CC3366</profile_link_color><profile_sidebar_border_color type="string">DBE9ED</profile_sidebar_border_color><profile_sidebar_fill_color type="string">E6F6F9</profile_sidebar_fill_color><profile_text_color type="string">d93f5e</profile_text_color><protected type="boolean">false</protected><screen_name type="string">footcandywc</screen_name><statuses_count type="number">45</statuses_count><time_zone type="string">Pacific Time (US &amp; Canada)</time_zone><url class="object" null="true"/><utc_offset type="number">-28800</utc_offset><verified type="boolean">false</verified></user></o>
