<?xml version="1.0" encoding="UTF-8"?>
<o><contributors class="object" null="true"/><coordinates class="object" null="true"/><created_at type="string">Thu Mar 25 22:10:51 +0000 2010</created_at><favorited type="boolean">false</favorited><geo class="object" null="true"/><id type="number">11055947321</id><in_reply_to_screen_name type="string">wbarnesjones</in_reply_to_screen_name><in_reply_to_status_id type="number">11055619288</in_reply_to_status_id><in_reply_to_user_id type="number">43977531</in_reply_to_user_id><place class="object" null="true"/><source type="string">web</source><text type="string">@wbarnesjones that's why you're my favourite labour student. don't tell the others</text><truncated type="boolean">false</truncated><user class="object"><contributors_enabled type="boolean">false</contributors_enabled><created_at type="string">Wed Mar 17 20:48:57 +0000 2010</created_at><description type="string">loves The Left. hates jelly.</description><favourites_count type="number">0</favourites_count><followers_count type="number">33</followers_count><following class="object" null="true"/><friends_count type="number">53</friends_count><geo_enabled type="boolean">false</geo_enabled><id type="number">123974205</id><lang type="string">en</lang><location type="string">Swansea</location><name type="string">Rhiannon Hedge</name><notifications class="object" null="true"/><profile_background_color type="string">ACDED6</profile_background_color><profile_background_image_url type="string">http://s.twimg.com/a/1269387398/images/themes/theme18/bg.gif</profile_background_image_url><profile_background_tile type="boolean">false</profile_background_tile><profile_image_url type="string">http://a3.twimg.com/profile_images/758840267/CIMG0050_normal.JPG</profile_image_url><profile_link_color type="string">038543</profile_link_color><profile_sidebar_border_color type="string">EEEEEE</profile_sidebar_border_color><profile_sidebar_fill_color type="string">F6F6F6</profile_sidebar_fill_color><profile_text_color type="string">333333</profile_text_color><protected type="boolean">false</protected><screen_name type="string">rhiannonhedge</screen_name><statuses_count type="number">62</statuses_count><time_zone type="string">London</time_zone><url class="object" null="true"/><utc_offset type="number">0</utc_offset><verified type="boolean">false</verified></user></o>
