<?xml version="1.0" encoding="UTF-8"?>
<o><contributors class="object" null="true"/><coordinates class="object" null="true"/><created_at type="string">Thu Mar 25 21:55:05 +0000 2010</created_at><favorited type="boolean">false</favorited><geo class="object" null="true"/><id type="number">11055286321</id><in_reply_to_screen_name type="string">SnortMcGulp</in_reply_to_screen_name><in_reply_to_status_id class="object" null="true"/><in_reply_to_user_id type="number">55575595</in_reply_to_user_id><place class="object" null="true"/><source type="string">web</source><text type="string">@snortmcgulp  I tend to avoid trampolines..last time I used one properly, I went into labour (didn't fancy either sex or a curry!)</text><truncated type="boolean">false</truncated><user class="object"><contributors_enabled type="boolean">false</contributors_enabled><created_at type="string">Thu Jul 30 08:29:33 +0000 2009</created_at><description type="string">mummy of one disabled  (various learning and physical disabilities) child and one hyperactive one! Permanently surrounded by kids and animals.   </description><favourites_count type="number">0</favourites_count><followers_count type="number">86</followers_count><following class="object" null="true"/><friends_count type="number">69</friends_count><geo_enabled type="boolean">false</geo_enabled><id type="number">61432858</id><lang type="string">en</lang><location type="string">Leicestershire</location><name type="string">Annie Bannister</name><notifications class="object" null="true"/><profile_background_color type="string">0099B9</profile_background_color><profile_background_image_url type="string">http://s.twimg.com/a/1269387398/images/themes/theme10/bg.gif</profile_background_image_url><profile_background_tile type="boolean">true</profile_background_tile><profile_image_url type="string">http://a1.twimg.com/profile_images/685692068/twitterProfilePhoto_normal.jpg</profile_image_url><profile_link_color type="string">0099B9</profile_link_color><profile_sidebar_border_color type="string">5ED4DC</profile_sidebar_border_color><profile_sidebar_fill_color type="string">95E8EC</profile_sidebar_fill_color><profile_text_color type="string">3C3940</profile_text_color><protected type="boolean">false</protected><screen_name type="string">AnnieBannister</screen_name><statuses_count type="number">2479</statuses_count><time_zone class="object" null="true"/><url class="object" null="true"/><utc_offset class="object" null="true"/><verified type="boolean">false</verified></user></o>
