<?xml version="1.0" encoding="UTF-8"?>
<o><contributors class="object" null="true"/><coordinates class="object" null="true"/><created_at type="string">Thu Mar 25 22:02:18 +0000 2010</created_at><favorited type="boolean">false</favorited><geo class="object" null="true"/><id type="number">11055590882</id><in_reply_to_screen_name class="object" null="true"/><in_reply_to_status_id class="object" null="true"/><in_reply_to_user_id class="object" null="true"/><place class="object" null="true"/><source type="string">&lt;a href="http://www.snaptu.com/a/twitter" rel="nofollow"&gt;Snaptu&lt;/a&gt;</source><text type="string">tory chesse cracker</text><truncated type="boolean">false</truncated><user class="object"><contributors_enabled type="boolean">false</contributors_enabled><created_at type="string">Tue Sep 15 08:06:17 +0000 2009</created_at><description type="string">pandya adhidarma bukan anak autis</description><favourites_count type="number">0</favourites_count><followers_count type="number">107</followers_count><following class="object" null="true"/><friends_count type="number">87</friends_count><geo_enabled type="boolean">false</geo_enabled><id type="number">74397094</id><lang type="string">en</lang><location type="string">ÜT: -1.628664,103.626735</location><name type="string">Pandya Adhidarma</name><notifications class="object" null="true"/><profile_background_color type="string">ffffff</profile_background_color><profile_background_image_url type="string">http://a3.twimg.com/profile_background_images/84669011/Cookie_Monster_by_metellieca.jpg</profile_background_image_url><profile_background_tile type="boolean">true</profile_background_tile><profile_image_url type="string">http://a3.twimg.com/profile_images/764185071/19436_1245541424296_1402205705_30679418_3805650_n_copy_normal.jpg</profile_image_url><profile_link_color type="string">f5080c</profile_link_color><profile_sidebar_border_color type="string">f5080c</profile_sidebar_border_color><profile_sidebar_fill_color type="string">fcf7fc</profile_sidebar_fill_color><profile_text_color type="string">f5080c</profile_text_color><protected type="boolean">false</protected><screen_name type="string">pandyadhidarma</screen_name><statuses_count type="number">2200</statuses_count><time_zone type="string">Pacific Time (US &amp; Canada)</time_zone><url type="string">http://null</url><utc_offset type="number">-28800</utc_offset><verified type="boolean">false</verified></user></o>
