<?xml version="1.0" encoding="UTF-8"?>
<o><contributors class="object" null="true"/><coordinates class="object" null="true"/><created_at type="string">Thu Mar 25 22:44:55 +0000 2010</created_at><favorited type="boolean">false</favorited><geo class="object" null="true"/><id type="number">11057378775</id><in_reply_to_screen_name class="object" null="true"/><in_reply_to_status_id class="object" null="true"/><in_reply_to_user_id class="object" null="true"/><place class="object" null="true"/><source type="string">web</source><text type="string">Has Darling 'shot Labour in the foot'? Possibly, but this government needs shooting in the head and putting out of its misery once &amp; for all</text><truncated type="boolean">false</truncated><user class="object"><contributors_enabled type="boolean">false</contributors_enabled><created_at type="string">Tue Aug 18 14:18:21 +0000 2009</created_at><description type="string"/><favourites_count type="number">1</favourites_count><followers_count type="number">25</followers_count><following class="object" null="true"/><friends_count type="number">42</friends_count><geo_enabled type="boolean">true</geo_enabled><id type="number">66691427</id><lang type="string">en</lang><location type="string"/><name type="string">Toby Roake</name><notifications class="object" null="true"/><profile_background_color type="string">1A1B1F</profile_background_color><profile_background_image_url type="string">http://a1.twimg.com/profile_background_images/78531118/fire1.jpg</profile_background_image_url><profile_background_tile type="boolean">true</profile_background_tile><profile_image_url type="string">http://a1.twimg.com/profile_images/707400248/201013_normal.jpg</profile_image_url><profile_link_color type="string">2FC2EF</profile_link_color><profile_sidebar_border_color type="string">181A1E</profile_sidebar_border_color><profile_sidebar_fill_color type="string">050401</profile_sidebar_fill_color><profile_text_color type="string">666666</profile_text_color><protected type="boolean">false</protected><screen_name type="string">TRRNR2010</screen_name><statuses_count type="number">248</statuses_count><time_zone type="string">London</time_zone><url type="string">http://www.facebook.com/toby.roake</url><utc_offset type="number">0</utc_offset><verified type="boolean">false</verified></user></o>
