<?xml version="1.0" encoding="UTF-8"?>
<o><contributors class="object" null="true"/><coordinates class="object" null="true"/><created_at type="string">Thu Mar 25 22:07:45 +0000 2010</created_at><favorited type="boolean">false</favorited><geo class="object" null="true"/><id type="number">11055818981</id><in_reply_to_screen_name class="object" null="true"/><in_reply_to_status_id class="object" null="true"/><in_reply_to_user_id class="object" null="true"/><place class="object" null="true"/><source type="string">&lt;a href="http://twitterfeed.com" rel="nofollow"&gt;twitterfeed&lt;/a&gt;</source><text type="string">Labour cuts 'tougher than 1980s': If Labour is re-elected spending cuts will be "tougher and deeper" than those un... http://bit.ly/d1CtfM</text><truncated type="boolean">false</truncated><user class="object"><contributors_enabled type="boolean">false</contributors_enabled><created_at type="string">Thu Mar 11 21:50:36 +0000 2010</created_at><description type="string">Top breaking news stories and headlines from around the world</description><favourites_count type="number">0</favourites_count><followers_count type="number">41</followers_count><following class="object" null="true"/><friends_count type="number">0</friends_count><geo_enabled type="boolean">true</geo_enabled><id type="number">122184437</id><lang type="string">en</lang><location type="string">Global</location><name type="string">Complete News</name><notifications class="object" null="true"/><profile_background_color type="string">C0DEED</profile_background_color><profile_background_image_url type="string">http://a1.twimg.com/profile_background_images/82581918/complete-news-twitter.jpg</profile_background_image_url><profile_background_tile type="boolean">false</profile_background_tile><profile_image_url type="string">http://a1.twimg.com/profile_images/748845136/complete-news-logo_normal.jpg</profile_image_url><profile_link_color type="string">0084B4</profile_link_color><profile_sidebar_border_color type="string">bae3c6</profile_sidebar_border_color><profile_sidebar_fill_color type="string">dbdbdb</profile_sidebar_fill_color><profile_text_color type="string">333333</profile_text_color><protected type="boolean">false</protected><screen_name type="string">CompleteNews</screen_name><statuses_count type="number">1031</statuses_count><time_zone type="string">Central Time (US &amp; Canada)</time_zone><url class="object" null="true"/><utc_offset type="number">-21600</utc_offset><verified type="boolean">false</verified></user></o>
