<?xml version="1.0" encoding="UTF-8"?>
<o><contributors class="object" null="true"/><coordinates class="object" null="true"/><created_at type="string">Thu Mar 25 20:17:32 +0000 2010</created_at><favorited type="boolean">false</favorited><geo class="object" null="true"/><id type="number">11051378681</id><in_reply_to_screen_name class="object" null="true"/><in_reply_to_status_id class="object" null="true"/><in_reply_to_user_id class="object" null="true"/><place class="object" null="true"/><source type="string">&lt;a href="http://m.twitter.com/" rel="nofollow"&gt;mobile web&lt;/a&gt;</source><text type="string">good response from first time voters phone canvassing at @alison_mcgovern 's campaign office #labour</text><truncated type="boolean">false</truncated><user class="object"><contributors_enabled type="boolean">false</contributors_enabled><created_at type="string">Tue Sep 29 21:43:13 +0000 2009</created_at><description type="string">visual artist and office monkey</description><favourites_count type="number">0</favourites_count><followers_count type="number">29</followers_count><following class="object" null="true"/><friends_count type="number">74</friends_count><geo_enabled type="boolean">false</geo_enabled><id type="number">78424245</id><lang type="string">en</lang><location type="string"/><name type="string">Katy</name><notifications class="object" null="true"/><profile_background_color type="string">291f29</profile_background_color><profile_background_image_url type="string">http://a3.twimg.com/profile_background_images/67804723/ufo.jpg</profile_background_image_url><profile_background_tile type="boolean">false</profile_background_tile><profile_image_url type="string">http://a1.twimg.com/profile_images/719444890/twitterProfilePhoto_normal.jpg</profile_image_url><profile_link_color type="string">070808</profile_link_color><profile_sidebar_border_color type="string">f5e108</profile_sidebar_border_color><profile_sidebar_fill_color type="string">ae9fc2</profile_sidebar_fill_color><profile_text_color type="string">a82084</profile_text_color><protected type="boolean">false</protected><screen_name type="string">KTDott</screen_name><statuses_count type="number">311</statuses_count><time_zone type="string">London</time_zone><url type="string">http://whatkaytidoes.wordpress.com/</url><utc_offset type="number">0</utc_offset><verified type="boolean">false</verified></user></o>
