<?xml version="1.0" encoding="UTF-8"?>
<o><contributors class="object" null="true"/><coordinates class="object" null="true"/><created_at type="string">Thu Mar 25 22:00:07 +0000 2010</created_at><favorited type="boolean">false</favorited><geo class="object" null="true"/><id type="number">11055494899</id><in_reply_to_screen_name class="object" null="true"/><in_reply_to_status_id class="object" null="true"/><in_reply_to_user_id class="object" null="true"/><place class="object" null="true"/><source type="string">web</source><text type="string">Stephen Byers claims no rules were broken during lobbying sting
www.guardian.co.uk/politics/2010/mar/21/lobbying-sting-labour-mps-influence</text><truncated type="boolean">false</truncated><user class="object"><contributors_enabled type="boolean">false</contributors_enabled><created_at type="string">Sat Jan 16 15:04:29 +0000 2010</created_at><description type="string">Part-time lecturer at Queen's University Belfast</description><favourites_count type="number">0</favourites_count><followers_count type="number">21</followers_count><following class="object" null="true"/><friends_count type="number">0</friends_count><geo_enabled type="boolean">false</geo_enabled><id type="number">105503346</id><lang type="string">en</lang><location type="string"/><name type="string">Gerry Power</name><notifications class="object" null="true"/><profile_background_color type="string">9ae4e8</profile_background_color><profile_background_image_url type="string">http://s.twimg.com/a/1269387398/images/themes/theme1/bg.png</profile_background_image_url><profile_background_tile type="boolean">false</profile_background_tile><profile_image_url type="string">http://s.twimg.com/a/1269387398/images/default_profile_4_normal.png</profile_image_url><profile_link_color type="string">0000ff</profile_link_color><profile_sidebar_border_color type="string">87bc44</profile_sidebar_border_color><profile_sidebar_fill_color type="string">e0ff92</profile_sidebar_fill_color><profile_text_color type="string">000000</profile_text_color><protected type="boolean">false</protected><screen_name type="string">Nightclass2010</screen_name><statuses_count type="number">112</statuses_count><time_zone class="object" null="true"/><url class="object" null="true"/><utc_offset class="object" null="true"/><verified type="boolean">false</verified></user></o>
