<?xml version="1.0" encoding="UTF-8"?>
<o><contributors class="object" null="true"/><coordinates class="object" null="true"/><created_at type="string">Thu Mar 25 22:36:30 +0000 2010</created_at><favorited type="boolean">false</favorited><geo class="object" null="true"/><id type="number">11057023613</id><in_reply_to_screen_name type="string">JordANgelaUK</in_reply_to_screen_name><in_reply_to_status_id type="number">11057000818</in_reply_to_status_id><in_reply_to_user_id type="number">30701786</in_reply_to_user_id><place class="object" null="true"/><source type="string">&lt;a href="http://www.tweetdeck.com" rel="nofollow"&gt;TweetDeck&lt;/a&gt;</source><text type="string">@JordANgelaUK thats called slave labour lol</text><truncated type="boolean">false</truncated><user class="object"><contributors_enabled type="boolean">false</contributors_enabled><created_at type="string">Tue Mar 24 11:12:32 +0000 2009</created_at><description type="string">hey all am lesley am nearly 29, have a major obession with ddub lol, althou jon is lokking mighty fine these days, lol mwah xx</description><favourites_count type="number">4</favourites_count><followers_count type="number">105</followers_count><following class="object" null="true"/><friends_count type="number">127</friends_count><geo_enabled type="boolean">false</geo_enabled><id type="number">26216061</id><lang type="string">en</lang><location type="string">alexandria, scotland</location><name type="string">Lesley  Burt</name><notifications class="object" null="true"/><profile_background_color type="string">FF6699</profile_background_color><profile_background_image_url type="string">http://a1.twimg.com/profile_background_images/61790336/_nkotb12.jpg</profile_background_image_url><profile_background_tile type="boolean">true</profile_background_tile><profile_image_url type="string">http://a3.twimg.com/profile_images/775312313/moi_normal.jpg</profile_image_url><profile_link_color type="string">B40B43</profile_link_color><profile_sidebar_border_color type="string">CC3366</profile_sidebar_border_color><profile_sidebar_fill_color type="string">E5507E</profile_sidebar_fill_color><profile_text_color type="string">362720</profile_text_color><protected type="boolean">false</protected><screen_name type="string">nkotb_flirt1</screen_name><statuses_count type="number">6867</statuses_count><time_zone type="string">Edinburgh</time_zone><url class="object" null="true"/><utc_offset type="number">0</utc_offset><verified type="boolean">false</verified></user></o>
