<?xml version="1.0" encoding="UTF-8"?>
<o><contributors class="object" null="true"/><coordinates class="object" null="true"/><created_at type="string">Thu Mar 25 22:06:27 +0000 2010</created_at><favorited type="boolean">false</favorited><geo class="object" null="true"/><id type="number">11055766531</id><in_reply_to_screen_name class="object" null="true"/><in_reply_to_status_id class="object" null="true"/><in_reply_to_user_id class="object" null="true"/><place class="object" null="true"/><source type="string">&lt;a href="http://twitterfeed.com" rel="nofollow"&gt;twitterfeed&lt;/a&gt;</source><text type="string">Labour cuts 'tougher than 1980s' http://bit.ly/cpp1rb #news</text><truncated type="boolean">false</truncated><user class="object"><contributors_enabled type="boolean">false</contributors_enabled><created_at type="string">Mon Jan 25 15:12:57 +0000 2010</created_at><description type="string">One Stop for the latest news sourced from across the planet. </description><favourites_count type="number">0</favourites_count><followers_count type="number">1256</followers_count><following class="object" null="true"/><friends_count type="number">1353</friends_count><geo_enabled type="boolean">false</geo_enabled><id type="number">108316648</id><lang type="string">en</lang><location type="string">India</location><name type="string">One Stop News</name><notifications class="object" null="true"/><profile_background_color type="string">0099B9</profile_background_color><profile_background_image_url type="string">http://s.twimg.com/a/1269281712/images/themes/theme4/bg.gif</profile_background_image_url><profile_background_tile type="boolean">false</profile_background_tile><profile_image_url type="string">http://a1.twimg.com/profile_images/654495104/Twitter_OneStopNews_normal.jpg</profile_image_url><profile_link_color type="string">0099B9</profile_link_color><profile_sidebar_border_color type="string">5ED4DC</profile_sidebar_border_color><profile_sidebar_fill_color type="string">95E8EC</profile_sidebar_fill_color><profile_text_color type="string">3C3940</profile_text_color><protected type="boolean">false</protected><screen_name type="string">onestopnews</screen_name><statuses_count type="number">3995</statuses_count><time_zone type="string">New Delhi</time_zone><url class="object" null="true"/><utc_offset type="number">19800</utc_offset><verified type="boolean">false</verified></user></o>
