<?xml version="1.0" encoding="UTF-8"?>
<o><contributors class="object" null="true"/><coordinates class="object" null="true"/><created_at type="string">Thu Mar 25 22:06:49 +0000 2010</created_at><favorited type="boolean">false</favorited><geo class="object" null="true"/><id type="number">11055781113</id><in_reply_to_screen_name class="object" null="true"/><in_reply_to_status_id class="object" null="true"/><in_reply_to_user_id class="object" null="true"/><place class="object" null="true"/><source type="string">&lt;a href="http://www.twibble.de/" rel="nofollow"&gt;twibble&lt;/a&gt;</source><text type="string">RT @guardiannews: Labour's tax and benefits strategy has closed the income gap, thinktank says http://bit.ly/bAUl6P</text><truncated type="boolean">false</truncated><user class="object"><contributors_enabled type="boolean">false</contributors_enabled><created_at type="string">Tue Mar 03 12:35:01 +0000 2009</created_at><description type="string">Labour activist in Islington. Council candidate. Member of Fabian Society Executive. Work in policy/lobbying in the voluntary sector</description><favourites_count type="number">0</favourites_count><followers_count type="number">338</followers_count><following class="object" null="true"/><friends_count type="number">439</friends_count><geo_enabled type="boolean">false</geo_enabled><id type="number">22616117</id><lang type="string">en</lang><location type="string">London, UK</location><name type="string">Kate Groucutt</name><notifications class="object" null="true"/><profile_background_color type="string">9ae4e8</profile_background_color><profile_background_image_url type="string">http://s.twimg.com/a/1269281712/images/themes/theme1/bg.png</profile_background_image_url><profile_background_tile type="boolean">false</profile_background_tile><profile_image_url type="string">http://a1.twimg.com/profile_images/140703422/profile_pic_normal.jpg</profile_image_url><profile_link_color type="string">0000ff</profile_link_color><profile_sidebar_border_color type="string">87bc44</profile_sidebar_border_color><profile_sidebar_fill_color type="string">e0ff92</profile_sidebar_fill_color><profile_text_color type="string">000000</profile_text_color><protected type="boolean">false</protected><screen_name type="string">kategroucutt</screen_name><statuses_count type="number">225</statuses_count><time_zone type="string">London</time_zone><url class="object" null="true"/><utc_offset type="number">0</utc_offset><verified type="boolean">false</verified></user></o>
