<?xml version="1.0" encoding="UTF-8"?>
<o><contributors class="object" null="true"/><coordinates class="object" null="true"/><created_at type="string">Thu Mar 25 22:05:42 +0000 2010</created_at><favorited type="boolean">false</favorited><geo class="object" null="true"/><id type="number">11055734752</id><in_reply_to_screen_name class="object" null="true"/><in_reply_to_status_id class="object" null="true"/><in_reply_to_user_id class="object" null="true"/><place class="object" null="true"/><source type="string">&lt;a href="http://twitterfeed.com" rel="nofollow"&gt;twitterfeed&lt;/a&gt;</source><text type="string">Labour cuts 'tougher than 1980s': If Labour is re-elected spending cuts will be "tougher and deeper.. http://bit.ly/d1CtfM
 (BBC) #tlot</text><truncated type="boolean">false</truncated><user class="object"><contributors_enabled type="boolean">false</contributors_enabled><created_at type="string">Wed May 27 20:42:31 +0000 2009</created_at><description type="string">✮Seeker of Facts✮ IT Admin, Design, Build and Implementation of Computer /Networking Systems, Custom Servers, Workstations, CNC, Robotics.</description><favourites_count type="number">42</favourites_count><followers_count type="number">3183</followers_count><following class="object" null="true"/><friends_count type="number">3181</friends_count><geo_enabled type="boolean">false</geo_enabled><id type="number">42964281</id><lang type="string">en</lang><location type="string">Florida, USA</location><name type="string">notimeoff</name><notifications class="object" null="true"/><profile_background_color type="string">a63a00</profile_background_color><profile_background_image_url type="string">http://a1.twimg.com/profile_background_images/32151720/heic0715a.jpg</profile_background_image_url><profile_background_tile type="boolean">false</profile_background_tile><profile_image_url type="string">http://a1.twimg.com/profile_images/606154188/Jimmy_Twitter_Rocks_normal.jpg</profile_image_url><profile_link_color type="string">421c04</profile_link_color><profile_sidebar_border_color type="string">946f09</profile_sidebar_border_color><profile_sidebar_fill_color type="string">9c0909</profile_sidebar_fill_color><profile_text_color type="string">030303</profile_text_color><protected type="boolean">false</protected><screen_name type="string">notimeoff</screen_name><statuses_count type="number">3531</statuses_count><time_zone type="string">Eastern Time (US &amp; Canada)</time_zone><url class="object" null="true"/><utc_offset type="number">-18000</utc_offset><verified type="boolean">false</verified></user></o>
