<?xml version="1.0" encoding="UTF-8"?>
<o><contributors class="object" null="true"/><coordinates class="object" null="true"/><created_at type="string">Thu Mar 25 21:27:43 +0000 2010</created_at><favorited type="boolean">false</favorited><geo class="object" null="true"/><id type="number">11054170804</id><in_reply_to_screen_name class="object" null="true"/><in_reply_to_status_id class="object" null="true"/><in_reply_to_user_id class="object" null="true"/><place class="object" null="true"/><source type="string">&lt;a href="http://twitterfeed.com" rel="nofollow"&gt;twitterfeed&lt;/a&gt;</source><text type="string">CN reaches tentative labour agreement with Canada-based rail traffic controllers: Details of the agreement with th... http://bit.ly/asu2tA</text><truncated type="boolean">false</truncated><user class="object"><contributors_enabled type="boolean">false</contributors_enabled><created_at type="string">Mon Jan 11 16:44:56 +0000 2010</created_at><description type="string">A commodity trader and internet marketer who is always on the look out for new and creative ways to generate passive income streams.</description><favourites_count type="number">1</favourites_count><followers_count type="number">3754</followers_count><following class="object" null="true"/><friends_count type="number">3527</friends_count><geo_enabled type="boolean">false</geo_enabled><id type="number">103903856</id><lang type="string">en</lang><location type="string">Calgary, Canada</location><name type="string">Kelvin Johnstone</name><notifications class="object" null="true"/><profile_background_color type="string">642D8B</profile_background_color><profile_background_image_url type="string">http://s.twimg.com/a/1269020849/images/themes/theme10/bg.gif</profile_background_image_url><profile_background_tile type="boolean">true</profile_background_tile><profile_image_url type="string">http://a1.twimg.com/profile_images/646164736/money6_normal.jpg</profile_image_url><profile_link_color type="string">FF0000</profile_link_color><profile_sidebar_border_color type="string">65B0DA</profile_sidebar_border_color><profile_sidebar_fill_color type="string">7AC3EE</profile_sidebar_fill_color><profile_text_color type="string">3D1957</profile_text_color><protected type="boolean">false</protected><screen_name type="string">4freetraffic</screen_name><statuses_count type="number">4286</statuses_count><time_zone type="string">Mountain Time (US &amp; Canada)</time_zone><url type="string">http://www.generatefreetraffic.net</url><utc_offset type="number">-25200</utc_offset><verified type="boolean">false</verified></user></o>
