<?xml version="1.0" encoding="UTF-8"?>
<o><contributors class="object" null="true"/><coordinates class="object" null="true"/><created_at type="string">Thu Mar 25 22:45:46 +0000 2010</created_at><favorited type="boolean">false</favorited><geo class="object" null="true"/><id type="number">11057416731</id><in_reply_to_screen_name type="string">mtthwbrggs</in_reply_to_screen_name><in_reply_to_status_id type="number">11057347215</in_reply_to_status_id><in_reply_to_user_id type="number">32095962</in_reply_to_user_id><place class="object" null="true"/><source type="string">&lt;a href="http://github.com/cezarsa/chromed_bird" rel="nofollow"&gt;Chromed Bird&lt;/a&gt;</source><text type="string">@mtthwbrggs i hate all tory boy's!</text><truncated type="boolean">false</truncated><user class="object"><contributors_enabled type="boolean">false</contributors_enabled><created_at type="string">Thu Feb 12 22:15:57 +0000 2009</created_at><description type="string"/><favourites_count type="number">0</favourites_count><followers_count type="number">62</followers_count><following class="object" null="true"/><friends_count type="number">124</friends_count><geo_enabled type="boolean">true</geo_enabled><id type="number">20725492</id><lang type="string">en</lang><location type="string">Hackney, Greater London, UK</location><name type="string">Michael Nee</name><notifications class="object" null="true"/><profile_background_color type="string">EBEBEB</profile_background_color><profile_background_image_url type="string">http://s.twimg.com/a/1269387398/images/themes/theme7/bg.gif</profile_background_image_url><profile_background_tile type="boolean">false</profile_background_tile><profile_image_url type="string">http://a1.twimg.com/profile_images/654302010/twitterProfilePhoto_normal.jpg</profile_image_url><profile_link_color type="string">990000</profile_link_color><profile_sidebar_border_color type="string">DFDFDF</profile_sidebar_border_color><profile_sidebar_fill_color type="string">F3F3F3</profile_sidebar_fill_color><profile_text_color type="string">333333</profile_text_color><protected type="boolean">false</protected><screen_name type="string">neesy111</screen_name><statuses_count type="number">461</statuses_count><time_zone type="string">London</time_zone><url type="string">http://manontheterrace.blogspot.com</url><utc_offset type="number">0</utc_offset><verified type="boolean">false</verified></user></o>
