<?xml version="1.0" encoding="UTF-8"?>
<o><contributors class="object" null="true"/><coordinates class="object" null="true"/><created_at type="string">Thu Mar 25 20:57:17 +0000 2010</created_at><favorited type="boolean">false</favorited><geo class="object" null="true"/><id type="number">11052946839</id><in_reply_to_screen_name class="object" null="true"/><in_reply_to_status_id class="object" null="true"/><in_reply_to_user_id class="object" null="true"/><place class="object" null="true"/><source type="string">web</source><text type="string">Tremendous evening w/ Oakley Vale Cons, thanks to @AlanDuncan4MP and @GlennSmith, great new branch, many new members, taking fight to Labour</text><truncated type="boolean">false</truncated><user class="object"><contributors_enabled type="boolean">false</contributors_enabled><created_at type="string">Thu Jan 22 16:36:16 +0000 2009</created_at><description type="string">Author/conservative PPC for Corby</description><favourites_count type="number">11</favourites_count><followers_count type="number">2781</followers_count><following class="object" null="true"/><friends_count type="number">2141</friends_count><geo_enabled type="boolean">false</geo_enabled><id type="number">19346439</id><lang type="string">en</lang><location type="string">Northamptonshire</location><name type="string">Louise Bagshawe</name><notifications class="object" null="true"/><profile_background_color type="string">0099B9</profile_background_color><profile_background_image_url type="string">http://a3.twimg.com/profile_background_images/23077037/IMG_0512.JPG</profile_background_image_url><profile_background_tile type="boolean">false</profile_background_tile><profile_image_url type="string">http://a3.twimg.com/profile_images/267879529/green_7521_Louise_Bagshawe_normal.jpg</profile_image_url><profile_link_color type="string">0099B9</profile_link_color><profile_sidebar_border_color type="string">5ED4DC</profile_sidebar_border_color><profile_sidebar_fill_color type="string">95E8EC</profile_sidebar_fill_color><profile_text_color type="string">3C3940</profile_text_color><protected type="boolean">false</protected><screen_name type="string">LouiseBagshawe</screen_name><statuses_count type="number">4010</statuses_count><time_zone type="string">Hawaii</time_zone><url type="string">http://www.youtube.com/watch?v=L1UE2Z6u3kk&amp;feature=related</url><utc_offset type="number">-36000</utc_offset><verified type="boolean">false</verified></user></o>
