<?xml version="1.0" encoding="UTF-8"?>
<o><contributors class="object" null="true"/><coordinates class="object" null="true"/><created_at type="string">Thu Mar 25 22:41:27 +0000 2010</created_at><favorited type="boolean">false</favorited><geo class="object" null="true"/><id type="number">11057233854</id><in_reply_to_screen_name type="string">krishgm</in_reply_to_screen_name><in_reply_to_status_id type="number">11057138591</in_reply_to_status_id><in_reply_to_user_id type="number">17062358</in_reply_to_user_id><place class="object" null="true"/><source type="string">&lt;a href="http://www.nibirutech.com" rel="nofollow"&gt;TwitBird iPhone&lt;/a&gt;</source><text type="string">@krishgm Labour's best election asset</text><truncated type="boolean">false</truncated><user class="object"><contributors_enabled type="boolean">false</contributors_enabled><created_at type="string">Thu Nov 19 11:53:16 +0000 2009</created_at><description class="object" null="true"/><favourites_count type="number">12</favourites_count><followers_count type="number">86</followers_count><following class="object" null="true"/><friends_count type="number">163</friends_count><geo_enabled type="boolean">false</geo_enabled><id type="number">91089399</id><lang type="string">en</lang><location class="object" null="true"/><name type="string">lee andrew</name><notifications class="object" null="true"/><profile_background_color type="string">0099B9</profile_background_color><profile_background_image_url type="string">http://a3.twimg.com/profile_background_images/54771941/25122008339.jpg</profile_background_image_url><profile_background_tile type="boolean">false</profile_background_tile><profile_image_url type="string">http://a3.twimg.com/profile_images/752411867/twitterProfilePhoto_normal.jpg</profile_image_url><profile_link_color type="string">0099B9</profile_link_color><profile_sidebar_border_color type="string">5ED4DC</profile_sidebar_border_color><profile_sidebar_fill_color type="string">95E8EC</profile_sidebar_fill_color><profile_text_color type="string">3C3940</profile_text_color><protected type="boolean">false</protected><screen_name type="string">lamby316</screen_name><statuses_count type="number">536</statuses_count><time_zone class="object" null="true"/><url class="object" null="true"/><utc_offset class="object" null="true"/><verified type="boolean">false</verified></user></o>
