<?xml version="1.0" encoding="UTF-8"?>
<o><contributors class="object" null="true"/><coordinates class="object" null="true"/><created_at type="string">Thu Mar 25 22:07:36 +0000 2010</created_at><favorited type="boolean">false</favorited><geo class="object" null="true"/><id type="number">11055812969</id><in_reply_to_screen_name class="object" null="true"/><in_reply_to_status_id class="object" null="true"/><in_reply_to_user_id class="object" null="true"/><place class="object" null="true"/><source type="string">&lt;a href="http://twitterfeed.com" rel="nofollow"&gt;twitterfeed&lt;/a&gt;</source><text type="string">Labour cuts 'tougher than 1980s': If Labour is re-elected spending cuts will be "tougher and deeper" than those un... http://bit.ly/aAm3ka</text><truncated type="boolean">false</truncated><user class="object"><contributors_enabled type="boolean">false</contributors_enabled><created_at type="string">Thu Jan 28 07:52:26 +0000 2010</created_at><description type="string">entrepreneur ,art collecter, visualizer,history researcher&#x0D;
human rights activist,web &#x0D;
marketer</description><favourites_count type="number">2</favourites_count><followers_count type="number">5738</followers_count><following class="object" null="true"/><friends_count type="number">6113</friends_count><geo_enabled type="boolean">false</geo_enabled><id type="number">109196798</id><lang type="string">en</lang><location type="string">United states</location><name type="string">Jake Maccabee</name><notifications class="object" null="true"/><profile_background_color type="string">aa656d</profile_background_color><profile_background_image_url type="string">http://a3.twimg.com/profile_background_images/76760717/Mountains_Wallpapers_BuZZ-BoKS_09.jpg</profile_background_image_url><profile_background_tile type="boolean">false</profile_background_tile><profile_image_url type="string">http://a3.twimg.com/profile_images/722556033/0118092042_normal.jpg</profile_image_url><profile_link_color type="string">99533d</profile_link_color><profile_sidebar_border_color type="string">f0c9f0</profile_sidebar_border_color><profile_sidebar_fill_color type="string">0a207a</profile_sidebar_fill_color><profile_text_color type="string">000000</profile_text_color><protected type="boolean">false</protected><screen_name type="string">jakerise</screen_name><statuses_count type="number">3603</statuses_count><time_zone type="string">Eastern Time (US &amp; Canada)</time_zone><url type="string">http://unfoldhistory.blogspot.com/</url><utc_offset type="number">-18000</utc_offset><verified type="boolean">false</verified></user></o>
