<?xml version="1.0" encoding="UTF-8"?>
<o><contributors class="object" null="true"/><coordinates class="object" null="true"/><created_at type="string">Thu Mar 25 21:44:33 +0000 2010</created_at><favorited type="boolean">false</favorited><geo class="object" null="true"/><id type="number">11054853363</id><in_reply_to_screen_name class="object" null="true"/><in_reply_to_status_id class="object" null="true"/><in_reply_to_user_id class="object" null="true"/><place class="object" null="true"/><source type="string">web</source><text type="string">WOMAN IN LABOUR - WHY MUST YOU SCREAM!!!!</text><truncated type="boolean">false</truncated><user class="object"><contributors_enabled type="boolean">false</contributors_enabled><created_at type="string">Sun Mar 29 18:13:08 +0000 2009</created_at><description type="string">Mother. Girlfriend. Individual.  All in that order. I drink wine. I swear. You'll love me. Honest.</description><favourites_count type="number">2</favourites_count><followers_count type="number">200</followers_count><following class="object" null="true"/><friends_count type="number">203</friends_count><geo_enabled type="boolean">false</geo_enabled><id type="number">27471922</id><lang type="string">en</lang><location type="string">iPhone: 51.429798,-0.974559</location><name type="string">Amy McCollam</name><notifications class="object" null="true"/><profile_background_color type="string">fbeace</profile_background_color><profile_background_image_url type="string">http://a3.twimg.com/profile_background_images/78730693/Dainty-Draft-Twitter.gif.jpg</profile_background_image_url><profile_background_tile type="boolean">true</profile_background_tile><profile_image_url type="string">http://a3.twimg.com/profile_images/657394777/twitter_normal.JPG</profile_image_url><profile_link_color type="string">b195c8</profile_link_color><profile_sidebar_border_color type="string">dcc06c</profile_sidebar_border_color><profile_sidebar_fill_color type="string">fbeace</profile_sidebar_fill_color><profile_text_color type="string">e55fa4</profile_text_color><protected type="boolean">false</protected><screen_name type="string">atmccollam</screen_name><statuses_count type="number">1937</statuses_count><time_zone type="string">London</time_zone><url type="string">http://misscherryred.com</url><utc_offset type="number">0</utc_offset><verified type="boolean">false</verified></user></o>
