<?xml version="1.0" encoding="UTF-8"?>
<o><contributors class="object" null="true"/><coordinates class="object" null="true"/><created_at type="string">Thu Mar 25 21:56:00 +0000 2010</created_at><favorited type="boolean">false</favorited><geo class="object" null="true"/><id type="number">11055324704</id><in_reply_to_screen_name class="object" null="true"/><in_reply_to_status_id class="object" null="true"/><in_reply_to_user_id class="object" null="true"/><place class="object" null="true"/><source type="string">web</source><text type="string">Hoping that spelling 'labour' the British way makes me sound more sophisticated.</text><truncated type="boolean">false</truncated><user class="object"><contributors_enabled type="boolean">false</contributors_enabled><created_at type="string">Mon May 04 16:36:56 +0000 2009</created_at><description type="string">Chicagoan going to grad school in Mexico City </description><favourites_count type="number">0</favourites_count><followers_count type="number">50</followers_count><following class="object" null="true"/><friends_count type="number">72</friends_count><geo_enabled type="boolean">false</geo_enabled><id type="number">37697211</id><lang type="string">en</lang><location type="string">Mexico City </location><name type="string">Drew Stiling</name><notifications class="object" null="true"/><profile_background_color type="string">C0DEED</profile_background_color><profile_background_image_url type="string">http://a3.twimg.com/profile_background_images/62288847/mex_city_lights.jpg</profile_background_image_url><profile_background_tile type="boolean">false</profile_background_tile><profile_image_url type="string">http://a3.twimg.com/profile_images/196373731/drewflag_normal.jpg</profile_image_url><profile_link_color type="string">0084B4</profile_link_color><profile_sidebar_border_color type="string">C0DEED</profile_sidebar_border_color><profile_sidebar_fill_color type="string">DDEEF6</profile_sidebar_fill_color><profile_text_color type="string">333333</profile_text_color><protected type="boolean">false</protected><screen_name type="string">vikingdrewby</screen_name><statuses_count type="number">1248</statuses_count><time_zone type="string">Central Time (US &amp; Canada)</time_zone><url type="string">http://drewbyinmexico.blogspot.com</url><utc_offset type="number">-21600</utc_offset><verified type="boolean">false</verified></user></o>
