<?xml version="1.0" encoding="UTF-8"?>
<o><contributors class="object" null="true"/><coordinates class="object" null="true"/><created_at type="string">Thu Mar 25 22:24:31 +0000 2010</created_at><favorited type="boolean">false</favorited><geo class="object" null="true"/><id type="number">11056515222</id><in_reply_to_screen_name type="string">ByrneTofferings</in_reply_to_screen_name><in_reply_to_status_id type="number">11056342891</in_reply_to_status_id><in_reply_to_user_id type="number">19946818</in_reply_to_user_id><place class="object" null="true"/><source type="string">&lt;a href="http://www.tweetdeck.com" rel="nofollow"&gt;TweetDeck&lt;/a&gt;</source><text type="string">@ByrneTofferings And yet has more bearing on modern economics than a Tory PM who got us into the mess we're in with cheap credit! #Toryfail</text><truncated type="boolean">false</truncated><user class="object"><contributors_enabled type="boolean">false</contributors_enabled><created_at type="string">Fri Feb 27 22:43:30 +0000 2009</created_at><description type="string">Tweed wearing Lefty activist, at York Uni doing Politics and Sociology degree</description><favourites_count type="number">3</favourites_count><followers_count type="number">513</followers_count><following class="object" null="true"/><friends_count type="number">439</friends_count><geo_enabled type="boolean">false</geo_enabled><id type="number">22201609</id><lang type="string">en</lang><location type="string">ÜT: 53.965381,-1.062109</location><name type="string">Owain Gardner</name><notifications class="object" null="true"/><profile_background_color type="string">000000</profile_background_color><profile_background_image_url type="string">http://a1.twimg.com/profile_background_images/79366898/twilk_background_4b8aec0912e93.jpg</profile_background_image_url><profile_background_tile type="boolean">true</profile_background_tile><profile_image_url type="string">http://a3.twimg.com/profile_images/773416451/twitterProfilePhoto_normal.jpg</profile_image_url><profile_link_color type="string">0d0d0d</profile_link_color><profile_sidebar_border_color type="string">151415</profile_sidebar_border_color><profile_sidebar_fill_color type="string">0568d1</profile_sidebar_fill_color><profile_text_color type="string">030202</profile_text_color><protected type="boolean">false</protected><screen_name type="string">Odbe34</screen_name><statuses_count type="number">9898</statuses_count><time_zone type="string">London</time_zone><url type="string">http://odbe34.typepad.com/blog/</url><utc_offset type="number">0</utc_offset><verified type="boolean">false</verified></user></o>
