<?xml version="1.0" encoding="UTF-8"?>
<o><contributors class="object" null="true"/><coordinates class="object" null="true"/><created_at type="string">Thu Mar 25 21:51:15 +0000 2010</created_at><favorited type="boolean">false</favorited><geo class="object" null="true"/><id type="number">11055130172</id><in_reply_to_screen_name class="object" null="true"/><in_reply_to_status_id class="object" null="true"/><in_reply_to_user_id class="object" null="true"/><place class="object" null="true"/><source type="string">&lt;a href="http://www.tweetdeck.com" rel="nofollow"&gt;TweetDeck&lt;/a&gt;</source><text type="string">Labour and Tory parties, save the pointless act of fighting over a single set of policies by forming a big purple party we can all hate</text><truncated type="boolean">false</truncated><user class="object"><contributors_enabled type="boolean">false</contributors_enabled><created_at type="string">Thu Feb 12 22:16:13 +0000 2009</created_at><description type="string">Daddy of Social Media Agency Totaal (@Totaalco), not to mention a 3yr old daughter. Arsenal, tobacco, coffee and comedy geek. Current UK Insomnia Champion </description><favourites_count type="number">319</favourites_count><followers_count type="number">1658</followers_count><following class="object" null="true"/><friends_count type="number">1705</friends_count><geo_enabled type="boolean">false</geo_enabled><id type="number">20725516</id><lang type="string">en</lang><location type="string">Baildon, West Yorkshire</location><name type="string">Ben McKenna</name><notifications class="object" null="true"/><profile_background_color type="string">1A1B1F</profile_background_color><profile_background_image_url type="string">http://a3.twimg.com/profile_background_images/7417729/100_0716.jpg</profile_background_image_url><profile_background_tile type="boolean">false</profile_background_tile><profile_image_url type="string">http://a3.twimg.com/profile_images/651120899/profilepic_normal.jpg</profile_image_url><profile_link_color type="string">737373</profile_link_color><profile_sidebar_border_color type="string">181A1E</profile_sidebar_border_color><profile_sidebar_fill_color type="string">D4D9B2</profile_sidebar_fill_color><profile_text_color type="string">898C73</profile_text_color><protected type="boolean">false</protected><screen_name type="string">benmckenna</screen_name><statuses_count type="number">5561</statuses_count><time_zone type="string">London</time_zone><url type="string">http://www.totaal.co.uk</url><utc_offset type="number">0</utc_offset><verified type="boolean">false</verified></user></o>
