<?xml version="1.0" encoding="UTF-8"?>
<o><contributors class="object" null="true"/><coordinates class="object" null="true"/><created_at type="string">Thu Mar 25 22:46:00 +0000 2010</created_at><favorited type="boolean">false</favorited><geo class="object" null="true"/><id type="number">11057426695</id><in_reply_to_screen_name class="object" null="true"/><in_reply_to_status_id class="object" null="true"/><in_reply_to_user_id class="object" null="true"/><place class="object" null="true"/><source type="string">web</source><text type="string">#bbcqt Let's debate the real issues. Is Tory Baroness Warsi a MILF? #ToryTotty</text><truncated type="boolean">false</truncated><user class="object"><contributors_enabled type="boolean">false</contributors_enabled><created_at type="string">Mon Jan 26 23:11:49 +0000 2009</created_at><description type="string">Writer of dark and speculative fiction, linguanaut &amp; Esperantist, visually impaired, Briton &amp; Welshman</description><favourites_count type="number">1</favourites_count><followers_count type="number">312</followers_count><following class="object" null="true"/><friends_count type="number">360</friends_count><geo_enabled type="boolean">false</geo_enabled><id type="number">19564986</id><lang type="string">en</lang><location type="string">West Midlands, UK/Philippines</location><name type="string">Damon Lord</name><notifications class="object" null="true"/><profile_background_color type="string">1A1B1F</profile_background_color><profile_background_image_url type="string">http://s.twimg.com/a/1269281712/images/themes/theme9/bg.gif</profile_background_image_url><profile_background_tile type="boolean">false</profile_background_tile><profile_image_url type="string">http://a3.twimg.com/profile_images/686978179/eye_normal.jpg</profile_image_url><profile_link_color type="string">e70409</profile_link_color><profile_sidebar_border_color type="string">3e60a3</profile_sidebar_border_color><profile_sidebar_fill_color type="string">c1c1c3</profile_sidebar_fill_color><profile_text_color type="string">320f8a</profile_text_color><protected type="boolean">false</protected><screen_name type="string">damonlord</screen_name><statuses_count type="number">3510</statuses_count><time_zone type="string">London</time_zone><url type="string">http://www.damonlord.info</url><utc_offset type="number">0</utc_offset><verified type="boolean">false</verified></user></o>
