<?xml version="1.0" encoding="UTF-8"?>
<o><contributors class="object" null="true"/><coordinates class="object" null="true"/><created_at type="string">Thu Mar 25 22:48:49 +0000 2010</created_at><favorited type="boolean">false</favorited><geo class="object" null="true"/><id type="number">11057545367</id><in_reply_to_screen_name class="object" null="true"/><in_reply_to_status_id class="object" null="true"/><in_reply_to_user_id class="object" null="true"/><place class="object" null="true"/><retweeted_status class="object"><contributors class="object" null="true"/><coordinates class="object" null="true"/><created_at type="string">Thu Mar 25 22:48:26 +0000 2010</created_at><favorited type="boolean">false</favorited><geo class="object" null="true"/><id type="number">11057529029</id><in_reply_to_screen_name class="object" null="true"/><in_reply_to_status_id class="object" null="true"/><in_reply_to_user_id class="object" null="true"/><place class="object" null="true"/><source type="string">web</source><text type="string">How to spin polls: "YESSS!! Tory lead doubles in the space of 24 hours!!! #GAMEON!!!!!"</text><truncated type="boolean">false</truncated><user class="object"><contributors_enabled type="boolean">false</contributors_enabled><created_at type="string">Wed Nov 25 15:57:28 +0000 2009</created_at><description type="string">The Tory Landlord serves a wide range of centre-right political gossip and analysis. Dogs and lefties are welcome but must be kept on a lead at all times. </description><favourites_count type="number">0</favourites_count><followers_count type="number">372</followers_count><following class="object" null="true"/><friends_count type="number">451</friends_count><geo_enabled type="boolean">false</geo_enabled><id type="number">92551033</id><lang type="string">en</lang><location type="string"/><name type="string">Tory Landlord</name><notifications class="object" null="true"/><profile_background_color type="string">C0DEED</profile_background_color><profile_background_image_url type="string">http://a1.twimg.com/profile_background_images/60648160/profpic2a.jpg</profile_background_image_url><profile_background_tile type="boolean">true</profile_background_tile><profile_image_url type="string">http://a3.twimg.com/profile_images/581734457/profpic2a_normal.jpg</profile_image_url><profile_link_color type="string">0084B4</profile_link_color><profile_sidebar_border_color type="string">C0DEED</profile_sidebar_border_color><profile_sidebar_fill_color type="string">DDEEF6</profile_sidebar_fill_color><profile_text_color type="string">333333</profile_text_color><protected type="boolean">false</protected><screen_name type="string">ToryLandlord</screen_name><statuses_count type="number">2114</statuses_count><time_zone type="string">London</time_zone><url type="string">http://torylandlord.wordpress.com</url><utc_offset type="number">0</utc_offset><verified type="boolean">false</verified></user></retweeted_status><source type="string">web</source><text type="string">RT @ToryLandlord: How to spin polls: "YESSS!! Tory lead doubles in the space of 24 hours!!! #GAMEON!!!!!"</text><truncated type="boolean">false</truncated><user class="object"><contributors_enabled type="boolean">false</contributors_enabled><created_at type="string">Mon Feb 08 21:02:53 +0000 2010</created_at><description type="string">Politics on both sides of 'the Pond' from a centre-right perspective. Geography BSc graduate about to start an MSc in Town Planning at UCL.</description><favourites_count type="number">0</favourites_count><followers_count type="number">107</followers_count><following class="object" null="true"/><friends_count type="number">254</friends_count><geo_enabled type="boolean">false</geo_enabled><id type="number">112531664</id><lang type="string">en</lang><location type="string">London</location><name type="string">Jamie Bryant</name><notifications class="object" null="true"/><profile_background_color type="string">022330</profile_background_color><profile_background_image_url type="string">http://a1.twimg.com/profile_background_images/83179366/London_Skyline_Merge_Trials02.jpg</profile_background_image_url><profile_background_tile type="boolean">false</profile_background_tile><profile_image_url type="string">http://a3.twimg.com/profile_images/759027543/Untitled_normal.jpg</profile_image_url><profile_link_color type="string">0084B4</profile_link_color><profile_sidebar_border_color type="string">a8c7f7</profile_sidebar_border_color><profile_sidebar_fill_color type="string">C0DFEC</profile_sidebar_fill_color><profile_text_color type="string">333333</profile_text_color><protected type="boolean">false</protected><screen_name type="string">BryantPedia</screen_name><statuses_count type="number">446</statuses_count><time_zone type="string">London</time_zone><url type="string">http://jbryant500.wordpress.com/</url><utc_offset type="number">0</utc_offset><verified type="boolean">false</verified></user></o>
