<?xml version="1.0" encoding="UTF-8"?>
<o><contributors class="object" null="true"/><coordinates class="object" null="true"/><created_at type="string">Thu Mar 25 21:44:44 +0000 2010</created_at><favorited type="boolean">false</favorited><geo class="object" null="true"/><id type="number">11054860958</id><in_reply_to_screen_name class="object" null="true"/><in_reply_to_status_id class="object" null="true"/><in_reply_to_user_id class="object" null="true"/><place class="object" null="true"/><source type="string">web</source><text type="string">Attended my first event as a Lib Dem campaigner tonight...campaigning against Tory-controlled Leics County Council plans to...</text><truncated type="boolean">false</truncated><user class="object"><contributors_enabled type="boolean">false</contributors_enabled><created_at type="string">Tue Aug 19 14:00:29 +0000 2008</created_at><description type="string">Presenter, Hilltop Radio, Castle Mead Radio and Vine FM.&#x0D;
Columnist, Hinckley Herald.&#x0D;
Lib Dem activist.&#x0D;
Opinions are mine alone.</description><favourites_count type="number">0</favourites_count><followers_count type="number">708</followers_count><following class="object" null="true"/><friends_count type="number">654</friends_count><geo_enabled type="boolean">false</geo_enabled><id type="number">15904327</id><lang type="string">en</lang><location type="string">Barwell, Leics. East Midlands.</location><name type="string">mathewhulbert</name><notifications class="object" null="true"/><profile_background_color type="string">11766D</profile_background_color><profile_background_image_url type="string">http://a1.twimg.com/profile_background_images/65259052/Me_at_the_CMR_stdios.jpg</profile_background_image_url><profile_background_tile type="boolean">true</profile_background_tile><profile_image_url type="string">http://a1.twimg.com/profile_images/716483116/twitterProfilePhoto_normal.jpg</profile_image_url><profile_link_color type="string">16050D</profile_link_color><profile_sidebar_border_color type="string">F0B300</profile_sidebar_border_color><profile_sidebar_fill_color type="string">E46F0A</profile_sidebar_fill_color><profile_text_color type="string">410936</profile_text_color><protected type="boolean">false</protected><screen_name type="string">mathewhulbert</screen_name><statuses_count type="number">16840</statuses_count><time_zone type="string">London</time_zone><url type="string">http://mylibdemlife.wordpress.com/</url><utc_offset type="number">0</utc_offset><verified type="boolean">false</verified></user></o>
