<?xml version="1.0" encoding="UTF-8"?>
<o><contributors class="object" null="true"/><coordinates class="object" null="true"/><created_at type="string">Thu Mar 25 21:21:59 +0000 2010</created_at><favorited type="boolean">false</favorited><geo class="object" null="true"/><id type="number">11053938341</id><in_reply_to_screen_name class="object" null="true"/><in_reply_to_status_id class="object" null="true"/><in_reply_to_user_id class="object" null="true"/><place class="object" null="true"/><source type="string">&lt;a href="http://twitterrific.com" rel="nofollow"&gt;Twitterrific&lt;/a&gt;</source><text type="string">I hope Tory from Mythbusters is ok.. His leg got busted up.. It was a rare thing for MB.. Cool.. But bad</text><truncated type="boolean">false</truncated><user class="object"><contributors_enabled type="boolean">false</contributors_enabled><created_at type="string">Mon Jan 19 14:01:51 +0000 2009</created_at><description type="string">Im just a guy who loves drinking, eating and playing games.</description><favourites_count type="number">12</favourites_count><followers_count type="number">401</followers_count><following class="object" null="true"/><friends_count type="number">72</friends_count><geo_enabled type="boolean">false</geo_enabled><id type="number">19183699</id><lang type="string">en</lang><location type="string">ÜT: 33.841316,-87.205687</location><name type="string">Andrew Black</name><notifications class="object" null="true"/><profile_background_color type="string">000000</profile_background_color><profile_background_image_url type="string">http://a1.twimg.com/profile_background_images/77538768/9527_1247559426707_1161065106_30774688_6619_n.jpg</profile_background_image_url><profile_background_tile type="boolean">false</profile_background_tile><profile_image_url type="string">http://a1.twimg.com/profile_images/770072528/twitterProfilePhoto_normal.jpg</profile_image_url><profile_link_color type="string">990000</profile_link_color><profile_sidebar_border_color type="string">DFDFDF</profile_sidebar_border_color><profile_sidebar_fill_color type="string">F3F3F3</profile_sidebar_fill_color><profile_text_color type="string">000000</profile_text_color><protected type="boolean">false</protected><screen_name type="string">Rorschach7</screen_name><statuses_count type="number">2464</statuses_count><time_zone type="string">Central Time (US &amp; Canada)</time_zone><url type="string">http://www.youtube.com/7rorschach7</url><utc_offset type="number">-21600</utc_offset><verified type="boolean">false</verified></user></o>
