<?xml version="1.0" encoding="UTF-8"?>
<o><contributors class="object" null="true"/><coordinates class="object" null="true"/><created_at type="string">Thu Mar 25 22:22:43 +0000 2010</created_at><favorited type="boolean">false</favorited><geo class="object" null="true"/><id type="number">11056441674</id><in_reply_to_screen_name class="object" null="true"/><in_reply_to_status_id class="object" null="true"/><in_reply_to_user_id class="object" null="true"/><place class="object" null="true"/><source type="string">&lt;a href="http://m.twitter.com/" rel="nofollow"&gt;mobile web&lt;/a&gt;</source><text type="string">Deputy leader of Islington labour group thinks Baby P wouldve been prevented had we had ID cards!!!</text><truncated type="boolean">false</truncated><user class="object"><contributors_enabled type="boolean">false</contributors_enabled><created_at type="string">Mon Aug 03 19:46:56 +0000 2009</created_at><description type="string">Islington councillor, Lib Dem; Commissioner, Equality &amp; Human Rights Commission.  Turkish. Motto? - 'A well behaved woman never changed the world' </description><favourites_count type="number">0</favourites_count><followers_count type="number">160</followers_count><following class="object" null="true"/><friends_count type="number">160</friends_count><geo_enabled type="boolean">false</geo_enabled><id type="number">62603750</id><lang type="string">en</lang><location type="string">London</location><name type="string">meral hussein ece</name><notifications class="object" null="true"/><profile_background_color type="string">642D8B</profile_background_color><profile_background_image_url type="string">http://a3.twimg.com/profile_background_images/85054205/turkish_carpet_2.jpg</profile_background_image_url><profile_background_tile type="boolean">true</profile_background_tile><profile_image_url type="string">http://a1.twimg.com/profile_images/381413652/Meral_Headshot_normal.jpg</profile_image_url><profile_link_color type="string">FF0000</profile_link_color><profile_sidebar_border_color type="string">65B0DA</profile_sidebar_border_color><profile_sidebar_fill_color type="string">7AC3EE</profile_sidebar_fill_color><profile_text_color type="string">3D1957</profile_text_color><protected type="boolean">false</protected><screen_name type="string">meralhece</screen_name><statuses_count type="number">596</statuses_count><time_zone type="string">London</time_zone><url type="string">http://www.meralece.blogspot.com</url><utc_offset type="number">0</utc_offset><verified type="boolean">false</verified></user></o>
