<?xml version="1.0" encoding="UTF-8"?>
<o><contributors class="object" null="true"/><coordinates class="object" null="true"/><created_at type="string">Thu Mar 25 22:41:53 +0000 2010</created_at><favorited type="boolean">false</favorited><geo class="object" null="true"/><id type="number">11057251997</id><in_reply_to_screen_name class="object" null="true"/><in_reply_to_status_id class="object" null="true"/><in_reply_to_user_id class="object" null="true"/><place class="object" null="true"/><source type="string">web</source><text type="string">has Darling's statement about Labour cutting harder and further than Thatcher been swept under the carpet today? #bbcqt</text><truncated type="boolean">false</truncated><user class="object"><contributors_enabled type="boolean">false</contributors_enabled><created_at type="string">Mon Mar 30 00:31:43 +0000 2009</created_at><description type="string">I gave my life to JamRadio last year.</description><favourites_count type="number">2</favourites_count><followers_count type="number">154</followers_count><following class="object" null="true"/><friends_count type="number">264</friends_count><geo_enabled type="boolean">false</geo_enabled><id type="number">27542580</id><lang type="string">en</lang><location type="string">Leeds / Hull</location><name type="string">Chris Boothroyd</name><notifications class="object" null="true"/><profile_background_color type="string">000000</profile_background_color><profile_background_image_url type="string">http://a1.twimg.com/profile_background_images/18759866/cross-of-justice.jpg</profile_background_image_url><profile_background_tile type="boolean">false</profile_background_tile><profile_image_url type="string">http://a3.twimg.com/profile_images/362035493/twitterProfilePhoto_normal.jpg</profile_image_url><profile_link_color type="string">4a4a4a</profile_link_color><profile_sidebar_border_color type="string">000000</profile_sidebar_border_color><profile_sidebar_fill_color type="string">100f0f</profile_sidebar_fill_color><profile_text_color type="string">e30d31</profile_text_color><protected type="boolean">false</protected><screen_name type="string">cjboothroyd</screen_name><statuses_count type="number">1031</statuses_count><time_zone type="string">London</time_zone><url class="object" null="true"/><utc_offset type="number">0</utc_offset><verified type="boolean">false</verified></user></o>
