<?xml version="1.0" encoding="UTF-8"?>
<o><contributors class="object" null="true"/><coordinates class="object" null="true"/><created_at type="string">Thu Mar 25 22:05:43 +0000 2010</created_at><favorited type="boolean">false</favorited><geo class="object" null="true"/><id type="number">11055735471</id><in_reply_to_screen_name class="object" null="true"/><in_reply_to_status_id class="object" null="true"/><in_reply_to_user_id class="object" null="true"/><place class="object" null="true"/><retweeted_status class="object"><contributors class="object" null="true"/><coordinates class="object" null="true"/><created_at type="string">Thu Mar 25 16:13:43 +0000 2010</created_at><favorited type="boolean">false</favorited><geo class="object" null="true"/><id type="number">11041320125</id><in_reply_to_screen_name class="object" null="true"/><in_reply_to_status_id class="object" null="true"/><in_reply_to_user_id class="object" null="true"/><place class="object" null="true"/><source type="string">&lt;a href="http://twitterfeed.com" rel="nofollow"&gt;twitterfeed&lt;/a&gt;</source><text type="string">How superfast broadband became Britain's election battleground: Labour and Conservatives offer different digital f... http://bit.ly/b6pHjt</text><truncated type="boolean">false</truncated><user class="object"><contributors_enabled type="boolean">false</contributors_enabled><created_at type="string">Wed Oct 08 15:35:22 +0000 2008</created_at><description type="string">silicon.com : top stories and technology insights for CIOs, IT Directors, CFO, sales, marketing and HR leaders, helping them to make smart technology decisons.</description><favourites_count type="number">7</favourites_count><followers_count type="number">1409</followers_count><following class="object" null="true"/><friends_count type="number">907</friends_count><geo_enabled type="boolean">false</geo_enabled><id type="number">16650374</id><lang type="string">en</lang><location type="string">Silicon Towers, London</location><name type="string">silicon.com news</name><notifications class="object" null="true"/><profile_background_color type="string">6666CC</profile_background_color><profile_background_image_url type="string">http://s.twimg.com/a/1269020849/images/themes/theme2/bg.gif</profile_background_image_url><profile_background_tile type="boolean">false</profile_background_tile><profile_image_url type="string">http://a3.twimg.com/profile_images/585398441/logo-silicon-73x73_1__normal.jpg</profile_image_url><profile_link_color type="string">6666CC</profile_link_color><profile_sidebar_border_color type="string">ECECEC</profile_sidebar_border_color><profile_sidebar_fill_color type="string">ECECEC</profile_sidebar_fill_color><profile_text_color type="string">000033</profile_text_color><protected type="boolean">false</protected><screen_name type="string">siliconlatest</screen_name><statuses_count type="number">3633</statuses_count><time_zone type="string">London</time_zone><url type="string">http://www.silicon.com</url><utc_offset type="number">0</utc_offset><verified type="boolean">false</verified></user></retweeted_status><source type="string">&lt;a href="http://www.tweetdeck.com" rel="nofollow"&gt;TweetDeck&lt;/a&gt;</source><text type="string">RT @siliconlatest: How superfast broadband became Britain's election battleground: Labour and Conservatives offer different digital f... ...</text><truncated type="boolean">true</truncated><user class="object"><contributors_enabled type="boolean">false</contributors_enabled><created_at type="string">Sun May 13 08:37:20 +0000 2007</created_at><description type="string">This feed now more about General IT and other stuff!&#x0D;
&#x0D;
See #aramanc for XML, CMS &amp; Publishing Production Technology consultancy.</description><favourites_count type="number">1</favourites_count><followers_count type="number">39</followers_count><following class="object" null="true"/><friends_count type="number">38</friends_count><geo_enabled type="boolean">true</geo_enabled><id type="number">6005272</id><lang type="string">en</lang><location type="string">Reading, UK</location><name type="string">Mike McNamara</name><notifications class="object" null="true"/><profile_background_color type="string">B2DFDA</profile_background_color><profile_background_image_url type="string">http://s.twimg.com/a/1269020849/images/themes/theme13/bg.gif</profile_background_image_url><profile_background_tile type="boolean">false</profile_background_tile><profile_image_url type="string">http://a3.twimg.com/profile_images/734680815/MikeMcNamara_Headshot-2_normal.jpg</profile_image_url><profile_link_color type="string">93A644</profile_link_color><profile_sidebar_border_color type="string">eeeeee</profile_sidebar_border_color><profile_sidebar_fill_color type="string">ffffff</profile_sidebar_fill_color><profile_text_color type="string">333333</profile_text_color><protected type="boolean">false</protected><screen_name type="string">mjmuk</screen_name><statuses_count type="number">385</statuses_count><time_zone type="string">London</time_zone><url type="string">http://beasleysplace.blogspot.com/</url><utc_offset type="number">0</utc_offset><verified type="boolean">false</verified></user></o>
