<?xml version="1.0" encoding="windows-1252" ?>
<GateDocument>
<!-- The document's features-->

<GateDocumentFeatures>
<Feature>
  <Name className="java.lang.String">gate.SourceURL</Name>
  <Value className="java.lang.String">file:/Z:/gatecorpora/news/business/test/ft-bank-of-england-02-aug-2001.html</Value>
</Feature>
<Feature>
  <Name className="java.lang.String">MimeType</Name>
  <Value className="java.lang.String">text/html</Value>
</Feature>
</GateDocumentFeatures>
<!-- The document content area with serialized nodes -->

<TextWithNodes><Node id="0"/>The Bank of England on Thursday surprised the financial markets and delighted British businesses with a 0.25 percentage point cut in its main interest rate to 5 per cent. Interest rates have not been lower since early 1964.<Node id="223"/>

<Node id="225"/>But the mood inspired by the cut was marred by the European Central Bank&apos;s refusal to cut rates, and by concern at the Bank of England&apos;s growing pessimism about the global outlook.<Node id="405"/>

<Node id="407"/>Forecasters had expected the Bank&apos;s monetary policy committee to leave rates unchanged because of fears more cuts would fuel consumer demand and threaten higher inflation.<Node id="578"/>

<Node id="580"/>But the MPC said the unexpected severity of the global slowdown meant rates had to fall to keep inflation on track to hit its 2.5 per cent target in two years.<Node id="739"/>

<Node id="741"/>&quot;Monetary policy needs to balance the weaker external environment by sustaining domestic demand growth,&quot; it said. The MPC believes a two-speed economy of weak internationally traded sectors and strong consumer demand is better than an economy in recession.<Node id="997"/>

<Node id="999"/>Since last month&apos;s MPC meeting, which voted eight to one to leave rates unchanged, there have been few signs domestic demand is cooling. Retail sales, household borrowing and house prices have generally been strong.<Node id="1214"/>

<Node id="1216"/>But manufacturing output, especially in the technology sector, has continued to fall sharply.<Node id="1309"/>

<Node id="1311"/>In the second quarter the US economy slowed to its lowest growth rate in eight years and the German economy is believed to have contracted.<Node id="1450"/>

<Node id="1452"/>The timing of Thursday&apos;s cut may have been prompted by the Bank&apos;s latest quarterly round of economic forecasting, to be published next week.<Node id="1592"/>

<Node id="1594"/>David Walton of Goldman Sachs said: &quot;They have updated their forecasts and, although inflation has been disappointing recently, the MPC are confident that it will remain on target further out.&quot;<Node id="1787"/>

<Node id="1789"/>Some City analysts said the Bank was building up a potential inflationary threat for the future. Michael Saunders of Schroder Salomon Smith Barney said: &quot;This won&apos;t do anything for the global outlook but . . . it will give the housing market a push.&quot;<Node id="2039"/>

<Node id="2041"/>But other economists supported the move. Martin Weale of the National Institute of Economic and Social Research said: &quot;The world&apos;s three largest economies - the US Japan and Germany - are all very weak, and the Bank of England was right not to be distracted by the fact that some consumption indicators are buoyant.&quot;<Node id="2357"/>

<Node id="2359"/>Hopes that the international economy might soon begin to pick up were dented when, an hour after the MPC&apos;s announcement, the European Central Bank said its governing council had decided against cutting interest rates.<Node id="2576"/>

<Node id="2578"/>Ian Fletcher of the British Chambers of Commerce said: &quot;In terms of supporting British manufacturing, we need a more concerted effort to cut rates and revive growth, and we don&apos;t think the ECB is playing ball.&quot;<Node id="2788"/>
<Node id="2789"/></TextWithNodes>
<!-- The default annotation set -->

<AnnotationSet>
</AnnotationSet>
<!-- Named annotation set -->

<AnnotationSet Name="Original markups" >
<Annotation Id="30" Type="p" StartNode="580" EndNode="739">
</Annotation>
<Annotation Id="31" Type="p" StartNode="407" EndNode="578">
</Annotation>
<Annotation Id="32" Type="p" StartNode="225" EndNode="405">
</Annotation>
<Annotation Id="34" Type="font" StartNode="0" EndNode="2789">
<Feature>
  <Name className="java.lang.String">class</Name>
  <Value className="java.lang.String">allWide</Value>
</Feature>
</Annotation>
<Annotation Id="29" Type="p" StartNode="741" EndNode="997">
</Annotation>
<Annotation Id="27" Type="p" StartNode="1216" EndNode="1309">
</Annotation>
<Annotation Id="28" Type="p" StartNode="999" EndNode="1214">
</Annotation>
<Annotation Id="57" Type="html" StartNode="0" EndNode="2789">
<Feature>
  <Name className="java.lang.String">_implied_</Name>
  <Value className="java.lang.String">true</Value>
</Feature>
</Annotation>
<Annotation Id="23" Type="p" StartNode="1789" EndNode="2039">
</Annotation>
<Annotation Id="35" Type="p" StartNode="0" EndNode="2789">
</Annotation>
<Annotation Id="54" Type="table" StartNode="0" EndNode="2789">
<Feature>
  <Name className="java.lang.String">vlink</Name>
  <Value className="java.lang.String">#330033</Value>
</Feature>
<Feature>
  <Name className="java.lang.String">marginheight</Name>
  <Value className="java.lang.String">0</Value>
</Feature>
<Feature>
  <Name className="java.lang.String">width</Name>
  <Value className="java.lang.String">618</Value>
</Feature>
<Feature>
  <Name className="java.lang.String">cellpadding</Name>
  <Value className="java.lang.String">0</Value>
</Feature>
<Feature>
  <Name className="java.lang.String">topmargin</Name>
  <Value className="java.lang.String">0</Value>
</Feature>
<Feature>
  <Name className="java.lang.String">leftmargin</Name>
  <Value className="java.lang.String">0</Value>
</Feature>
<Feature>
  <Name className="java.lang.String">cellspacing</Name>
  <Value className="java.lang.String">0</Value>
</Feature>
<Feature>
  <Name className="java.lang.String">marginwidth</Name>
  <Value className="java.lang.String">0</Value>
</Feature>
<Feature>
  <Name className="java.lang.String">link</Name>
  <Value className="java.lang.String">#330033</Value>
</Feature>
<Feature>
  <Name className="java.lang.String">border</Name>
  <Value className="java.lang.String">0</Value>
</Feature>
<Feature>
  <Name className="java.lang.String">bgcolor</Name>
  <Value className="java.lang.String">white</Value>
</Feature>
<Feature>
  <Name className="java.lang.String">alink</Name>
  <Value className="java.lang.String">#996600</Value>
</Feature>
</Annotation>
<Annotation Id="22" Type="p" StartNode="2041" EndNode="2357">
</Annotation>
<Annotation Id="21" Type="p" StartNode="2359" EndNode="2576">
</Annotation>
<Annotation Id="33" Type="p" StartNode="0" EndNode="223">
</Annotation>
<Annotation Id="24" Type="p" StartNode="1594" EndNode="1787">
</Annotation>
<Annotation Id="55" Type="body" StartNode="0" EndNode="2789">
<Feature>
  <Name className="java.lang.String">_implied_</Name>
  <Value className="java.lang.String">true</Value>
</Feature>
</Annotation>
<Annotation Id="26" Type="p" StartNode="1311" EndNode="1450">
</Annotation>
<Annotation Id="45" Type="td" StartNode="0" EndNode="2789">
<Feature>
  <Name className="java.lang.String">colspan</Name>
  <Value className="java.lang.String">2</Value>
</Feature>
</Annotation>
<Annotation Id="20" Type="p" StartNode="2578" EndNode="2788">
</Annotation>
<Annotation Id="46" Type="tr" StartNode="0" EndNode="2789">
</Annotation>
<Annotation Id="25" Type="p" StartNode="1452" EndNode="1592">
</Annotation>
<Annotation Id="0" Type="TEXT" StartNode="0" EndNode="2789">
</Annotation>
</AnnotationSet>
</GateDocument>