<?xml version="1.0" encoding="windows-1252" ?>
<GateDocument>
<!-- The document's features-->

<GateDocumentFeatures>
<Feature>
  <Name className="java.lang.String">gate.SourceURL</Name>
  <Value className="java.lang.String">file:/Z:/gatecorpora/news/business/test/ft-claims-direct-10-aug-2001.html</Value>
</Feature>
<Feature>
  <Name className="java.lang.String">MimeType</Name>
  <Value className="java.lang.String">text/html</Value>
</Feature>
</GateDocumentFeatures>
<!-- The document content area with serialized nodes -->

<TextWithNodes><Node id="0"/>Claims Direct, the UK personal injury specialist, on Friday reluctantly agreed to recommend a £19.4m ($27.5m) bid from its two founders which only last month it condemned as &quot;opportunistic&quot; and &quot;cynical&quot;.<Node id="205"/>

<Node id="207"/>The company, which is facing a probe from the Department of Trade and Industry, has seen its shares slide from 353½p, valuing it at £681m last September, to as low as 5p this year.<Node id="389"/>

<Node id="391"/>And the recommendation is likely to anger some shareholders as the 10p offer is a 95 per cent discount to the company&apos;s flotation price of 180p per share. In early Friday trading the shares dropped by 1¾p to 9½p.<Node id="605"/>

<Node id="607"/>Claims Direct said it had been left with no alternative but to recommend the offer made by Tony Sullman and Colin Poole, who own 43 per cent of the company.<Node id="763"/>

<Node id="765"/>The two men had been talking to private investor Simon Ware-Lane who was interested in buying part of their stake, in a move which would see Mr Sullman and Mr Poole resign from the board.<Node id="952"/>

<Node id="954"/>However, on Friday they refused to extend the deadline for their offer which closes on Monday, despite pleas from the board.<Node id="1078"/>

<Node id="1080"/>Claims Direct&apos;s independent directors said in view of the uncertainty about the talks and with no guarantee that Mr Poole and Mr Sullman will extend their offer, they were forced to recommend the bid.<Node id="1280"/>

<Node id="1282"/>&quot;We recognise that the change in recommendation will come as a bitter blow to all those who have indicated their willingness to tackle the various problems that have plagued the company over the past months,&quot; the independent directors said in a statement.<Node id="1537"/>

<Node id="1539"/>Mr Sullman and Mr Poole will pay £11.1m for the outstanding shares they do not own to take the business private. This is little more than the net cash left in the business.<Node id="1712"/>

<Node id="1714"/>&quot;It wouldn&apos;t surprise me if some shareholders just reject the offer anyway because they have been so unhappy with Sullman and Poole,&quot; said one analyst.<Node id="1865"/>

<Node id="1867"/>After the refusal to extend the offer, Claims Direct was left with little option but to accept.<Node id="1962"/>

<Node id="1964"/>Its attempts at a defence were hampered by revelations of the DTI probe. The company was also not helped by the UK High Court, which failed to give clear guidance last week on levels of premiums that companies like Claims Direct can charge.<Node id="2204"/>

<Node id="2206"/>Claims Direct requires customers to take out an insurance policy before it pursues compensation claims on their behalf. This practice has been attacked, with the company accused of charging unreasonable premiums.<Node id="2418"/>

<Node id="2420"/>Attacks by the press earlier this year hit trading, leading to two profits warnings.<Node id="2504"/>

<Node id="2506"/>The bad publicity saw a severe drop in the number of claimants using Claims Direct, and accepted cases dropped from 4,000 a month to 1,000 in June despite a £17m advertising campaign.<Node id="2690"/>
<Node id="2691"/></TextWithNodes>
<!-- The default annotation set -->

<AnnotationSet>
</AnnotationSet>
<!-- Named annotation set -->

<AnnotationSet Name="Original markups" >
<Annotation Id="30" Type="p" StartNode="207" EndNode="389">
</Annotation>
<Annotation Id="43" Type="td" StartNode="0" EndNode="2691">
<Feature>
  <Name className="java.lang.String">colspan</Name>
  <Value className="java.lang.String">2</Value>
</Feature>
</Annotation>
<Annotation Id="31" Type="p" StartNode="0" EndNode="205">
</Annotation>
<Annotation Id="32" Type="font" StartNode="0" EndNode="2691">
<Feature>
  <Name className="java.lang.String">class</Name>
  <Value className="java.lang.String">allWide</Value>
</Feature>
</Annotation>
<Annotation Id="29" Type="p" StartNode="391" EndNode="605">
</Annotation>
<Annotation Id="18" Type="p" StartNode="2420" EndNode="2504">
</Annotation>
<Annotation Id="27" Type="p" StartNode="765" EndNode="952">
</Annotation>
<Annotation Id="44" Type="tr" StartNode="0" EndNode="2691">
</Annotation>
<Annotation Id="17" Type="p" StartNode="2506" EndNode="2690">
</Annotation>
<Annotation Id="28" Type="p" StartNode="607" EndNode="763">
</Annotation>
<Annotation Id="23" Type="p" StartNode="1539" EndNode="1712">
</Annotation>
<Annotation Id="22" Type="p" StartNode="1714" EndNode="1865">
</Annotation>
<Annotation Id="53" Type="body" StartNode="0" EndNode="2691">
<Feature>
  <Name className="java.lang.String">_implied_</Name>
  <Value className="java.lang.String">true</Value>
</Feature>
</Annotation>
<Annotation Id="21" Type="p" StartNode="1867" EndNode="1962">
</Annotation>
<Annotation Id="33" Type="p" StartNode="0" EndNode="2691">
</Annotation>
<Annotation Id="52" Type="table" StartNode="0" EndNode="2691">
<Feature>
  <Name className="java.lang.String">vlink</Name>
  <Value className="java.lang.String">#330033</Value>
</Feature>
<Feature>
  <Name className="java.lang.String">marginheight</Name>
  <Value className="java.lang.String">0</Value>
</Feature>
<Feature>
  <Name className="java.lang.String">width</Name>
  <Value className="java.lang.String">618</Value>
</Feature>
<Feature>
  <Name className="java.lang.String">cellpadding</Name>
  <Value className="java.lang.String">0</Value>
</Feature>
<Feature>
  <Name className="java.lang.String">topmargin</Name>
  <Value className="java.lang.String">0</Value>
</Feature>
<Feature>
  <Name className="java.lang.String">leftmargin</Name>
  <Value className="java.lang.String">0</Value>
</Feature>
<Feature>
  <Name className="java.lang.String">cellspacing</Name>
  <Value className="java.lang.String">0</Value>
</Feature>
<Feature>
  <Name className="java.lang.String">marginwidth</Name>
  <Value className="java.lang.String">0</Value>
</Feature>
<Feature>
  <Name className="java.lang.String">link</Name>
  <Value className="java.lang.String">#330033</Value>
</Feature>
<Feature>
  <Name className="java.lang.String">border</Name>
  <Value className="java.lang.String">0</Value>
</Feature>
<Feature>
  <Name className="java.lang.String">bgcolor</Name>
  <Value className="java.lang.String">white</Value>
</Feature>
<Feature>
  <Name className="java.lang.String">alink</Name>
  <Value className="java.lang.String">#996600</Value>
</Feature>
</Annotation>
<Annotation Id="24" Type="p" StartNode="1282" EndNode="1537">
</Annotation>
<Annotation Id="19" Type="p" StartNode="2206" EndNode="2418">
</Annotation>
<Annotation Id="55" Type="html" StartNode="0" EndNode="2691">
<Feature>
  <Name className="java.lang.String">_implied_</Name>
  <Value className="java.lang.String">true</Value>
</Feature>
</Annotation>
<Annotation Id="26" Type="p" StartNode="954" EndNode="1078">
</Annotation>
<Annotation Id="20" Type="p" StartNode="1964" EndNode="2204">
</Annotation>
<Annotation Id="25" Type="p" StartNode="1080" EndNode="1280">
</Annotation>
<Annotation Id="0" Type="TEXT" StartNode="0" EndNode="2691">
</Annotation>
</AnnotationSet>
</GateDocument>