<?xml version="1.0" encoding="windows-1252" ?>
<GateDocument>
<!-- The document's features-->

<GateDocumentFeatures>
<Feature>
  <Name className="java.lang.String">gate.SourceURL</Name>
  <Value className="java.lang.String">file:/Z:/gatecorpora/news/business/test/ft-commerzbank-10-aug-2001.html</Value>
</Feature>
<Feature>
  <Name className="java.lang.String">MimeType</Name>
  <Value className="java.lang.String">text/html</Value>
</Feature>
</GateDocumentFeatures>
<!-- The document content area with serialized nodes -->

<TextWithNodes><Node id="0"/>Commerzbank, Germany&apos;s third biggest listed bank, on Thursday struggled to quell takeover rumours, as investors drove the bank&apos;s stock sharply higher despite a big drop in second quarter profits.<Node id="195"/>

<Node id="197"/>The bank blamed weak global stock markets and high operating costs for the poor second quarter, which saw pre-tax profits fall 40 per cent quarter on quarter to E186m ($161.8m).<Node id="374"/>

<Node id="376"/>It vowed to contain soaring costs and said management had approved a recruitment freeze and the cancellation of several IT projects as part of a drive to save E240m by the end of the year.<Node id="564"/>

<Node id="566"/>The market largely disregarded the bank&apos;s poor performance, pushing the stock 3 per higher to around E27 as takeover speculation continued to gain momentum.<Node id="722"/>

<Node id="724"/>Analysts said the weak results would boost the bid speculation surrounding the stock, which has been driven by takeover rumours rather than fundamentals for most of the past year.<Node id="903"/>

<Node id="905"/>In a conference call for analysts, executives dismissed reports that Commerzbank was in takeover talks with Unicredito Italiano, Italy&apos;s second largest bank.<Node id="1062"/>

<Node id="1064"/>They also denied that the bank&apos;s largest shareholder, Assicurazioni Generali, the Italian insurer, had increased its stake from 10 per cent to 19 per cent.<Node id="1219"/>

<Node id="1221"/>But officials admitted the bank, long seen as vulnerable to a takeover, was in talks with several European banks, some of which lie outside its extensive network of partnerships. &quot;We have had contact with Unicredito, SociÃ&#169;tÃ&#169; GÃ&#169;nÃ&#169;rale, the Royal Bank of Scotland, ABN Amro, Den Danske Bank, BSCH of Spain and HSBC,&quot; said an official.<Node id="1561"/>

<Node id="1563"/>Bankers said the talks were understood to have centred on the possibility of partners taking stakes in specific businesses, such as asset management, which is being restructured, or Comdirect, the bank&apos;s troubled online broking subsidiary. In return potential partners might gain seats on the bank&apos;s supervisory board, the bankers said.<Node id="1899"/>

<Node id="1901"/>Analysts said the bank&apos;s poor underlying performance for the third quarter in a row had put it under renewed pressure to boost profitability.<Node id="2042"/>

<Node id="2044"/>The bank said costs, which shot up 18 per cent in the first half to E2.909bn from E2.47bn a year earlier, remained a &quot;cause for concern&quot;.<Node id="2181"/>

<Node id="2183"/>It said it planned to save E240m in the second half of this year. About E100m would come from a recruitment freeze, with a further E140m coming from cuts in information technology investments.<Node id="2375"/>

<Node id="2377"/>Fox-Pitt, Kelton, the investment bank, said a big jump in non-staff costs was behind the increase in operating expenses. These included costs linked to the restructuring of businesses, euro conversion costs and expenditure on consultancies and other projects, it said.<Node id="2645"/></TextWithNodes>
<!-- The default annotation set -->

<AnnotationSet>
</AnnotationSet>
<!-- Named annotation set -->

<AnnotationSet Name="Original markups" >
<Annotation Id="30" Type="p" StartNode="1221" EndNode="1561">
</Annotation>
<Annotation Id="31" Type="p" StartNode="905" EndNode="1062">
</Annotation>
<Annotation Id="95" Type="html" StartNode="0" EndNode="2645">
<Feature>
  <Name className="java.lang.String">_implied_</Name>
  <Value className="java.lang.String">true</Value>
</Feature>
</Annotation>
<Annotation Id="34" Type="font" StartNode="0" EndNode="2645">
<Feature>
  <Name className="java.lang.String">class</Name>
  <Value className="java.lang.String">allWide</Value>
</Feature>
</Annotation>
<Annotation Id="32" Type="p" StartNode="566" EndNode="722">
</Annotation>
<Annotation Id="29" Type="p" StartNode="1901" EndNode="2042">
</Annotation>
<Annotation Id="82" Type="p" StartNode="376" EndNode="564">
</Annotation>
<Annotation Id="81" Type="p" StartNode="724" EndNode="903">
</Annotation>
<Annotation Id="28" Type="p" StartNode="2183" EndNode="2375">
</Annotation>
<Annotation Id="94" Type="body" StartNode="0" EndNode="2645">
<Feature>
  <Name className="java.lang.String">_implied_</Name>
  <Value className="java.lang.String">true</Value>
</Feature>
</Annotation>
<Annotation Id="33" Type="p" StartNode="197" EndNode="374">
</Annotation>
<Annotation Id="79" Type="p" StartNode="1563" EndNode="1899">
</Annotation>
<Annotation Id="80" Type="p" StartNode="1064" EndNode="1219">
</Annotation>
<Annotation Id="83" Type="p" StartNode="0" EndNode="195">
</Annotation>
<Annotation Id="44" Type="table" StartNode="0" EndNode="2645">
<Feature>
  <Name className="java.lang.String">vlink</Name>
  <Value className="java.lang.String">#330033</Value>
</Feature>
<Feature>
  <Name className="java.lang.String">marginheight</Name>
  <Value className="java.lang.String">0</Value>
</Feature>
<Feature>
  <Name className="java.lang.String">width</Name>
  <Value className="java.lang.String">618</Value>
</Feature>
<Feature>
  <Name className="java.lang.String">cellpadding</Name>
  <Value className="java.lang.String">0</Value>
</Feature>
<Feature>
  <Name className="java.lang.String">topmargin</Name>
  <Value className="java.lang.String">0</Value>
</Feature>
<Feature>
  <Name className="java.lang.String">leftmargin</Name>
  <Value className="java.lang.String">0</Value>
</Feature>
<Feature>
  <Name className="java.lang.String">cellspacing</Name>
  <Value className="java.lang.String">0</Value>
</Feature>
<Feature>
  <Name className="java.lang.String">marginwidth</Name>
  <Value className="java.lang.String">0</Value>
</Feature>
<Feature>
  <Name className="java.lang.String">link</Name>
  <Value className="java.lang.String">#330033</Value>
</Feature>
<Feature>
  <Name className="java.lang.String">border</Name>
  <Value className="java.lang.String">0</Value>
</Feature>
<Feature>
  <Name className="java.lang.String">bgcolor</Name>
  <Value className="java.lang.String">white</Value>
</Feature>
<Feature>
  <Name className="java.lang.String">alink</Name>
  <Value className="java.lang.String">#996600</Value>
</Feature>
</Annotation>
<Annotation Id="77" Type="p" StartNode="2377" EndNode="2645">
</Annotation>
<Annotation Id="84" Type="p" StartNode="0" EndNode="2645">
</Annotation>
<Annotation Id="40" Type="tr" StartNode="0" EndNode="2645">
</Annotation>
<Annotation Id="78" Type="p" StartNode="2044" EndNode="2181">
</Annotation>
<Annotation Id="89" Type="td" StartNode="0" EndNode="2645">
<Feature>
  <Name className="java.lang.String">colspan</Name>
  <Value className="java.lang.String">2</Value>
</Feature>
</Annotation>
<Annotation Id="0" Type="TEXT" StartNode="0" EndNode="2645">
</Annotation>
</AnnotationSet>
</GateDocument>