<?xml version="1.0" encoding="windows-1252" ?>
<GateDocument>
<!-- The document's features-->

<GateDocumentFeatures>
<Feature>
  <Name className="java.lang.String">gate.SourceURL</Name>
  <Value className="java.lang.String">file:/Z:/gatecorpora/news/business/test/ft-equitable-07-auf-2001.html</Value>
</Feature>
<Feature>
  <Name className="java.lang.String">MimeType</Name>
  <Value className="java.lang.String">text/html</Value>
</Feature>
</GateDocumentFeatures>
<!-- The document content area with serialized nodes -->

<TextWithNodes><Node id="0"/>The Financial Services Authority is seeking independent legal advice on whether Equitable Life members who did not have guaranteed annuity policies were victims of mis-selling.<Node id="176"/>

<Node id="178"/>This move by the City watchdog could affect other pension companies that are reeling from the cost to the industry of honouring guaranteed annuity liabilities, estimated at up to £10bn ($14bn).<Node id="372"/>

<Node id="374"/>The FSA announced in February it was examining whether Equitable policyholders who bought policies last year could claim they had been mis-sold - particularly those who bought policies after the Law Lords ruled in July against the mutual&apos;s stance on guaranteed annuities.<Node id="645"/>

<Node id="647"/>Depending on its legal advice, the FSA&apos;s could affect other pension groups. If the regulator decides these policyholders were misled and suffered a loss, they could be eligible for compensation.<Node id="841"/>

<Node id="843"/>More than 50 life assurers had some exposure to guaranteed annuity-type products. However, most have dealt with the problem by drawing on their &quot;orphan assets&quot; of surplus capital in their with-profits funds, or by receiving capital injections from shareholders.<Node id="1104"/>

<Node id="1106"/>Analysts said it would not be easy for other policyholders to prove they had suffered a loss as a result of the existence of the guaranteed annuity policies - a must if they are to claim compensation.<Node id="1306"/>

<Node id="1308"/>Equitable has asked Nicholas Warren QC to advise whether customers sold pension policies without annuity guarantees should have been told about the troubled mutual&apos;s exposure to guaranteed annuity liabilities - now put at £2.6bn.<Node id="1538"/>

<Node id="1540"/>Vanni Treves, Equitable&apos;s chairman, has acknowledged that any liability arising from mis-selling could be &quot;a substantial amount&quot;, though he said it would not be of the same scale as the guaranteed annuity liability.<Node id="1755"/>

<Node id="1757"/>He said quantification of any mis-selling claims would have to be from part of the forthcoming compromise deal between the 90,000 Equitable policyholders with guaranteed annuity policies and the majority who do not have guarantees.<Node id="1988"/>

<Node id="1990"/>Of Mr Warren&apos;s report, Mr Treves said: &quot;I think it will be a very, very important piece of work for the industry as a whole, which is one reason why the FSA is taking its own independent advice upon it&quot;.<Node id="2193"/></TextWithNodes>
<!-- The default annotation set -->

<AnnotationSet>
</AnnotationSet>
<!-- Named annotation set -->

<AnnotationSet Name="Original markups" >
<Annotation Id="48" Type="body" StartNode="0" EndNode="2193">
<Feature>
  <Name className="java.lang.String">_implied_</Name>
  <Value className="java.lang.String">true</Value>
</Feature>
</Annotation>
<Annotation Id="47" Type="table" StartNode="0" EndNode="2193">
<Feature>
  <Name className="java.lang.String">vlink</Name>
  <Value className="java.lang.String">#330033</Value>
</Feature>
<Feature>
  <Name className="java.lang.String">marginheight</Name>
  <Value className="java.lang.String">0</Value>
</Feature>
<Feature>
  <Name className="java.lang.String">width</Name>
  <Value className="java.lang.String">618</Value>
</Feature>
<Feature>
  <Name className="java.lang.String">cellpadding</Name>
  <Value className="java.lang.String">0</Value>
</Feature>
<Feature>
  <Name className="java.lang.String">topmargin</Name>
  <Value className="java.lang.String">0</Value>
</Feature>
<Feature>
  <Name className="java.lang.String">leftmargin</Name>
  <Value className="java.lang.String">0</Value>
</Feature>
<Feature>
  <Name className="java.lang.String">cellspacing</Name>
  <Value className="java.lang.String">0</Value>
</Feature>
<Feature>
  <Name className="java.lang.String">marginwidth</Name>
  <Value className="java.lang.String">0</Value>
</Feature>
<Feature>
  <Name className="java.lang.String">link</Name>
  <Value className="java.lang.String">#330033</Value>
</Feature>
<Feature>
  <Name className="java.lang.String">border</Name>
  <Value className="java.lang.String">0</Value>
</Feature>
<Feature>
  <Name className="java.lang.String">bgcolor</Name>
  <Value className="java.lang.String">white</Value>
</Feature>
<Feature>
  <Name className="java.lang.String">alink</Name>
  <Value className="java.lang.String">#996600</Value>
</Feature>
</Annotation>
<Annotation Id="18" Type="p" StartNode="1757" EndNode="1988">
</Annotation>
<Annotation Id="27" Type="font" StartNode="0" EndNode="2193">
<Feature>
  <Name className="java.lang.String">class</Name>
  <Value className="java.lang.String">allWide</Value>
</Feature>
</Annotation>
<Annotation Id="17" Type="p" StartNode="1990" EndNode="2193">
</Annotation>
<Annotation Id="28" Type="p" StartNode="0" EndNode="2193">
</Annotation>
<Annotation Id="38" Type="td" StartNode="0" EndNode="2193">
<Feature>
  <Name className="java.lang.String">colspan</Name>
  <Value className="java.lang.String">2</Value>
</Feature>
</Annotation>
<Annotation Id="23" Type="p" StartNode="647" EndNode="841">
</Annotation>
<Annotation Id="22" Type="p" StartNode="843" EndNode="1104">
</Annotation>
<Annotation Id="21" Type="p" StartNode="1106" EndNode="1306">
</Annotation>
<Annotation Id="24" Type="p" StartNode="374" EndNode="645">
</Annotation>
<Annotation Id="19" Type="p" StartNode="1540" EndNode="1755">
</Annotation>
<Annotation Id="26" Type="p" StartNode="0" EndNode="176">
</Annotation>
<Annotation Id="50" Type="html" StartNode="0" EndNode="2193">
<Feature>
  <Name className="java.lang.String">_implied_</Name>
  <Value className="java.lang.String">true</Value>
</Feature>
</Annotation>
<Annotation Id="39" Type="tr" StartNode="0" EndNode="2193">
</Annotation>
<Annotation Id="20" Type="p" StartNode="1308" EndNode="1538">
</Annotation>
<Annotation Id="25" Type="p" StartNode="178" EndNode="372">
</Annotation>
<Annotation Id="0" Type="TEXT" StartNode="0" EndNode="2193">
</Annotation>
</AnnotationSet>
</GateDocument>