<?xml version="1.0" encoding="windows-1252" ?>
<GateDocument>
<!-- The document's features-->

<GateDocumentFeatures>
<Feature>
  <Name className="java.lang.String">gate.SourceURL</Name>
  <Value className="java.lang.String">file:/Z:/gatecorpora/news/business/test/ft-house-price-08-aug-2001.html</Value>
</Feature>
<Feature>
  <Name className="java.lang.String">MimeType</Name>
  <Value className="java.lang.String">text/html</Value>
</Feature>
</GateDocumentFeatures>
<!-- The document content area with serialized nodes -->

<TextWithNodes><Node id="0"/>House prices in England and Wales were 10.8 per cent higher in the second quarter than in the same period last year, according to figures released by the Land Registry.<Node id="168"/>

<Node id="170"/>The average house cost almost £7,000 ($10,000) more than it did in the same period of 2000.<Node id="262"/>

<Node id="264"/>Prices rose in all regions, with the East Midlands up the most at 15.6 per cent, while house prices in Wales experienced the smallest increase at 6.5 per cent.<Node id="423"/>

<Node id="425"/>However, greater London is still the most expensive place to buy a house, with average prices up 6.65 per cent in the quarter to £205,831, compared to $193,004 during the same period in 2000.<Node id="617"/>

<Node id="619"/>The figures also show that money is no object for some - 516 London houses sold for more than £1m ($1.4m) during the three months to the end of June, from 293 during the same period last year.<Node id="812"/>

<Node id="814"/>Across England and Wales, the volume of sales also grew, up 14.6 per cent to 266,536 sales, from 232,548 during the second quarter last year.<Node id="955"/>

<Node id="957"/>The growth in house price inflation is in line with recent surveys showing the property market is booming. This is despite the global economic slowdown and evidence of a two-speed economy taking hold in the UK, where manufacturing is technically in recession although consumer spending is increasing.<Node id="1257"/></TextWithNodes>
<!-- The default annotation set -->

<AnnotationSet>
</AnnotationSet>
<!-- Named annotation set -->

<AnnotationSet Name="Original markups" >
<Annotation Id="30" Type="p" StartNode="264" EndNode="423">
</Annotation>
<Annotation Id="31" Type="p" StartNode="170" EndNode="262">
</Annotation>
<Annotation Id="32" Type="p" StartNode="0" EndNode="168">
</Annotation>
<Annotation Id="34" Type="p" StartNode="0" EndNode="1257">
</Annotation>
<Annotation Id="29" Type="p" StartNode="425" EndNode="617">
</Annotation>
<Annotation Id="27" Type="p" StartNode="814" EndNode="955">
</Annotation>
<Annotation Id="44" Type="td" StartNode="0" EndNode="1257">
<Feature>
  <Name className="java.lang.String">colspan</Name>
  <Value className="java.lang.String">2</Value>
</Feature>
</Annotation>
<Annotation Id="28" Type="p" StartNode="619" EndNode="812">
</Annotation>
<Annotation Id="54" Type="body" StartNode="0" EndNode="1257">
<Feature>
  <Name className="java.lang.String">_implied_</Name>
  <Value className="java.lang.String">true</Value>
</Feature>
</Annotation>
<Annotation Id="53" Type="table" StartNode="0" EndNode="1257">
<Feature>
  <Name className="java.lang.String">vlink</Name>
  <Value className="java.lang.String">#330033</Value>
</Feature>
<Feature>
  <Name className="java.lang.String">marginheight</Name>
  <Value className="java.lang.String">0</Value>
</Feature>
<Feature>
  <Name className="java.lang.String">width</Name>
  <Value className="java.lang.String">618</Value>
</Feature>
<Feature>
  <Name className="java.lang.String">cellpadding</Name>
  <Value className="java.lang.String">0</Value>
</Feature>
<Feature>
  <Name className="java.lang.String">topmargin</Name>
  <Value className="java.lang.String">0</Value>
</Feature>
<Feature>
  <Name className="java.lang.String">leftmargin</Name>
  <Value className="java.lang.String">0</Value>
</Feature>
<Feature>
  <Name className="java.lang.String">cellspacing</Name>
  <Value className="java.lang.String">0</Value>
</Feature>
<Feature>
  <Name className="java.lang.String">marginwidth</Name>
  <Value className="java.lang.String">0</Value>
</Feature>
<Feature>
  <Name className="java.lang.String">link</Name>
  <Value className="java.lang.String">#330033</Value>
</Feature>
<Feature>
  <Name className="java.lang.String">border</Name>
  <Value className="java.lang.String">0</Value>
</Feature>
<Feature>
  <Name className="java.lang.String">bgcolor</Name>
  <Value className="java.lang.String">white</Value>
</Feature>
<Feature>
  <Name className="java.lang.String">alink</Name>
  <Value className="java.lang.String">#996600</Value>
</Feature>
</Annotation>
<Annotation Id="33" Type="font" StartNode="0" EndNode="1257">
<Feature>
  <Name className="java.lang.String">class</Name>
  <Value className="java.lang.String">allWide</Value>
</Feature>
</Annotation>
<Annotation Id="26" Type="p" StartNode="957" EndNode="1257">
</Annotation>
<Annotation Id="45" Type="tr" StartNode="0" EndNode="1257">
</Annotation>
<Annotation Id="56" Type="html" StartNode="0" EndNode="1257">
<Feature>
  <Name className="java.lang.String">_implied_</Name>
  <Value className="java.lang.String">true</Value>
</Feature>
</Annotation>
<Annotation Id="0" Type="TEXT" StartNode="0" EndNode="1257">
</Annotation>
</AnnotationSet>
</GateDocument>