<?xml version="1.0" encoding="windows-1252" ?>
<GateDocument>
<!-- The document's features-->

<GateDocumentFeatures>
<Feature>
  <Name className="java.lang.String">gate.SourceURL</Name>
  <Value className="java.lang.String">file:/Z:/gatecorpora/news/business/test/ft-industrial-gloom-07-Aug-2001.html</Value>
</Feature>
<Feature>
  <Name className="java.lang.String">MimeType</Name>
  <Value className="java.lang.String">text/html</Value>
</Feature>
</GateDocumentFeatures>
<!-- The document content area with serialized nodes -->

<TextWithNodes><Node id="0"/>Manufacturers&apos; warnings about job cuts and shrinking production are spread across the country, including prosperous south-east England, the Confederation of British Industry said on Tuesday.<Node id="190"/>

<Node id="192"/>Publishing a regional breakdown of its regular survey of manufacturers, the CBI said that companies in south-east England and London were the most pessimistic about job prospects over the next four months.<Node id="397"/>

<Node id="399"/>Companies in Scotland seemed the gloomiest about the business situation. Scotland, along with south-east England, has a large number of high-technology companies, and 52 per cent of those were pessimistic about the next four months.<Node id="631"/>

<Node id="633"/>Peter Gutmann, associate director of the consultancy Business Strategies, which helped produce the survey, said the results implied further job losses of 29,000 in manufacturing between July and September.<Node id="838"/>

<Node id="840"/>&quot;Previously resilient regions are experiencing the pain as much as traditional manufacturing areas, as the downturn has affected new technology sectors,&quot; he said.<Node id="1002"/>

<Node id="1004"/>The effect of any such job cuts on consumer confidence has been identified by economists as one of the key economic relationships in the second half of the year that will determine future movements in interest rates.<Node id="1220"/>

<Node id="1222"/>On Wednesday, the Bank of England publishes its quarterly inflation report, including the forecasts for inflation over the next two years. Formerly the highlight of the monetary policy process in the UK, the inflation reports have faded somewhat from prominence as divisions on the monetary policy committee have made the formulation of a unified forecast increasingly difficult.<Node id="1601"/>

<Node id="1603"/>But City economists said Wednesday&apos;s report would be eagerly awaited by investors and commentators looking for an explanation for the Bank&apos;s surprise interest rate cut last week. In the past, the committee has not been more likely to move rates in the month it produces the inflation forecast.<Node id="1896"/>

<Node id="1898"/>&quot;The monetary policy committee seems to be looking at the question the other way round,&quot; said Ciaran Barr, UK economist at Deutsche Bank in London. &quot;Instead of worrying that consumer demand was outpacing the rest of the economy, they are now asking: what happens if confidence falls and consumer spending slows down?<Node id="2214"/>

<Node id="2216"/>&quot;The catalyst for this change of view may well have been sitting down and crunching the numbers for the inflation forecast.&quot;<Node id="2340"/>

<Node id="2342"/>However, definitive conclusions about the thinking of the committee may have to wait until next week when the minutes of last week&apos;s meeting are released.<Node id="2496"/>

<Node id="2498"/>Last August, markets were reassured by the dovish tone taken by Mervyn King, the Bank&apos;s deputy governor, when he was presenting the inflation report, only to be surprised a week later when it emerged that Mr King and three other committee members had voted for higher interest rates.<Node id="2781"/>

<Node id="2783"/>Some economists have suggested that last week&apos;s vote may not have been unanimous either. During last month&apos;s MPC meeting, the committee threw the markets off guard by saying that &quot;for some the news [over the month] made it less likely that the next move in interest rates would be down&quot;.<Node id="3070"/></TextWithNodes>
<!-- The default annotation set -->

<AnnotationSet>
</AnnotationSet>
<!-- Named annotation set -->

<AnnotationSet Name="Original markups" >
<Annotation Id="30" Type="p" StartNode="1004" EndNode="1220">
</Annotation>
<Annotation Id="31" Type="p" StartNode="840" EndNode="1002">
</Annotation>
<Annotation Id="48" Type="tr" StartNode="0" EndNode="3070">
</Annotation>
<Annotation Id="59" Type="html" StartNode="0" EndNode="3070">
<Feature>
  <Name className="java.lang.String">_implied_</Name>
  <Value className="java.lang.String">true</Value>
</Feature>
</Annotation>
<Annotation Id="32" Type="p" StartNode="633" EndNode="838">
</Annotation>
<Annotation Id="34" Type="p" StartNode="192" EndNode="397">
</Annotation>
<Annotation Id="29" Type="p" StartNode="1222" EndNode="1601">
</Annotation>
<Annotation Id="47" Type="td" StartNode="0" EndNode="3070">
<Feature>
  <Name className="java.lang.String">colspan</Name>
  <Value className="java.lang.String">2</Value>
</Feature>
</Annotation>
<Annotation Id="27" Type="p" StartNode="1898" EndNode="2214">
</Annotation>
<Annotation Id="28" Type="p" StartNode="1603" EndNode="1896">
</Annotation>
<Annotation Id="57" Type="body" StartNode="0" EndNode="3070">
<Feature>
  <Name className="java.lang.String">_implied_</Name>
  <Value className="java.lang.String">true</Value>
</Feature>
</Annotation>
<Annotation Id="37" Type="p" StartNode="0" EndNode="3070">
</Annotation>
<Annotation Id="23" Type="p" StartNode="2783" EndNode="3070">
</Annotation>
<Annotation Id="35" Type="p" StartNode="0" EndNode="190">
</Annotation>
<Annotation Id="33" Type="p" StartNode="399" EndNode="631">
</Annotation>
<Annotation Id="24" Type="p" StartNode="2498" EndNode="2781">
</Annotation>
<Annotation Id="36" Type="font" StartNode="0" EndNode="3070">
<Feature>
  <Name className="java.lang.String">class</Name>
  <Value className="java.lang.String">allWide</Value>
</Feature>
</Annotation>
<Annotation Id="26" Type="p" StartNode="2216" EndNode="2340">
</Annotation>
<Annotation Id="25" Type="p" StartNode="2342" EndNode="2496">
</Annotation>
<Annotation Id="56" Type="table" StartNode="0" EndNode="3070">
<Feature>
  <Name className="java.lang.String">vlink</Name>
  <Value className="java.lang.String">#330033</Value>
</Feature>
<Feature>
  <Name className="java.lang.String">marginheight</Name>
  <Value className="java.lang.String">0</Value>
</Feature>
<Feature>
  <Name className="java.lang.String">width</Name>
  <Value className="java.lang.String">618</Value>
</Feature>
<Feature>
  <Name className="java.lang.String">cellpadding</Name>
  <Value className="java.lang.String">0</Value>
</Feature>
<Feature>
  <Name className="java.lang.String">topmargin</Name>
  <Value className="java.lang.String">0</Value>
</Feature>
<Feature>
  <Name className="java.lang.String">leftmargin</Name>
  <Value className="java.lang.String">0</Value>
</Feature>
<Feature>
  <Name className="java.lang.String">cellspacing</Name>
  <Value className="java.lang.String">0</Value>
</Feature>
<Feature>
  <Name className="java.lang.String">marginwidth</Name>
  <Value className="java.lang.String">0</Value>
</Feature>
<Feature>
  <Name className="java.lang.String">link</Name>
  <Value className="java.lang.String">#330033</Value>
</Feature>
<Feature>
  <Name className="java.lang.String">border</Name>
  <Value className="java.lang.String">0</Value>
</Feature>
<Feature>
  <Name className="java.lang.String">bgcolor</Name>
  <Value className="java.lang.String">white</Value>
</Feature>
<Feature>
  <Name className="java.lang.String">alink</Name>
  <Value className="java.lang.String">#996600</Value>
</Feature>
</Annotation>
<Annotation Id="0" Type="TEXT" StartNode="0" EndNode="3070">
</Annotation>
</AnnotationSet>
</GateDocument>