<?xml version="1.0" encoding="windows-1252" ?>
<GateDocument>
<!-- The document's features-->

<GateDocumentFeatures>
<Feature>
  <Name className="java.lang.String">gate.SourceURL</Name>
  <Value className="java.lang.String">file:/Z:/gatecorpora/news/business/test/ft-mortgage-lenders-04-aug-2001.html</Value>
</Feature>
<Feature>
  <Name className="java.lang.String">MimeType</Name>
  <Value className="java.lang.String">text/html</Value>
</Feature>
</GateDocumentFeatures>
<!-- The document content area with serialized nodes -->

<TextWithNodes><Node id="0"/>Although borrowing may be cheaper, what may be more important are perceptions about job security. Ed Crooks reports&#160;-&#160;Aug 04 2001 00:00:00<Node id="138"/>

<Node id="140"/>Amid all the euphoria inspired by Thursday&apos;s surprise cut in interest rates, mortgage lenders were much more cautious.<Node id="258"/>

<Node id="260"/>Halifax, Britain&apos;s biggest mortgage lender, reported on Friday that house prices had risen by 9.6 per cent in the year to July, but said it believed house price inflation was likely to ease over the coming months.<Node id="473"/>

<Node id="475"/>Its comments echoed the warning by the Nationwide building society earlier in the week, which described the present rate of house price rises as &quot;unsustainable&quot;.<Node id="636"/>

<Node id="638"/>The general view of lenders and estate agents is that the latest cut in mortgage rates, now at their lowest level for 45 years, does not make much difference to that outlook.<Node id="812"/>

<Node id="814"/>Critics of the Bank of England&apos;s decision have argued that it will fire up consumer demand and boost house prices, while doing little to help hard-pressed companies exposed to international markets.<Node id="1012"/>

<Node id="1014"/>The evidence does not necessarily support that view. Britain&apos;s non-financial businesses have £800bn in debts, while consumers have only £700bn. At a rough estimate, a quarter-point rate cut injects about £2.5bn into the economy, of which about £1bn goes to consumers.<Node id="1285"/>

<Node id="1287"/>Small businesses borrow about 80 per cent of their loans at floating rates set at a margin above base rate. Consumers, on the other hand, pay variable rates linked to Bank of England rates on only about 50 per cent of their debts.<Node id="1517"/>

<Node id="1519"/>About 30 per cent of consumer borrowing is in the form of personal loans and credit card debt, for which the interest rates depend more on competition in the market than on base rates. And changes in the mortgage market have also limited the impact of Bank decisions.<Node id="1786"/>

<Node id="1788"/>&quot;In the late 1980s everyone was on variable rates,&quot; says Richard Donnell of the estate agents FPD Savills.<Node id="1894"/>

<Node id="1896"/>&quot;Now there are a lot more fixed rates, discounts, caps, collars and so on. So a cut in variable rates makes only a marginal difference.&quot;<Node id="2032"/>

<Node id="2034"/>No one knows exactly what rates are charged on the 11m mortgages currently outstanding in Britain, but a survey last year for the Council of Mortgage Lenders found that 28 per cent of borrowers were paying fixed rates.<Node id="2252"/>

<Node id="2254"/>For the borrowers who are gaining, the savings are hardly enormous. Someone with an average £50,000 repayment mortgage will save less than £8 a month, according to Halifax.<Node id="2428"/>

<Node id="2430"/>For anyone thinking of taking out a new mortgage, the reduction in variable rates does undoubtedly make the already attractive-looking affordability calculations look even better.<Node id="2609"/>

<Node id="2611"/>Martin Weale, of the National Institute of Economic and Social Research, has calculated that the cost of a mortgage needed to buy an average house is about 56 per cent of average earnings this year, compared with more than 100 per cent in 1990.<Node id="2855"/>

<Node id="2857"/>But those affordability measures have looked good for many years. What may now be more important are perceptions about people&apos;s job security.<Node id="2998"/>

<Node id="3000"/>Thursday&apos;s rate cut, while making mortgages cheaper, may also have made prospective home-buyers more nervous about their ability to keep up the payments.<Node id="3153"/>

<Node id="3155"/>&quot;Consumer demand and house prices have continued to weather the global slowdown because the service sector has been strong and unemployment has been falling,&quot; says Martin Ellis, Halifax&apos;s chief economist.<Node id="3359"/>

<Node id="3361"/>&quot;Now the service sector is being affected, and unemployment is likely to rise, we expect house price inflation to come down.&quot;<Node id="3486"/>

<Node id="3488"/>Mortgage lenders and estate agents have an interest in calming the housing market down: they want to see steady growth, not boom and bust.<Node id="3626"/>

<Node id="3628"/>But as the economic outlook worsens, their predictions that house prices will soon flag seem hard to contradict.<Node id="3740"/>
<Node id="3741"/></TextWithNodes>
<!-- The default annotation set -->

<AnnotationSet>
</AnnotationSet>
<!-- Named annotation set -->

<AnnotationSet Name="Original markups" >
<Annotation Id="15" Type="p" StartNode="3155" EndNode="3359">
</Annotation>
<Annotation Id="30" Type="p" StartNode="260" EndNode="473">
</Annotation>
<Annotation Id="43" Type="td" StartNode="0" EndNode="3741">
<Feature>
  <Name className="java.lang.String">colspan</Name>
  <Value className="java.lang.String">2</Value>
</Feature>
</Annotation>
<Annotation Id="16" Type="p" StartNode="3000" EndNode="3153">
</Annotation>
<Annotation Id="31" Type="p" StartNode="140" EndNode="258">
</Annotation>
<Annotation Id="32" Type="font" StartNode="140" EndNode="3741">
<Feature>
  <Name className="java.lang.String">class</Name>
  <Value className="java.lang.String">allWide</Value>
</Feature>
</Annotation>
<Annotation Id="34" Type="font" StartNode="0" EndNode="138">
<Feature>
  <Name className="java.lang.String">class</Name>
  <Value className="java.lang.String">allWide</Value>
</Feature>
</Annotation>
<Annotation Id="29" Type="p" StartNode="475" EndNode="636">
</Annotation>
<Annotation Id="14" Type="p" StartNode="3361" EndNode="3486">
</Annotation>
<Annotation Id="18" Type="p" StartNode="2611" EndNode="2855">
</Annotation>
<Annotation Id="12" Type="p" StartNode="3628" EndNode="3740">
</Annotation>
<Annotation Id="27" Type="p" StartNode="814" EndNode="1012">
</Annotation>
<Annotation Id="44" Type="tr" StartNode="0" EndNode="3741">
</Annotation>
<Annotation Id="17" Type="p" StartNode="2857" EndNode="2998">
</Annotation>
<Annotation Id="13" Type="p" StartNode="3488" EndNode="3626">
</Annotation>
<Annotation Id="28" Type="p" StartNode="638" EndNode="812">
</Annotation>
<Annotation Id="23" Type="p" StartNode="1788" EndNode="1894">
</Annotation>
<Annotation Id="35" Type="p" StartNode="0" EndNode="138">
</Annotation>
<Annotation Id="22" Type="p" StartNode="1896" EndNode="2032">
</Annotation>
<Annotation Id="53" Type="body" StartNode="0" EndNode="3741">
<Feature>
  <Name className="java.lang.String">_implied_</Name>
  <Value className="java.lang.String">true</Value>
</Feature>
</Annotation>
<Annotation Id="21" Type="p" StartNode="2034" EndNode="2252">
</Annotation>
<Annotation Id="33" Type="p" StartNode="140" EndNode="3741">
</Annotation>
<Annotation Id="52" Type="table" StartNode="0" EndNode="3741">
<Feature>
  <Name className="java.lang.String">vlink</Name>
  <Value className="java.lang.String">#330033</Value>
</Feature>
<Feature>
  <Name className="java.lang.String">marginheight</Name>
  <Value className="java.lang.String">0</Value>
</Feature>
<Feature>
  <Name className="java.lang.String">width</Name>
  <Value className="java.lang.String">618</Value>
</Feature>
<Feature>
  <Name className="java.lang.String">cellpadding</Name>
  <Value className="java.lang.String">0</Value>
</Feature>
<Feature>
  <Name className="java.lang.String">topmargin</Name>
  <Value className="java.lang.String">0</Value>
</Feature>
<Feature>
  <Name className="java.lang.String">leftmargin</Name>
  <Value className="java.lang.String">0</Value>
</Feature>
<Feature>
  <Name className="java.lang.String">cellspacing</Name>
  <Value className="java.lang.String">0</Value>
</Feature>
<Feature>
  <Name className="java.lang.String">marginwidth</Name>
  <Value className="java.lang.String">0</Value>
</Feature>
<Feature>
  <Name className="java.lang.String">link</Name>
  <Value className="java.lang.String">#330033</Value>
</Feature>
<Feature>
  <Name className="java.lang.String">border</Name>
  <Value className="java.lang.String">0</Value>
</Feature>
<Feature>
  <Name className="java.lang.String">bgcolor</Name>
  <Value className="java.lang.String">white</Value>
</Feature>
<Feature>
  <Name className="java.lang.String">alink</Name>
  <Value className="java.lang.String">#996600</Value>
</Feature>
</Annotation>
<Annotation Id="24" Type="p" StartNode="1519" EndNode="1786">
</Annotation>
<Annotation Id="19" Type="p" StartNode="2430" EndNode="2609">
</Annotation>
<Annotation Id="55" Type="html" StartNode="0" EndNode="3741">
<Feature>
  <Name className="java.lang.String">_implied_</Name>
  <Value className="java.lang.String">true</Value>
</Feature>
</Annotation>
<Annotation Id="26" Type="p" StartNode="1014" EndNode="1285">
</Annotation>
<Annotation Id="20" Type="p" StartNode="2254" EndNode="2428">
</Annotation>
<Annotation Id="25" Type="p" StartNode="1287" EndNode="1517">
</Annotation>
<Annotation Id="0" Type="TEXT" StartNode="0" EndNode="3741">
</Annotation>
</AnnotationSet>
</GateDocument>