<?xml version='1.0' encoding='UTF-8'?>
<GateDocument>
<!-- The document's features-->

<GateDocumentFeatures>
<Feature>
  <Name className="java.lang.String">gate.SourceURL</Name>
  <Value className="java.lang.String">file:/Z:/Corpus/ft-bt-26-jul-2001.html</Value>
</Feature>
<Feature>
  <Name className="java.lang.String">gate.NAME</Name>
  <Value className="java.lang.String">doc9</Value>
</Feature>
<Feature>
  <Name className="java.lang.String">entitySet</Name>
  <Value className="java.lang.String">==== FILE: /Z:/Corpus/ft-bt-26-jul-2001.html
</Value>
</Feature>
<Feature>
  <Name className="java.lang.String">MimeType</Name>
  <Value className="java.lang.String">text/html</Value>
</Feature>
</GateDocumentFeatures>
<!-- The document content area with serialized nodes -->

<TextWithNodes><Node id="0" />British Telecommunications<Node id="26" /> came full circle on <Node id="47" />Thursday<Node id="55" /> with financial results emphasising the profitability of its traditional phone services and relative balance sheet strength.<Node id="179" />

<Node id="181" />Five years after <Node id="198" />Sir Peter Bonfield<Node id="216" /> joined as chief executive and began investing heavily in the internet "datawave", <Node id="299" />first quarter<Node id="312" /> figures to <Node id="324" />June<Node id="328" /> revealed <Node id="338" />125 per cent<Node id="350" /> of operating profits came from <Node id="382" />BT<Node id="384" />'s utility-style <Node id="401" />UK<Node id="403" /> network.<Node id="412" />

<Node id="414" />In contrast, the company's new "high growth" businesses such as <Node id="478" />Genie<Node id="483" />, <Node id="485" />Openworld<Node id="494" />, <Node id="496" />Concert<Node id="503" />, <Node id="505" />BT Wireless<Node id="516" /> and <Node id="521" />Ignite<Node id="527" /> showed combined losses of <Node id="554" />£295m<Node id="559" /> (<Node id="561" />$419m<Node id="566" />) for the three months.<Node id="589" />

<Node id="591" />Together with interest payments on <Node id="626" />BT<Node id="628" />'s debt, these losses reduced group profit before tax and exceptionals by <Node id="702" />71 per cent<Node id="713" /> to <Node id="717" />£186m<Node id="722" /> compared with <Node id="737" />£673m<Node id="742" /> this time <Node id="753" />last year<Node id="762" />. Turnover was up from <Node id="785" />£4.7bn<Node id="791" /> to <Node id="795" />£5.4bn<Node id="801" />, while underlying earnings per share fell from <Node id="849" />5.7p<Node id="853" /> to <Node id="857" />0.3p<Node id="861" />.<Node id="862" />

<Node id="864" />Sir Peter<Node id="873" /> described the results as "satisfactory", pointing out that <Node id="933" />BT<Node id="935" /> had reduced borrowings dramatically to <Node id="975" />£16.5bn<Node id="982" /> through a series of international disposals and a <Node id="1033" />£5.9bn<Node id="1039" /> rights issue. In comparison, <Node id="1069" />France Telecom<Node id="1083" />, which on <Node id="1094" />Thursday<Node id="1102" /> reported <Node id="1112" />first half<Node id="1122" /> revenue figures up <Node id="1142" />33 per cent<Node id="1153" /> to <Node id="1157" />E20.4bn<Node id="1164" />, has debt of <Node id="1178" />E60bn<Node id="1183" />.<Node id="1184" />

<Node id="1186" />Robert Mocatta<Node id="1200" />, telecoms analyst at <Node id="1222" />Schroder Salomon Smith Barney<Node id="1251" />, said: "Now they [<Node id="1270" />BT<Node id="1272" />] have come back to being primarily just a <Node id="1315" />UK<Node id="1317" /> network business, all they can focus on is running it a bit better."<Node id="1386" />

<Node id="1388" />Sir Peter<Node id="1397" /> insisted there was still plenty of growth potential within <Node id="1457" />BT<Node id="1459" />, singling out <Node id="1474" />Ignite<Node id="1480" />, the business services division, and <Node id="1518" />Openworld<Node id="1527" />, the group's consumer internet arm, as showing increases in underlying performance.<Node id="1611" />

<Node id="1613" />Nevertheless, losses at <Node id="1637" />Concert<Node id="1644" />, <Node id="1646" />BT<Node id="1648" />'s joint venture with <Node id="1670" />AT&amp;T<Node id="1674" /> of the <Node id="1682" />US<Node id="1684" />, grew from <Node id="1696" />£60m<Node id="1700" /> to <Node id="1704" />£81m<Node id="1708" />, and negotiations to unravel the partnership were said to be months away from completion. Another "growth" area, upgrading phone lines with high-speed internet technology known as ADSL, has also seen slow progress with just 70,000 customers connected <Node id="1960" />this year<Node id="1969" />.<Node id="1970" />

<Node id="1972" />The strongest performance came from <Node id="2008" />BT Retail<Node id="2017" />, the core <Node id="2028" />UK<Node id="2030" /> consumer business, which increased profits from <Node id="2079" />£269m<Node id="2084" /> to <Node id="2088" />£316m<Node id="2093" /> through a previously-announced efficiency drive, which will see 6,000 jobs cut <Node id="2173" />this year<Node id="2182" />.<Node id="2183" /></TextWithNodes>
<!-- The default annotation set -->

<AnnotationSet>
</AnnotationSet>

<!-- Named annotation set -->

<AnnotationSet Name="Key">
<Annotation Id="0" Type="Date" StartNode="2173" EndNode="2182">
</Annotation>
<Annotation Id="1" Type="Date" StartNode="1960" EndNode="1969">
<Feature>
  <Name className="java.lang.String">kind</Name>
  <Value className="java.lang.String">date</Value>
</Feature>
</Annotation>
<Annotation Id="2" Type="Date" StartNode="1112" EndNode="1122">
<Feature>
  <Name className="java.lang.String">kind</Name>
  <Value className="java.lang.String">date</Value>
</Feature>
</Annotation>
<Annotation Id="3" Type="Date" StartNode="753" EndNode="762">
<Feature>
  <Name className="java.lang.String">kind</Name>
  <Value className="java.lang.String">date</Value>
</Feature>
</Annotation>
<Annotation Id="4" Type="Date" StartNode="299" EndNode="312">
<Feature>
  <Name className="java.lang.String">kind</Name>
  <Value className="java.lang.String">date</Value>
</Feature>
</Annotation>
<Annotation Id="5" Type="Percent" StartNode="338" EndNode="350">
<Feature>
  <Name className="java.lang.String">rule</Name>
  <Value className="java.lang.String">PercentBasic</Value>
</Feature>
</Annotation>
<Annotation Id="6" Type="Money" StartNode="554" EndNode="559">
<Feature>
  <Name className="java.lang.String">kind</Name>
  <Value className="java.lang.String">number</Value>
</Feature>
<Feature>
  <Name className="java.lang.String">rule</Name>
  <Value className="java.lang.String">MoneySymbolUnit</Value>
</Feature>
</Annotation>
<Annotation Id="7" Type="Money" StartNode="561" EndNode="566">
<Feature>
  <Name className="java.lang.String">kind</Name>
  <Value className="java.lang.String">number</Value>
</Feature>
<Feature>
  <Name className="java.lang.String">rule</Name>
  <Value className="java.lang.String">MoneySymbolUnit</Value>
</Feature>
</Annotation>
<Annotation Id="8" Type="Percent" StartNode="702" EndNode="713">
<Feature>
  <Name className="java.lang.String">rule</Name>
  <Value className="java.lang.String">PercentBasic</Value>
</Feature>
</Annotation>
<Annotation Id="9" Type="Money" StartNode="717" EndNode="722">
<Feature>
  <Name className="java.lang.String">kind</Name>
  <Value className="java.lang.String">number</Value>
</Feature>
<Feature>
  <Name className="java.lang.String">rule</Name>
  <Value className="java.lang.String">MoneySymbolUnit</Value>
</Feature>
</Annotation>
<Annotation Id="10" Type="Money" StartNode="737" EndNode="742">
<Feature>
  <Name className="java.lang.String">kind</Name>
  <Value className="java.lang.String">number</Value>
</Feature>
<Feature>
  <Name className="java.lang.String">rule</Name>
  <Value className="java.lang.String">MoneySymbolUnit</Value>
</Feature>
</Annotation>
<Annotation Id="11" Type="Money" StartNode="785" EndNode="791">
<Feature>
  <Name className="java.lang.String">kind</Name>
  <Value className="java.lang.String">number</Value>
</Feature>
<Feature>
  <Name className="java.lang.String">rule</Name>
  <Value className="java.lang.String">MoneySymbolUnit</Value>
</Feature>
</Annotation>
<Annotation Id="12" Type="Money" StartNode="795" EndNode="801">
<Feature>
  <Name className="java.lang.String">kind</Name>
  <Value className="java.lang.String">number</Value>
</Feature>
<Feature>
  <Name className="java.lang.String">rule</Name>
  <Value className="java.lang.String">MoneySymbolUnit</Value>
</Feature>
</Annotation>
<Annotation Id="13" Type="Money" StartNode="849" EndNode="853">
<Feature>
  <Name className="java.lang.String">kind</Name>
  <Value className="java.lang.String">number</Value>
</Feature>
<Feature>
  <Name className="java.lang.String">rule</Name>
  <Value className="java.lang.String">MoneyCurrencyUnit</Value>
</Feature>
</Annotation>
<Annotation Id="14" Type="Money" StartNode="857" EndNode="861">
<Feature>
  <Name className="java.lang.String">kind</Name>
  <Value className="java.lang.String">number</Value>
</Feature>
<Feature>
  <Name className="java.lang.String">rule</Name>
  <Value className="java.lang.String">MoneyCurrencyUnit</Value>
</Feature>
</Annotation>
<Annotation Id="15" Type="Money" StartNode="975" EndNode="982">
<Feature>
  <Name className="java.lang.String">kind</Name>
  <Value className="java.lang.String">number</Value>
</Feature>
<Feature>
  <Name className="java.lang.String">rule</Name>
  <Value className="java.lang.String">MoneySymbolUnit</Value>
</Feature>
</Annotation>
<Annotation Id="17" Type="Percent" StartNode="1142" EndNode="1153">
<Feature>
  <Name className="java.lang.String">rule</Name>
  <Value className="java.lang.String">PercentBasic</Value>
</Feature>
</Annotation>
<Annotation Id="16" Type="Money" StartNode="1033" EndNode="1039">
<Feature>
  <Name className="java.lang.String">kind</Name>
  <Value className="java.lang.String">number</Value>
</Feature>
<Feature>
  <Name className="java.lang.String">rule</Name>
  <Value className="java.lang.String">MoneySymbolUnit</Value>
</Feature>
</Annotation>
<Annotation Id="19" Type="Money" StartNode="1704" EndNode="1708">
<Feature>
  <Name className="java.lang.String">kind</Name>
  <Value className="java.lang.String">number</Value>
</Feature>
<Feature>
  <Name className="java.lang.String">rule</Name>
  <Value className="java.lang.String">MoneySymbolUnit</Value>
</Feature>
</Annotation>
<Annotation Id="18" Type="Money" StartNode="1696" EndNode="1700">
<Feature>
  <Name className="java.lang.String">kind</Name>
  <Value className="java.lang.String">number</Value>
</Feature>
<Feature>
  <Name className="java.lang.String">rule</Name>
  <Value className="java.lang.String">MoneySymbolUnit</Value>
</Feature>
</Annotation>
<Annotation Id="21" Type="Money" StartNode="2088" EndNode="2093">
<Feature>
  <Name className="java.lang.String">kind</Name>
  <Value className="java.lang.String">number</Value>
</Feature>
<Feature>
  <Name className="java.lang.String">rule</Name>
  <Value className="java.lang.String">MoneySymbolUnit</Value>
</Feature>
</Annotation>
<Annotation Id="20" Type="Money" StartNode="2079" EndNode="2084">
<Feature>
  <Name className="java.lang.String">kind</Name>
  <Value className="java.lang.String">number</Value>
</Feature>
<Feature>
  <Name className="java.lang.String">rule</Name>
  <Value className="java.lang.String">MoneySymbolUnit</Value>
</Feature>
</Annotation>
<Annotation Id="23" Type="Person" StartNode="198" EndNode="216">
<Feature>
  <Name className="java.lang.String">rule1</Name>
  <Value className="java.lang.String">PersonTitleGender</Value>
</Feature>
<Feature>
  <Name className="java.lang.String">id</Name>
  <Value className="java.lang.Integer">23</Value>
</Feature>
<Feature>
  <Name className="java.lang.String">gender</Name>
  <Value className="java.lang.String">male</Value>
</Feature>
<Feature>
  <Name className="java.lang.String">rule</Name>
  <Value className="java.lang.String">PersonFinal</Value>
</Feature>
</Annotation>
<Annotation Id="22" Type="Date" StartNode="47" EndNode="55">
<Feature>
  <Name className="java.lang.String">rule1</Name>
  <Value className="java.lang.String">GazDate</Value>
</Feature>
<Feature>
  <Name className="java.lang.String">kind</Name>
  <Value className="java.lang.String">date</Value>
</Feature>
<Feature>
  <Name className="java.lang.String">rule2</Name>
  <Value className="java.lang.String">DateOnlyFinal</Value>
</Feature>
</Annotation>
<Annotation Id="25" Type="Location" StartNode="401" EndNode="403">
<Feature>
  <Name className="java.lang.String">locType</Name>
  <Value className="java.lang.String">country</Value>
</Feature>
<Feature>
  <Name className="java.lang.String">rule1</Name>
  <Value className="java.lang.String">GazLocation</Value>
</Feature>
<Feature>
  <Name className="java.lang.String">rule2</Name>
  <Value className="java.lang.String">LocFinal</Value>
</Feature>
</Annotation>
<Annotation Id="24" Type="Organization" StartNode="382" EndNode="384">
<Feature>
  <Name className="java.lang.String">orgType</Name>
  <Value className="java.lang.String">company</Value>
</Feature>
<Feature>
  <Name className="java.lang.String">rule1</Name>
  <Value className="java.lang.String">GazOrganization</Value>
</Feature>
<Feature>
  <Name className="java.lang.String">id</Name>
  <Value className="java.lang.Integer">24</Value>
</Feature>
<Feature>
  <Name className="java.lang.String">rule2</Name>
  <Value className="java.lang.String">OrgFinal</Value>
</Feature>
</Annotation>
<Annotation Id="27" Type="Person" StartNode="864" EndNode="873">
<Feature>
  <Name className="java.lang.String">rule1</Name>
  <Value className="java.lang.String">le</Value>
</Feature>
<Feature>
  <Name className="java.lang.String">id</Name>
  <Value className="java.lang.Integer">27</Value>
</Feature>
<Feature>
  <Name className="java.lang.String">gender</Name>
  <Value className="java.lang.String">male</Value>
</Feature>
<Feature>
  <Name className="java.lang.String">rule</Name>
  <Value className="java.lang.String">PersonFinal</Value>
</Feature>
</Annotation>
<Annotation Id="26" Type="Organization" StartNode="626" EndNode="628">
<Feature>
  <Name className="java.lang.String">orgType</Name>
  <Value className="java.lang.String">company</Value>
</Feature>
<Feature>
  <Name className="java.lang.String">rule1</Name>
  <Value className="java.lang.String">GazOrganization</Value>
</Feature>
<Feature>
  <Name className="java.lang.String">id</Name>
  <Value className="java.lang.Integer">26</Value>
</Feature>
<Feature>
  <Name className="java.lang.String">rule2</Name>
  <Value className="java.lang.String">OrgFinal</Value>
</Feature>
</Annotation>
<Annotation Id="29" Type="Organization" StartNode="1069" EndNode="1083">
<Feature>
  <Name className="java.lang.String">orgType</Name>
  <Value className="java.lang.String">company</Value>
</Feature>
<Feature>
  <Name className="java.lang.String">rule1</Name>
  <Value className="java.lang.String">GazOrganization</Value>
</Feature>
<Feature>
  <Name className="java.lang.String">id</Name>
  <Value className="java.lang.Integer">29</Value>
</Feature>
<Feature>
  <Name className="java.lang.String">rule2</Name>
  <Value className="java.lang.String">OrgFinal</Value>
</Feature>
</Annotation>
<Annotation Id="28" Type="Organization" StartNode="933" EndNode="935">
<Feature>
  <Name className="java.lang.String">orgType</Name>
  <Value className="java.lang.String">company</Value>
</Feature>
<Feature>
  <Name className="java.lang.String">rule1</Name>
  <Value className="java.lang.String">GazOrganization</Value>
</Feature>
<Feature>
  <Name className="java.lang.String">id</Name>
  <Value className="java.lang.Integer">28</Value>
</Feature>
<Feature>
  <Name className="java.lang.String">rule2</Name>
  <Value className="java.lang.String">OrgFinal</Value>
</Feature>
</Annotation>
<Annotation Id="31" Type="Person" StartNode="1186" EndNode="1200">
<Feature>
  <Name className="java.lang.String">rule1</Name>
  <Value className="java.lang.String">PersonFull</Value>
</Feature>
<Feature>
  <Name className="java.lang.String">id</Name>
  <Value className="java.lang.Integer">31</Value>
</Feature>
<Feature>
  <Name className="java.lang.String">gender</Name>
  <Value className="java.lang.String">male</Value>
</Feature>
<Feature>
  <Name className="java.lang.String">rule</Name>
  <Value className="java.lang.String">PersonFinal</Value>
</Feature>
</Annotation>
<Annotation Id="30" Type="Date" StartNode="1094" EndNode="1102">
<Feature>
  <Name className="java.lang.String">rule1</Name>
  <Value className="java.lang.String">GazDate</Value>
</Feature>
<Feature>
  <Name className="java.lang.String">kind</Name>
  <Value className="java.lang.String">date</Value>
</Feature>
<Feature>
  <Name className="java.lang.String">rule2</Name>
  <Value className="java.lang.String">DateOnlyFinal</Value>
</Feature>
</Annotation>
<Annotation Id="34" Type="Person" StartNode="1388" EndNode="1397">
<Feature>
  <Name className="java.lang.String">rule1</Name>
  <Value className="java.lang.String">PersonFirstTitle</Value>
</Feature>
<Feature>
  <Name className="java.lang.String">id</Name>
  <Value className="java.lang.Integer">34</Value>
</Feature>
<Feature>
  <Name className="java.lang.String">gender</Name>
  <Value className="java.lang.String">male</Value>
</Feature>
<Feature>
  <Name className="java.lang.String">rule</Name>
  <Value className="java.lang.String">PersonFinal</Value>
</Feature>
</Annotation>
<Annotation Id="35" Type="Organization" StartNode="1457" EndNode="1459">
<Feature>
  <Name className="java.lang.String">orgType</Name>
  <Value className="java.lang.String">company</Value>
</Feature>
<Feature>
  <Name className="java.lang.String">rule1</Name>
  <Value className="java.lang.String">GazOrganization</Value>
</Feature>
<Feature>
  <Name className="java.lang.String">id</Name>
  <Value className="java.lang.Integer">35</Value>
</Feature>
<Feature>
  <Name className="java.lang.String">rule2</Name>
  <Value className="java.lang.String">OrgFinal</Value>
</Feature>
</Annotation>
<Annotation Id="32" Type="Organization" StartNode="1270" EndNode="1272">
<Feature>
  <Name className="java.lang.String">orgType</Name>
  <Value className="java.lang.String">company</Value>
</Feature>
<Feature>
  <Name className="java.lang.String">rule1</Name>
  <Value className="java.lang.String">GazOrganization</Value>
</Feature>
<Feature>
  <Name className="java.lang.String">id</Name>
  <Value className="java.lang.Integer">32</Value>
</Feature>
<Feature>
  <Name className="java.lang.String">rule2</Name>
  <Value className="java.lang.String">OrgFinal</Value>
</Feature>
</Annotation>
<Annotation Id="33" Type="Location" StartNode="1315" EndNode="1317">
<Feature>
  <Name className="java.lang.String">locType</Name>
  <Value className="java.lang.String">country</Value>
</Feature>
<Feature>
  <Name className="java.lang.String">rule1</Name>
  <Value className="java.lang.String">GazLocation</Value>
</Feature>
<Feature>
  <Name className="java.lang.String">rule2</Name>
  <Value className="java.lang.String">LocFinal</Value>
</Feature>
</Annotation>
<Annotation Id="38" Type="Location" StartNode="1682" EndNode="1684">
<Feature>
  <Name className="java.lang.String">locType</Name>
  <Value className="java.lang.String">country</Value>
</Feature>
<Feature>
  <Name className="java.lang.String">rule1</Name>
  <Value className="java.lang.String">GazLocation</Value>
</Feature>
<Feature>
  <Name className="java.lang.String">rule2</Name>
  <Value className="java.lang.String">LocFinal</Value>
</Feature>
</Annotation>
<Annotation Id="39" Type="Organization" StartNode="1474" EndNode="1480">
<Feature>
  <Name className="java.lang.String">id</Name>
  <Value className="java.lang.Integer">39</Value>
</Feature>
</Annotation>
<Annotation Id="36" Type="Organization" StartNode="1646" EndNode="1648">
<Feature>
  <Name className="java.lang.String">orgType</Name>
  <Value className="java.lang.String">company</Value>
</Feature>
<Feature>
  <Name className="java.lang.String">rule1</Name>
  <Value className="java.lang.String">GazOrganization</Value>
</Feature>
<Feature>
  <Name className="java.lang.String">id</Name>
  <Value className="java.lang.Integer">36</Value>
</Feature>
<Feature>
  <Name className="java.lang.String">rule2</Name>
  <Value className="java.lang.String">OrgFinal</Value>
</Feature>
</Annotation>
<Annotation Id="37" Type="Organization" StartNode="1670" EndNode="1674">
<Feature>
  <Name className="java.lang.String">orgType</Name>
  <Value className="java.lang.String">unknown</Value>
</Feature>
<Feature>
  <Name className="java.lang.String">rule1</Name>
  <Value className="java.lang.String">OrgXandY</Value>
</Feature>
<Feature>
  <Name className="java.lang.String">id</Name>
  <Value className="java.lang.Integer">37</Value>
</Feature>
<Feature>
  <Name className="java.lang.String">rule2</Name>
  <Value className="java.lang.String">OrgFinal</Value>
</Feature>
</Annotation>
<Annotation Id="42" Type="Organization" StartNode="505" EndNode="516">
<Feature>
  <Name className="java.lang.String">id</Name>
  <Value className="java.lang.Integer">42</Value>
</Feature>
</Annotation>
<Annotation Id="43" Type="Organization" StartNode="0" EndNode="26">
<Feature>
  <Name className="java.lang.String">id</Name>
  <Value className="java.lang.Integer">43</Value>
</Feature>
</Annotation>
<Annotation Id="40" Type="Location" StartNode="2028" EndNode="2030">
<Feature>
  <Name className="java.lang.String">locType</Name>
  <Value className="java.lang.String">country</Value>
</Feature>
<Feature>
  <Name className="java.lang.String">rule1</Name>
  <Value className="java.lang.String">GazLocation</Value>
</Feature>
<Feature>
  <Name className="java.lang.String">rule2</Name>
  <Value className="java.lang.String">LocFinal</Value>
</Feature>
</Annotation>
<Annotation Id="41" Type="Organization" StartNode="521" EndNode="527">
<Feature>
  <Name className="java.lang.String">id</Name>
  <Value className="java.lang.Integer">41</Value>
</Feature>
</Annotation>
<Annotation Id="46" Type="Organization" StartNode="1222" EndNode="1251">
<Feature>
  <Name className="java.lang.String">id</Name>
  <Value className="java.lang.Integer">46</Value>
</Feature>
</Annotation>
<Annotation Id="47" Type="Date" StartNode="324" EndNode="328">
<Feature>
  <Name className="java.lang.String">kind</Name>
  <Value className="java.lang.String">date</Value>
</Feature>
</Annotation>
<Annotation Id="44" Type="Money" StartNode="1157" EndNode="1164">
</Annotation>
<Annotation Id="45" Type="Money" StartNode="1178" EndNode="1183">
</Annotation>
<Annotation Id="51" Type="Organization" StartNode="1518" EndNode="1527">
<Feature>
  <Name className="java.lang.String">id</Name>
  <Value className="java.lang.Integer">51</Value>
</Feature>
</Annotation>
<Annotation Id="50" Type="Organization" StartNode="496" EndNode="503">
<Feature>
  <Name className="java.lang.String">id</Name>
  <Value className="java.lang.Integer">50</Value>
</Feature>
</Annotation>
<Annotation Id="49" Type="Organization" StartNode="485" EndNode="494">
<Feature>
  <Name className="java.lang.String">id</Name>
  <Value className="java.lang.Integer">49</Value>
</Feature>
</Annotation>
<Annotation Id="48" Type="Organization" StartNode="478" EndNode="483">
<Feature>
  <Name className="java.lang.String">id</Name>
  <Value className="java.lang.Integer">48</Value>
</Feature>
</Annotation>
<Annotation Id="53" Type="Organization" StartNode="2008" EndNode="2017">
<Feature>
  <Name className="java.lang.String">id</Name>
  <Value className="java.lang.Integer">53</Value>
</Feature>
</Annotation>
<Annotation Id="52" Type="Organization" StartNode="1637" EndNode="1644">
<Feature>
  <Name className="java.lang.String">id</Name>
  <Value className="java.lang.Integer">52</Value>
</Feature>
</Annotation>
<Annotation Id="4623" Type="RelationClass" StartNode="198" EndNode="384">
<Feature>
  <Name className="java.lang.String">rel-type</Name>
  <Value className="java.lang.String">employed-by</Value>
</Feature>
<Feature>
  <Name className="java.lang.String">pers-id</Name>
  <Value className="java.lang.String">23</Value>
</Feature>
<Feature>
  <Name className="java.lang.String">org-id</Name>
  <Value className="java.lang.String">24</Value>
</Feature>
</Annotation>
<Annotation Id="4622" Type="RelationClass" StartNode="1186" EndNode="1251">
<Feature>
  <Name className="java.lang.String">rel-type</Name>
  <Value className="java.lang.String">employed-by</Value>
</Feature>
<Feature>
  <Name className="java.lang.String">pers-id</Name>
  <Value className="java.lang.String">31</Value>
</Feature>
<Feature>
  <Name className="java.lang.String">org-id</Name>
  <Value className="java.lang.String">46</Value>
</Feature>
</Annotation>
</AnnotationSet>

<!-- Named annotation set -->

<AnnotationSet Name="Original markups">
<Annotation Id="129" Type="p" StartNode="0" EndNode="179">
</Annotation>
<Annotation Id="128" Type="font" StartNode="0" EndNode="2183">
<Feature>
  <Name className="java.lang.String">class</Name>
  <Value className="java.lang.String">allWide</Value>
</Feature>
</Annotation>
<Annotation Id="108" Type="table" StartNode="0" EndNode="2183">
<Feature>
  <Name className="java.lang.String">leftmargin</Name>
  <Value className="java.lang.String">0</Value>
</Feature>
<Feature>
  <Name className="java.lang.String">marginheight</Name>
  <Value className="java.lang.String">0</Value>
</Feature>
<Feature>
  <Name className="java.lang.String">topmargin</Name>
  <Value className="java.lang.String">0</Value>
</Feature>
<Feature>
  <Name className="java.lang.String">alink</Name>
  <Value className="java.lang.String">#996600</Value>
</Feature>
<Feature>
  <Name className="java.lang.String">link</Name>
  <Value className="java.lang.String">#330033</Value>
</Feature>
<Feature>
  <Name className="java.lang.String">width</Name>
  <Value className="java.lang.String">618</Value>
</Feature>
<Feature>
  <Name className="java.lang.String">marginwidth</Name>
  <Value className="java.lang.String">0</Value>
</Feature>
<Feature>
  <Name className="java.lang.String">cellpadding</Name>
  <Value className="java.lang.String">0</Value>
</Feature>
<Feature>
  <Name className="java.lang.String">border</Name>
  <Value className="java.lang.String">0</Value>
</Feature>
<Feature>
  <Name className="java.lang.String">cellspacing</Name>
  <Value className="java.lang.String">0</Value>
</Feature>
<Feature>
  <Name className="java.lang.String">bgcolor</Name>
  <Value className="java.lang.String">white</Value>
</Feature>
<Feature>
  <Name className="java.lang.String">vlink</Name>
  <Value className="java.lang.String">#330033</Value>
</Feature>
</Annotation>
<Annotation Id="131" Type="p" StartNode="414" EndNode="589">
</Annotation>
<Annotation Id="130" Type="p" StartNode="181" EndNode="412">
</Annotation>
<Annotation Id="107" Type="body" StartNode="0" EndNode="2183">
<Feature>
  <Name className="java.lang.String">_implied_</Name>
  <Value className="java.lang.String">true</Value>
</Feature>
</Annotation>
<Annotation Id="132" Type="TEXT" StartNode="0" EndNode="2183">
</Annotation>
<Annotation Id="105" Type="html" StartNode="0" EndNode="2183">
<Feature>
  <Name className="java.lang.String">_implied_</Name>
  <Value className="java.lang.String">true</Value>
</Feature>
</Annotation>
<Annotation Id="117" Type="td" StartNode="0" EndNode="2183">
<Feature>
  <Name className="java.lang.String">colspan</Name>
  <Value className="java.lang.String">2</Value>
</Feature>
</Annotation>
<Annotation Id="116" Type="tr" StartNode="0" EndNode="2183">
</Annotation>
<Annotation Id="55" Type="p" StartNode="864" EndNode="1184">
</Annotation>
<Annotation Id="54" Type="p" StartNode="591" EndNode="862">
</Annotation>
<Annotation Id="127" Type="p" StartNode="0" EndNode="2183">
</Annotation>
<Annotation Id="59" Type="p" StartNode="1972" EndNode="2183">
</Annotation>
<Annotation Id="58" Type="p" StartNode="1613" EndNode="1970">
</Annotation>
<Annotation Id="57" Type="p" StartNode="1388" EndNode="1611">
</Annotation>
<Annotation Id="56" Type="p" StartNode="1186" EndNode="1386">
</Annotation>
</AnnotationSet>

</GateDocument>
