<?xml version='1.0' encoding='UTF-8'?>
<GateDocument>
<!-- The document's features-->

<GateDocumentFeatures>
<Feature>
  <Name className="java.lang.String">gate.SourceURL</Name>
  <Value className="java.lang.String">file:/D:/work/Corpus/ft-BT-briefing-02-aug-2001.html</Value>
</Feature>
<Feature>
  <Name className="java.lang.String">gate.NAME</Name>
  <Value className="java.lang.String">doc5</Value>
</Feature>
<Feature>
  <Name className="java.lang.String">entitySet</Name>
  <Value className="java.lang.String">==== FILE: /D:/work/Corpus/ft-BT-briefing-02-aug-2001.html
</Value>
</Feature>
<Feature>
  <Name className="java.lang.String">MimeType</Name>
  <Value className="java.lang.String">text/html</Value>
</Feature>
</GateDocumentFeatures>
<!-- The document content area with serialized nodes -->

<TextWithNodes><Node id="0" />Semiconductor designer <Node id="23" />ARC International<Node id="40" /> said <Node id="46" />yesterday<Node id="55" /> that sales levels remained stagnant and it would no longer give revenue forecasts. Shares in the company closed up <Node id="171" />2p<Node id="173" /> at <Node id="177" />52.2p<Node id="182" /> despite analyst concerns that the company might not break even until <Node id="252" />2005<Node id="256" />.<Node id="257" />

<Node id="259" />ARC<Node id="262" /> follows <Node id="271" />Parthus<Node id="278" /> and <Node id="283" />Bookham<Node id="290" /> in giving a cautious outlook on the microchip market. About 60 of the 290 staff face the axe after results showing a pre-exceptionals net loss of <Node id="437" />£6.1m<Node id="442" /> for the quarter on revenues of <Node id="474" />£3.5m<Node id="479" />.<Node id="480" />

<Node id="482" />Amazon<Node id="488" /> group to sue<Node id="501" />
<Node id="502" />
<Node id="503" />A group of <Node id="514" />Amazon.com<Node id="524" /> shareholders has filed a class action suit in the <Node id="575" />US<Node id="577" /> district court for the southern district of <Node id="622" />New York<Node id="630" /> against <Node id="639" />Morgan Stanley<Node id="653" /> and its internet analyst <Node id="679" />Mary Meeker<Node id="690" />, charging them with issuing "false and misleading" statements on <Node id="756" />Amazon<Node id="762" /> stock.<Node id="769" />

<Node id="771" />The suit, filed on behalf of <Node id="800" />Amazon<Node id="806" /> shareholders who purchased shares <Node id="841" />between August 1 1998 and January 22 2001<Node id="882" />, claims that <Node id="896" />Morgan Stanley<Node id="910" /> failed to keep a "Chinese wall" between its investment banking and equity research activities.<Node id="1005" />

<Node id="1007" />Air Canada<Node id="1017" /> cuts deeper<Node id="1029" />
<Node id="1030" />
<Node id="1031" />Air Canada<Node id="1041" /> said <Node id="1047" />yesterday<Node id="1056" /> it will cut 4,000 jobs as part of a cost-reduction programme in the face of economic slowdown. The airline shed 3,500 staff <Node id="1181" />late last year<Node id="1195" />.<Node id="1196" />

<Node id="1198" />Scoot<Node id="1203" /> suffers 192 blow<Node id="1220" />
<Node id="1221" />
<Node id="1222" />Business directory service <Node id="1249" />Scoot<Node id="1254" /> is likely to be dealt a blow by the decision of telecoms regulator <Node id="1322" />Oftel<Node id="1327" /> to reform directory inquiries, scrapping the 192 number which <Node id="1390" />Scoot<Node id="1395" /> uses for access to its services.<Node id="1428" />

<Node id="1430" />Scoot<Node id="1435" /> bought the right - for a nominal fee - to use freephone number <Node id="1499" />0800 192 192<Node id="1511" /> from <Node id="1517" />BT<Node id="1519" /> in <Node id="1523" />1995<Node id="1527" /> and used it as a springboard for its Freepages service. <Node id="1584" />Oftel<Node id="1589" /> seems likely to replace 192 with a five-digit number, starting 118, as an attempt to boost competition and bringing the <Node id="1710" />UK<Node id="1712" /> in line with other European countries.<Node id="1751" />

<Node id="1753" />Scoot UK<Node id="1761" />'s chief commercial officer, <Node id="1790" />Terry Martin<Node id="1802" />, said the firm has contingency plans for 192 being scrapped but admitted the <Node id="1880" />Oftel<Node id="1885" /> review had been a cause for concern.<Node id="1922" />

<Node id="1924" />DT<Node id="1926" /> pulls plug on free services<Node id="1954" />
<Node id="1955" />
<Node id="1956" />Deutsche Telekom<Node id="1972" /> is signalling an end to free content over mobile phones. <Node id="2030" />T-Motion<Node id="2038" />, the joint venture between <Node id="2066" />Deutsche Telekom<Node id="2082" />'s <Node id="2085" />T-Mobile<Node id="2093" /> wireless business and internet service provider <Node id="2142" />T-Online<Node id="2150" />, is starting a series of subscription services for German mobile customers including games, news alerts and music, with similar services to customers of <Node id="2304" />One2One<Node id="2311" /> <Node id="2312" />next year<Node id="2321" />.<Node id="2322" />
<Node id="2323" /></TextWithNodes>
<!-- The default annotation set -->

<AnnotationSet>
</AnnotationSet>

<!-- Named annotation set -->

<AnnotationSet Name="Key">
<Annotation Id="0" Type="Date" StartNode="2312" EndNode="2321">
<Feature>
  <Name className="java.lang.String">kind</Name>
  <Value className="java.lang.String">date</Value>
</Feature>
</Annotation>
<Annotation Id="1" Type="Date" StartNode="1181" EndNode="1195">
<Feature>
  <Name className="java.lang.String">kind</Name>
  <Value className="java.lang.String">date</Value>
</Feature>
</Annotation>
<Annotation Id="2" Type="Date" StartNode="1047" EndNode="1056">
<Feature>
  <Name className="java.lang.String">kind</Name>
  <Value className="java.lang.String">date</Value>
</Feature>
</Annotation>
<Annotation Id="3" Type="Date" StartNode="46" EndNode="55">
<Feature>
  <Name className="java.lang.String">kind</Name>
  <Value className="java.lang.String">date</Value>
</Feature>
</Annotation>
<Annotation Id="4" Type="Money" StartNode="171" EndNode="173">
<Feature>
  <Name className="java.lang.String">kind</Name>
  <Value className="java.lang.String">number</Value>
</Feature>
<Feature>
  <Name className="java.lang.String">rule</Name>
  <Value className="java.lang.String">MoneyCurrencyUnit</Value>
</Feature>
</Annotation>
<Annotation Id="5" Type="Money" StartNode="177" EndNode="182">
<Feature>
  <Name className="java.lang.String">kind</Name>
  <Value className="java.lang.String">number</Value>
</Feature>
<Feature>
  <Name className="java.lang.String">rule</Name>
  <Value className="java.lang.String">MoneyCurrencyUnit</Value>
</Feature>
</Annotation>
<Annotation Id="6" Type="Organization" StartNode="2304" EndNode="2311">
<Feature>
  <Name className="java.lang.String">id</Name>
  <Value className="java.lang.Integer">6</Value>
</Feature>
</Annotation>
<Annotation Id="7" Type="Money" StartNode="437" EndNode="442">
<Feature>
  <Name className="java.lang.String">kind</Name>
  <Value className="java.lang.String">number</Value>
</Feature>
<Feature>
  <Name className="java.lang.String">rule</Name>
  <Value className="java.lang.String">MoneySymbolUnit</Value>
</Feature>
</Annotation>
<Annotation Id="8" Type="Organization" StartNode="2142" EndNode="2150">
<Feature>
  <Name className="java.lang.String">id</Name>
  <Value className="java.lang.Integer">8</Value>
</Feature>
</Annotation>
<Annotation Id="9" Type="Money" StartNode="474" EndNode="479">
<Feature>
  <Name className="java.lang.String">kind</Name>
  <Value className="java.lang.String">number</Value>
</Feature>
<Feature>
  <Name className="java.lang.String">rule</Name>
  <Value className="java.lang.String">MoneySymbolUnit</Value>
</Feature>
</Annotation>
<Annotation Id="10" Type="Organization" StartNode="2085" EndNode="2093">
<Feature>
  <Name className="java.lang.String">id</Name>
  <Value className="java.lang.Integer">10</Value>
</Feature>
</Annotation>
<Annotation Id="11" Type="Organization" StartNode="2030" EndNode="2038">
<Feature>
  <Name className="java.lang.String">id</Name>
  <Value className="java.lang.Integer">11</Value>
</Feature>
</Annotation>
<Annotation Id="12" Type="Date" StartNode="252" EndNode="256">
<Feature>
  <Name className="java.lang.String">rule1</Name>
  <Value className="java.lang.String">TempYear3</Value>
</Feature>
<Feature>
  <Name className="java.lang.String">kind</Name>
  <Value className="java.lang.String">date</Value>
</Feature>
<Feature>
  <Name className="java.lang.String">rule2</Name>
  <Value className="java.lang.String">YearOnlyFinal</Value>
</Feature>
</Annotation>
<Annotation Id="13" Type="Location" StartNode="575" EndNode="577">
<Feature>
  <Name className="java.lang.String">locType</Name>
  <Value className="java.lang.String">country</Value>
</Feature>
<Feature>
  <Name className="java.lang.String">rule1</Name>
  <Value className="java.lang.String">GazLocation</Value>
</Feature>
<Feature>
  <Name className="java.lang.String">rule2</Name>
  <Value className="java.lang.String">LocFinal</Value>
</Feature>
</Annotation>
<Annotation Id="14" Type="Location" StartNode="622" EndNode="630">
<Feature>
  <Name className="java.lang.String">locType</Name>
  <Value className="java.lang.String">city</Value>
</Feature>
<Feature>
  <Name className="java.lang.String">rule1</Name>
  <Value className="java.lang.String">GazLocation</Value>
</Feature>
<Feature>
  <Name className="java.lang.String">rule2</Name>
  <Value className="java.lang.String">LocFinal</Value>
</Feature>
</Annotation>
<Annotation Id="15" Type="Person" StartNode="679" EndNode="690">
<Feature>
  <Name className="java.lang.String">rule1</Name>
  <Value className="java.lang.String">PersonFull</Value>
</Feature>
<Feature>
  <Name className="java.lang.String">id</Name>
  <Value className="java.lang.Integer">15</Value>
</Feature>
<Feature>
  <Name className="java.lang.String">gender</Name>
  <Value className="java.lang.String">female</Value>
</Feature>
<Feature>
  <Name className="java.lang.String">rule</Name>
  <Value className="java.lang.String">PersonFinal</Value>
</Feature>
</Annotation>
<Annotation Id="17" Type="Organization" StartNode="1517" EndNode="1519">
<Feature>
  <Name className="java.lang.String">orgType</Name>
  <Value className="java.lang.String">company</Value>
</Feature>
<Feature>
  <Name className="java.lang.String">rule1</Name>
  <Value className="java.lang.String">GazOrganization</Value>
</Feature>
<Feature>
  <Name className="java.lang.String">id</Name>
  <Value className="java.lang.Integer">17</Value>
</Feature>
<Feature>
  <Name className="java.lang.String">rule2</Name>
  <Value className="java.lang.String">OrgFinal</Value>
</Feature>
</Annotation>
<Annotation Id="16" Type="Address" StartNode="1499" EndNode="1511">
<Feature>
  <Name className="java.lang.String">rule1</Name>
  <Value className="java.lang.String">PhoneReg</Value>
</Feature>
<Feature>
  <Name className="java.lang.String">kind</Name>
  <Value className="java.lang.String">phone</Value>
</Feature>
<Feature>
  <Name className="java.lang.String">rule2</Name>
  <Value className="java.lang.String">PhoneFinal</Value>
</Feature>
</Annotation>
<Annotation Id="19" Type="Location" StartNode="1710" EndNode="1712">
<Feature>
  <Name className="java.lang.String">locType</Name>
  <Value className="java.lang.String">country</Value>
</Feature>
<Feature>
  <Name className="java.lang.String">rule1</Name>
  <Value className="java.lang.String">GazLocation</Value>
</Feature>
<Feature>
  <Name className="java.lang.String">rule2</Name>
  <Value className="java.lang.String">LocFinal</Value>
</Feature>
</Annotation>
<Annotation Id="18" Type="Date" StartNode="1523" EndNode="1527">
<Feature>
  <Name className="java.lang.String">rule1</Name>
  <Value className="java.lang.String">TempYear2</Value>
</Feature>
<Feature>
  <Name className="java.lang.String">kind</Name>
  <Value className="java.lang.String">date</Value>
</Feature>
<Feature>
  <Name className="java.lang.String">rule2</Name>
  <Value className="java.lang.String">YearOnlyFinal</Value>
</Feature>
</Annotation>
<Annotation Id="21" Type="Organization" StartNode="2066" EndNode="2082">
<Feature>
  <Name className="java.lang.String">orgType</Name>
  <Value className="java.lang.String">company</Value>
</Feature>
<Feature>
  <Name className="java.lang.String">rule1</Name>
  <Value className="java.lang.String">GazOrganization</Value>
</Feature>
<Feature>
  <Name className="java.lang.String">id</Name>
  <Value className="java.lang.Integer">21</Value>
</Feature>
<Feature>
  <Name className="java.lang.String">rule2</Name>
  <Value className="java.lang.String">OrgFinal</Value>
</Feature>
</Annotation>
<Annotation Id="20" Type="Organization" StartNode="1956" EndNode="1972">
<Feature>
  <Name className="java.lang.String">orgType</Name>
  <Value className="java.lang.String">company</Value>
</Feature>
<Feature>
  <Name className="java.lang.String">rule1</Name>
  <Value className="java.lang.String">GazOrganization</Value>
</Feature>
<Feature>
  <Name className="java.lang.String">id</Name>
  <Value className="java.lang.Integer">20</Value>
</Feature>
<Feature>
  <Name className="java.lang.String">rule2</Name>
  <Value className="java.lang.String">OrgFinal</Value>
</Feature>
</Annotation>
<Annotation Id="23" Type="Organization" StartNode="259" EndNode="262">
<Feature>
  <Name className="java.lang.String">id</Name>
  <Value className="java.lang.Integer">23</Value>
</Feature>
</Annotation>
<Annotation Id="22" Type="Organization" StartNode="23" EndNode="40">
<Feature>
  <Name className="java.lang.String">id</Name>
  <Value className="java.lang.Integer">22</Value>
</Feature>
</Annotation>
<Annotation Id="25" Type="Organization" StartNode="283" EndNode="290">
<Feature>
  <Name className="java.lang.String">id</Name>
  <Value className="java.lang.Integer">25</Value>
</Feature>
</Annotation>
<Annotation Id="24" Type="Organization" StartNode="271" EndNode="278">
<Feature>
  <Name className="java.lang.String">id</Name>
  <Value className="java.lang.Integer">24</Value>
</Feature>
</Annotation>
<Annotation Id="27" Type="Organization" StartNode="514" EndNode="524">
<Feature>
  <Name className="java.lang.String">id</Name>
  <Value className="java.lang.Integer">27</Value>
</Feature>
</Annotation>
<Annotation Id="26" Type="Organization" StartNode="482" EndNode="488">
<Feature>
  <Name className="java.lang.String">id</Name>
  <Value className="java.lang.Integer">26</Value>
</Feature>
</Annotation>
<Annotation Id="29" Type="Organization" StartNode="800" EndNode="806">
<Feature>
  <Name className="java.lang.String">id</Name>
  <Value className="java.lang.Integer">29</Value>
</Feature>
</Annotation>
<Annotation Id="28" Type="Organization" StartNode="756" EndNode="762">
<Feature>
  <Name className="java.lang.String">id</Name>
  <Value className="java.lang.Integer">28</Value>
</Feature>
</Annotation>
<Annotation Id="31" Type="Organization" StartNode="1031" EndNode="1041">
<Feature>
  <Name className="java.lang.String">id</Name>
  <Value className="java.lang.Integer">31</Value>
</Feature>
</Annotation>
<Annotation Id="30" Type="Organization" StartNode="1007" EndNode="1017">
<Feature>
  <Name className="java.lang.String">id</Name>
  <Value className="java.lang.Integer">30</Value>
</Feature>
</Annotation>
<Annotation Id="34" Type="Organization" StartNode="1322" EndNode="1327">
<Feature>
  <Name className="java.lang.String">id</Name>
  <Value className="java.lang.Integer">34</Value>
</Feature>
</Annotation>
<Annotation Id="35" Type="Organization" StartNode="1390" EndNode="1395">
<Feature>
  <Name className="java.lang.String">id</Name>
  <Value className="java.lang.Integer">35</Value>
</Feature>
</Annotation>
<Annotation Id="32" Type="Organization" StartNode="1198" EndNode="1203">
<Feature>
  <Name className="java.lang.String">id</Name>
  <Value className="java.lang.Integer">32</Value>
</Feature>
</Annotation>
<Annotation Id="33" Type="Organization" StartNode="1249" EndNode="1254">
<Feature>
  <Name className="java.lang.String">id</Name>
  <Value className="java.lang.Integer">33</Value>
</Feature>
</Annotation>
<Annotation Id="38" Type="Organization" StartNode="896" EndNode="910">
<Feature>
  <Name className="java.lang.String">id</Name>
  <Value className="java.lang.Integer">38</Value>
</Feature>
</Annotation>
<Annotation Id="39" Type="Organization" StartNode="1584" EndNode="1589">
<Feature>
  <Name className="java.lang.String">id</Name>
  <Value className="java.lang.Integer">39</Value>
</Feature>
</Annotation>
<Annotation Id="36" Type="Organization" StartNode="639" EndNode="653">
<Feature>
  <Name className="java.lang.String">id</Name>
  <Value className="java.lang.Integer">36</Value>
</Feature>
</Annotation>
<Annotation Id="37" Type="Organization" StartNode="1430" EndNode="1435">
<Feature>
  <Name className="java.lang.String">id</Name>
  <Value className="java.lang.Integer">37</Value>
</Feature>
</Annotation>
<Annotation Id="42" Type="Organization" StartNode="1880" EndNode="1885">
<Feature>
  <Name className="java.lang.String">id</Name>
  <Value className="java.lang.Integer">42</Value>
</Feature>
</Annotation>
<Annotation Id="43" Type="Organization" StartNode="1924" EndNode="1926">
<Feature>
  <Name className="java.lang.String">id</Name>
  <Value className="java.lang.Integer">43</Value>
</Feature>
</Annotation>
<Annotation Id="40" Type="Organization" StartNode="1753" EndNode="1761">
<Feature>
  <Name className="java.lang.String">id</Name>
  <Value className="java.lang.Integer">40</Value>
</Feature>
</Annotation>
<Annotation Id="41" Type="Person" StartNode="1790" EndNode="1802">
<Feature>
  <Name className="java.lang.String">id</Name>
  <Value className="java.lang.Integer">41</Value>
</Feature>
</Annotation>
<Annotation Id="44" Type="Date" StartNode="841" EndNode="882">
<Feature>
  <Name className="java.lang.String">kind</Name>
  <Value className="java.lang.String">date</Value>
</Feature>
</Annotation>
<Annotation Id="5055" Type="RelationClass" StartNode="1753" EndNode="1802">
<Feature>
  <Name className="java.lang.String">rel-type</Name>
  <Value className="java.lang.String">employed-by</Value>
</Feature>
<Feature>
  <Name className="java.lang.String">pers-id</Name>
  <Value className="java.lang.String">41</Value>
</Feature>
<Feature>
  <Name className="java.lang.String">org-id</Name>
  <Value className="java.lang.String">40</Value>
</Feature>
</Annotation>
<Annotation Id="5054" Type="RelationClass" StartNode="639" EndNode="690">
<Feature>
  <Name className="java.lang.String">rel-type</Name>
  <Value className="java.lang.String">employed-by</Value>
</Feature>
<Feature>
  <Name className="java.lang.String">pers-id</Name>
  <Value className="java.lang.String">15</Value>
</Feature>
<Feature>
  <Name className="java.lang.String">org-id</Name>
  <Value className="java.lang.String">36</Value>
</Feature>
</Annotation>
</AnnotationSet>

<!-- Named annotation set -->

<AnnotationSet Name="Original markups">
<Annotation Id="137" Type="table" StartNode="0" EndNode="2323">
<Feature>
  <Name className="java.lang.String">cellpadding</Name>
  <Value className="java.lang.String">0</Value>
</Feature>
<Feature>
  <Name className="java.lang.String">border</Name>
  <Value className="java.lang.String">0</Value>
</Feature>
<Feature>
  <Name className="java.lang.String">cellspacing</Name>
  <Value className="java.lang.String">0</Value>
</Feature>
<Feature>
  <Name className="java.lang.String">width</Name>
  <Value className="java.lang.String">544</Value>
</Feature>
</Annotation>
<Annotation Id="68" Type="font" StartNode="0" EndNode="2323">
<Feature>
  <Name className="java.lang.String">face</Name>
  <Value className="java.lang.String">Arial,Helvetica,sans-serif</Value>
</Feature>
<Feature>
  <Name className="java.lang.String">size</Name>
  <Value className="java.lang.String">3</Value>
</Feature>
</Annotation>
<Annotation Id="138" Type="p" StartNode="1198" EndNode="1221">
</Annotation>
<Annotation Id="203" Type="td" StartNode="0" EndNode="2323">
<Feature>
  <Name className="java.lang.String">valign</Name>
  <Value className="java.lang.String">top</Value>
</Feature>
<Feature>
  <Name className="java.lang.String">width</Name>
  <Value className="java.lang.String">372</Value>
</Feature>
</Annotation>
<Annotation Id="202" Type="html" StartNode="0" EndNode="2323">
</Annotation>
<Annotation Id="198" Type="p" StartNode="1753" EndNode="1922">
</Annotation>
<Annotation Id="280" Type="br" StartNode="1954" EndNode="1954">
</Annotation>
<Annotation Id="286" Type="p" StartNode="0" EndNode="257">
</Annotation>
<Annotation Id="404" Type="p" StartNode="1924" EndNode="1955">
</Annotation>
<Annotation Id="256" Type="body" StartNode="0" EndNode="2323">
<Feature>
  <Name className="java.lang.String">leftmargin</Name>
  <Value className="java.lang.String">0</Value>
</Feature>
<Feature>
  <Name className="java.lang.String">topmargin</Name>
  <Value className="java.lang.String">8</Value>
</Feature>
<Feature>
  <Name className="java.lang.String">alink</Name>
  <Value className="java.lang.String">#FF0000</Value>
</Feature>
<Feature>
  <Name className="java.lang.String">bgcolor</Name>
  <Value className="java.lang.String">#FFFFFF</Value>
</Feature>
<Feature>
  <Name className="java.lang.String">link</Name>
  <Value className="java.lang.String">#003366</Value>
</Feature>
<Feature>
  <Name className="java.lang.String">vlink</Name>
  <Value className="java.lang.String">#003366</Value>
</Feature>
</Annotation>
<Annotation Id="393" Type="html" StartNode="0" EndNode="2323">
<Feature>
  <Name className="java.lang.String">_implied_</Name>
  <Value className="java.lang.String">true</Value>
</Feature>
</Annotation>
<Annotation Id="399" Type="p" StartNode="771" EndNode="1005">
</Annotation>
<Annotation Id="323" Type="p" StartNode="482" EndNode="502">
</Annotation>
<Annotation Id="334" Type="br" StartNode="1220" EndNode="1220">
</Annotation>
<Annotation Id="264" Type="br" StartNode="1029" EndNode="1029">
</Annotation>
<Annotation Id="214" Type="p" StartNode="0" EndNode="2323">
</Annotation>
<Annotation Id="208" Type="p" StartNode="1430" EndNode="1751">
</Annotation>
<Annotation Id="269" Type="p" StartNode="1956" EndNode="2322">
</Annotation>
<Annotation Id="236" Type="b" StartNode="1924" EndNode="1954">
</Annotation>
<Annotation Id="96" Type="p" StartNode="1031" EndNode="1196">
</Annotation>
<Annotation Id="46" Type="font" StartNode="0" EndNode="2323">
<Feature>
  <Name className="java.lang.String">face</Name>
  <Value className="java.lang.String">Geneva,Arial,sans-serif</Value>
</Feature>
<Feature>
  <Name className="java.lang.String">size</Name>
  <Value className="java.lang.String">2</Value>
</Feature>
</Annotation>
<Annotation Id="166" Type="p" StartNode="1222" EndNode="1428">
</Annotation>
<Annotation Id="318" Type="body" StartNode="0" EndNode="2323">
<Feature>
  <Name className="java.lang.String">_implied_</Name>
  <Value className="java.lang.String">true</Value>
</Feature>
</Annotation>
<Annotation Id="356" Type="br" StartNode="501" EndNode="501">
</Annotation>
<Annotation Id="116" Type="p" StartNode="259" EndNode="480">
</Annotation>
<Annotation Id="292" Type="TEXT" StartNode="0" EndNode="2323">
</Annotation>
<Annotation Id="188" Type="p" StartNode="503" EndNode="769">
</Annotation>
<Annotation Id="127" Type="b" StartNode="1198" EndNode="1220">
</Annotation>
<Annotation Id="57" Type="b" StartNode="1007" EndNode="1029">
</Annotation>
<Annotation Id="367" Type="b" StartNode="482" EndNode="501">
</Annotation>
<Annotation Id="63" Type="tr" StartNode="0" EndNode="2323">
</Annotation>
<Annotation Id="62" Type="p" StartNode="1007" EndNode="1030">
</Annotation>
<Annotation Id="122" Type="center" StartNode="0" EndNode="2323">
</Annotation>
</AnnotationSet>

</GateDocument>
