<?xml version='1.0' encoding='UTF-8'?>
<GateDocument>
<!-- The document's features-->

<GateDocumentFeatures>
<Feature>
  <Name className="java.lang.String">gate.SourceURL</Name>
  <Value className="java.lang.String">file:/D:/work/Corpus/ft-bt-03-aug-2001.html</Value>
</Feature>
<Feature>
  <Name className="java.lang.String">gate.NAME</Name>
  <Value className="java.lang.String">doc7</Value>
</Feature>
<Feature>
  <Name className="java.lang.String">entitySet</Name>
  <Value className="java.lang.String">==== FILE: /D:/work/Corpus/ft-bt-03-aug-2001.html
</Value>
</Feature>
<Feature>
  <Name className="java.lang.String">MimeType</Name>
  <Value className="java.lang.String">text/html</Value>
</Feature>
</GateDocumentFeatures>
<!-- The document content area with serialized nodes -->

<TextWithNodes><Node id="0" />Pressure was mounting on <Node id="25" />British Telecom<Node id="40" /> <Node id="41" />last night<Node id="51" /> to reopen negotiations with <Node id="80" />Earth Lease<Node id="91" /> after the investment consortium met telecoms regulator <Node id="147" />Oftel<Node id="152" /> to outline its plan to buy <Node id="180" />BT<Node id="182" />'s network of local phone lines.
<Node id="215" />Earth Lease<Node id="226" /> is also understood to have called for a meeting with government officials within the <Node id="312" />next 10 days<Node id="324" /> to explain how its sale and leaseback plan could be used to speed up the introduction of broadband services.<Node id="433" />

<Node id="435" />The consortium, headed by financiers <Node id="472" />Babcock &amp; Brown<Node id="487" />, is attempting to build credibility with officials as a way of forcing <Node id="559" />BT<Node id="561" /> to reconsider its initial dismissal of an <Node id="604" />£8bn<Node id="608" /> bid for the country's 28m local copper lines.<Node id="654" />

<Node id="656" />It has already received indications of support from some of <Node id="716" />BT<Node id="718" />'s largest customers who use the "local loop" to provide services such as video-on-demand.<Node id="808" />

<Node id="810" />Earth Lease<Node id="821" /> is expected to call a further meeting with <Node id="865" />Oftel<Node id="870" /> later <Node id="877" />this month<Node id="887" />. However, the consortium has ruled out a direct appeal to shareholders, believing that for any bid to work it must have the cooperation of <Node id="1027" />BT<Node id="1029" />'s management and engineers.<Node id="1057" />

<Node id="1059" />To bring this about, <Node id="1080" />Earth Lease<Node id="1091" /> is willing to discuss the conditions that <Node id="1134" />BT<Node id="1136" /> would need to place on any deal handing over control of the local network. Such conditions would include the ability of <Node id="1257" />BT<Node id="1259" /> engineers to enter prem ises in order to upgrade equipment.<Node id="1319" />

<Node id="1321" />The <Node id="1325" />Earth Lease<Node id="1336" /> bid comes at a time when <Node id="1362" />BT<Node id="1364" /> is lobbying <Node id="1377" />Oftel<Node id="1382" /> to end the controls which have capped the price it can levy in the <Node id="1450" />UK<Node id="1452" /> market since privatisation in <Node id="1483" />the 1980s<Node id="1492" />. The local network plays a crucial role in the regulator's review.<Node id="1559" />

<Node id="1561" />Spinning off <Node id="1574" />BT<Node id="1576" />'s local network would make the regulator's job easier, as it would bring about the effective split of <Node id="1679" />BT<Node id="1681" />'s wholesale operation from its retail arm, which could then be treated just as any other telecom provider.<Node id="1788" />

<Node id="1790" />BT<Node id="1792" /> has been the subject of intense criticism from rival operators over the <Node id="1865" />past year<Node id="1874" /> for its handling of the introduction of competition into the local loop.<Node id="1947" />

<Node id="1949" />Yesterday<Node id="1958" /> the <Node id="1963" />European commission<Node id="1982" /> stepped up its drive for competition in the local loop - a process that was supposed to have started throughout the region at the <Node id="2113" />beginning of last month<Node id="2136" />.<Node id="2137" />

<Node id="2139" />The commission is asking new entrants to the telecoms market to provide any information about incumbent operators who limit access to local copper networks as it tries to revitalise competition.<Node id="2333" />

<Node id="2335" />The commission intends to report on the state of the industry by the <Node id="2404" />end of the year<Node id="2419" /> and will take action against any operators it believes are guilty of anti-competitive behaviour.<Node id="2516" />

<Node id="2518" />Analysts said that it appears to be willing to take a more rigorous approach to telecoms competition.<Node id="2619" /></TextWithNodes>
<!-- The default annotation set -->

<AnnotationSet>
</AnnotationSet>

<!-- Named annotation set -->

<AnnotationSet Name="Key">
<Annotation Id="0" Type="Date" StartNode="2404" EndNode="2419">
<Feature>
  <Name className="java.lang.String">kind</Name>
  <Value className="java.lang.String">date</Value>
</Feature>
</Annotation>
<Annotation Id="1" Type="Date" StartNode="2113" EndNode="2136">
<Feature>
  <Name className="java.lang.String">kind</Name>
  <Value className="java.lang.String">date</Value>
</Feature>
</Annotation>
<Annotation Id="2" Type="Date" StartNode="1949" EndNode="1958">
<Feature>
  <Name className="java.lang.String">kind</Name>
  <Value className="java.lang.String">date</Value>
</Feature>
</Annotation>
<Annotation Id="3" Type="Date" StartNode="312" EndNode="324">
<Feature>
  <Name className="java.lang.String">kind</Name>
  <Value className="java.lang.String">date</Value>
</Feature>
</Annotation>
<Annotation Id="4" Type="Date" StartNode="41" EndNode="51">
<Feature>
  <Name className="java.lang.String">kind</Name>
  <Value className="java.lang.String">date</Value>
</Feature>
</Annotation>
<Annotation Id="5" Type="Money" StartNode="604" EndNode="608">
<Feature>
  <Name className="java.lang.String">kind</Name>
  <Value className="java.lang.String">number</Value>
</Feature>
<Feature>
  <Name className="java.lang.String">rule</Name>
  <Value className="java.lang.String">MoneySymbolUnit</Value>
</Feature>
</Annotation>
<Annotation Id="6" Type="Organization" StartNode="25" EndNode="40">
<Feature>
  <Name className="java.lang.String">orgType</Name>
  <Value className="java.lang.String">company</Value>
</Feature>
<Feature>
  <Name className="java.lang.String">rule1</Name>
  <Value className="java.lang.String">GazOrganization</Value>
</Feature>
<Feature>
  <Name className="java.lang.String">id</Name>
  <Value className="java.lang.Integer">6</Value>
</Feature>
<Feature>
  <Name className="java.lang.String">rule2</Name>
  <Value className="java.lang.String">OrgFinal</Value>
</Feature>
</Annotation>
<Annotation Id="7" Type="Organization" StartNode="180" EndNode="182">
<Feature>
  <Name className="java.lang.String">orgType</Name>
  <Value className="java.lang.String">company</Value>
</Feature>
<Feature>
  <Name className="java.lang.String">rule1</Name>
  <Value className="java.lang.String">GazOrganization</Value>
</Feature>
<Feature>
  <Name className="java.lang.String">id</Name>
  <Value className="java.lang.Integer">7</Value>
</Feature>
<Feature>
  <Name className="java.lang.String">rule2</Name>
  <Value className="java.lang.String">OrgFinal</Value>
</Feature>
</Annotation>
<Annotation Id="8" Type="Organization" StartNode="472" EndNode="487">
<Feature>
  <Name className="java.lang.String">orgType</Name>
  <Value className="java.lang.String">unknown</Value>
</Feature>
<Feature>
  <Name className="java.lang.String">rule1</Name>
  <Value className="java.lang.String">OrgXandY</Value>
</Feature>
<Feature>
  <Name className="java.lang.String">id</Name>
  <Value className="java.lang.Integer">8</Value>
</Feature>
<Feature>
  <Name className="java.lang.String">rule2</Name>
  <Value className="java.lang.String">OrgFinal</Value>
</Feature>
</Annotation>
<Annotation Id="9" Type="Organization" StartNode="147" EndNode="152">
<Feature>
  <Name className="java.lang.String">id</Name>
  <Value className="java.lang.Integer">9</Value>
</Feature>
</Annotation>
<Annotation Id="10" Type="Organization" StartNode="559" EndNode="561">
<Feature>
  <Name className="java.lang.String">orgType</Name>
  <Value className="java.lang.String">company</Value>
</Feature>
<Feature>
  <Name className="java.lang.String">rule1</Name>
  <Value className="java.lang.String">GazOrganization</Value>
</Feature>
<Feature>
  <Name className="java.lang.String">id</Name>
  <Value className="java.lang.Integer">10</Value>
</Feature>
<Feature>
  <Name className="java.lang.String">rule2</Name>
  <Value className="java.lang.String">OrgFinal</Value>
</Feature>
</Annotation>
<Annotation Id="11" Type="Organization" StartNode="716" EndNode="718">
<Feature>
  <Name className="java.lang.String">orgType</Name>
  <Value className="java.lang.String">company</Value>
</Feature>
<Feature>
  <Name className="java.lang.String">rule1</Name>
  <Value className="java.lang.String">GazOrganization</Value>
</Feature>
<Feature>
  <Name className="java.lang.String">id</Name>
  <Value className="java.lang.Integer">11</Value>
</Feature>
<Feature>
  <Name className="java.lang.String">rule2</Name>
  <Value className="java.lang.String">OrgFinal</Value>
</Feature>
</Annotation>
<Annotation Id="12" Type="Organization" StartNode="1027" EndNode="1029">
<Feature>
  <Name className="java.lang.String">orgType</Name>
  <Value className="java.lang.String">company</Value>
</Feature>
<Feature>
  <Name className="java.lang.String">rule1</Name>
  <Value className="java.lang.String">GazOrganization</Value>
</Feature>
<Feature>
  <Name className="java.lang.String">id</Name>
  <Value className="java.lang.Integer">12</Value>
</Feature>
<Feature>
  <Name className="java.lang.String">rule2</Name>
  <Value className="java.lang.String">OrgFinal</Value>
</Feature>
</Annotation>
<Annotation Id="13" Type="Organization" StartNode="1134" EndNode="1136">
<Feature>
  <Name className="java.lang.String">orgType</Name>
  <Value className="java.lang.String">company</Value>
</Feature>
<Feature>
  <Name className="java.lang.String">rule1</Name>
  <Value className="java.lang.String">GazOrganization</Value>
</Feature>
<Feature>
  <Name className="java.lang.String">id</Name>
  <Value className="java.lang.Integer">13</Value>
</Feature>
<Feature>
  <Name className="java.lang.String">rule2</Name>
  <Value className="java.lang.String">OrgFinal</Value>
</Feature>
</Annotation>
<Annotation Id="14" Type="Organization" StartNode="1257" EndNode="1259">
<Feature>
  <Name className="java.lang.String">orgType</Name>
  <Value className="java.lang.String">company</Value>
</Feature>
<Feature>
  <Name className="java.lang.String">rule1</Name>
  <Value className="java.lang.String">GazOrganization</Value>
</Feature>
<Feature>
  <Name className="java.lang.String">id</Name>
  <Value className="java.lang.Integer">14</Value>
</Feature>
<Feature>
  <Name className="java.lang.String">rule2</Name>
  <Value className="java.lang.String">OrgFinal</Value>
</Feature>
</Annotation>
<Annotation Id="15" Type="Organization" StartNode="1362" EndNode="1364">
<Feature>
  <Name className="java.lang.String">orgType</Name>
  <Value className="java.lang.String">company</Value>
</Feature>
<Feature>
  <Name className="java.lang.String">rule1</Name>
  <Value className="java.lang.String">GazOrganization</Value>
</Feature>
<Feature>
  <Name className="java.lang.String">id</Name>
  <Value className="java.lang.Integer">15</Value>
</Feature>
<Feature>
  <Name className="java.lang.String">rule2</Name>
  <Value className="java.lang.String">OrgFinal</Value>
</Feature>
</Annotation>
<Annotation Id="17" Type="Date" StartNode="1483" EndNode="1492">
<Feature>
  <Name className="java.lang.String">rule1</Name>
  <Value className="java.lang.String">YearSpan1</Value>
</Feature>
<Feature>
  <Name className="java.lang.String">kind</Name>
  <Value className="java.lang.String">date</Value>
</Feature>
<Feature>
  <Name className="java.lang.String">rule2</Name>
  <Value className="java.lang.String">DateOnlyFinal</Value>
</Feature>
</Annotation>
<Annotation Id="16" Type="Location" StartNode="1450" EndNode="1452">
<Feature>
  <Name className="java.lang.String">locType</Name>
  <Value className="java.lang.String">country</Value>
</Feature>
<Feature>
  <Name className="java.lang.String">rule1</Name>
  <Value className="java.lang.String">GazLocation</Value>
</Feature>
<Feature>
  <Name className="java.lang.String">rule2</Name>
  <Value className="java.lang.String">LocFinal</Value>
</Feature>
</Annotation>
<Annotation Id="19" Type="Organization" StartNode="1679" EndNode="1681">
<Feature>
  <Name className="java.lang.String">orgType</Name>
  <Value className="java.lang.String">company</Value>
</Feature>
<Feature>
  <Name className="java.lang.String">rule1</Name>
  <Value className="java.lang.String">GazOrganization</Value>
</Feature>
<Feature>
  <Name className="java.lang.String">id</Name>
  <Value className="java.lang.Integer">19</Value>
</Feature>
<Feature>
  <Name className="java.lang.String">rule2</Name>
  <Value className="java.lang.String">OrgFinal</Value>
</Feature>
</Annotation>
<Annotation Id="18" Type="Organization" StartNode="1574" EndNode="1576">
<Feature>
  <Name className="java.lang.String">orgType</Name>
  <Value className="java.lang.String">company</Value>
</Feature>
<Feature>
  <Name className="java.lang.String">rule1</Name>
  <Value className="java.lang.String">GazOrganization</Value>
</Feature>
<Feature>
  <Name className="java.lang.String">id</Name>
  <Value className="java.lang.Integer">18</Value>
</Feature>
<Feature>
  <Name className="java.lang.String">rule2</Name>
  <Value className="java.lang.String">OrgFinal</Value>
</Feature>
</Annotation>
<Annotation Id="21" Type="Organization" StartNode="1963" EndNode="1982">
<Feature>
  <Name className="java.lang.String">id</Name>
  <Value className="java.lang.Integer">21</Value>
</Feature>
</Annotation>
<Annotation Id="20" Type="Organization" StartNode="1790" EndNode="1792">
<Feature>
  <Name className="java.lang.String">orgType</Name>
  <Value className="java.lang.String">company</Value>
</Feature>
<Feature>
  <Name className="java.lang.String">rule1</Name>
  <Value className="java.lang.String">GazOrganization</Value>
</Feature>
<Feature>
  <Name className="java.lang.String">id</Name>
  <Value className="java.lang.Integer">20</Value>
</Feature>
<Feature>
  <Name className="java.lang.String">rule2</Name>
  <Value className="java.lang.String">OrgFinal</Value>
</Feature>
</Annotation>
<Annotation Id="23" Type="Organization" StartNode="215" EndNode="226">
<Feature>
  <Name className="java.lang.String">id</Name>
  <Value className="java.lang.Integer">23</Value>
</Feature>
</Annotation>
<Annotation Id="22" Type="Organization" StartNode="80" EndNode="91">
<Feature>
  <Name className="java.lang.String">id</Name>
  <Value className="java.lang.Integer">22</Value>
</Feature>
</Annotation>
<Annotation Id="25" Type="Organization" StartNode="1080" EndNode="1091">
<Feature>
  <Name className="java.lang.String">id</Name>
  <Value className="java.lang.Integer">25</Value>
</Feature>
</Annotation>
<Annotation Id="24" Type="Organization" StartNode="810" EndNode="821">
<Feature>
  <Name className="java.lang.String">id</Name>
  <Value className="java.lang.Integer">24</Value>
</Feature>
</Annotation>
<Annotation Id="27" Type="Organization" StartNode="865" EndNode="870">
<Feature>
  <Name className="java.lang.String">id</Name>
  <Value className="java.lang.Integer">27</Value>
</Feature>
</Annotation>
<Annotation Id="26" Type="Organization" StartNode="1325" EndNode="1336">
<Feature>
  <Name className="java.lang.String">id</Name>
  <Value className="java.lang.Integer">26</Value>
</Feature>
</Annotation>
<Annotation Id="29" Type="Date" StartNode="877" EndNode="887">
<Feature>
  <Name className="java.lang.String">kind</Name>
  <Value className="java.lang.String">date</Value>
</Feature>
</Annotation>
<Annotation Id="28" Type="Organization" StartNode="1377" EndNode="1382">
<Feature>
  <Name className="java.lang.String">id</Name>
  <Value className="java.lang.Integer">28</Value>
</Feature>
</Annotation>
<Annotation Id="30" Type="Date" StartNode="1865" EndNode="1874">
<Feature>
  <Name className="java.lang.String">kind</Name>
  <Value className="java.lang.String">date</Value>
</Feature>
</Annotation>
</AnnotationSet>

<!-- Named annotation set -->

<AnnotationSet Name="Original markups">
<Annotation Id="68" Type="TEXT" StartNode="0" EndNode="2619">
</Annotation>
<Annotation Id="102" Type="p" StartNode="2139" EndNode="2333">
</Annotation>
<Annotation Id="137" Type="center" StartNode="0" EndNode="2619">
</Annotation>
<Annotation Id="170" Type="p" StartNode="0" EndNode="2619">
</Annotation>
<Annotation Id="204" Type="font" StartNode="0" EndNode="2619">
<Feature>
  <Name className="java.lang.String">face</Name>
  <Value className="java.lang.String">Geneva,Arial,sans-serif</Value>
</Feature>
<Feature>
  <Name className="java.lang.String">size</Name>
  <Value className="java.lang.String">2</Value>
</Feature>
</Annotation>
<Annotation Id="341" Type="p" StartNode="1790" EndNode="1947">
</Annotation>
<Annotation Id="348" Type="body" StartNode="0" EndNode="2619">
<Feature>
  <Name className="java.lang.String">leftmargin</Name>
  <Value className="java.lang.String">0</Value>
</Feature>
<Feature>
  <Name className="java.lang.String">topmargin</Name>
  <Value className="java.lang.String">8</Value>
</Feature>
<Feature>
  <Name className="java.lang.String">alink</Name>
  <Value className="java.lang.String">#FF0000</Value>
</Feature>
<Feature>
  <Name className="java.lang.String">bgcolor</Name>
  <Value className="java.lang.String">#FFFFFF</Value>
</Feature>
<Feature>
  <Name className="java.lang.String">link</Name>
  <Value className="java.lang.String">#003366</Value>
</Feature>
<Feature>
  <Name className="java.lang.String">vlink</Name>
  <Value className="java.lang.String">#003366</Value>
</Feature>
</Annotation>
<Annotation Id="198" Type="p" StartNode="2335" EndNode="2516">
</Annotation>
<Annotation Id="225" Type="p" StartNode="1949" EndNode="2137">
</Annotation>
<Annotation Id="74" Type="td" StartNode="0" EndNode="2619">
<Feature>
  <Name className="java.lang.String">valign</Name>
  <Value className="java.lang.String">top</Value>
</Feature>
<Feature>
  <Name className="java.lang.String">width</Name>
  <Value className="java.lang.String">372</Value>
</Feature>
</Annotation>
<Annotation Id="224" Type="p" StartNode="2518" EndNode="2619">
</Annotation>
<Annotation Id="223" Type="table" StartNode="0" EndNode="2619">
<Feature>
  <Name className="java.lang.String">cellpadding</Name>
  <Value className="java.lang.String">0</Value>
</Feature>
<Feature>
  <Name className="java.lang.String">border</Name>
  <Value className="java.lang.String">0</Value>
</Feature>
<Feature>
  <Name className="java.lang.String">cellspacing</Name>
  <Value className="java.lang.String">0</Value>
</Feature>
<Feature>
  <Name className="java.lang.String">width</Name>
  <Value className="java.lang.String">544</Value>
</Feature>
</Annotation>
<Annotation Id="352" Type="html" StartNode="0" EndNode="2619">
</Annotation>
<Annotation Id="217" Type="p" StartNode="1321" EndNode="1559">
</Annotation>
<Annotation Id="80" Type="p" StartNode="215" EndNode="433">
</Annotation>
<Annotation Id="53" Type="p" StartNode="656" EndNode="808">
</Annotation>
<Annotation Id="334" Type="p" StartNode="435" EndNode="654">
</Annotation>
<Annotation Id="213" Type="tr" StartNode="0" EndNode="2619">
</Annotation>
<Annotation Id="176" Type="font" StartNode="0" EndNode="2619">
<Feature>
  <Name className="java.lang.String">face</Name>
  <Value className="java.lang.String">Arial,Helvetica,sans-serif</Value>
</Feature>
<Feature>
  <Name className="java.lang.String">size</Name>
  <Value className="java.lang.String">3</Value>
</Feature>
</Annotation>
<Annotation Id="330" Type="p" StartNode="1059" EndNode="1319">
</Annotation>
<Annotation Id="390" Type="html" StartNode="0" EndNode="2619">
<Feature>
  <Name className="java.lang.String">_implied_</Name>
  <Value className="java.lang.String">true</Value>
</Feature>
</Annotation>
<Annotation Id="91" Type="p" StartNode="810" EndNode="1057">
</Annotation>
<Annotation Id="303" Type="p" StartNode="1561" EndNode="1788">
</Annotation>
<Annotation Id="269" Type="body" StartNode="0" EndNode="2619">
<Feature>
  <Name className="java.lang.String">_implied_</Name>
  <Value className="java.lang.String">true</Value>
</Feature>
</Annotation>
</AnnotationSet>

</GateDocument>
