<?xml version='1.0' encoding='UTF-8'?>
<GateDocument>
<!-- The document's features-->

<GateDocumentFeatures>
<Feature>
  <Name className="java.lang.String">gate.SourceURL</Name>
  <Value className="java.lang.String">file:/Z:/Corpus/ft-BT-loop-01-aug-2001.html</Value>
</Feature>
<Feature>
  <Name className="java.lang.String">gate.NAME</Name>
  <Value className="java.lang.String">doc10</Value>
</Feature>
<Feature>
  <Name className="java.lang.String">entitySet</Name>
  <Value className="java.lang.String">==== FILE: /Z:/Corpus/ft-BT-loop-01-aug-2001.html
</Value>
</Feature>
<Feature>
  <Name className="java.lang.String">MimeType</Name>
  <Value className="java.lang.String">text/html</Value>
</Feature>
</GateDocumentFeatures>
<!-- The document content area with serialized nodes -->

<TextWithNodes><Node id="0" />Two of <Node id="7" />British Telecom<Node id="22" />'s top 10 shareholders are to urge it to rethink its rejection of a <Node id="90" />£8bn<Node id="94" /> (<Node id="96" />$11.4bn<Node id="103" />) bid for its local telephone network by <Node id="144" />Earth Lease<Node id="155" />, a consortium of private equity investors.<Node id="198" />

<Node id="200" />BT<Node id="202" /> dismissed the bid <Node id="221" />this week<Node id="230" />, saying that it stood little chance of success. Under the consortium's proposal, <Node id="312" />BT<Node id="314" />'s telephone lines, connecting local exchanges to most of the <Node id="376" />UK<Node id="378" />'s residential and business phone users, would be bought, and then leased back to the telecoms company.<Node id="481" />

<Node id="483" />But leading shareholders, who were prominent supporters of <Node id="542" />BT<Node id="544" />'s <Node id="547" />£6bn<Node id="551" /> rights issue, believe the deal could have a twin benefit: offloading a non-core business and cutting the remaining debt by more than half.<Node id="690" />

<Node id="692" />One shareholder, with a stake of more than <Node id="735" />2 per cent<Node id="745" />, said: "There are good arguments for <Node id="783" />BT<Node id="785" /> detaching itself from this local business; the return [on the capital] is virtually nothing."<Node id="879" />

<Node id="881" />Figures, provided by <Node id="902" />BT<Node id="904" /> to <Node id="908" />Oftel<Node id="913" />, the industry watchdog, suggest the local network of 28.9m lines is run at break-even level, even though the capital employed amounts to about <Node id="1057" />£8.4bn<Node id="1063" />, roughly the sum offered by <Node id="1092" />Earth Lease<Node id="1103" />.<Node id="1104" />

<Node id="1106" />There were questions over the price offered by <Node id="1153" />Earth Lease<Node id="1164" />. But shareholders said this should be the subject of negotiation.<Node id="1230" />

<Node id="1232" />BT<Node id="1234" /> said it was happy to listen to the views of shareholders but insisted there were no immediate plans to change its view of the deal. It said the original proposal, which it received from <Node id="1421" />Earth Lease<Node id="1432" /> in <Node id="1436" />May<Node id="1439" />, was just too vague to be worth considering. It does not believe the concept is an attractive one for <Node id="1542" />BT<Node id="1544" /> shareholders.<Node id="1558" />

<Node id="1560" />On <Node id="1563" />Tuesday night<Node id="1576" /> <Node id="1577" />Earth Lease<Node id="1588" /> said it was ready to outline its proposals to any <Node id="1639" />BT<Node id="1641" /> shareholders who wished to find out more details, but insisted it had not yet made contact with any investors.<Node id="1752" />

<Node id="1754" />Instead the consortium is believed to be examining ways to increase political pressure on <Node id="1844" />BT<Node id="1846" /> to re-examine the proposal in the interests of stimulating demand for broadband services.<Node id="1936" /></TextWithNodes>
<!-- The default annotation set -->

<AnnotationSet>
</AnnotationSet>

<!-- Named annotation set -->

<AnnotationSet Name="Key">
<Annotation Id="0" Type="Date" StartNode="221" EndNode="230">
<Feature>
  <Name className="java.lang.String">kind</Name>
  <Value className="java.lang.String">date</Value>
</Feature>
</Annotation>
<Annotation Id="1" Type="Organization" StartNode="1639" EndNode="1641">
<Feature>
  <Name className="java.lang.String">id</Name>
  <Value className="java.lang.Integer">1</Value>
</Feature>
</Annotation>
<Annotation Id="2" Type="Date" StartNode="1436" EndNode="1439">
</Annotation>
<Annotation Id="3" Type="Date" StartNode="1563" EndNode="1576">
</Annotation>
<Annotation Id="4" Type="Organization" StartNode="1577" EndNode="1588">
<Feature>
  <Name className="java.lang.String">id</Name>
  <Value className="java.lang.Integer">4</Value>
</Feature>
</Annotation>
<Annotation Id="5" Type="Organization" StartNode="1421" EndNode="1432">
<Feature>
  <Name className="java.lang.String">id</Name>
  <Value className="java.lang.Integer">5</Value>
</Feature>
</Annotation>
<Annotation Id="6" Type="Organization" StartNode="1153" EndNode="1164">
<Feature>
  <Name className="java.lang.String">id</Name>
  <Value className="java.lang.Integer">6</Value>
</Feature>
</Annotation>
<Annotation Id="7" Type="Organization" StartNode="1092" EndNode="1103">
<Feature>
  <Name className="java.lang.String">id</Name>
  <Value className="java.lang.Integer">7</Value>
</Feature>
</Annotation>
<Annotation Id="8" Type="Organization" StartNode="908" EndNode="913">
<Feature>
  <Name className="java.lang.String">id</Name>
  <Value className="java.lang.Integer">8</Value>
</Feature>
</Annotation>
<Annotation Id="9" Type="Organization" StartNode="144" EndNode="155">
<Feature>
  <Name className="java.lang.String">id</Name>
  <Value className="java.lang.Integer">9</Value>
</Feature>
</Annotation>
<Annotation Id="10" Type="Organization" StartNode="1844" EndNode="1846">
<Feature>
  <Name className="java.lang.String">orgType</Name>
  <Value className="java.lang.String">company</Value>
</Feature>
<Feature>
  <Name className="java.lang.String">rule1</Name>
  <Value className="java.lang.String">GazOrganization</Value>
</Feature>
<Feature>
  <Name className="java.lang.String">id</Name>
  <Value className="java.lang.Integer">10</Value>
</Feature>
<Feature>
  <Name className="java.lang.String">rule2</Name>
  <Value className="java.lang.String">OrgFinal</Value>
</Feature>
</Annotation>
<Annotation Id="11" Type="Organization" StartNode="1542" EndNode="1544">
<Feature>
  <Name className="java.lang.String">orgType</Name>
  <Value className="java.lang.String">company</Value>
</Feature>
<Feature>
  <Name className="java.lang.String">rule1</Name>
  <Value className="java.lang.String">GazOrganization</Value>
</Feature>
<Feature>
  <Name className="java.lang.String">id</Name>
  <Value className="java.lang.Integer">11</Value>
</Feature>
<Feature>
  <Name className="java.lang.String">rule2</Name>
  <Value className="java.lang.String">OrgFinal</Value>
</Feature>
</Annotation>
<Annotation Id="12" Type="Organization" StartNode="1232" EndNode="1234">
<Feature>
  <Name className="java.lang.String">orgType</Name>
  <Value className="java.lang.String">company</Value>
</Feature>
<Feature>
  <Name className="java.lang.String">rule1</Name>
  <Value className="java.lang.String">GazOrganization</Value>
</Feature>
<Feature>
  <Name className="java.lang.String">id</Name>
  <Value className="java.lang.Integer">12</Value>
</Feature>
<Feature>
  <Name className="java.lang.String">rule2</Name>
  <Value className="java.lang.String">OrgFinal</Value>
</Feature>
</Annotation>
<Annotation Id="13" Type="Organization" StartNode="902" EndNode="904">
<Feature>
  <Name className="java.lang.String">orgType</Name>
  <Value className="java.lang.String">company</Value>
</Feature>
<Feature>
  <Name className="java.lang.String">rule1</Name>
  <Value className="java.lang.String">GazOrganization</Value>
</Feature>
<Feature>
  <Name className="java.lang.String">id</Name>
  <Value className="java.lang.Integer">13</Value>
</Feature>
<Feature>
  <Name className="java.lang.String">rule2</Name>
  <Value className="java.lang.String">OrgFinal</Value>
</Feature>
</Annotation>
<Annotation Id="14" Type="Organization" StartNode="783" EndNode="785">
<Feature>
  <Name className="java.lang.String">orgType</Name>
  <Value className="java.lang.String">company</Value>
</Feature>
<Feature>
  <Name className="java.lang.String">rule1</Name>
  <Value className="java.lang.String">GazOrganization</Value>
</Feature>
<Feature>
  <Name className="java.lang.String">id</Name>
  <Value className="java.lang.Integer">14</Value>
</Feature>
<Feature>
  <Name className="java.lang.String">rule2</Name>
  <Value className="java.lang.String">OrgFinal</Value>
</Feature>
</Annotation>
<Annotation Id="15" Type="Organization" StartNode="542" EndNode="544">
<Feature>
  <Name className="java.lang.String">orgType</Name>
  <Value className="java.lang.String">company</Value>
</Feature>
<Feature>
  <Name className="java.lang.String">rule1</Name>
  <Value className="java.lang.String">GazOrganization</Value>
</Feature>
<Feature>
  <Name className="java.lang.String">id</Name>
  <Value className="java.lang.Integer">15</Value>
</Feature>
<Feature>
  <Name className="java.lang.String">rule2</Name>
  <Value className="java.lang.String">OrgFinal</Value>
</Feature>
</Annotation>
<Annotation Id="17" Type="Organization" StartNode="312" EndNode="314">
<Feature>
  <Name className="java.lang.String">orgType</Name>
  <Value className="java.lang.String">company</Value>
</Feature>
<Feature>
  <Name className="java.lang.String">rule1</Name>
  <Value className="java.lang.String">GazOrganization</Value>
</Feature>
<Feature>
  <Name className="java.lang.String">id</Name>
  <Value className="java.lang.Integer">17</Value>
</Feature>
<Feature>
  <Name className="java.lang.String">rule2</Name>
  <Value className="java.lang.String">OrgFinal</Value>
</Feature>
</Annotation>
<Annotation Id="16" Type="Location" StartNode="376" EndNode="378">
<Feature>
  <Name className="java.lang.String">locType</Name>
  <Value className="java.lang.String">country</Value>
</Feature>
<Feature>
  <Name className="java.lang.String">rule1</Name>
  <Value className="java.lang.String">GazLocation</Value>
</Feature>
<Feature>
  <Name className="java.lang.String">rule2</Name>
  <Value className="java.lang.String">LocFinal</Value>
</Feature>
</Annotation>
<Annotation Id="19" Type="Organization" StartNode="7" EndNode="22">
<Feature>
  <Name className="java.lang.String">orgType</Name>
  <Value className="java.lang.String">company</Value>
</Feature>
<Feature>
  <Name className="java.lang.String">rule1</Name>
  <Value className="java.lang.String">GazOrganization</Value>
</Feature>
<Feature>
  <Name className="java.lang.String">id</Name>
  <Value className="java.lang.Integer">19</Value>
</Feature>
<Feature>
  <Name className="java.lang.String">rule2</Name>
  <Value className="java.lang.String">OrgFinal</Value>
</Feature>
</Annotation>
<Annotation Id="18" Type="Organization" StartNode="200" EndNode="202">
<Feature>
  <Name className="java.lang.String">orgType</Name>
  <Value className="java.lang.String">company</Value>
</Feature>
<Feature>
  <Name className="java.lang.String">rule1</Name>
  <Value className="java.lang.String">GazOrganization</Value>
</Feature>
<Feature>
  <Name className="java.lang.String">id</Name>
  <Value className="java.lang.Integer">18</Value>
</Feature>
<Feature>
  <Name className="java.lang.String">rule2</Name>
  <Value className="java.lang.String">OrgFinal</Value>
</Feature>
</Annotation>
<Annotation Id="21" Type="Percent" StartNode="735" EndNode="745">
<Feature>
  <Name className="java.lang.String">rule</Name>
  <Value className="java.lang.String">PercentBasic</Value>
</Feature>
</Annotation>
<Annotation Id="20" Type="Money" StartNode="1057" EndNode="1063">
<Feature>
  <Name className="java.lang.String">kind</Name>
  <Value className="java.lang.String">number</Value>
</Feature>
<Feature>
  <Name className="java.lang.String">rule</Name>
  <Value className="java.lang.String">MoneySymbolUnit</Value>
</Feature>
</Annotation>
<Annotation Id="23" Type="Money" StartNode="96" EndNode="103">
<Feature>
  <Name className="java.lang.String">kind</Name>
  <Value className="java.lang.String">number</Value>
</Feature>
<Feature>
  <Name className="java.lang.String">rule</Name>
  <Value className="java.lang.String">MoneySymbolUnit</Value>
</Feature>
</Annotation>
<Annotation Id="22" Type="Money" StartNode="547" EndNode="551">
<Feature>
  <Name className="java.lang.String">kind</Name>
  <Value className="java.lang.String">number</Value>
</Feature>
<Feature>
  <Name className="java.lang.String">rule</Name>
  <Value className="java.lang.String">MoneySymbolUnit</Value>
</Feature>
</Annotation>
<Annotation Id="24" Type="Money" StartNode="90" EndNode="94">
<Feature>
  <Name className="java.lang.String">kind</Name>
  <Value className="java.lang.String">number</Value>
</Feature>
<Feature>
  <Name className="java.lang.String">rule</Name>
  <Value className="java.lang.String">MoneySymbolUnit</Value>
</Feature>
</Annotation>
</AnnotationSet>

<!-- Named annotation set -->

<AnnotationSet Name="Original markups">
<Annotation Id="96" Type="TEXT" StartNode="0" EndNode="1936">
</Annotation>
<Annotation Id="73" Type="td" StartNode="0" EndNode="1936">
<Feature>
  <Name className="java.lang.String">colspan</Name>
  <Value className="java.lang.String">2</Value>
</Feature>
</Annotation>
<Annotation Id="74" Type="tr" StartNode="0" EndNode="1936">
</Annotation>
<Annotation Id="85" Type="html" StartNode="0" EndNode="1936">
<Feature>
  <Name className="java.lang.String">_implied_</Name>
  <Value className="java.lang.String">true</Value>
</Feature>
</Annotation>
<Annotation Id="55" Type="p" StartNode="1232" EndNode="1558">
</Annotation>
<Annotation Id="54" Type="p" StartNode="1560" EndNode="1752">
</Annotation>
<Annotation Id="53" Type="p" StartNode="1754" EndNode="1936">
</Annotation>
<Annotation Id="83" Type="body" StartNode="0" EndNode="1936">
<Feature>
  <Name className="java.lang.String">_implied_</Name>
  <Value className="java.lang.String">true</Value>
</Feature>
</Annotation>
<Annotation Id="82" Type="table" StartNode="0" EndNode="1936">
<Feature>
  <Name className="java.lang.String">leftmargin</Name>
  <Value className="java.lang.String">0</Value>
</Feature>
<Feature>
  <Name className="java.lang.String">marginheight</Name>
  <Value className="java.lang.String">0</Value>
</Feature>
<Feature>
  <Name className="java.lang.String">topmargin</Name>
  <Value className="java.lang.String">0</Value>
</Feature>
<Feature>
  <Name className="java.lang.String">alink</Name>
  <Value className="java.lang.String">#996600</Value>
</Feature>
<Feature>
  <Name className="java.lang.String">link</Name>
  <Value className="java.lang.String">#330033</Value>
</Feature>
<Feature>
  <Name className="java.lang.String">width</Name>
  <Value className="java.lang.String">618</Value>
</Feature>
<Feature>
  <Name className="java.lang.String">marginwidth</Name>
  <Value className="java.lang.String">0</Value>
</Feature>
<Feature>
  <Name className="java.lang.String">cellpadding</Name>
  <Value className="java.lang.String">0</Value>
</Feature>
<Feature>
  <Name className="java.lang.String">border</Name>
  <Value className="java.lang.String">0</Value>
</Feature>
<Feature>
  <Name className="java.lang.String">cellspacing</Name>
  <Value className="java.lang.String">0</Value>
</Feature>
<Feature>
  <Name className="java.lang.String">bgcolor</Name>
  <Value className="java.lang.String">white</Value>
</Feature>
<Feature>
  <Name className="java.lang.String">vlink</Name>
  <Value className="java.lang.String">#330033</Value>
</Feature>
</Annotation>
<Annotation Id="59" Type="p" StartNode="483" EndNode="690">
</Annotation>
<Annotation Id="58" Type="p" StartNode="692" EndNode="879">
</Annotation>
<Annotation Id="57" Type="p" StartNode="881" EndNode="1104">
</Annotation>
<Annotation Id="56" Type="p" StartNode="1106" EndNode="1230">
</Annotation>
<Annotation Id="63" Type="p" StartNode="0" EndNode="1936">
</Annotation>
<Annotation Id="62" Type="font" StartNode="0" EndNode="1936">
<Feature>
  <Name className="java.lang.String">class</Name>
  <Value className="java.lang.String">allWide</Value>
</Feature>
</Annotation>
<Annotation Id="61" Type="p" StartNode="0" EndNode="198">
</Annotation>
<Annotation Id="60" Type="p" StartNode="200" EndNode="481">
</Annotation>
</AnnotationSet>

</GateDocument>
