<?xml version='1.0' encoding='UTF-8'?>
<GateDocument>
<!-- The document's features-->

<GateDocumentFeatures>
<Feature>
  <Name className="java.lang.String">gate.SourceURL</Name>
  <Value className="java.lang.String">file:/Z:/Corpus/ft-equitable-07-auf-2001.html</Value>
</Feature>
<Feature>
  <Name className="java.lang.String">gate.NAME</Name>
  <Value className="java.lang.String">doc6</Value>
</Feature>
<Feature>
  <Name className="java.lang.String">entitySet</Name>
  <Value className="java.lang.String">==== FILE: /Z:/Corpus/ft-equitable-07-auf-2001.html
</Value>
</Feature>
<Feature>
  <Name className="java.lang.String">MimeType</Name>
  <Value className="java.lang.String">text/html</Value>
</Feature>
</GateDocumentFeatures>
<!-- The document content area with serialized nodes -->

<TextWithNodes><Node id="0" />The <Node id="4" />Financial Services Authority<Node id="32" /> is seeking independent legal advice on whether <Node id="80" />Equitable Life<Node id="94" /> members who did not have guaranteed annuity policies were victims of mis-selling.<Node id="176" />

<Node id="178" />This move by the City watchdog could affect other pension companies that are reeling from the cost to the industry of honouring guaranteed annuity liabilities, estimated at up to <Node id="357" />£10bn<Node id="362" /> (<Node id="364" />$14bn<Node id="369" />).<Node id="371" />

<Node id="373" />The <Node id="377" />FSA<Node id="380" /> announced in <Node id="394" />February<Node id="402" /> it was examining whether <Node id="428" />Equitable<Node id="437" /> policyholders who bought policies <Node id="472" />last year<Node id="481" /> could claim they had been mis-sold - particularly those who bought policies after the Law Lords ruled in <Node id="587" />July<Node id="591" /> against the mutual's stance on guaranteed annuities.<Node id="644" />

<Node id="646" />Depending on its legal advice, the <Node id="681" />FSA<Node id="684" />'s could affect other pension groups. If the regulator decides these policyholders were misled and suffered a loss, they could be eligible for compensation.<Node id="840" />

<Node id="842" />More than 50 life assurers had some exposure to guaranteed annuity-type products. However, most have dealt with the problem by drawing on their "orphan assets" of surplus capital in their with-profits funds, or by receiving capital injections from shareholders.<Node id="1103" />

<Node id="1105" />Analysts said it would not be easy for other policyholders to prove they had suffered a loss as a result of the existence of the guaranteed annuity policies - a must if they are to claim compensation.<Node id="1305" />

<Node id="1307" />Equitable<Node id="1316" /> has asked <Node id="1327" />Nicholas Warren QC<Node id="1345" /> to advise whether customers sold pension policies without annuity guarantees should have been told about the troubled mutual's exposure to guaranteed annuity liabilities - now put at <Node id="1529" />£2.6bn<Node id="1535" />.<Node id="1536" />

<Node id="1538" />Vanni Treves<Node id="1550" />, <Node id="1552" />Equitable<Node id="1561" />'s chairman, has acknowledged that any liability arising from mis-selling could be "a substantial amount", though he said it would not be of the same scale as the guaranteed annuity liability.<Node id="1753" />

<Node id="1755" />He said quantification of any mis-selling claims would have to be from part of the forthcoming compromise deal between the 90,000 <Node id="1885" />Equitable<Node id="1894" /> policyholders with guaranteed annuity policies and the majority who do not have guarantees.<Node id="1986" />

<Node id="1988" />Of <Node id="1991" />Mr Warren<Node id="2000" />'s report, <Node id="2011" />Mr Treves<Node id="2020" /> said: "I think it will be a very, very important piece of work for the industry as a whole, which is one reason why the <Node id="2141" />FSA<Node id="2144" /> is taking its own independent advice upon it".<Node id="2191" /></TextWithNodes>
<!-- The default annotation set -->

<AnnotationSet>
</AnnotationSet>

<!-- Named annotation set -->

<AnnotationSet Name="Key">
<Annotation Id="0" Type="Date" StartNode="472" EndNode="481">
<Feature>
  <Name className="java.lang.String">kind</Name>
  <Value className="java.lang.String">date</Value>
</Feature>
</Annotation>
<Annotation Id="1" Type="Organization" StartNode="1885" EndNode="1894">
<Feature>
  <Name className="java.lang.String">id</Name>
  <Value className="java.lang.Integer">1</Value>
</Feature>
</Annotation>
<Annotation Id="2" Type="Organization" StartNode="1552" EndNode="1561">
<Feature>
  <Name className="java.lang.String">id</Name>
  <Value className="java.lang.Integer">2</Value>
</Feature>
</Annotation>
<Annotation Id="3" Type="Organization" StartNode="1307" EndNode="1316">
<Feature>
  <Name className="java.lang.String">id</Name>
  <Value className="java.lang.Integer">3</Value>
</Feature>
</Annotation>
<Annotation Id="4" Type="Organization" StartNode="428" EndNode="437">
<Feature>
  <Name className="java.lang.String">id</Name>
  <Value className="java.lang.Integer">4</Value>
</Feature>
</Annotation>
<Annotation Id="5" Type="Organization" StartNode="80" EndNode="94">
<Feature>
  <Name className="java.lang.String">id</Name>
  <Value className="java.lang.Integer">5</Value>
</Feature>
</Annotation>
<Annotation Id="6" Type="Organization" StartNode="2141" EndNode="2144">
<Feature>
  <Name className="java.lang.String">id</Name>
  <Value className="java.lang.Integer">6</Value>
</Feature>
</Annotation>
<Annotation Id="7" Type="Organization" StartNode="681" EndNode="684">
<Feature>
  <Name className="java.lang.String">id</Name>
  <Value className="java.lang.Integer">7</Value>
</Feature>
</Annotation>
<Annotation Id="8" Type="Organization" StartNode="377" EndNode="380">
<Feature>
  <Name className="java.lang.String">id</Name>
  <Value className="java.lang.Integer">8</Value>
</Feature>
</Annotation>
<Annotation Id="9" Type="Person" StartNode="2011" EndNode="2020">
<Feature>
  <Name className="java.lang.String">rule1</Name>
  <Value className="java.lang.String">PersonTitleGender</Value>
</Feature>
<Feature>
  <Name className="java.lang.String">id</Name>
  <Value className="java.lang.Integer">9</Value>
</Feature>
<Feature>
  <Name className="java.lang.String">gender</Name>
  <Value className="java.lang.String">male</Value>
</Feature>
<Feature>
  <Name className="java.lang.String">rule</Name>
  <Value className="java.lang.String">PersonFinal</Value>
</Feature>
</Annotation>
<Annotation Id="10" Type="Person" StartNode="1991" EndNode="2000">
<Feature>
  <Name className="java.lang.String">rule1</Name>
  <Value className="java.lang.String">PersonFirstTitle</Value>
</Feature>
<Feature>
  <Name className="java.lang.String">id</Name>
  <Value className="java.lang.Integer">10</Value>
</Feature>
<Feature>
  <Name className="java.lang.String">gender</Name>
  <Value className="java.lang.String">male</Value>
</Feature>
<Feature>
  <Name className="java.lang.String">rule</Name>
  <Value className="java.lang.String">PersonFinal</Value>
</Feature>
</Annotation>
<Annotation Id="11" Type="Person" StartNode="1538" EndNode="1550">
<Feature>
  <Name className="java.lang.String">rule1</Name>
  <Value className="java.lang.String">PersonFull</Value>
</Feature>
<Feature>
  <Name className="java.lang.String">id</Name>
  <Value className="java.lang.Integer">11</Value>
</Feature>
<Feature>
  <Name className="java.lang.String">gender</Name>
  <Value className="java.lang.String">male</Value>
</Feature>
<Feature>
  <Name className="java.lang.String">rule</Name>
  <Value className="java.lang.String">PersonFinal</Value>
</Feature>
</Annotation>
<Annotation Id="12" Type="Date" StartNode="587" EndNode="591">
<Feature>
  <Name className="java.lang.String">rule1</Name>
  <Value className="java.lang.String">GazDate</Value>
</Feature>
<Feature>
  <Name className="java.lang.String">kind</Name>
  <Value className="java.lang.String">date</Value>
</Feature>
<Feature>
  <Name className="java.lang.String">rule2</Name>
  <Value className="java.lang.String">DateOnlyFinal</Value>
</Feature>
</Annotation>
<Annotation Id="13" Type="Date" StartNode="394" EndNode="402">
<Feature>
  <Name className="java.lang.String">rule1</Name>
  <Value className="java.lang.String">GazDate</Value>
</Feature>
<Feature>
  <Name className="java.lang.String">kind</Name>
  <Value className="java.lang.String">date</Value>
</Feature>
<Feature>
  <Name className="java.lang.String">rule2</Name>
  <Value className="java.lang.String">DateOnlyFinal</Value>
</Feature>
</Annotation>
<Annotation Id="14" Type="Organization" StartNode="4" EndNode="32">
<Feature>
  <Name className="java.lang.String">orgType</Name>
  <Value className="java.lang.String">unknown</Value>
</Feature>
<Feature>
  <Name className="java.lang.String">rule1</Name>
  <Value className="java.lang.String">OrgXBase</Value>
</Feature>
<Feature>
  <Name className="java.lang.String">id</Name>
  <Value className="java.lang.Integer">14</Value>
</Feature>
<Feature>
  <Name className="java.lang.String">rule2</Name>
  <Value className="java.lang.String">OrgFinal</Value>
</Feature>
</Annotation>
<Annotation Id="15" Type="Money" StartNode="1529" EndNode="1535">
<Feature>
  <Name className="java.lang.String">kind</Name>
  <Value className="java.lang.String">number</Value>
</Feature>
<Feature>
  <Name className="java.lang.String">rule</Name>
  <Value className="java.lang.String">MoneySymbolUnit</Value>
</Feature>
</Annotation>
<Annotation Id="17" Type="Money" StartNode="357" EndNode="362">
<Feature>
  <Name className="java.lang.String">kind</Name>
  <Value className="java.lang.String">number</Value>
</Feature>
<Feature>
  <Name className="java.lang.String">rule</Name>
  <Value className="java.lang.String">MoneySymbolUnit</Value>
</Feature>
</Annotation>
<Annotation Id="16" Type="Money" StartNode="364" EndNode="369">
<Feature>
  <Name className="java.lang.String">kind</Name>
  <Value className="java.lang.String">number</Value>
</Feature>
<Feature>
  <Name className="java.lang.String">rule</Name>
  <Value className="java.lang.String">MoneySymbolUnit</Value>
</Feature>
</Annotation>
<Annotation Id="18" Type="Person" StartNode="1327" EndNode="1345">
<Feature>
  <Name className="java.lang.String">id</Name>
  <Value className="java.lang.Integer">18</Value>
</Feature>
</Annotation>
<Annotation Id="4233" Type="RelationClass" StartNode="1538" EndNode="1561">
<Feature>
  <Name className="java.lang.String">rel-type</Name>
  <Value className="java.lang.String">employed-by</Value>
</Feature>
<Feature>
  <Name className="java.lang.String">pers-id</Name>
  <Value className="java.lang.String">11</Value>
</Feature>
<Feature>
  <Name className="java.lang.String">org-id</Name>
  <Value className="java.lang.String">2</Value>
</Feature>
</Annotation>
</AnnotationSet>

<!-- Named annotation set -->

<AnnotationSet Name="Original markups">
<Annotation Id="68" Type="body" StartNode="0" EndNode="2191">
<Feature>
  <Name className="java.lang.String">_implied_</Name>
  <Value className="java.lang.String">true</Value>
</Feature>
</Annotation>
<Annotation Id="70" Type="html" StartNode="0" EndNode="2191">
<Feature>
  <Name className="java.lang.String">_implied_</Name>
  <Value className="java.lang.String">true</Value>
</Feature>
</Annotation>
<Annotation Id="38" Type="p" StartNode="1755" EndNode="1986">
</Annotation>
<Annotation Id="39" Type="p" StartNode="1538" EndNode="1753">
</Annotation>
<Annotation Id="67" Type="table" StartNode="0" EndNode="2191">
<Feature>
  <Name className="java.lang.String">leftmargin</Name>
  <Value className="java.lang.String">0</Value>
</Feature>
<Feature>
  <Name className="java.lang.String">marginheight</Name>
  <Value className="java.lang.String">0</Value>
</Feature>
<Feature>
  <Name className="java.lang.String">topmargin</Name>
  <Value className="java.lang.String">0</Value>
</Feature>
<Feature>
  <Name className="java.lang.String">alink</Name>
  <Value className="java.lang.String">#996600</Value>
</Feature>
<Feature>
  <Name className="java.lang.String">link</Name>
  <Value className="java.lang.String">#330033</Value>
</Feature>
<Feature>
  <Name className="java.lang.String">width</Name>
  <Value className="java.lang.String">618</Value>
</Feature>
<Feature>
  <Name className="java.lang.String">marginwidth</Name>
  <Value className="java.lang.String">0</Value>
</Feature>
<Feature>
  <Name className="java.lang.String">cellpadding</Name>
  <Value className="java.lang.String">0</Value>
</Feature>
<Feature>
  <Name className="java.lang.String">border</Name>
  <Value className="java.lang.String">0</Value>
</Feature>
<Feature>
  <Name className="java.lang.String">cellspacing</Name>
  <Value className="java.lang.String">0</Value>
</Feature>
<Feature>
  <Name className="java.lang.String">bgcolor</Name>
  <Value className="java.lang.String">white</Value>
</Feature>
<Feature>
  <Name className="java.lang.String">vlink</Name>
  <Value className="java.lang.String">#330033</Value>
</Feature>
</Annotation>
<Annotation Id="37" Type="p" StartNode="1988" EndNode="2191">
</Annotation>
<Annotation Id="42" Type="p" StartNode="842" EndNode="1103">
</Annotation>
<Annotation Id="43" Type="p" StartNode="646" EndNode="840">
</Annotation>
<Annotation Id="40" Type="p" StartNode="1307" EndNode="1536">
</Annotation>
<Annotation Id="41" Type="p" StartNode="1105" EndNode="1305">
</Annotation>
<Annotation Id="46" Type="p" StartNode="0" EndNode="176">
</Annotation>
<Annotation Id="47" Type="font" StartNode="0" EndNode="2191">
<Feature>
  <Name className="java.lang.String">class</Name>
  <Value className="java.lang.String">allWide</Value>
</Feature>
</Annotation>
<Annotation Id="44" Type="p" StartNode="373" EndNode="644">
</Annotation>
<Annotation Id="45" Type="p" StartNode="178" EndNode="371">
</Annotation>
<Annotation Id="48" Type="p" StartNode="0" EndNode="2191">
</Annotation>
<Annotation Id="81" Type="TEXT" StartNode="0" EndNode="2191">
</Annotation>
<Annotation Id="59" Type="tr" StartNode="0" EndNode="2191">
</Annotation>
<Annotation Id="58" Type="td" StartNode="0" EndNode="2191">
<Feature>
  <Name className="java.lang.String">colspan</Name>
  <Value className="java.lang.String">2</Value>
</Feature>
</Annotation>
</AnnotationSet>

</GateDocument>
