<?xml version='1.0' encoding='UTF-8'?>
<GateDocument>
<!-- The document's features-->

<GateDocumentFeatures>
<Feature>
  <Name className="java.lang.String">gate.SourceURL</Name>
  <Value className="java.lang.String">file:/Z:/Corpus/ft-GKN-09-aug-2001.html</Value>
</Feature>
<Feature>
  <Name className="java.lang.String">gate.NAME</Name>
  <Value className="java.lang.String">doc10</Value>
</Feature>
<Feature>
  <Name className="java.lang.String">entitySet</Name>
  <Value className="java.lang.String">==== FILE: /Z:/Corpus/ft-GKN-09-aug-2001.html
</Value>
</Feature>
<Feature>
  <Name className="java.lang.String">MimeType</Name>
  <Value className="java.lang.String">text/html</Value>
</Feature>
</GateDocumentFeatures>
<!-- The document content area with serialized nodes -->

<TextWithNodes><Node id="0" />The downturn in the <Node id="20" />US<Node id="22" /> automotive market sliced <Node id="48" />46 per cent<Node id="59" /> off <Node id="64" />first-half<Node id="74" /> pre-tax profits at <Node id="94" />GKN<Node id="97" />, the recently demerged <Node id="121" />UK<Node id="123" /> automotive and aerospace engineering group.<Node id="167" />

<Node id="169" />Profits for the group's continuing businesses, after exceptional items and goodwill amortisation, slipped downward to <Node id="287" />£132m<Node id="292" /> (<Node id="294" />$187m<Node id="299" />) compared with <Node id="315" />£245m<Node id="320" /> this time <Node id="331" />last year<Node id="340" />.<Node id="341" />

<Node id="343" />Before exceptionals underlying profits fell by <Node id="390" />24 per cent<Node id="401" /> to <Node id="405" />£198m<Node id="410" /> from <Node id="416" />£259m<Node id="421" />, well within analysts' expectations of between <Node id="469" />£190m<Node id="474" /> and <Node id="479" />£205m<Node id="484" />. But the company warned that the economic outlook remained unstable and that while North American vehicle production levels could be stabilising, it expected vehicle production in both the <Node id="674" />US<Node id="676" /> and <Node id="681" />Europe<Node id="687" /> to be lower in the second half.<Node id="719" />

<Node id="721" />"It's a tough environment and its probably going to get tougher," said <Node id="792" />Marcus Beresford<Node id="808" />, chief executive.<Node id="826" />

<Node id="828" />Demonstrating just how tough things were, <Node id="870" />Mr Beresford<Node id="882" /> reported that the group would be cutting a third of its head office staff in <Node id="960" />Birmingham<Node id="970" /> and <Node id="975" />London<Node id="981" />. Between 100 and 90 jobs are to go at the two offices in the next few months as <Node id="1062" />GKN<Node id="1065" /> seeks to reduce costs.<Node id="1088" />

<Node id="1090" />These job cuts follow 700 cuts in the first half at the group's powder metals division. <Node id="1178" />Mr Beresford<Node id="1190" /> did not rule out further redundancies if the group's markets continued to weaken.<Node id="1272" />

<Node id="1274" />Turnover in the <Node id="1290" />six months to June 30<Node id="1311" /> rose by <Node id="1320" />11 per cent<Node id="1331" /> to <Node id="1335" />£2.3bn<Node id="1341" /> from <Node id="1347" />£2bn<Node id="1351" />, while operating profits fell to <Node id="1385" />£157m<Node id="1390" /> against <Node id="1399" />£197m<Node id="1404" />.<Node id="1405" />

<Node id="1407" />Sales in the in the group's automotive business rose by <Node id="1463" />10 per cent<Node id="1474" /> to <Node id="1478" />£1.5bn<Node id="1484" /> in the period despite a <Node id="1509" />13 per cent<Node id="1520" /> fall in output for the North American car and light vehicle market. Operating profits, however, fell by <Node id="1625" />25 per cent<Node id="1636" /> to <Node id="1640" />£121m<Node id="1645" /> as the slowdown took its toll on pricing.<Node id="1687" />

<Node id="1689" />The division was given a boost earlier <Node id="1728" />this week<Node id="1737" /> when its automotive driveline division was chosen by <Node id="1791" />Toyota<Node id="1797" /> to supply driveline components for the <Node id="1837" />Toyota<Node id="1843" /> Camry.<Node id="1850" />

<Node id="1852" />Increased sales in the aerospace business were not enough to offset the weakness in the automotive division, despite a <Node id="1971" />17 per cent<Node id="1982" /> increase in operating profit to <Node id="2015" />£54m<Node id="2019" /> and strong contributions from the <Node id="2054" />AugustaWestland<Node id="2069" /> joint venture and the newly acquired <Node id="2107" />St Louis<Node id="2115" /> fabrication plant.<Node id="2134" />

<Node id="2136" />The proposed interim dividend was increased by <Node id="2183" />10 per cent<Node id="2194" /> to <Node id="2198" />7.6p<Node id="2202" /> on earnings per share of <Node id="2228" />12.5p<Node id="2233" />.<Node id="2234" />

<Node id="2236" />Earlier <Node id="2244" />this week<Node id="2253" /> <Node id="2254" />GKN<Node id="2257" /> completed its demerger of its industrial services group to <Node id="2317" />Brambles Industries<Node id="2336" /> the Australian support services group.<Node id="2375" />

<Node id="2377" />Shares in <Node id="2387" />GKN<Node id="2390" />, which is seen as a defensive stock, rose <Node id="2433" />6 per cent<Node id="2443" /> on <Node id="2447" />Thursday<Node id="2455" /> to <Node id="2459" />295p<Node id="2463" />, valuing the group at <Node id="2486" />£2.2bn<Node id="2492" />.<Node id="2493" /></TextWithNodes>
<!-- The default annotation set -->

<AnnotationSet>
</AnnotationSet>

<!-- Named annotation set -->

<AnnotationSet Name="Key">
<Annotation Id="0" Type="Organization" StartNode="1837" EndNode="1843">
<Feature>
  <Name className="java.lang.String">id</Name>
  <Value className="java.lang.Integer">0</Value>
</Feature>
</Annotation>
<Annotation Id="1" Type="Date" StartNode="64" EndNode="74">
</Annotation>
<Annotation Id="2" Type="Organization" StartNode="2054" EndNode="2069">
<Feature>
  <Name className="java.lang.String">id</Name>
  <Value className="java.lang.Integer">2</Value>
</Feature>
</Annotation>
<Annotation Id="3" Type="Date" StartNode="2447" EndNode="2455">
<Feature>
  <Name className="java.lang.String">rule1</Name>
  <Value className="java.lang.String">GazDate</Value>
</Feature>
<Feature>
  <Name className="java.lang.String">kind</Name>
  <Value className="java.lang.String">date</Value>
</Feature>
<Feature>
  <Name className="java.lang.String">rule2</Name>
  <Value className="java.lang.String">DateOnlyFinal</Value>
</Feature>
</Annotation>
<Annotation Id="4" Type="Organization" StartNode="2387" EndNode="2390">
<Feature>
  <Name className="java.lang.String">orgType</Name>
  <Value className="java.lang.String">company</Value>
</Feature>
<Feature>
  <Name className="java.lang.String">rule1</Name>
  <Value className="java.lang.String">GazOrganization</Value>
</Feature>
<Feature>
  <Name className="java.lang.String">id</Name>
  <Value className="java.lang.Integer">4</Value>
</Feature>
<Feature>
  <Name className="java.lang.String">rule2</Name>
  <Value className="java.lang.String">OrgFinal</Value>
</Feature>
</Annotation>
<Annotation Id="5" Type="Organization" StartNode="2317" EndNode="2336">
<Feature>
  <Name className="java.lang.String">orgType</Name>
  <Value className="java.lang.String">unknown</Value>
</Feature>
<Feature>
  <Name className="java.lang.String">rule1</Name>
  <Value className="java.lang.String">OrgXEnding</Value>
</Feature>
<Feature>
  <Name className="java.lang.String">id</Name>
  <Value className="java.lang.Integer">5</Value>
</Feature>
<Feature>
  <Name className="java.lang.String">rule2</Name>
  <Value className="java.lang.String">OrgFinal</Value>
</Feature>
</Annotation>
<Annotation Id="6" Type="Organization" StartNode="2254" EndNode="2257">
<Feature>
  <Name className="java.lang.String">orgType</Name>
  <Value className="java.lang.String">company</Value>
</Feature>
<Feature>
  <Name className="java.lang.String">rule1</Name>
  <Value className="java.lang.String">GazOrganization</Value>
</Feature>
<Feature>
  <Name className="java.lang.String">id</Name>
  <Value className="java.lang.Integer">6</Value>
</Feature>
<Feature>
  <Name className="java.lang.String">rule2</Name>
  <Value className="java.lang.String">OrgFinal</Value>
</Feature>
</Annotation>
<Annotation Id="7" Type="Location" StartNode="2107" EndNode="2115">
<Feature>
  <Name className="java.lang.String">locType</Name>
  <Value className="java.lang.String">city</Value>
</Feature>
<Feature>
  <Name className="java.lang.String">rule1</Name>
  <Value className="java.lang.String">GazLocation</Value>
</Feature>
<Feature>
  <Name className="java.lang.String">rule2</Name>
  <Value className="java.lang.String">LocFinal</Value>
</Feature>
</Annotation>
<Annotation Id="8" Type="Organization" StartNode="1791" EndNode="1797">
<Feature>
  <Name className="java.lang.String">orgType</Name>
  <Value className="java.lang.String">company</Value>
</Feature>
<Feature>
  <Name className="java.lang.String">rule1</Name>
  <Value className="java.lang.String">GazOrganization</Value>
</Feature>
<Feature>
  <Name className="java.lang.String">id</Name>
  <Value className="java.lang.Integer">8</Value>
</Feature>
<Feature>
  <Name className="java.lang.String">rule2</Name>
  <Value className="java.lang.String">OrgFinal</Value>
</Feature>
</Annotation>
<Annotation Id="9" Type="Person" StartNode="1178" EndNode="1190">
<Feature>
  <Name className="java.lang.String">rule1</Name>
  <Value className="java.lang.String">PersonTitleGender</Value>
</Feature>
<Feature>
  <Name className="java.lang.String">id</Name>
  <Value className="java.lang.Integer">9</Value>
</Feature>
<Feature>
  <Name className="java.lang.String">gender</Name>
  <Value className="java.lang.String">male</Value>
</Feature>
<Feature>
  <Name className="java.lang.String">rule</Name>
  <Value className="java.lang.String">PersonFinal</Value>
</Feature>
</Annotation>
<Annotation Id="10" Type="Organization" StartNode="1062" EndNode="1065">
<Feature>
  <Name className="java.lang.String">orgType</Name>
  <Value className="java.lang.String">company</Value>
</Feature>
<Feature>
  <Name className="java.lang.String">rule1</Name>
  <Value className="java.lang.String">GazOrganization</Value>
</Feature>
<Feature>
  <Name className="java.lang.String">id</Name>
  <Value className="java.lang.Integer">10</Value>
</Feature>
<Feature>
  <Name className="java.lang.String">rule2</Name>
  <Value className="java.lang.String">OrgFinal</Value>
</Feature>
</Annotation>
<Annotation Id="11" Type="Location" StartNode="975" EndNode="981">
<Feature>
  <Name className="java.lang.String">locType</Name>
  <Value className="java.lang.String">city</Value>
</Feature>
<Feature>
  <Name className="java.lang.String">rule1</Name>
  <Value className="java.lang.String">GazLocation</Value>
</Feature>
<Feature>
  <Name className="java.lang.String">rule2</Name>
  <Value className="java.lang.String">LocFinal</Value>
</Feature>
</Annotation>
<Annotation Id="12" Type="Location" StartNode="960" EndNode="970">
<Feature>
  <Name className="java.lang.String">locType</Name>
  <Value className="java.lang.String">city</Value>
</Feature>
<Feature>
  <Name className="java.lang.String">rule1</Name>
  <Value className="java.lang.String">GazLocation</Value>
</Feature>
<Feature>
  <Name className="java.lang.String">rule2</Name>
  <Value className="java.lang.String">LocFinal</Value>
</Feature>
</Annotation>
<Annotation Id="13" Type="Person" StartNode="870" EndNode="882">
<Feature>
  <Name className="java.lang.String">rule1</Name>
  <Value className="java.lang.String">PersonTitleGender</Value>
</Feature>
<Feature>
  <Name className="java.lang.String">id</Name>
  <Value className="java.lang.Integer">13</Value>
</Feature>
<Feature>
  <Name className="java.lang.String">gender</Name>
  <Value className="java.lang.String">male</Value>
</Feature>
<Feature>
  <Name className="java.lang.String">rule</Name>
  <Value className="java.lang.String">PersonFinal</Value>
</Feature>
</Annotation>
<Annotation Id="14" Type="Person" StartNode="792" EndNode="808">
<Feature>
  <Name className="java.lang.String">rule1</Name>
  <Value className="java.lang.String">PersonFull</Value>
</Feature>
<Feature>
  <Name className="java.lang.String">id</Name>
  <Value className="java.lang.Integer">14</Value>
</Feature>
<Feature>
  <Name className="java.lang.String">gender</Name>
  <Value className="java.lang.String">male</Value>
</Feature>
<Feature>
  <Name className="java.lang.String">rule</Name>
  <Value className="java.lang.String">PersonFinal</Value>
</Feature>
</Annotation>
<Annotation Id="15" Type="Location" StartNode="681" EndNode="687">
<Feature>
  <Name className="java.lang.String">locType</Name>
  <Value className="java.lang.String">region</Value>
</Feature>
<Feature>
  <Name className="java.lang.String">rule1</Name>
  <Value className="java.lang.String">GazLocation</Value>
</Feature>
<Feature>
  <Name className="java.lang.String">rule2</Name>
  <Value className="java.lang.String">LocFinal</Value>
</Feature>
</Annotation>
<Annotation Id="17" Type="Location" StartNode="121" EndNode="123">
<Feature>
  <Name className="java.lang.String">locType</Name>
  <Value className="java.lang.String">country</Value>
</Feature>
<Feature>
  <Name className="java.lang.String">rule1</Name>
  <Value className="java.lang.String">GazLocation</Value>
</Feature>
<Feature>
  <Name className="java.lang.String">rule2</Name>
  <Value className="java.lang.String">LocFinal</Value>
</Feature>
</Annotation>
<Annotation Id="16" Type="Location" StartNode="674" EndNode="676">
<Feature>
  <Name className="java.lang.String">locType</Name>
  <Value className="java.lang.String">country</Value>
</Feature>
<Feature>
  <Name className="java.lang.String">rule1</Name>
  <Value className="java.lang.String">GazLocation</Value>
</Feature>
<Feature>
  <Name className="java.lang.String">rule2</Name>
  <Value className="java.lang.String">LocFinal</Value>
</Feature>
</Annotation>
<Annotation Id="19" Type="Location" StartNode="20" EndNode="22">
<Feature>
  <Name className="java.lang.String">locType</Name>
  <Value className="java.lang.String">country</Value>
</Feature>
<Feature>
  <Name className="java.lang.String">rule1</Name>
  <Value className="java.lang.String">GazLocation</Value>
</Feature>
<Feature>
  <Name className="java.lang.String">rule2</Name>
  <Value className="java.lang.String">LocFinal</Value>
</Feature>
</Annotation>
<Annotation Id="18" Type="Organization" StartNode="94" EndNode="97">
<Feature>
  <Name className="java.lang.String">orgType</Name>
  <Value className="java.lang.String">company</Value>
</Feature>
<Feature>
  <Name className="java.lang.String">rule1</Name>
  <Value className="java.lang.String">GazOrganization</Value>
</Feature>
<Feature>
  <Name className="java.lang.String">id</Name>
  <Value className="java.lang.Integer">18</Value>
</Feature>
<Feature>
  <Name className="java.lang.String">rule2</Name>
  <Value className="java.lang.String">OrgFinal</Value>
</Feature>
</Annotation>
<Annotation Id="21" Type="Money" StartNode="2459" EndNode="2463">
<Feature>
  <Name className="java.lang.String">kind</Name>
  <Value className="java.lang.String">number</Value>
</Feature>
<Feature>
  <Name className="java.lang.String">rule</Name>
  <Value className="java.lang.String">MoneyCurrencyUnit</Value>
</Feature>
</Annotation>
<Annotation Id="20" Type="Money" StartNode="2486" EndNode="2492">
<Feature>
  <Name className="java.lang.String">kind</Name>
  <Value className="java.lang.String">number</Value>
</Feature>
<Feature>
  <Name className="java.lang.String">rule</Name>
  <Value className="java.lang.String">MoneySymbolUnit</Value>
</Feature>
</Annotation>
<Annotation Id="23" Type="Money" StartNode="2228" EndNode="2233">
<Feature>
  <Name className="java.lang.String">kind</Name>
  <Value className="java.lang.String">number</Value>
</Feature>
<Feature>
  <Name className="java.lang.String">rule</Name>
  <Value className="java.lang.String">MoneyCurrencyUnit</Value>
</Feature>
</Annotation>
<Annotation Id="22" Type="Percent" StartNode="2433" EndNode="2443">
<Feature>
  <Name className="java.lang.String">rule</Name>
  <Value className="java.lang.String">PercentBasic</Value>
</Feature>
</Annotation>
<Annotation Id="25" Type="Percent" StartNode="2183" EndNode="2194">
<Feature>
  <Name className="java.lang.String">rule</Name>
  <Value className="java.lang.String">PercentBasic</Value>
</Feature>
</Annotation>
<Annotation Id="24" Type="Money" StartNode="2198" EndNode="2202">
<Feature>
  <Name className="java.lang.String">kind</Name>
  <Value className="java.lang.String">number</Value>
</Feature>
<Feature>
  <Name className="java.lang.String">rule</Name>
  <Value className="java.lang.String">MoneyCurrencyUnit</Value>
</Feature>
</Annotation>
<Annotation Id="27" Type="Percent" StartNode="1971" EndNode="1982">
<Feature>
  <Name className="java.lang.String">rule</Name>
  <Value className="java.lang.String">PercentBasic</Value>
</Feature>
</Annotation>
<Annotation Id="26" Type="Money" StartNode="2015" EndNode="2019">
<Feature>
  <Name className="java.lang.String">kind</Name>
  <Value className="java.lang.String">number</Value>
</Feature>
<Feature>
  <Name className="java.lang.String">rule</Name>
  <Value className="java.lang.String">MoneySymbolUnit</Value>
</Feature>
</Annotation>
<Annotation Id="29" Type="Percent" StartNode="1625" EndNode="1636">
<Feature>
  <Name className="java.lang.String">rule</Name>
  <Value className="java.lang.String">PercentBasic</Value>
</Feature>
</Annotation>
<Annotation Id="28" Type="Money" StartNode="1640" EndNode="1645">
<Feature>
  <Name className="java.lang.String">kind</Name>
  <Value className="java.lang.String">number</Value>
</Feature>
<Feature>
  <Name className="java.lang.String">rule</Name>
  <Value className="java.lang.String">MoneySymbolUnit</Value>
</Feature>
</Annotation>
<Annotation Id="31" Type="Money" StartNode="1478" EndNode="1484">
<Feature>
  <Name className="java.lang.String">kind</Name>
  <Value className="java.lang.String">number</Value>
</Feature>
<Feature>
  <Name className="java.lang.String">rule</Name>
  <Value className="java.lang.String">MoneySymbolUnit</Value>
</Feature>
</Annotation>
<Annotation Id="30" Type="Percent" StartNode="1509" EndNode="1520">
<Feature>
  <Name className="java.lang.String">rule</Name>
  <Value className="java.lang.String">PercentBasic</Value>
</Feature>
</Annotation>
<Annotation Id="34" Type="Money" StartNode="1385" EndNode="1390">
<Feature>
  <Name className="java.lang.String">kind</Name>
  <Value className="java.lang.String">number</Value>
</Feature>
<Feature>
  <Name className="java.lang.String">rule</Name>
  <Value className="java.lang.String">MoneySymbolUnit</Value>
</Feature>
</Annotation>
<Annotation Id="35" Type="Money" StartNode="1347" EndNode="1351">
<Feature>
  <Name className="java.lang.String">kind</Name>
  <Value className="java.lang.String">number</Value>
</Feature>
<Feature>
  <Name className="java.lang.String">rule</Name>
  <Value className="java.lang.String">MoneySymbolUnit</Value>
</Feature>
</Annotation>
<Annotation Id="32" Type="Percent" StartNode="1463" EndNode="1474">
<Feature>
  <Name className="java.lang.String">rule</Name>
  <Value className="java.lang.String">PercentBasic</Value>
</Feature>
</Annotation>
<Annotation Id="33" Type="Money" StartNode="1399" EndNode="1404">
<Feature>
  <Name className="java.lang.String">kind</Name>
  <Value className="java.lang.String">number</Value>
</Feature>
<Feature>
  <Name className="java.lang.String">rule</Name>
  <Value className="java.lang.String">MoneySymbolUnit</Value>
</Feature>
</Annotation>
<Annotation Id="38" Type="Money" StartNode="479" EndNode="484">
<Feature>
  <Name className="java.lang.String">kind</Name>
  <Value className="java.lang.String">number</Value>
</Feature>
<Feature>
  <Name className="java.lang.String">rule</Name>
  <Value className="java.lang.String">MoneySymbolUnit</Value>
</Feature>
</Annotation>
<Annotation Id="39" Type="Money" StartNode="469" EndNode="474">
<Feature>
  <Name className="java.lang.String">kind</Name>
  <Value className="java.lang.String">number</Value>
</Feature>
<Feature>
  <Name className="java.lang.String">rule</Name>
  <Value className="java.lang.String">MoneySymbolUnit</Value>
</Feature>
</Annotation>
<Annotation Id="36" Type="Money" StartNode="1335" EndNode="1341">
<Feature>
  <Name className="java.lang.String">kind</Name>
  <Value className="java.lang.String">number</Value>
</Feature>
<Feature>
  <Name className="java.lang.String">rule</Name>
  <Value className="java.lang.String">MoneySymbolUnit</Value>
</Feature>
</Annotation>
<Annotation Id="37" Type="Percent" StartNode="1320" EndNode="1331">
<Feature>
  <Name className="java.lang.String">rule</Name>
  <Value className="java.lang.String">PercentBasic</Value>
</Feature>
</Annotation>
<Annotation Id="42" Type="Percent" StartNode="390" EndNode="401">
<Feature>
  <Name className="java.lang.String">rule</Name>
  <Value className="java.lang.String">PercentBasic</Value>
</Feature>
</Annotation>
<Annotation Id="43" Type="Money" StartNode="315" EndNode="320">
<Feature>
  <Name className="java.lang.String">kind</Name>
  <Value className="java.lang.String">number</Value>
</Feature>
<Feature>
  <Name className="java.lang.String">rule</Name>
  <Value className="java.lang.String">MoneySymbolUnit</Value>
</Feature>
</Annotation>
<Annotation Id="40" Type="Money" StartNode="416" EndNode="421">
<Feature>
  <Name className="java.lang.String">kind</Name>
  <Value className="java.lang.String">number</Value>
</Feature>
<Feature>
  <Name className="java.lang.String">rule</Name>
  <Value className="java.lang.String">MoneySymbolUnit</Value>
</Feature>
</Annotation>
<Annotation Id="41" Type="Money" StartNode="405" EndNode="410">
<Feature>
  <Name className="java.lang.String">kind</Name>
  <Value className="java.lang.String">number</Value>
</Feature>
<Feature>
  <Name className="java.lang.String">rule</Name>
  <Value className="java.lang.String">MoneySymbolUnit</Value>
</Feature>
</Annotation>
<Annotation Id="46" Type="Percent" StartNode="48" EndNode="59">
<Feature>
  <Name className="java.lang.String">rule</Name>
  <Value className="java.lang.String">PercentBasic</Value>
</Feature>
</Annotation>
<Annotation Id="47" Type="Date" StartNode="331" EndNode="340">
<Feature>
  <Name className="java.lang.String">kind</Name>
  <Value className="java.lang.String">date</Value>
</Feature>
</Annotation>
<Annotation Id="44" Type="Money" StartNode="294" EndNode="299">
<Feature>
  <Name className="java.lang.String">kind</Name>
  <Value className="java.lang.String">number</Value>
</Feature>
<Feature>
  <Name className="java.lang.String">rule</Name>
  <Value className="java.lang.String">MoneySymbolUnit</Value>
</Feature>
</Annotation>
<Annotation Id="45" Type="Money" StartNode="287" EndNode="292">
<Feature>
  <Name className="java.lang.String">kind</Name>
  <Value className="java.lang.String">number</Value>
</Feature>
<Feature>
  <Name className="java.lang.String">rule</Name>
  <Value className="java.lang.String">MoneySymbolUnit</Value>
</Feature>
</Annotation>
<Annotation Id="50" Type="Date" StartNode="2244" EndNode="2253">
<Feature>
  <Name className="java.lang.String">kind</Name>
  <Value className="java.lang.String">date</Value>
</Feature>
</Annotation>
<Annotation Id="49" Type="Date" StartNode="1728" EndNode="1737">
<Feature>
  <Name className="java.lang.String">kind</Name>
  <Value className="java.lang.String">date</Value>
</Feature>
</Annotation>
<Annotation Id="48" Type="Date" StartNode="1290" EndNode="1311">
<Feature>
  <Name className="java.lang.String">kind</Name>
  <Value className="java.lang.String">date</Value>
</Feature>
</Annotation>
</AnnotationSet>

<!-- Named annotation set -->

<AnnotationSet Name="Original markups">
<Annotation Id="100" Type="td" StartNode="0" EndNode="2493">
<Feature>
  <Name className="java.lang.String">colspan</Name>
  <Value className="java.lang.String">2</Value>
</Feature>
</Annotation>
<Annotation Id="101" Type="tr" StartNode="0" EndNode="2493">
</Annotation>
<Annotation Id="110" Type="body" StartNode="0" EndNode="2493">
<Feature>
  <Name className="java.lang.String">_implied_</Name>
  <Value className="java.lang.String">true</Value>
</Feature>
</Annotation>
<Annotation Id="76" Type="p" StartNode="2377" EndNode="2493">
</Annotation>
<Annotation Id="77" Type="p" StartNode="2236" EndNode="2375">
</Annotation>
<Annotation Id="78" Type="p" StartNode="2136" EndNode="2234">
</Annotation>
<Annotation Id="109" Type="table" StartNode="0" EndNode="2493">
<Feature>
  <Name className="java.lang.String">leftmargin</Name>
  <Value className="java.lang.String">0</Value>
</Feature>
<Feature>
  <Name className="java.lang.String">marginheight</Name>
  <Value className="java.lang.String">0</Value>
</Feature>
<Feature>
  <Name className="java.lang.String">topmargin</Name>
  <Value className="java.lang.String">0</Value>
</Feature>
<Feature>
  <Name className="java.lang.String">alink</Name>
  <Value className="java.lang.String">#996600</Value>
</Feature>
<Feature>
  <Name className="java.lang.String">link</Name>
  <Value className="java.lang.String">#330033</Value>
</Feature>
<Feature>
  <Name className="java.lang.String">width</Name>
  <Value className="java.lang.String">618</Value>
</Feature>
<Feature>
  <Name className="java.lang.String">marginwidth</Name>
  <Value className="java.lang.String">0</Value>
</Feature>
<Feature>
  <Name className="java.lang.String">cellpadding</Name>
  <Value className="java.lang.String">0</Value>
</Feature>
<Feature>
  <Name className="java.lang.String">border</Name>
  <Value className="java.lang.String">0</Value>
</Feature>
<Feature>
  <Name className="java.lang.String">cellspacing</Name>
  <Value className="java.lang.String">0</Value>
</Feature>
<Feature>
  <Name className="java.lang.String">bgcolor</Name>
  <Value className="java.lang.String">white</Value>
</Feature>
<Feature>
  <Name className="java.lang.String">vlink</Name>
  <Value className="java.lang.String">#330033</Value>
</Feature>
</Annotation>
<Annotation Id="79" Type="p" StartNode="1852" EndNode="2134">
</Annotation>
<Annotation Id="85" Type="p" StartNode="721" EndNode="826">
</Annotation>
<Annotation Id="119" Type="TEXT" StartNode="0" EndNode="2493">
</Annotation>
<Annotation Id="84" Type="p" StartNode="828" EndNode="1088">
</Annotation>
<Annotation Id="87" Type="p" StartNode="169" EndNode="341">
</Annotation>
<Annotation Id="86" Type="p" StartNode="343" EndNode="719">
</Annotation>
<Annotation Id="81" Type="p" StartNode="1407" EndNode="1687">
</Annotation>
<Annotation Id="80" Type="p" StartNode="1689" EndNode="1850">
</Annotation>
<Annotation Id="83" Type="p" StartNode="1090" EndNode="1272">
</Annotation>
<Annotation Id="112" Type="html" StartNode="0" EndNode="2493">
<Feature>
  <Name className="java.lang.String">_implied_</Name>
  <Value className="java.lang.String">true</Value>
</Feature>
</Annotation>
<Annotation Id="82" Type="p" StartNode="1274" EndNode="1405">
</Annotation>
<Annotation Id="89" Type="font" StartNode="0" EndNode="2493">
<Feature>
  <Name className="java.lang.String">class</Name>
  <Value className="java.lang.String">allWide</Value>
</Feature>
</Annotation>
<Annotation Id="88" Type="p" StartNode="0" EndNode="167">
</Annotation>
<Annotation Id="90" Type="p" StartNode="0" EndNode="2493">
</Annotation>
</AnnotationSet>

</GateDocument>
