<?xml version='1.0' encoding='UTF-8'?>
<GateDocument>
<!-- The document's features-->

<GateDocumentFeatures>
<Feature>
  <Name className="java.lang.String">gate.SourceURL</Name>
  <Value className="java.lang.String">file:/Z:/Corpus/ft-house-price-08-aug-2001.html</Value>
</Feature>
<Feature>
  <Name className="java.lang.String">gate.NAME</Name>
  <Value className="java.lang.String">doc9</Value>
</Feature>
<Feature>
  <Name className="java.lang.String">entitySet</Name>
  <Value className="java.lang.String">==== FILE: /Z:/Corpus/ft-house-price-08-aug-2001.html
</Value>
</Feature>
<Feature>
  <Name className="java.lang.String">MimeType</Name>
  <Value className="java.lang.String">text/html</Value>
</Feature>
</GateDocumentFeatures>
<!-- The document content area with serialized nodes -->

<TextWithNodes><Node id="0" />House prices in <Node id="16" />England<Node id="23" /> and <Node id="28" />Wales<Node id="33" /> were <Node id="39" />10.8 per cent<Node id="52" /> higher in the <Node id="67" />second quarter<Node id="81" /> than in the same period <Node id="106" />last year<Node id="115" />, according to figures released by the <Node id="154" />Land Registry<Node id="167" />.<Node id="168" />

<Node id="170" />The average house cost almost <Node id="200" />£7,000<Node id="206" /> (<Node id="208" />$10,000<Node id="215" />) more than it did in the same period of <Node id="256" />2000<Node id="260" />.<Node id="261" />

<Node id="263" />Prices rose in all regions, with the <Node id="300" />East Midlands<Node id="313" /> up the most at <Node id="329" />15.6 per cent<Node id="342" />, while house prices in <Node id="366" />Wales<Node id="371" /> experienced the smallest increase at <Node id="409" />6.5 per cent<Node id="421" />.<Node id="422" />

<Node id="424" />However, <Node id="433" />greater London<Node id="447" /> is still the most expensive place to buy a house, with average prices up <Node id="521" />6.65 per cent<Node id="534" /> in the quarter to <Node id="553" />£205,831<Node id="561" />, compared to <Node id="575" />$193,004<Node id="583" /> during the same period in <Node id="610" />2000<Node id="614" />.<Node id="615" />

<Node id="617" />The figures also show that money is no object for some - 516 <Node id="678" />London<Node id="684" /> houses sold for more than <Node id="711" />£1m<Node id="714" /> (<Node id="716" />$1.4m<Node id="721" />) during the three months to the <Node id="754" />end of June<Node id="765" />, from 293 during the same period <Node id="799" />last year<Node id="808" />.<Node id="809" />

<Node id="811" />Across <Node id="818" />England<Node id="825" /> and <Node id="830" />Wales<Node id="835" />, the volume of sales also grew, up <Node id="871" />14.6 per cent<Node id="884" /> to 266,536 sales, from 232,548 during the <Node id="927" />second quarter last year<Node id="951" />.<Node id="952" />

<Node id="954" />The growth in house price inflation is in line with recent surveys showing the property market is booming. This is despite the global economic slowdown and evidence of a two-speed economy taking hold in the <Node id="1161" />UK<Node id="1163" />, where manufacturing is technically in recession although consumer spending is increasing.<Node id="1254" /></TextWithNodes>
<!-- The default annotation set -->

<AnnotationSet>
</AnnotationSet>

<!-- Named annotation set -->

<AnnotationSet Name="Key">
<Annotation Id="0" Type="Location" StartNode="1161" EndNode="1163">
<Feature>
  <Name className="java.lang.String">locType</Name>
  <Value className="java.lang.String">country</Value>
</Feature>
<Feature>
  <Name className="java.lang.String">rule1</Name>
  <Value className="java.lang.String">GazLocation</Value>
</Feature>
<Feature>
  <Name className="java.lang.String">rule2</Name>
  <Value className="java.lang.String">LocFinal</Value>
</Feature>
</Annotation>
<Annotation Id="1" Type="Location" StartNode="830" EndNode="835">
<Feature>
  <Name className="java.lang.String">locType</Name>
  <Value className="java.lang.String">province</Value>
</Feature>
<Feature>
  <Name className="java.lang.String">rule1</Name>
  <Value className="java.lang.String">GazLocation</Value>
</Feature>
<Feature>
  <Name className="java.lang.String">rule2</Name>
  <Value className="java.lang.String">LocFinal</Value>
</Feature>
</Annotation>
<Annotation Id="2" Type="Location" StartNode="818" EndNode="825">
<Feature>
  <Name className="java.lang.String">locType</Name>
  <Value className="java.lang.String">province</Value>
</Feature>
<Feature>
  <Name className="java.lang.String">rule1</Name>
  <Value className="java.lang.String">GazLocation</Value>
</Feature>
<Feature>
  <Name className="java.lang.String">rule2</Name>
  <Value className="java.lang.String">LocFinal</Value>
</Feature>
</Annotation>
<Annotation Id="3" Type="Location" StartNode="678" EndNode="684">
<Feature>
  <Name className="java.lang.String">locType</Name>
  <Value className="java.lang.String">city</Value>
</Feature>
<Feature>
  <Name className="java.lang.String">rule1</Name>
  <Value className="java.lang.String">GazLocation</Value>
</Feature>
<Feature>
  <Name className="java.lang.String">rule2</Name>
  <Value className="java.lang.String">LocFinal</Value>
</Feature>
</Annotation>
<Annotation Id="4" Type="Date" StartNode="610" EndNode="614">
<Feature>
  <Name className="java.lang.String">rule1</Name>
  <Value className="java.lang.String">TempYear2</Value>
</Feature>
<Feature>
  <Name className="java.lang.String">kind</Name>
  <Value className="java.lang.String">date</Value>
</Feature>
<Feature>
  <Name className="java.lang.String">rule2</Name>
  <Value className="java.lang.String">YearOnlyFinal</Value>
</Feature>
</Annotation>
<Annotation Id="5" Type="Location" StartNode="433" EndNode="447">
</Annotation>
<Annotation Id="6" Type="Organization" StartNode="154" EndNode="167">
<Feature>
  <Name className="java.lang.String">id</Name>
  <Value className="java.lang.Integer">6</Value>
</Feature>
</Annotation>
<Annotation Id="7" Type="Location" StartNode="366" EndNode="371">
<Feature>
  <Name className="java.lang.String">locType</Name>
  <Value className="java.lang.String">province</Value>
</Feature>
<Feature>
  <Name className="java.lang.String">rule1</Name>
  <Value className="java.lang.String">GazLocation</Value>
</Feature>
<Feature>
  <Name className="java.lang.String">rule2</Name>
  <Value className="java.lang.String">LocFinal</Value>
</Feature>
</Annotation>
<Annotation Id="8" Type="Location" StartNode="300" EndNode="313">
<Feature>
  <Name className="java.lang.String">locType</Name>
  <Value className="java.lang.String">city</Value>
</Feature>
<Feature>
  <Name className="java.lang.String">rule1</Name>
  <Value className="java.lang.String">GazLocation</Value>
</Feature>
<Feature>
  <Name className="java.lang.String">rule2</Name>
  <Value className="java.lang.String">inal</Value>
</Feature>
</Annotation>
<Annotation Id="9" Type="Date" StartNode="256" EndNode="260">
<Feature>
  <Name className="java.lang.String">rule1</Name>
  <Value className="java.lang.String">TempYear2</Value>
</Feature>
<Feature>
  <Name className="java.lang.String">kind</Name>
  <Value className="java.lang.String">date</Value>
</Feature>
<Feature>
  <Name className="java.lang.String">rule2</Name>
  <Value className="java.lang.String">YearOnlyFinal</Value>
</Feature>
</Annotation>
<Annotation Id="10" Type="Location" StartNode="28" EndNode="33">
<Feature>
  <Name className="java.lang.String">locType</Name>
  <Value className="java.lang.String">province</Value>
</Feature>
<Feature>
  <Name className="java.lang.String">rule1</Name>
  <Value className="java.lang.String">GazLocation</Value>
</Feature>
<Feature>
  <Name className="java.lang.String">rule2</Name>
  <Value className="java.lang.String">LocFinal</Value>
</Feature>
</Annotation>
<Annotation Id="11" Type="Location" StartNode="16" EndNode="23">
<Feature>
  <Name className="java.lang.String">locType</Name>
  <Value className="java.lang.String">province</Value>
</Feature>
<Feature>
  <Name className="java.lang.String">rule1</Name>
  <Value className="java.lang.String">GazLocation</Value>
</Feature>
<Feature>
  <Name className="java.lang.String">rule2</Name>
  <Value className="java.lang.String">LocFinal</Value>
</Feature>
</Annotation>
<Annotation Id="12" Type="Percent" StartNode="871" EndNode="884">
<Feature>
  <Name className="java.lang.String">rule</Name>
  <Value className="java.lang.String">PercentBasic</Value>
</Feature>
</Annotation>
<Annotation Id="13" Type="Money" StartNode="716" EndNode="721">
<Feature>
  <Name className="java.lang.String">kind</Name>
  <Value className="java.lang.String">number</Value>
</Feature>
<Feature>
  <Name className="java.lang.String">rule</Name>
  <Value className="java.lang.String">MoneySymbolUnit</Value>
</Feature>
</Annotation>
<Annotation Id="14" Type="Money" StartNode="711" EndNode="714">
<Feature>
  <Name className="java.lang.String">kind</Name>
  <Value className="java.lang.String">number</Value>
</Feature>
<Feature>
  <Name className="java.lang.String">rule</Name>
  <Value className="java.lang.String">MoneySymbolUnit</Value>
</Feature>
</Annotation>
<Annotation Id="15" Type="Percent" StartNode="521" EndNode="534">
<Feature>
  <Name className="java.lang.String">rule</Name>
  <Value className="java.lang.String">PercentBasic</Value>
</Feature>
</Annotation>
<Annotation Id="17" Type="Percent" StartNode="329" EndNode="342">
<Feature>
  <Name className="java.lang.String">rule</Name>
  <Value className="java.lang.String">PercentBasic</Value>
</Feature>
</Annotation>
<Annotation Id="16" Type="Percent" StartNode="409" EndNode="421">
<Feature>
  <Name className="java.lang.String">rule</Name>
  <Value className="java.lang.String">PercentBasic</Value>
</Feature>
</Annotation>
<Annotation Id="19" Type="Percent" StartNode="39" EndNode="52">
<Feature>
  <Name className="java.lang.String">rule</Name>
  <Value className="java.lang.String">PercentBasic</Value>
</Feature>
</Annotation>
<Annotation Id="18" Type="Money" StartNode="208" EndNode="215">
<Feature>
  <Name className="java.lang.String">kind</Name>
  <Value className="java.lang.String">number</Value>
</Feature>
<Feature>
  <Name className="java.lang.String">rule</Name>
  <Value className="java.lang.String">MoneySymbolUnit</Value>
</Feature>
</Annotation>
<Annotation Id="21" Type="Date" StartNode="106" EndNode="115">
<Feature>
  <Name className="java.lang.String">kind</Name>
  <Value className="java.lang.String">date</Value>
</Feature>
</Annotation>
<Annotation Id="20" Type="Date" StartNode="67" EndNode="81">
<Feature>
  <Name className="java.lang.String">kind</Name>
  <Value className="java.lang.String">date</Value>
</Feature>
</Annotation>
<Annotation Id="23" Type="Date" StartNode="799" EndNode="808">
<Feature>
  <Name className="java.lang.String">kind</Name>
  <Value className="java.lang.String">date</Value>
</Feature>
</Annotation>
<Annotation Id="22" Type="Date" StartNode="754" EndNode="765">
<Feature>
  <Name className="java.lang.String">kind</Name>
  <Value className="java.lang.String">date</Value>
</Feature>
</Annotation>
<Annotation Id="25" Type="Money" StartNode="200" EndNode="206">
</Annotation>
<Annotation Id="24" Type="Date" StartNode="927" EndNode="951">
<Feature>
  <Name className="java.lang.String">kind</Name>
  <Value className="java.lang.String">date</Value>
</Feature>
</Annotation>
<Annotation Id="27" Type="Money" StartNode="553" EndNode="561">
</Annotation>
<Annotation Id="26" Type="Money" StartNode="575" EndNode="583">
</Annotation>
</AnnotationSet>

<!-- Named annotation set -->

<AnnotationSet Name="Original markups">
<Annotation Id="96" Type="TEXT" StartNode="0" EndNode="1254">
</Annotation>
<Annotation Id="73" Type="td" StartNode="0" EndNode="1254">
<Feature>
  <Name className="java.lang.String">colspan</Name>
  <Value className="java.lang.String">2</Value>
</Feature>
</Annotation>
<Annotation Id="74" Type="tr" StartNode="0" EndNode="1254">
</Annotation>
<Annotation Id="85" Type="html" StartNode="0" EndNode="1254">
<Feature>
  <Name className="java.lang.String">_implied_</Name>
  <Value className="java.lang.String">true</Value>
</Feature>
</Annotation>
<Annotation Id="55" Type="p" StartNode="954" EndNode="1254">
</Annotation>
<Annotation Id="83" Type="body" StartNode="0" EndNode="1254">
<Feature>
  <Name className="java.lang.String">_implied_</Name>
  <Value className="java.lang.String">true</Value>
</Feature>
</Annotation>
<Annotation Id="82" Type="table" StartNode="0" EndNode="1254">
<Feature>
  <Name className="java.lang.String">leftmargin</Name>
  <Value className="java.lang.String">0</Value>
</Feature>
<Feature>
  <Name className="java.lang.String">marginheight</Name>
  <Value className="java.lang.String">0</Value>
</Feature>
<Feature>
  <Name className="java.lang.String">topmargin</Name>
  <Value className="java.lang.String">0</Value>
</Feature>
<Feature>
  <Name className="java.lang.String">alink</Name>
  <Value className="java.lang.String">#996600</Value>
</Feature>
<Feature>
  <Name className="java.lang.String">link</Name>
  <Value className="java.lang.String">#330033</Value>
</Feature>
<Feature>
  <Name className="java.lang.String">width</Name>
  <Value className="java.lang.String">618</Value>
</Feature>
<Feature>
  <Name className="java.lang.String">marginwidth</Name>
  <Value className="java.lang.String">0</Value>
</Feature>
<Feature>
  <Name className="java.lang.String">cellpadding</Name>
  <Value className="java.lang.String">0</Value>
</Feature>
<Feature>
  <Name className="java.lang.String">border</Name>
  <Value className="java.lang.String">0</Value>
</Feature>
<Feature>
  <Name className="java.lang.String">cellspacing</Name>
  <Value className="java.lang.String">0</Value>
</Feature>
<Feature>
  <Name className="java.lang.String">bgcolor</Name>
  <Value className="java.lang.String">white</Value>
</Feature>
<Feature>
  <Name className="java.lang.String">vlink</Name>
  <Value className="java.lang.String">#330033</Value>
</Feature>
</Annotation>
<Annotation Id="59" Type="p" StartNode="263" EndNode="422">
</Annotation>
<Annotation Id="58" Type="p" StartNode="424" EndNode="615">
</Annotation>
<Annotation Id="57" Type="p" StartNode="617" EndNode="809">
</Annotation>
<Annotation Id="56" Type="p" StartNode="811" EndNode="952">
</Annotation>
<Annotation Id="63" Type="p" StartNode="0" EndNode="1254">
</Annotation>
<Annotation Id="62" Type="font" StartNode="0" EndNode="1254">
<Feature>
  <Name className="java.lang.String">class</Name>
  <Value className="java.lang.String">allWide</Value>
</Feature>
</Annotation>
<Annotation Id="61" Type="p" StartNode="0" EndNode="168">
</Annotation>
<Annotation Id="60" Type="p" StartNode="170" EndNode="261">
</Annotation>
</AnnotationSet>

</GateDocument>
