<?xml version='1.0' encoding='UTF-8'?>
<GateDocument>
<!-- The document's features-->

<GateDocumentFeatures>
<Feature>
  <Name className="java.lang.String">gate.SourceURL</Name>
  <Value className="java.lang.String">file:/Z:/Corpus/ft-industrial-gloom-07-Aug-2001.html</Value>
</Feature>
<Feature>
  <Name className="java.lang.String">gate.NAME</Name>
  <Value className="java.lang.String">doc2</Value>
</Feature>
<Feature>
  <Name className="java.lang.String">entitySet</Name>
  <Value className="java.lang.String">==== FILE: /Z:/Corpus/ft-industrial-gloom-07-Aug-2001.html
</Value>
</Feature>
<Feature>
  <Name className="java.lang.String">MimeType</Name>
  <Value className="java.lang.String">text/html</Value>
</Feature>
</GateDocumentFeatures>
<!-- The document content area with serialized nodes -->

<TextWithNodes><Node id="0" />Manufacturers' warnings about job cuts and shrinking production are spread across the country, including prosperous <Node id="116" />south-east England<Node id="134" />, the <Node id="140" />Confederation of British Industry<Node id="173" /> said on <Node id="182" />Tuesday<Node id="189" />.<Node id="190" />

<Node id="192" />Publishing a regional breakdown of its regular survey of manufacturers, the <Node id="268" />CBI<Node id="271" /> said that companies in <Node id="295" />south-east England<Node id="313" /> and <Node id="318" />London<Node id="324" /> were the most pessimistic about job prospects over the <Node id="380" />next four months<Node id="396" />.<Node id="397" />

<Node id="399" />Companies in <Node id="412" />Scotland<Node id="420" /> seemed the gloomiest about the business situation. <Node id="472" />Scotland<Node id="480" />, along with <Node id="493" />south-east England<Node id="511" />, has a large number of high-technology companies, and <Node id="566" />52 per cent<Node id="577" /> of those were pessimistic about the <Node id="614" />next four months<Node id="630" />.<Node id="631" />

<Node id="633" />Peter Gutmann<Node id="646" />, associate director of the consultancy <Node id="686" />Business Strategies<Node id="705" />, which helped produce the survey, said the results implied further job losses of 29,000 in manufacturing <Node id="811" />between July and September<Node id="837" />.<Node id="838" />

<Node id="840" />"Previously resilient regions are experiencing the pain as much as traditional manufacturing areas, as the downturn has affected new technology sectors," he said.<Node id="1002" />

<Node id="1004" />The effect of any such job cuts on consumer confidence has been identified by economists as one of the key economic relationships in the <Node id="1141" />second half of the year<Node id="1164" /> that will determine future movements in interest rates.<Node id="1220" />

<Node id="1222" />On <Node id="1225" />Wednesday<Node id="1234" />, the <Node id="1240" />Bank of England<Node id="1255" /> publishes its quarterly inflation report, including the forecasts for inflation over the <Node id="1345" />next two years<Node id="1359" />. Formerly the highlight of the monetary policy process in the <Node id="1422" />UK<Node id="1424" />, the inflation reports have faded somewhat from prominence as divisions on the monetary policy committee have made the formulation of a unified forecast increasingly difficult.<Node id="1601" />

<Node id="1603" />But <Node id="1607" />City<Node id="1611" /> economists said <Node id="1628" />Wednesday<Node id="1637" />'s report would be eagerly awaited by investors and commentators looking for an explanation for the <Node id="1737" />Bank<Node id="1741" />'s surprise interest rate cut <Node id="1771" />last week<Node id="1780" />. In the past, the committee has not been more likely to move rates in the month it produces the inflation forecast.<Node id="1896" />

<Node id="1898" />"The monetary policy committee seems to be looking at the question the other way round," said <Node id="1992" />Ciaran Barr<Node id="2003" />, <Node id="2005" />UK<Node id="2007" /> economist at <Node id="2021" />Deutsche Bank<Node id="2034" /> in <Node id="2038" />London<Node id="2044" />. "Instead of worrying that consumer demand was outpacing the rest of the economy, they are now asking: what happens if confidence falls and consumer spending slows down?<Node id="2214" />

<Node id="2216" />"The catalyst for this change of view may well have been sitting down and crunching the numbers for the inflation forecast."<Node id="2340" />

<Node id="2342" />However, definitive conclusions about the thinking of the committee may have to wait until <Node id="2433" />next week<Node id="2442" /> when the minutes of <Node id="2463" />last week<Node id="2472" />'s meeting are released.<Node id="2496" />

<Node id="2498" />Last August<Node id="2509" />, markets were reassured by the dovish tone taken by <Node id="2562" />Mervyn King<Node id="2573" />, the Bank's deputy governor, when he was presenting the inflation report, only to be surprised a week later when it emerged that <Node id="2703" />Mr King<Node id="2710" /> and three other committee members had voted for higher interest rates.<Node id="2781" />

<Node id="2783" />Some economists have suggested that <Node id="2819" />last week<Node id="2828" />'s vote may not have been unanimous either. During <Node id="2879" />last month<Node id="2889" />'s <Node id="2892" />MPC<Node id="2895" /> meeting, the committee threw the markets off guard by saying that "for some the news [over the month] made it less likely that the next move in interest rates would be down".<Node id="3070" />
<Node id="3071" /></TextWithNodes>
<!-- The default annotation set -->

<AnnotationSet>
</AnnotationSet>

<!-- Named annotation set -->

<AnnotationSet Name="Key">
<Annotation Id="0" Type="Date" StartNode="182" EndNode="189">
</Annotation>
<Annotation Id="1" Type="Date" StartNode="811" EndNode="837">
<Feature>
  <Name className="java.lang.String">kind</Name>
  <Value className="java.lang.String">date</Value>
</Feature>
</Annotation>
<Annotation Id="2" Type="Organization" StartNode="2892" EndNode="2895">
<Feature>
  <Name className="java.lang.String">id</Name>
  <Value className="java.lang.Integer">2</Value>
</Feature>
</Annotation>
<Annotation Id="3" Type="Date" StartNode="1628" EndNode="1637">
</Annotation>
<Annotation Id="4" Type="Organization" StartNode="1240" EndNode="1255">
<Feature>
  <Name className="java.lang.String">id</Name>
  <Value className="java.lang.Integer">4</Value>
</Feature>
</Annotation>
<Annotation Id="5" Type="Organization" StartNode="268" EndNode="271">
<Feature>
  <Name className="java.lang.String">id</Name>
  <Value className="java.lang.Integer">5</Value>
</Feature>
</Annotation>
<Annotation Id="6" Type="Organization" StartNode="140" EndNode="173">
<Feature>
  <Name className="java.lang.String">id</Name>
  <Value className="java.lang.Integer">6</Value>
</Feature>
</Annotation>
<Annotation Id="7" Type="Person" StartNode="2703" EndNode="2710">
<Feature>
  <Name className="java.lang.String">rule1</Name>
  <Value className="java.lang.String">PersonTitleGender</Value>
</Feature>
<Feature>
  <Name className="java.lang.String">id</Name>
  <Value className="java.lang.Integer">7</Value>
</Feature>
<Feature>
  <Name className="java.lang.String">gender</Name>
  <Value className="java.lang.String">male</Value>
</Feature>
<Feature>
  <Name className="java.lang.String">rule</Name>
  <Value className="java.lang.String">PersonFinal</Value>
</Feature>
</Annotation>
<Annotation Id="8" Type="Person" StartNode="2562" EndNode="2573">
<Feature>
  <Name className="java.lang.String">rule1</Name>
  <Value className="java.lang.String">PersonFull</Value>
</Feature>
<Feature>
  <Name className="java.lang.String">id</Name>
  <Value className="java.lang.Integer">8</Value>
</Feature>
<Feature>
  <Name className="java.lang.String">gender</Name>
  <Value className="java.lang.String">male</Value>
</Feature>
<Feature>
  <Name className="java.lang.String">rule</Name>
  <Value className="java.lang.String">PersonFinal</Value>
</Feature>
</Annotation>
<Annotation Id="9" Type="Location" StartNode="2038" EndNode="2044">
<Feature>
  <Name className="java.lang.String">locType</Name>
  <Value className="java.lang.String">city</Value>
</Feature>
<Feature>
  <Name className="java.lang.String">rule1</Name>
  <Value className="java.lang.String">GazLocation</Value>
</Feature>
<Feature>
  <Name className="java.lang.String">rule2</Name>
  <Value className="java.lang.String">LocFinal</Value>
</Feature>
</Annotation>
<Annotation Id="10" Type="Organization" StartNode="2021" EndNode="2034">
<Feature>
  <Name className="java.lang.String">orgType</Name>
  <Value className="java.lang.String">unknown</Value>
</Feature>
<Feature>
  <Name className="java.lang.String">rule1</Name>
  <Value className="java.lang.String">OrgXBase</Value>
</Feature>
<Feature>
  <Name className="java.lang.String">id</Name>
  <Value className="java.lang.Integer">10</Value>
</Feature>
<Feature>
  <Name className="java.lang.String">rule2</Name>
  <Value className="java.lang.String">OrgFinal</Value>
</Feature>
</Annotation>
<Annotation Id="11" Type="Location" StartNode="2005" EndNode="2007">
<Feature>
  <Name className="java.lang.String">locType</Name>
  <Value className="java.lang.String">country</Value>
</Feature>
<Feature>
  <Name className="java.lang.String">rule1</Name>
  <Value className="java.lang.String">GazLocation</Value>
</Feature>
<Feature>
  <Name className="java.lang.String">rule2</Name>
  <Value className="java.lang.String">LocFinal</Value>
</Feature>
</Annotation>
<Annotation Id="12" Type="Person" StartNode="1992" EndNode="2003">
<Feature>
  <Name className="java.lang.String">rule1</Name>
  <Value className="java.lang.String">PersonFull</Value>
</Feature>
<Feature>
  <Name className="java.lang.String">id</Name>
  <Value className="java.lang.Integer">12</Value>
</Feature>
<Feature>
  <Name className="java.lang.String">gender</Name>
  <Value className="java.lang.String">male</Value>
</Feature>
<Feature>
  <Name className="java.lang.String">rule</Name>
  <Value className="java.lang.String">PersonFinal</Value>
</Feature>
</Annotation>
<Annotation Id="13" Type="Location" StartNode="1422" EndNode="1424">
<Feature>
  <Name className="java.lang.String">locType</Name>
  <Value className="java.lang.String">country</Value>
</Feature>
<Feature>
  <Name className="java.lang.String">rule1</Name>
  <Value className="java.lang.String">GazLocation</Value>
</Feature>
<Feature>
  <Name className="java.lang.String">rule2</Name>
  <Value className="java.lang.String">LocFinal</Value>
</Feature>
</Annotation>
<Annotation Id="14" Type="Date" StartNode="1225" EndNode="1234">
<Feature>
  <Name className="java.lang.String">rule1</Name>
  <Value className="java.lang.String">GazDate</Value>
</Feature>
<Feature>
  <Name className="java.lang.String">kind</Name>
  <Value className="java.lang.String">date</Value>
</Feature>
<Feature>
  <Name className="java.lang.String">rule2</Name>
  <Value className="java.lang.String">DateOnlyFinal</Value>
</Feature>
</Annotation>
<Annotation Id="15" Type="Location" StartNode="493" EndNode="511">
</Annotation>
<Annotation Id="17" Type="Location" StartNode="116" EndNode="134">
</Annotation>
<Annotation Id="16" Type="Person" StartNode="633" EndNode="646">
<Feature>
  <Name className="java.lang.String">rule1</Name>
  <Value className="java.lang.String">PersonFull</Value>
</Feature>
<Feature>
  <Name className="java.lang.String">id</Name>
  <Value className="java.lang.Integer">16</Value>
</Feature>
<Feature>
  <Name className="java.lang.String">gender</Name>
  <Value className="java.lang.String">male</Value>
</Feature>
<Feature>
  <Name className="java.lang.String">rule</Name>
  <Value className="java.lang.String">PersonFinal</Value>
</Feature>
</Annotation>
<Annotation Id="19" Type="Location" StartNode="412" EndNode="420">
<Feature>
  <Name className="java.lang.String">locType</Name>
  <Value className="java.lang.String">province</Value>
</Feature>
<Feature>
  <Name className="java.lang.String">rule1</Name>
  <Value className="java.lang.String">GazLocation</Value>
</Feature>
<Feature>
  <Name className="java.lang.String">rule2</Name>
  <Value className="java.lang.String">LocFinal</Value>
</Feature>
</Annotation>
<Annotation Id="18" Type="Location" StartNode="472" EndNode="480">
<Feature>
  <Name className="java.lang.String">locType</Name>
  <Value className="java.lang.String">province</Value>
</Feature>
<Feature>
  <Name className="java.lang.String">rule1</Name>
  <Value className="java.lang.String">GazLocation</Value>
</Feature>
<Feature>
  <Name className="java.lang.String">rule2</Name>
  <Value className="java.lang.String">LocFinal</Value>
</Feature>
</Annotation>
<Annotation Id="21" Type="Percent" StartNode="566" EndNode="577">
<Feature>
  <Name className="java.lang.String">rule</Name>
  <Value className="java.lang.String">PercentBasic</Value>
</Feature>
</Annotation>
<Annotation Id="20" Type="Location" StartNode="318" EndNode="324">
<Feature>
  <Name className="java.lang.String">locType</Name>
  <Value className="java.lang.String">city</Value>
</Feature>
<Feature>
  <Name className="java.lang.String">rule1</Name>
  <Value className="java.lang.String">GazLocation</Value>
</Feature>
<Feature>
  <Name className="java.lang.String">rule2</Name>
  <Value className="java.lang.String">LocFinal</Value>
</Feature>
</Annotation>
<Annotation Id="23" Type="Date" StartNode="380" EndNode="396">
<Feature>
  <Name className="java.lang.String">kind</Name>
  <Value className="java.lang.String">te</Value>
</Feature>
</Annotation>
<Annotation Id="22" Type="Location" StartNode="295" EndNode="313">
</Annotation>
<Annotation Id="25" Type="Date" StartNode="1141" EndNode="1164">
<Feature>
  <Name className="java.lang.String">kind</Name>
  <Value className="java.lang.String">date</Value>
</Feature>
</Annotation>
<Annotation Id="24" Type="Date" StartNode="614" EndNode="630">
<Feature>
  <Name className="java.lang.String">kind</Name>
  <Value className="java.lang.String">date</Value>
</Feature>
</Annotation>
<Annotation Id="27" Type="Date" StartNode="1345" EndNode="1359">
<Feature>
  <Name className="java.lang.String">kind</Name>
  <Value className="java.lang.String">date</Value>
</Feature>
</Annotation>
<Annotation Id="26" Type="Organization" StartNode="686" EndNode="705">
<Feature>
  <Name className="java.lang.String">id</Name>
  <Value className="java.lang.Integer">26</Value>
</Feature>
</Annotation>
<Annotation Id="29" Type="Date" StartNode="1771" EndNode="1780">
<Feature>
  <Name className="java.lang.String">kind</Name>
  <Value className="java.lang.String">date</Value>
</Feature>
</Annotation>
<Annotation Id="28" Type="Location" StartNode="1607" EndNode="1611">
</Annotation>
<Annotation Id="31" Type="Date" StartNode="2433" EndNode="2442">
<Feature>
  <Name className="java.lang.String">kind</Name>
  <Value className="java.lang.String">date</Value>
</Feature>
</Annotation>
<Annotation Id="30" Type="Organization" StartNode="1737" EndNode="1741">
<Feature>
  <Name className="java.lang.String">id</Name>
  <Value className="java.lang.Integer">30</Value>
</Feature>
</Annotation>
<Annotation Id="34" Type="Date" StartNode="2819" EndNode="2828">
<Feature>
  <Name className="java.lang.String">kind</Name>
  <Value className="java.lang.String">date</Value>
</Feature>
</Annotation>
<Annotation Id="35" Type="Date" StartNode="2879" EndNode="2889">
<Feature>
  <Name className="java.lang.String">kind</Name>
  <Value className="java.lang.String">date</Value>
</Feature>
</Annotation>
<Annotation Id="32" Type="Date" StartNode="2463" EndNode="2472">
<Feature>
  <Name className="java.lang.String">kind</Name>
  <Value className="java.lang.String">date</Value>
</Feature>
</Annotation>
<Annotation Id="33" Type="Date" StartNode="2498" EndNode="2509">
<Feature>
  <Name className="java.lang.String">kind</Name>
  <Value className="java.lang.String">date</Value>
</Feature>
</Annotation>
<Annotation Id="5785" Type="RelationClass" StartNode="633" EndNode="705">
<Feature>
  <Name className="java.lang.String">rel-type</Name>
  <Value className="java.lang.String">employed-by</Value>
</Feature>
<Feature>
  <Name className="java.lang.String">pers-id</Name>
  <Value className="java.lang.String">16</Value>
</Feature>
<Feature>
  <Name className="java.lang.String">org-id</Name>
  <Value className="java.lang.String">26</Value>
</Feature>
</Annotation>
<Annotation Id="5784" Type="RelationClass" StartNode="1992" EndNode="2034">
<Feature>
  <Name className="java.lang.String">rel-type</Name>
  <Value className="java.lang.String">employed-by</Value>
</Feature>
<Feature>
  <Name className="java.lang.String">pers-id</Name>
  <Value className="java.lang.String">12</Value>
</Feature>
<Feature>
  <Name className="java.lang.String">org-id</Name>
  <Value className="java.lang.String">10</Value>
</Feature>
</Annotation>
</AnnotationSet>

<!-- Named annotation set -->

<AnnotationSet Name="Original markups">
<Annotation Id="68" Type="p" StartNode="0" EndNode="3071">
</Annotation>
<Annotation Id="69" Type="font" StartNode="0" EndNode="3071">
<Feature>
  <Name className="java.lang.String">class</Name>
  <Value className="java.lang.String">allWide</Value>
</Feature>
</Annotation>
<Annotation Id="70" Type="p" StartNode="0" EndNode="190">
</Annotation>
<Annotation Id="71" Type="p" StartNode="192" EndNode="397">
</Annotation>
<Annotation Id="76" Type="p" StartNode="1222" EndNode="1601">
</Annotation>
<Annotation Id="77" Type="p" StartNode="1603" EndNode="1896">
</Annotation>
<Annotation Id="78" Type="p" StartNode="1898" EndNode="2214">
</Annotation>
<Annotation Id="79" Type="p" StartNode="2216" EndNode="2340">
</Annotation>
<Annotation Id="46" Type="html" StartNode="0" EndNode="3071">
<Feature>
  <Name className="java.lang.String">_implied_</Name>
  <Value className="java.lang.String">true</Value>
</Feature>
</Annotation>
<Annotation Id="72" Type="p" StartNode="399" EndNode="631">
</Annotation>
<Annotation Id="107" Type="TEXT" StartNode="0" EndNode="3071">
</Annotation>
<Annotation Id="73" Type="p" StartNode="633" EndNode="838">
</Annotation>
<Annotation Id="74" Type="p" StartNode="840" EndNode="1002">
</Annotation>
<Annotation Id="75" Type="p" StartNode="1004" EndNode="1220">
</Annotation>
<Annotation Id="49" Type="table" StartNode="0" EndNode="3071">
<Feature>
  <Name className="java.lang.String">leftmargin</Name>
  <Value className="java.lang.String">0</Value>
</Feature>
<Feature>
  <Name className="java.lang.String">marginheight</Name>
  <Value className="java.lang.String">0</Value>
</Feature>
<Feature>
  <Name className="java.lang.String">topmargin</Name>
  <Value className="java.lang.String">0</Value>
</Feature>
<Feature>
  <Name className="java.lang.String">alink</Name>
  <Value className="java.lang.String">#996600</Value>
</Feature>
<Feature>
  <Name className="java.lang.String">link</Name>
  <Value className="java.lang.String">#330033</Value>
</Feature>
<Feature>
  <Name className="java.lang.String">width</Name>
  <Value className="java.lang.String">618</Value>
</Feature>
<Feature>
  <Name className="java.lang.String">marginwidth</Name>
  <Value className="java.lang.String">0</Value>
</Feature>
<Feature>
  <Name className="java.lang.String">cellpadding</Name>
  <Value className="java.lang.String">0</Value>
</Feature>
<Feature>
  <Name className="java.lang.String">border</Name>
  <Value className="java.lang.String">0</Value>
</Feature>
<Feature>
  <Name className="java.lang.String">cellspacing</Name>
  <Value className="java.lang.String">0</Value>
</Feature>
<Feature>
  <Name className="java.lang.String">bgcolor</Name>
  <Value className="java.lang.String">white</Value>
</Feature>
<Feature>
  <Name className="java.lang.String">vlink</Name>
  <Value className="java.lang.String">#330033</Value>
</Feature>
</Annotation>
<Annotation Id="48" Type="body" StartNode="0" EndNode="3071">
<Feature>
  <Name className="java.lang.String">_implied_</Name>
  <Value className="java.lang.String">true</Value>
</Feature>
</Annotation>
<Annotation Id="81" Type="p" StartNode="2498" EndNode="2781">
</Annotation>
<Annotation Id="80" Type="p" StartNode="2342" EndNode="2496">
</Annotation>
<Annotation Id="82" Type="p" StartNode="2783" EndNode="3070">
</Annotation>
<Annotation Id="58" Type="td" StartNode="0" EndNode="3071">
<Feature>
  <Name className="java.lang.String">colspan</Name>
  <Value className="java.lang.String">2</Value>
</Feature>
</Annotation>
<Annotation Id="57" Type="tr" StartNode="0" EndNode="3071">
</Annotation>
</AnnotationSet>

</GateDocument>
