<?xml version='1.0' encoding='UTF-8'?>
<GateDocument>
<!-- The document's features-->

<GateDocumentFeatures>
<Feature>
  <Name className="java.lang.String">gate.SourceURL</Name>
  <Value className="java.lang.String">file:/Z:/Corpus/ft-WestLB-BT-05-aug-2001.html</Value>
</Feature>
<Feature>
  <Name className="java.lang.String">gate.NAME</Name>
  <Value className="java.lang.String">doc6</Value>
</Feature>
<Feature>
  <Name className="java.lang.String">entitySet</Name>
  <Value className="java.lang.String">==== FILE: /Z:/Corpus/ft-WestLB-BT-05-aug-2001.html
</Value>
</Feature>
<Feature>
  <Name className="java.lang.String">MimeType</Name>
  <Value className="java.lang.String">text/html</Value>
</Feature>
</GateDocumentFeatures>
<!-- The document content area with serialized nodes -->

<TextWithNodes><Node id="0" />British Telecommunications<Node id="26" />' strategy is set to come under fresh scrutiny <Node id="73" />this week<Node id="82" /> after a consortium led by <Node id="109" />WestLB<Node id="115" />, the German investment bank, offered to buy its national fixed-line telephone network for about <Node id="212" />£18bn<Node id="217" /> (<Node id="219" />$25.7bn<Node id="226" />).<Node id="228" />

<Node id="230" />News of the approach follows <Node id="259" />last week<Node id="268" />'s <Node id="271" />£8bn<Node id="275" /> bid by a consortium of <Node id="299" />US<Node id="301" /> finance groups for <Node id="321" />BT<Node id="323" />'s local telephone wires and could increase pressure on the group to consider a sell-off of infrastructure.<Node id="430" />

<Node id="432" />The <Node id="436" />WestLB<Node id="442" /> proposal is thought to have come in a meeting with <Node id="494" />Philip Hampton<Node id="508" />, <Node id="510" />BT<Node id="512" />'s finance director, several weeks ago. People close to the talks described the approach as "tentative and embryonic".<Node id="630" />

<Node id="632" />BT<Node id="634" /> has not ruled out the <Node id="657" />WestLB<Node id="663" /> proposal but is understood to be in no hurry to dispose of its fixed-line business, which it considers to be an important part of its strategy. However, an <Node id="820" />£18bn<Node id="825" /> windfall from any deal would wipe out <Node id="864" />BT<Node id="866" />'s remaining debts, which have weighed heavily on the group in recent months. Shareholders might be tempted to press management to consider the offer.<Node id="1016" />

<Node id="1018" />Last week<Node id="1027" />, two top shareholders called for a rethink of <Node id="1074" />BT<Node id="1076" />'s decision to reject the bid for the local network, arguing it would reduce debt and free <Node id="1167" />BT<Node id="1169" /> to focus on its core consumer services.<Node id="1209" />

<Node id="1211" />The two offers have come at a time of upheaval at <Node id="1261" />BT<Node id="1263" />, which is preparing to demerge its wireless division <Node id="1317" />this autumn<Node id="1328" /> and is undergoing a restructuring programme aimed at rescuing the group from heavy debt and falling profits. There have been signs of recovery in recent weeks, with the shares outperforming the telecoms sector.<Node id="1539" />

<Node id="1541" />The group's debt, which peaked above <Node id="1578" />£30bn<Node id="1583" />, had been reduced to <Node id="1605" />£17.5bn<Node id="1612" /> at the <Node id="1620" />end of June<Node id="1631" /> by a <Node id="1637" />£5.9bn<Node id="1643" /> rights issue and disposals of international assets as it concentrates on its <Node id="1721" />UK<Node id="1723" /> business.<Node id="1733" />

<Node id="1735" />The <Node id="1739" />WestLB<Node id="1745" /> consortium offered to relieve <Node id="1776" />BT<Node id="1778" /> of its entire national fixed-line telephone infrastructure. <Node id="1839" />BT<Node id="1841" /> would keep its customers but have to pay for use of the network. <Node id="1907" />WestLB<Node id="1913" /> is believed not to have finalised the make-up of the consortium, which is likely to involve other financial institutions.<Node id="2035" /></TextWithNodes>
<!-- The default annotation set -->

<AnnotationSet>
</AnnotationSet>

<!-- Named annotation set -->

<AnnotationSet Name="Key">
<Annotation Id="0" Type="Organization" StartNode="1907" EndNode="1913">
<Feature>
  <Name className="java.lang.String">id</Name>
  <Value className="java.lang.Integer">0</Value>
</Feature>
</Annotation>
<Annotation Id="1" Type="Organization" StartNode="1739" EndNode="1745">
<Feature>
  <Name className="java.lang.String">id</Name>
  <Value className="java.lang.Integer">1</Value>
</Feature>
</Annotation>
<Annotation Id="2" Type="Organization" StartNode="657" EndNode="663">
<Feature>
  <Name className="java.lang.String">id</Name>
  <Value className="java.lang.Integer">2</Value>
</Feature>
</Annotation>
<Annotation Id="3" Type="Organization" StartNode="436" EndNode="442">
<Feature>
  <Name className="java.lang.String">id</Name>
  <Value className="java.lang.Integer">3</Value>
</Feature>
</Annotation>
<Annotation Id="4" Type="Organization" StartNode="109" EndNode="115">
<Feature>
  <Name className="java.lang.String">id</Name>
  <Value className="java.lang.Integer">4</Value>
</Feature>
</Annotation>
<Annotation Id="5" Type="Organization" StartNode="0" EndNode="26">
<Feature>
  <Name className="java.lang.String">id</Name>
  <Value className="java.lang.Integer">5</Value>
</Feature>
</Annotation>
<Annotation Id="6" Type="Organization" StartNode="1839" EndNode="1841">
<Feature>
  <Name className="java.lang.String">orgType</Name>
  <Value className="java.lang.String">company</Value>
</Feature>
<Feature>
  <Name className="java.lang.String">rule1</Name>
  <Value className="java.lang.String">GazOrganization</Value>
</Feature>
<Feature>
  <Name className="java.lang.String">id</Name>
  <Value className="java.lang.Integer">6</Value>
</Feature>
<Feature>
  <Name className="java.lang.String">rule2</Name>
  <Value className="java.lang.String">OrgFinal</Value>
</Feature>
</Annotation>
<Annotation Id="7" Type="Organization" StartNode="1776" EndNode="1778">
<Feature>
  <Name className="java.lang.String">orgType</Name>
  <Value className="java.lang.String">company</Value>
</Feature>
<Feature>
  <Name className="java.lang.String">rule1</Name>
  <Value className="java.lang.String">GazOrganization</Value>
</Feature>
<Feature>
  <Name className="java.lang.String">id</Name>
  <Value className="java.lang.Integer">7</Value>
</Feature>
<Feature>
  <Name className="java.lang.String">rule2</Name>
  <Value className="java.lang.String">OrgFinal</Value>
</Feature>
</Annotation>
<Annotation Id="8" Type="Location" StartNode="1721" EndNode="1723">
<Feature>
  <Name className="java.lang.String">locType</Name>
  <Value className="java.lang.String">country</Value>
</Feature>
<Feature>
  <Name className="java.lang.String">rule1</Name>
  <Value className="java.lang.String">GazLocation</Value>
</Feature>
<Feature>
  <Name className="java.lang.String">rule2</Name>
  <Value className="java.lang.String">LocFinal</Value>
</Feature>
</Annotation>
<Annotation Id="9" Type="Organization" StartNode="1261" EndNode="1263">
<Feature>
  <Name className="java.lang.String">orgType</Name>
  <Value className="java.lang.String">company</Value>
</Feature>
<Feature>
  <Name className="java.lang.String">rule1</Name>
  <Value className="java.lang.String">GazOrganization</Value>
</Feature>
<Feature>
  <Name className="java.lang.String">id</Name>
  <Value className="java.lang.Integer">9</Value>
</Feature>
<Feature>
  <Name className="java.lang.String">rule2</Name>
  <Value className="java.lang.String">OrgFinal</Value>
</Feature>
</Annotation>
<Annotation Id="10" Type="Organization" StartNode="1167" EndNode="1169">
<Feature>
  <Name className="java.lang.String">orgType</Name>
  <Value className="java.lang.String">company</Value>
</Feature>
<Feature>
  <Name className="java.lang.String">rule1</Name>
  <Value className="java.lang.String">GazOrganization</Value>
</Feature>
<Feature>
  <Name className="java.lang.String">id</Name>
  <Value className="java.lang.Integer">10</Value>
</Feature>
<Feature>
  <Name className="java.lang.String">rule2</Name>
  <Value className="java.lang.String">OrgFinal</Value>
</Feature>
</Annotation>
<Annotation Id="11" Type="Organization" StartNode="1074" EndNode="1076">
<Feature>
  <Name className="java.lang.String">orgType</Name>
  <Value className="java.lang.String">company</Value>
</Feature>
<Feature>
  <Name className="java.lang.String">rule1</Name>
  <Value className="java.lang.String">GazOrganization</Value>
</Feature>
<Feature>
  <Name className="java.lang.String">id</Name>
  <Value className="java.lang.Integer">11</Value>
</Feature>
<Feature>
  <Name className="java.lang.String">rule2</Name>
  <Value className="java.lang.String">OrgFinal</Value>
</Feature>
</Annotation>
<Annotation Id="12" Type="Organization" StartNode="864" EndNode="866">
<Feature>
  <Name className="java.lang.String">orgType</Name>
  <Value className="java.lang.String">company</Value>
</Feature>
<Feature>
  <Name className="java.lang.String">rule1</Name>
  <Value className="java.lang.String">GazOrganization</Value>
</Feature>
<Feature>
  <Name className="java.lang.String">id</Name>
  <Value className="java.lang.Integer">12</Value>
</Feature>
<Feature>
  <Name className="java.lang.String">rule2</Name>
  <Value className="java.lang.String">OrgFinal</Value>
</Feature>
</Annotation>
<Annotation Id="13" Type="Organization" StartNode="632" EndNode="634">
<Feature>
  <Name className="java.lang.String">orgType</Name>
  <Value className="java.lang.String">company</Value>
</Feature>
<Feature>
  <Name className="java.lang.String">rule1</Name>
  <Value className="java.lang.String">GazOrganization</Value>
</Feature>
<Feature>
  <Name className="java.lang.String">id</Name>
  <Value className="java.lang.Integer">13</Value>
</Feature>
<Feature>
  <Name className="java.lang.String">rule2</Name>
  <Value className="java.lang.String">OrgFinal</Value>
</Feature>
</Annotation>
<Annotation Id="14" Type="Organization" StartNode="510" EndNode="512">
<Feature>
  <Name className="java.lang.String">orgType</Name>
  <Value className="java.lang.String">company</Value>
</Feature>
<Feature>
  <Name className="java.lang.String">rule1</Name>
  <Value className="java.lang.String">GazOrganization</Value>
</Feature>
<Feature>
  <Name className="java.lang.String">id</Name>
  <Value className="java.lang.Integer">14</Value>
</Feature>
<Feature>
  <Name className="java.lang.String">rule2</Name>
  <Value className="java.lang.String">OrgFinal</Value>
</Feature>
</Annotation>
<Annotation Id="15" Type="Person" StartNode="494" EndNode="508">
<Feature>
  <Name className="java.lang.String">rule1</Name>
  <Value className="java.lang.String">PersonFull</Value>
</Feature>
<Feature>
  <Name className="java.lang.String">id</Name>
  <Value className="java.lang.Integer">15</Value>
</Feature>
<Feature>
  <Name className="java.lang.String">gender</Name>
  <Value className="java.lang.String">male</Value>
</Feature>
<Feature>
  <Name className="java.lang.String">rule</Name>
  <Value className="java.lang.String">PersonFinal</Value>
</Feature>
</Annotation>
<Annotation Id="17" Type="Location" StartNode="299" EndNode="301">
<Feature>
  <Name className="java.lang.String">locType</Name>
  <Value className="java.lang.String">country</Value>
</Feature>
<Feature>
  <Name className="java.lang.String">rule1</Name>
  <Value className="java.lang.String">GazLocation</Value>
</Feature>
<Feature>
  <Name className="java.lang.String">rule2</Name>
  <Value className="java.lang.String">LocFinal</Value>
</Feature>
</Annotation>
<Annotation Id="16" Type="Organization" StartNode="321" EndNode="323">
<Feature>
  <Name className="java.lang.String">orgType</Name>
  <Value className="java.lang.String">company</Value>
</Feature>
<Feature>
  <Name className="java.lang.String">rule1</Name>
  <Value className="java.lang.String">GazOrganization</Value>
</Feature>
<Feature>
  <Name className="java.lang.String">id</Name>
  <Value className="java.lang.Integer">16</Value>
</Feature>
<Feature>
  <Name className="java.lang.String">rule2</Name>
  <Value className="java.lang.String">OrgFinal</Value>
</Feature>
</Annotation>
<Annotation Id="19" Type="Money" StartNode="1605" EndNode="1612">
<Feature>
  <Name className="java.lang.String">kind</Name>
  <Value className="java.lang.String">number</Value>
</Feature>
<Feature>
  <Name className="java.lang.String">rule</Name>
  <Value className="java.lang.String">MoneySymbolUnit</Value>
</Feature>
</Annotation>
<Annotation Id="18" Type="Money" StartNode="1637" EndNode="1643">
<Feature>
  <Name className="java.lang.String">kind</Name>
  <Value className="java.lang.String">number</Value>
</Feature>
<Feature>
  <Name className="java.lang.String">rule</Name>
  <Value className="java.lang.String">MoneySymbolUnit</Value>
</Feature>
</Annotation>
<Annotation Id="21" Type="Money" StartNode="820" EndNode="825">
<Feature>
  <Name className="java.lang.String">kind</Name>
  <Value className="java.lang.String">number</Value>
</Feature>
<Feature>
  <Name className="java.lang.String">rule</Name>
  <Value className="java.lang.String">MoneySymbolUnit</Value>
</Feature>
</Annotation>
<Annotation Id="20" Type="Money" StartNode="1578" EndNode="1583">
<Feature>
  <Name className="java.lang.String">kind</Name>
  <Value className="java.lang.String">number</Value>
</Feature>
<Feature>
  <Name className="java.lang.String">rule</Name>
  <Value className="java.lang.String">MoneySymbolUnit</Value>
</Feature>
</Annotation>
<Annotation Id="23" Type="Money" StartNode="219" EndNode="226">
<Feature>
  <Name className="java.lang.String">kind</Name>
  <Value className="java.lang.String">number</Value>
</Feature>
<Feature>
  <Name className="java.lang.String">rule</Name>
  <Value className="java.lang.String">MoneySymbolUnit</Value>
</Feature>
</Annotation>
<Annotation Id="22" Type="Money" StartNode="271" EndNode="275">
<Feature>
  <Name className="java.lang.String">kind</Name>
  <Value className="java.lang.String">number</Value>
</Feature>
<Feature>
  <Name className="java.lang.String">rule</Name>
  <Value className="java.lang.String">MoneySymbolUnit</Value>
</Feature>
</Annotation>
<Annotation Id="25" Type="Date" StartNode="73" EndNode="82">
<Feature>
  <Name className="java.lang.String">kind</Name>
  <Value className="java.lang.String">date</Value>
</Feature>
</Annotation>
<Annotation Id="24" Type="Money" StartNode="212" EndNode="217">
<Feature>
  <Name className="java.lang.String">kind</Name>
  <Value className="java.lang.String">number</Value>
</Feature>
<Feature>
  <Name className="java.lang.String">rule</Name>
  <Value className="java.lang.String">MoneySymbolUnit</Value>
</Feature>
</Annotation>
<Annotation Id="27" Type="Date" StartNode="1018" EndNode="1027">
<Feature>
  <Name className="java.lang.String">kind</Name>
  <Value className="java.lang.String">date</Value>
</Feature>
</Annotation>
<Annotation Id="26" Type="Date" StartNode="259" EndNode="268">
<Feature>
  <Name className="java.lang.String">kind</Name>
  <Value className="java.lang.String">date</Value>
</Feature>
</Annotation>
<Annotation Id="29" Type="Date" StartNode="1620" EndNode="1631">
<Feature>
  <Name className="java.lang.String">kind</Name>
  <Value className="java.lang.String">date</Value>
</Feature>
</Annotation>
<Annotation Id="28" Type="Date" StartNode="1317" EndNode="1328">
<Feature>
  <Name className="java.lang.String">kind</Name>
  <Value className="java.lang.String">date</Value>
</Feature>
</Annotation>
<Annotation Id="4156" Type="RelationClass" StartNode="494" EndNode="512">
<Feature>
  <Name className="java.lang.String">rel-type</Name>
  <Value className="java.lang.String">employed-by</Value>
</Feature>
<Feature>
  <Name className="java.lang.String">pers-id</Name>
  <Value className="java.lang.String">15</Value>
</Feature>
<Feature>
  <Name className="java.lang.String">org-id</Name>
  <Value className="java.lang.String">14</Value>
</Feature>
</Annotation>
</AnnotationSet>

<!-- Named annotation set -->

<AnnotationSet Name="Original markups">
<Annotation Id="68" Type="p" StartNode="1735" EndNode="2035">
</Annotation>
<Annotation Id="64" Type="p" StartNode="632" EndNode="1016">
</Annotation>
<Annotation Id="39" Type="body" StartNode="0" EndNode="2035">
<Feature>
  <Name className="java.lang.String">_implied_</Name>
  <Value className="java.lang.String">true</Value>
</Feature>
</Annotation>
<Annotation Id="65" Type="p" StartNode="1018" EndNode="1209">
</Annotation>
<Annotation Id="66" Type="p" StartNode="1211" EndNode="1539">
</Annotation>
<Annotation Id="67" Type="p" StartNode="1541" EndNode="1733">
</Annotation>
<Annotation Id="37" Type="html" StartNode="0" EndNode="2035">
<Feature>
  <Name className="java.lang.String">_implied_</Name>
  <Value className="java.lang.String">true</Value>
</Feature>
</Annotation>
<Annotation Id="40" Type="table" StartNode="0" EndNode="2035">
<Feature>
  <Name className="java.lang.String">leftmargin</Name>
  <Value className="java.lang.String">0</Value>
</Feature>
<Feature>
  <Name className="java.lang.String">marginheight</Name>
  <Value className="java.lang.String">0</Value>
</Feature>
<Feature>
  <Name className="java.lang.String">topmargin</Name>
  <Value className="java.lang.String">0</Value>
</Feature>
<Feature>
  <Name className="java.lang.String">alink</Name>
  <Value className="java.lang.String">#996600</Value>
</Feature>
<Feature>
  <Name className="java.lang.String">link</Name>
  <Value className="java.lang.String">#330033</Value>
</Feature>
<Feature>
  <Name className="java.lang.String">width</Name>
  <Value className="java.lang.String">618</Value>
</Feature>
<Feature>
  <Name className="java.lang.String">marginwidth</Name>
  <Value className="java.lang.String">0</Value>
</Feature>
<Feature>
  <Name className="java.lang.String">cellpadding</Name>
  <Value className="java.lang.String">0</Value>
</Feature>
<Feature>
  <Name className="java.lang.String">border</Name>
  <Value className="java.lang.String">0</Value>
</Feature>
<Feature>
  <Name className="java.lang.String">cellspacing</Name>
  <Value className="java.lang.String">0</Value>
</Feature>
<Feature>
  <Name className="java.lang.String">bgcolor</Name>
  <Value className="java.lang.String">white</Value>
</Feature>
<Feature>
  <Name className="java.lang.String">vlink</Name>
  <Value className="java.lang.String">#330033</Value>
</Feature>
</Annotation>
<Annotation Id="49" Type="td" StartNode="0" EndNode="2035">
<Feature>
  <Name className="java.lang.String">colspan</Name>
  <Value className="java.lang.String">2</Value>
</Feature>
</Annotation>
<Annotation Id="48" Type="tr" StartNode="0" EndNode="2035">
</Annotation>
<Annotation Id="113" Type="TEXT" StartNode="0" EndNode="2035">
</Annotation>
<Annotation Id="59" Type="p" StartNode="0" EndNode="2035">
</Annotation>
<Annotation Id="63" Type="p" StartNode="432" EndNode="630">
</Annotation>
<Annotation Id="62" Type="p" StartNode="230" EndNode="430">
</Annotation>
<Annotation Id="61" Type="p" StartNode="0" EndNode="228">
</Annotation>
<Annotation Id="60" Type="font" StartNode="0" EndNode="2035">
<Feature>
  <Name className="java.lang.String">class</Name>
  <Value className="java.lang.String">allWide</Value>
</Feature>
</Annotation>
</AnnotationSet>

</GateDocument>
