<?xml version='1.0' encoding='UTF-8'?>
<GateDocument>
<!-- The document's features-->

<GateDocumentFeatures>
<Feature>
  <Name className="java.lang.String">gate.SourceURL</Name>
  <Value className="java.lang.String">file:/Z:/Corpus/gu-BP-08-aug-2001.html</Value>
</Feature>
<Feature>
  <Name className="java.lang.String">gate.NAME</Name>
  <Value className="java.lang.String">doc9</Value>
</Feature>
<Feature>
  <Name className="java.lang.String">entitySet</Name>
  <Value className="java.lang.String">==== FILE: /Z:/Corpus/gu-BP-08-aug-2001.html
</Value>
</Feature>
<Feature>
  <Name className="java.lang.String">MimeType</Name>
  <Value className="java.lang.String">text/html</Value>
</Feature>
</GateDocumentFeatures>
<!-- The document content area with serialized nodes -->

<TextWithNodes><Node id="0" />A part from a five-day interval there was little about the financial results nor oil production estimates that should have led anyone to put a Rizla paper between <Node id="163" />Shell<Node id="168" /> and <Node id="173" />BP<Node id="175" />. And yet the stock market reaction to <Node id="214" />second quarter<Node id="228" /> figures from the world's second and third largest oil majors could not have been more different.
<Node id="326" />Shell<Node id="331" /> saw its shares plunge as investors took fright as the Anglo-Dutch group talked about a "challenging" period ahead for its production output.<Node id="472" />

<Node id="474" />But shares in <Node id="488" />BP<Node id="490" /> motored ahead in a weak market as the company said it should reach its targets, although it threw in a few "ifs" and "buts" just to cover itself.<Node id="636" />

<Node id="638" />So why the different reaction? Mainly because incoming <Node id="693" />Shell<Node id="698" /> boss <Node id="704" />Phil Watts<Node id="714" /> spread doubt and uncertainty about the company's future oil output. He insisted that analysts wait till <Node id="819" />September<Node id="828" /> to get details on exactly how the picture looked.<Node id="878" />

<Node id="880" />Mr Watts<Node id="888" /> could have learned something if <Node id="921" />yesterday<Node id="930" /> he had gone out to the flashy presentation centre at a former warehouse built by <Node id="1012" />BP<Node id="1014" /> in trendy <Node id="1025" />Shoreditch<Node id="1035" />.<Node id="1036" />

<Node id="1038" />Mr Watts<Node id="1046" /> would have seen his rival, <Node id="1074" />John Browne<Node id="1085" />, a longtime marketing master, at work oozing bonhomie and self-confidence, dismissing fears about the impact of world economic slowdown on his business.<Node id="1238" />

<Node id="1240" />Music-fan <Node id="1250" />Lord Browne<Node id="1261" /> might not always hit the right note - "the beyond petroleum" slogan nearly backfired badly - but generally he plays a tune the <Node id="1389" />City<Node id="1393" /> wants to hear. His results conferences have become near-confessionals where the high priest of petroleum explains not only the good and the best of <Node id="1542" />BP<Node id="1544" /> - but even the failings, or at least the little ones.<Node id="1598" />

<Node id="1600" />The chemicals division falls into the latter category, but there was also a multi-point plan to remedy this lapse, and a slap on its own wrist for safety lapses at its key British plant, at <Node id="1790" />Grangemouth<Node id="1801" />.<Node id="1802" />

<Node id="1804" />However there was no apology to the public at large for petrol prices - but that is not surprising given that the vast bulk of the cost on the forecourt comes from taxes. Fuel protesters should concentrate their fire on the other <Node id="2034" />Mr Brown<Node id="2042" />, the chancellor. Failing that, they might target <Node id="2092" />Opec<Node id="2096" /> if they really dislike the idea of <Node id="2132" />BP<Node id="2134" /> and other majors making tons of money.<Node id="2173" />

<Node id="2175" />Ryan<Node id="2179" /> flies high <Node id="2191" />
<Node id="2192" />
<Node id="2193" />It is hard to fault <Node id="2213" />Ryanair<Node id="2220" />. The low cost airline is leaving traditional carriers in its slipstream when it comes to making money. While <Node id="2330" />British Airways<Node id="2345" />, for example, reported lower profits on <Node id="2386" />Monday<Node id="2392" />, <Node id="2394" />Ryanair<Node id="2401" /> touched down <Node id="2415" />yesterday<Node id="2424" /> with a healthy increase.<Node id="2449" />

<Node id="2451" />The company insists that there is plenty more room for growth. Despite the entrepreneurial (and successful) approach taken by <Node id="2577" />Ryanair<Node id="2584" /> and its rival <Node id="2599" />EasyJet<Node id="2606" />, the low cost airline market in <Node id="2639" />Europe<Node id="2645" /> remains in its infancy compared with the <Node id="2687" />US<Node id="2689" />, where no-frills flyers have around a fifth of the market.<Node id="2748" />

<Node id="2750" />There looks to be plenty of scope for <Node id="2788" />Ryanair<Node id="2795" /> and the other low cost carriers to expand the market. It argues that traditional carriers' use of a hub and spoke approach - flying passengers into and out of a big centres like <Node id="2974" />Heathrow<Node id="2982" /> or <Node id="2986" />Charles de Gaulle<Node id="3003" /> - leave it lots of room to link provincial centres. Efforts by some carriers to drive up margins by wooing higher value customers should help expand the share of the existing market, too.<Node id="3191" />

<Node id="3193" />A word of caution, however. <Node id="3221" />Ryanair<Node id="3228" /> might have cancelled options to buy five Boeings and be threatening to pull the plug on another 12 unless, from its point of view, <Node id="3360" />Boeing<Node id="3366" /> gets real over prices. But it is still committed to buying 13 and is advertising to acquire another 50 used aircraft over the <Node id="3493" />next three years<Node id="3509" />. That could leave it with a fleet of getting on for 100 aircraft, compared to its present 36.<Node id="3603" />

<Node id="3605" />That is very ambitious growth indeed. Of course, <Node id="3654" />Ryanair<Node id="3661" /> can match demand to capacity through the rate at which it acquires its second-hand jets. But as it flies clear of the turbulence which has hit others it needs to beware of falling victim to hubris engendered by present success.<Node id="3889" />

<Node id="3891" />Tesco<Node id="3896" /> tonic <Node id="3903" />
<Node id="3904" />
<Node id="3905" />Alongside the Huggies, Hovis and Harpic, <Node id="3946" />Tesco<Node id="3951" /> is now planning to sell 22,000 varieties of herbal remedies and complementary medicines. The supermarket chain is sending all its pharmacists back to school to learn about worts and weeds. A 200-person call centre will be set up to dispense advice about tinctures to soothe shoppers.<Node id="4235" />

<Node id="4237" />It is the brainwave of <Node id="4260" />Tim Mason<Node id="4269" />, the grocer's marketing supremo, and is a kick in the cash till for <Node id="4338" />Boots<Node id="4343" />, which had hoped to make this sort of high margin business one of its USPs, along with its new beauty treatments, massages and positive thinking courses.<Node id="4497" />

<Node id="4499" />What next will <Node id="4514" />Mr Mason<Node id="4522" /> think of to make life more difficult for the chemist chain? Physiotherapy by the fish counter maybe? Or what about bikini waxes behind the bakery?<Node id="4669" /></TextWithNodes>
<!-- The default annotation set -->

<AnnotationSet>
</AnnotationSet>

<!-- Named annotation set -->

<AnnotationSet Name="Key">
<Annotation Id="0" Type="Organization" StartNode="3946" EndNode="3951">
<Feature>
  <Name className="java.lang.String">id</Name>
  <Value className="java.lang.Integer">0</Value>
</Feature>
</Annotation>
<Annotation Id="1" Type="Organization" StartNode="3891" EndNode="3896">
<Feature>
  <Name className="java.lang.String">id</Name>
  <Value className="java.lang.Integer">1</Value>
</Feature>
</Annotation>
<Annotation Id="2" Type="Organization" StartNode="3654" EndNode="3661">
<Feature>
  <Name className="java.lang.String">id</Name>
  <Value className="java.lang.Integer">2</Value>
</Feature>
</Annotation>
<Annotation Id="3" Type="Organization" StartNode="3221" EndNode="3228">
<Feature>
  <Name className="java.lang.String">id</Name>
  <Value className="java.lang.Integer">3</Value>
</Feature>
</Annotation>
<Annotation Id="4" Type="Location" StartNode="2986" EndNode="3003">
</Annotation>
<Annotation Id="5" Type="Location" StartNode="2974" EndNode="2982">
</Annotation>
<Annotation Id="6" Type="Organization" StartNode="2788" EndNode="2795">
<Feature>
  <Name className="java.lang.String">id</Name>
  <Value className="java.lang.Integer">6</Value>
</Feature>
</Annotation>
<Annotation Id="7" Type="Organization" StartNode="2394" EndNode="2401">
<Feature>
  <Name className="java.lang.String">id</Name>
  <Value className="java.lang.Integer">7</Value>
</Feature>
</Annotation>
<Annotation Id="8" Type="Organization" StartNode="2599" EndNode="2606">
<Feature>
  <Name className="java.lang.String">id</Name>
  <Value className="java.lang.Integer">8</Value>
</Feature>
</Annotation>
<Annotation Id="9" Type="Organization" StartNode="2577" EndNode="2584">
<Feature>
  <Name className="java.lang.String">id</Name>
  <Value className="java.lang.Integer">9</Value>
</Feature>
</Annotation>
<Annotation Id="10" Type="Organization" StartNode="2213" EndNode="2220">
<Feature>
  <Name className="java.lang.String">id</Name>
  <Value className="java.lang.Integer">10</Value>
</Feature>
</Annotation>
<Annotation Id="11" Type="Person" StartNode="1074" EndNode="1085">
<Feature>
  <Name className="java.lang.String">id</Name>
  <Value className="java.lang.Integer">11</Value>
</Feature>
</Annotation>
<Annotation Id="12" Type="Person" StartNode="4514" EndNode="4522">
<Feature>
  <Name className="java.lang.String">rule1</Name>
  <Value className="java.lang.String">PersonTitleGender</Value>
</Feature>
<Feature>
  <Name className="java.lang.String">id</Name>
  <Value className="java.lang.Integer">12</Value>
</Feature>
<Feature>
  <Name className="java.lang.String">gender</Name>
  <Value className="java.lang.String">male</Value>
</Feature>
<Feature>
  <Name className="java.lang.String">rule</Name>
  <Value className="java.lang.String">PersonFinal</Value>
</Feature>
</Annotation>
<Annotation Id="13" Type="Organization" StartNode="4338" EndNode="4343">
<Feature>
  <Name className="java.lang.String">orgType</Name>
  <Value className="java.lang.String">company</Value>
</Feature>
<Feature>
  <Name className="java.lang.String">rule1</Name>
  <Value className="java.lang.String">GazOrganization</Value>
</Feature>
<Feature>
  <Name className="java.lang.String">id</Name>
  <Value className="java.lang.Integer">13</Value>
</Feature>
<Feature>
  <Name className="java.lang.String">rule2</Name>
  <Value className="java.lang.String">OrgFinal</Value>
</Feature>
</Annotation>
<Annotation Id="14" Type="Person" StartNode="4260" EndNode="4269">
<Feature>
  <Name className="java.lang.String">rule1</Name>
  <Value className="java.lang.String">PersonFull</Value>
</Feature>
<Feature>
  <Name className="java.lang.String">id</Name>
  <Value className="java.lang.Integer">14</Value>
</Feature>
<Feature>
  <Name className="java.lang.String">gender</Name>
  <Value className="java.lang.String">male</Value>
</Feature>
<Feature>
  <Name className="java.lang.String">rule</Name>
  <Value className="java.lang.String">PersonFinal</Value>
</Feature>
</Annotation>
<Annotation Id="15" Type="Organization" StartNode="3360" EndNode="3366">
<Feature>
  <Name className="java.lang.String">orgType</Name>
  <Value className="java.lang.String">company</Value>
</Feature>
<Feature>
  <Name className="java.lang.String">rule1</Name>
  <Value className="java.lang.String">GazOrganization</Value>
</Feature>
<Feature>
  <Name className="java.lang.String">id</Name>
  <Value className="java.lang.Integer">15</Value>
</Feature>
<Feature>
  <Name className="java.lang.String">rule2</Name>
  <Value className="java.lang.String">OrgFinal</Value>
</Feature>
</Annotation>
<Annotation Id="17" Type="Location" StartNode="2639" EndNode="2645">
<Feature>
  <Name className="java.lang.String">locType</Name>
  <Value className="java.lang.String">region</Value>
</Feature>
<Feature>
  <Name className="java.lang.String">rule1</Name>
  <Value className="java.lang.String">GazLocation</Value>
</Feature>
<Feature>
  <Name className="java.lang.String">rule2</Name>
  <Value className="java.lang.String">LocFinal</Value>
</Feature>
</Annotation>
<Annotation Id="16" Type="Location" StartNode="2687" EndNode="2689">
<Feature>
  <Name className="java.lang.String">locType</Name>
  <Value className="java.lang.String">country</Value>
</Feature>
<Feature>
  <Name className="java.lang.String">rule1</Name>
  <Value className="java.lang.String">GazLocation</Value>
</Feature>
<Feature>
  <Name className="java.lang.String">rule2</Name>
  <Value className="java.lang.String">LocFinal</Value>
</Feature>
</Annotation>
<Annotation Id="19" Type="Organization" StartNode="2330" EndNode="2345">
<Feature>
  <Name className="java.lang.String">orgType</Name>
  <Value className="java.lang.String">company</Value>
</Feature>
<Feature>
  <Name className="java.lang.String">rule1</Name>
  <Value className="java.lang.String">GazOrganization</Value>
</Feature>
<Feature>
  <Name className="java.lang.String">id</Name>
  <Value className="java.lang.Integer">19</Value>
</Feature>
<Feature>
  <Name className="java.lang.String">rule2</Name>
  <Value className="java.lang.String">OrgFinal</Value>
</Feature>
</Annotation>
<Annotation Id="18" Type="Date" StartNode="2386" EndNode="2392">
<Feature>
  <Name className="java.lang.String">rule1</Name>
  <Value className="java.lang.String">GazDate</Value>
</Feature>
<Feature>
  <Name className="java.lang.String">kind</Name>
  <Value className="java.lang.String">date</Value>
</Feature>
<Feature>
  <Name className="java.lang.String">rule2</Name>
  <Value className="java.lang.String">DateOnlyFinal</Value>
</Feature>
</Annotation>
<Annotation Id="21" Type="Person" StartNode="2034" EndNode="2042">
<Feature>
  <Name className="java.lang.String">rule1</Name>
  <Value className="java.lang.String">PersonFirstTitle</Value>
</Feature>
<Feature>
  <Name className="java.lang.String">id</Name>
  <Value className="java.lang.Integer">21</Value>
</Feature>
<Feature>
  <Name className="java.lang.String">gender</Name>
  <Value className="java.lang.String">male</Value>
</Feature>
<Feature>
  <Name className="java.lang.String">rule</Name>
  <Value className="java.lang.String">PersonFinal</Value>
</Feature>
</Annotation>
<Annotation Id="20" Type="Organization" StartNode="2132" EndNode="2134">
<Feature>
  <Name className="java.lang.String">orgType</Name>
  <Value className="java.lang.String">company</Value>
</Feature>
<Feature>
  <Name className="java.lang.String">rule1</Name>
  <Value className="java.lang.String">GazOrganization</Value>
</Feature>
<Feature>
  <Name className="java.lang.String">id</Name>
  <Value className="java.lang.Integer">20</Value>
</Feature>
<Feature>
  <Name className="java.lang.String">rule2</Name>
  <Value className="java.lang.String">OrgFinal</Value>
</Feature>
</Annotation>
<Annotation Id="23" Type="Person" StartNode="1250" EndNode="1261">
<Feature>
  <Name className="java.lang.String">rule1</Name>
  <Value className="java.lang.String">PersonTitle</Value>
</Feature>
<Feature>
  <Name className="java.lang.String">id</Name>
  <Value className="java.lang.Integer">23</Value>
</Feature>
<Feature>
  <Name className="java.lang.String">gender</Name>
  <Value className="java.lang.String">null</Value>
</Feature>
<Feature>
  <Name className="java.lang.String">rule2</Name>
  <Value className="java.lang.String">UnknownPerson</Value>
</Feature>
</Annotation>
<Annotation Id="22" Type="Organization" StartNode="1542" EndNode="1544">
<Feature>
  <Name className="java.lang.String">orgType</Name>
  <Value className="java.lang.String">company</Value>
</Feature>
<Feature>
  <Name className="java.lang.String">rule1</Name>
  <Value className="java.lang.String">GazOrganization</Value>
</Feature>
<Feature>
  <Name className="java.lang.String">id</Name>
  <Value className="java.lang.Integer">22</Value>
</Feature>
<Feature>
  <Name className="java.lang.String">rule2</Name>
  <Value className="java.lang.String">OrgFinal</Value>
</Feature>
</Annotation>
<Annotation Id="25" Type="Organization" StartNode="1012" EndNode="1014">
<Feature>
  <Name className="java.lang.String">orgType</Name>
  <Value className="java.lang.String">company</Value>
</Feature>
<Feature>
  <Name className="java.lang.String">rule1</Name>
  <Value className="java.lang.String">GazOrganization</Value>
</Feature>
<Feature>
  <Name className="java.lang.String">id</Name>
  <Value className="java.lang.Integer">25</Value>
</Feature>
<Feature>
  <Name className="java.lang.String">rule2</Name>
  <Value className="java.lang.String">OrgFinal</Value>
</Feature>
</Annotation>
<Annotation Id="24" Type="Person" StartNode="1038" EndNode="1046">
<Feature>
  <Name className="java.lang.String">rule1</Name>
  <Value className="java.lang.String">PersonTitleGender</Value>
</Feature>
<Feature>
  <Name className="java.lang.String">id</Name>
  <Value className="java.lang.Integer">24</Value>
</Feature>
<Feature>
  <Name className="java.lang.String">gender</Name>
  <Value className="java.lang.String">male</Value>
</Feature>
<Feature>
  <Name className="java.lang.String">rule</Name>
  <Value className="java.lang.String">PersonFinal</Value>
</Feature>
</Annotation>
<Annotation Id="27" Type="Date" StartNode="819" EndNode="828">
<Feature>
  <Name className="java.lang.String">rule1</Name>
  <Value className="java.lang.String">GazDate</Value>
</Feature>
<Feature>
  <Name className="java.lang.String">kind</Name>
  <Value className="java.lang.String">date</Value>
</Feature>
<Feature>
  <Name className="java.lang.String">rule2</Name>
  <Value className="java.lang.String">DateOnlyFinal</Value>
</Feature>
</Annotation>
<Annotation Id="26" Type="Person" StartNode="880" EndNode="888">
<Feature>
  <Name className="java.lang.String">rule1</Name>
  <Value className="java.lang.String">PersonTitleGender</Value>
</Feature>
<Feature>
  <Name className="java.lang.String">id</Name>
  <Value className="java.lang.Integer">26</Value>
</Feature>
<Feature>
  <Name className="java.lang.String">gender</Name>
  <Value className="java.lang.String">male</Value>
</Feature>
<Feature>
  <Name className="java.lang.String">rule</Name>
  <Value className="java.lang.String">PersonFinal</Value>
</Feature>
</Annotation>
<Annotation Id="29" Type="Person" StartNode="704" EndNode="714">
<Feature>
  <Name className="java.lang.String">rule1</Name>
  <Value className="java.lang.String">PersonJobTitle</Value>
</Feature>
<Feature>
  <Name className="java.lang.String">id</Name>
  <Value className="java.lang.Integer">29</Value>
</Feature>
<Feature>
  <Name className="java.lang.String">gender</Name>
  <Value className="java.lang.String">null</Value>
</Feature>
<Feature>
  <Name className="java.lang.String">rule</Name>
  <Value className="java.lang.String">PersonFinal</Value>
</Feature>
</Annotation>
<Annotation Id="28" Type="Location" StartNode="1389" EndNode="1393">
</Annotation>
<Annotation Id="31" Type="Organization" StartNode="488" EndNode="490">
<Feature>
  <Name className="java.lang.String">orgType</Name>
  <Value className="java.lang.String">company</Value>
</Feature>
<Feature>
  <Name className="java.lang.String">rule1</Name>
  <Value className="java.lang.String">GazOrganization</Value>
</Feature>
<Feature>
  <Name className="java.lang.String">id</Name>
  <Value className="java.lang.Integer">31</Value>
</Feature>
<Feature>
  <Name className="java.lang.String">rule2</Name>
  <Value className="java.lang.String">OrgFinal</Value>
</Feature>
</Annotation>
<Annotation Id="30" Type="Organization" StartNode="693" EndNode="698">
<Feature>
  <Name className="java.lang.String">orgType</Name>
  <Value className="java.lang.String">company</Value>
</Feature>
<Feature>
  <Name className="java.lang.String">rule1</Name>
  <Value className="java.lang.String">GazOrganization</Value>
</Feature>
<Feature>
  <Name className="java.lang.String">id</Name>
  <Value className="java.lang.Integer">30</Value>
</Feature>
<Feature>
  <Name className="java.lang.String">rule2</Name>
  <Value className="java.lang.String">OrgFinal</Value>
</Feature>
</Annotation>
<Annotation Id="34" Type="Organization" StartNode="163" EndNode="168">
<Feature>
  <Name className="java.lang.String">orgType</Name>
  <Value className="java.lang.String">company</Value>
</Feature>
<Feature>
  <Name className="java.lang.String">rule1</Name>
  <Value className="java.lang.String">GazOrganization</Value>
</Feature>
<Feature>
  <Name className="java.lang.String">id</Name>
  <Value className="java.lang.Integer">34</Value>
</Feature>
<Feature>
  <Name className="java.lang.String">rule2</Name>
  <Value className="java.lang.String">OrgFinal</Value>
</Feature>
</Annotation>
<Annotation Id="35" Type="Location" StartNode="1025" EndNode="1035">
</Annotation>
<Annotation Id="32" Type="Organization" StartNode="326" EndNode="331">
<Feature>
  <Name className="java.lang.String">orgType</Name>
  <Value className="java.lang.String">company</Value>
</Feature>
<Feature>
  <Name className="java.lang.String">rule1</Name>
  <Value className="java.lang.String">GazOrganization</Value>
</Feature>
<Feature>
  <Name className="java.lang.String">id</Name>
  <Value className="java.lang.Integer">32</Value>
</Feature>
<Feature>
  <Name className="java.lang.String">rule2</Name>
  <Value className="java.lang.String">OrgFinal</Value>
</Feature>
</Annotation>
<Annotation Id="33" Type="Organization" StartNode="173" EndNode="175">
<Feature>
  <Name className="java.lang.String">orgType</Name>
  <Value className="java.lang.String">company</Value>
</Feature>
<Feature>
  <Name className="java.lang.String">rule1</Name>
  <Value className="java.lang.String">GazOrganization</Value>
</Feature>
<Feature>
  <Name className="java.lang.String">id</Name>
  <Value className="java.lang.Integer">33</Value>
</Feature>
<Feature>
  <Name className="java.lang.String">rule2</Name>
  <Value className="java.lang.String">OrgFinal</Value>
</Feature>
</Annotation>
<Annotation Id="38" Type="Organization" StartNode="2175" EndNode="2179">
<Feature>
  <Name className="java.lang.String">id</Name>
  <Value className="java.lang.Integer">38</Value>
</Feature>
</Annotation>
<Annotation Id="39" Type="Date" StartNode="214" EndNode="228">
<Feature>
  <Name className="java.lang.String">kind</Name>
  <Value className="java.lang.String">date</Value>
</Feature>
</Annotation>
<Annotation Id="36" Type="Location" StartNode="1790" EndNode="1801">
</Annotation>
<Annotation Id="37" Type="Organization" StartNode="2092" EndNode="2096">
<Feature>
  <Name className="java.lang.String">id</Name>
  <Value className="java.lang.Integer">37</Value>
</Feature>
</Annotation>
<Annotation Id="42" Type="Date" StartNode="3493" EndNode="3509">
<Feature>
  <Name className="java.lang.String">kind</Name>
  <Value className="java.lang.String">date</Value>
</Feature>
</Annotation>
<Annotation Id="40" Type="Date" StartNode="921" EndNode="930">
<Feature>
  <Name className="java.lang.String">kind</Name>
  <Value className="java.lang.String">date</Value>
</Feature>
</Annotation>
<Annotation Id="41" Type="Date" StartNode="2415" EndNode="2424">
<Feature>
  <Name className="java.lang.String">kind</Name>
  <Value className="java.lang.String">date</Value>
</Feature>
</Annotation>
<Annotation Id="9778" Type="RelationClass" StartNode="693" EndNode="714">
<Feature>
  <Name className="java.lang.String">rel-type</Name>
  <Value className="java.lang.String">employed-by</Value>
</Feature>
<Feature>
  <Name className="java.lang.String">pers-id</Name>
  <Value className="java.lang.String">29</Value>
</Feature>
<Feature>
  <Name className="java.lang.String">org-id</Name>
  <Value className="java.lang.String">30</Value>
</Feature>
</Annotation>
</AnnotationSet>

<!-- Named annotation set -->

<AnnotationSet Name="Original markups">
<Annotation Id="68" Type="p" StartNode="4237" EndNode="4497">
</Annotation>
<Annotation Id="69" Type="p" StartNode="4499" EndNode="4669">
</Annotation>
<Annotation Id="64" Type="p" StartNode="3891" EndNode="3904">
</Annotation>
<Annotation Id="65" Type="b" StartNode="3891" EndNode="3903">
</Annotation>
<Annotation Id="66" Type="br" StartNode="3903" EndNode="3903">
</Annotation>
<Annotation Id="67" Type="p" StartNode="3905" EndNode="4235">
</Annotation>
<Annotation Id="76" Type="body" StartNode="0" EndNode="4669">
<Feature>
  <Name className="java.lang.String">bgcolor</Name>
  <Value className="java.lang.String">#FFFFFF</Value>
</Feature>
</Annotation>
<Annotation Id="73" Type="html" StartNode="0" EndNode="4669">
</Annotation>
<Annotation Id="81" Type="font" StartNode="0" EndNode="4669">
<Feature>
  <Name className="java.lang.String">face</Name>
  <Value className="java.lang.String">Arial,Helvetica,sans-serif</Value>
</Feature>
<Feature>
  <Name className="java.lang.String">size</Name>
  <Value className="java.lang.String">3</Value>
</Feature>
</Annotation>
<Annotation Id="89" Type="TEXT" StartNode="0" EndNode="4669">
</Annotation>
<Annotation Id="46" Type="p" StartNode="0" EndNode="4669">
</Annotation>
<Annotation Id="47" Type="font" StartNode="0" EndNode="4669">
<Feature>
  <Name className="java.lang.String">face</Name>
  <Value className="java.lang.String">Geneva,Arial,sans-serif</Value>
</Feature>
<Feature>
  <Name className="java.lang.String">size</Name>
  <Value className="java.lang.String">2</Value>
</Feature>
</Annotation>
<Annotation Id="51" Type="p" StartNode="880" EndNode="1036">
</Annotation>
<Annotation Id="50" Type="p" StartNode="638" EndNode="878">
</Annotation>
<Annotation Id="49" Type="p" StartNode="474" EndNode="636">
</Annotation>
<Annotation Id="48" Type="p" StartNode="326" EndNode="472">
</Annotation>
<Annotation Id="55" Type="p" StartNode="1804" EndNode="2173">
</Annotation>
<Annotation Id="54" Type="p" StartNode="1600" EndNode="1802">
</Annotation>
<Annotation Id="53" Type="p" StartNode="1240" EndNode="1598">
</Annotation>
<Annotation Id="52" Type="p" StartNode="1038" EndNode="1238">
</Annotation>
<Annotation Id="59" Type="p" StartNode="2193" EndNode="2449">
</Annotation>
<Annotation Id="58" Type="br" StartNode="2191" EndNode="2191">
</Annotation>
<Annotation Id="57" Type="b" StartNode="2175" EndNode="2191">
</Annotation>
<Annotation Id="56" Type="p" StartNode="2175" EndNode="2192">
</Annotation>
<Annotation Id="63" Type="p" StartNode="3605" EndNode="3889">
</Annotation>
<Annotation Id="62" Type="p" StartNode="3193" EndNode="3603">
</Annotation>
<Annotation Id="61" Type="p" StartNode="2750" EndNode="3191">
</Annotation>
<Annotation Id="60" Type="p" StartNode="2451" EndNode="2748">
</Annotation>
</AnnotationSet>

</GateDocument>
