<?xml version='1.0' encoding='UTF-8'?>
<GateDocument>
<!-- The document's features-->

<GateDocumentFeatures>
<Feature>
  <Name className="java.lang.String">gate.SourceURL</Name>
  <Value className="java.lang.String">file:/Z:/Corpus/gu-BA-Atlantic-4-aug-2001.html</Value>
</Feature>
<Feature>
  <Name className="java.lang.String">gate.NAME</Name>
  <Value className="java.lang.String">doc3</Value>
</Feature>
<Feature>
  <Name className="java.lang.String">entitySet</Name>
  <Value className="java.lang.String">==== FILE: /Z:/Corpus/gu-BA-Atlantic-4-aug-2001.html
</Value>
</Feature>
<Feature>
  <Name className="java.lang.String">MimeType</Name>
  <Value className="java.lang.String">text/html</Value>
</Feature>
</GateDocumentFeatures>
<!-- The document content area with serialized nodes -->

<TextWithNodes><Node id="0" />British Airways<Node id="15" /> and <Node id="20" />American Airlines<Node id="37" /> announced an alliance <Node id="60" />yesterday<Node id="69" /> which is likely to dominate the transatlantic passenger market.
<Node id="134" />The pact - which holds out the prospect of lower fares - comes after previous attempts by the two airlines to link their British-American flights were blocked by regulators.<Node id="307" />

<Node id="309" />It is likely to face tough scrutiny on both sides of the <Node id="366" />Atlantic<Node id="374" /> and has already provoked strong objections from competitors, including <Node id="446" />Sir Richard Branson<Node id="465" />, who promised to fight it "tooth and nail". Last time the pair tried to get together <Node id="551" />Sir Richard<Node id="562" />'s <Node id="565" />Virgin<Node id="571" /> airline mounted a "no way <Node id="598" />BA<Node id="600" />-<Node id="601" />AA<Node id="603" />" campaign.<Node id="614" />

<Node id="616" />The new agreement, if approved, would affect flights between <Node id="677" />London<Node id="683" /> and nine <Node id="693" />US<Node id="695" /> cities. The airlines control an estimated <Node id="738" />60%<Node id="741" /> of the flights between the <Node id="769" />US<Node id="771" /> and <Node id="776" />UK<Node id="778" />.<Node id="779" />

<Node id="781" />BA<Node id="783" /> and <Node id="788" />American<Node id="796" /> said they hoped to achieve "significant cost savings" from collaborating on pricing, schedules and capacity planning.<Node id="914" />

<Node id="916" />The pair announced a similar agreement <Node id="955" />five years ago<Node id="969" /> which was blocked by European and <Node id="1004" />US<Node id="1006" /> regulators after <Node id="1024" />BA<Node id="1026" /> refused to give up almost 300 landing slots at <Node id="1074" />Heathrow<Node id="1082" />.<Node id="1083" />

<Node id="1085" />Andrew Cahn<Node id="1096" />, <Node id="1098" />BA<Node id="1100" />'s corporate head of government affairs, said <Node id="1146" />yesterday<Node id="1155" />: "The world has changed completely since <Node id="1197" />1996<Node id="1201" />." Analysts have estimated that <Node id="1233" />BA<Node id="1235" /> might be ready to cede about 50 landing slots at <Node id="1285" />Heathrow<Node id="1293" />.<Node id="1294" />

<Node id="1296" />In the years since the <Node id="1319" />BA<Node id="1321" />-<Node id="1322" />American<Node id="1330" /> deal was blocked other alliances, such as that between <Node id="1386" />Lufthansa<Node id="1395" /> of <Node id="1399" />Germany<Node id="1406" /> and <Node id="1411" />United<Node id="1417" /> of the <Node id="1425" />US<Node id="1427" />, have won immunity from anti-trust actions, in essence legitimising price agreements.<Node id="1513" />

<Node id="1515" />Closer relations between <Node id="1540" />BA<Node id="1542" /> and <Node id="1547" />AA<Node id="1549" /> have been thwarted by the failure of the American and British governments to reach a new bilateral agreement governing flights between the two countries.<Node id="1703" />

<Node id="1705" />These so-called open skies negotiations have been stalled by a failure to agree the number of slots at <Node id="1808" />Heathrow<Node id="1816" /> as well as <Node id="1828" />US<Node id="1830" /> restrictions on foreign carriers.<Node id="1864" />

<Node id="1866" />Open skies talks are due to restart in the <Node id="1909" />autumn<Node id="1915" />. <Node id="1917" />Mr Cahn<Node id="1924" />, who used to be an adviser to <Node id="1955" />Neil Kinnock<Node id="1967" />, the former European transport commissioner, said the timing of the deal was in the hands of the regulators. "I believe it can happen quickly," he added.<Node id="2121" />

<Node id="2123" />Tim Doke<Node id="2131" />, head of corporate communications at <Node id="2169" />Dallas<Node id="2175" />-based <Node id="2182" />American Airlines<Node id="2199" />, dismissed the objections of competitors: "I think it's become increasingly clear... that the consumer benefits are absolutely enormous. There's also a general sense of fairness at play here."<Node id="2392" />

<Node id="2394" />The on-off relationship between <Node id="2426" />BA<Node id="2428" /> and <Node id="2433" />American<Node id="2441" /> had also been hampered in recent months by the British carrier's ultimately unsuccessful takeover talks with the Dutch airline <Node id="2569" />KLM<Node id="2572" />, as well as <Node id="2585" />American<Node id="2593" />'s acquisition of <Node id="2611" />TWA<Node id="2614" /> in the <Node id="2622" />US<Node id="2624" /> earlier <Node id="2633" />this year<Node id="2642" />.<Node id="2643" />

<Node id="2645" />BA<Node id="2647" /> and <Node id="2652" />AA<Node id="2654" />, however, ruled out speculation that <Node id="2692" />yesterday<Node id="2701" />'s alliance would lead to a full-blown merger.<Node id="2747" /></TextWithNodes>
<!-- The default annotation set -->

<AnnotationSet>
</AnnotationSet>

<!-- Named annotation set -->

<AnnotationSet Name="Key">
<Annotation Id="0" Type="Organization" StartNode="1322" EndNode="1330">
<Feature>
  <Name className="java.lang.String">id</Name>
  <Value className="java.lang.Integer">0</Value>
</Feature>
</Annotation>
<Annotation Id="1" Type="Date" StartNode="2692" EndNode="2701">
<Feature>
  <Name className="java.lang.String">kind</Name>
  <Value className="java.lang.String">date</Value>
</Feature>
</Annotation>
<Annotation Id="2" Type="Date" StartNode="2633" EndNode="2642">
<Feature>
  <Name className="java.lang.String">kind</Name>
  <Value className="java.lang.String">date</Value>
</Feature>
</Annotation>
<Annotation Id="3" Type="Date" StartNode="1146" EndNode="1155">
<Feature>
  <Name className="java.lang.String">kind</Name>
  <Value className="java.lang.String">date</Value>
</Feature>
</Annotation>
<Annotation Id="4" Type="Date" StartNode="955" EndNode="969">
<Feature>
  <Name className="java.lang.String">kind</Name>
  <Value className="java.lang.String">date</Value>
</Feature>
</Annotation>
<Annotation Id="5" Type="Date" StartNode="60" EndNode="69">
<Feature>
  <Name className="java.lang.String">kind</Name>
  <Value className="java.lang.String">date</Value>
</Feature>
</Annotation>
<Annotation Id="6" Type="Percent" StartNode="738" EndNode="741">
<Feature>
  <Name className="java.lang.String">rule</Name>
  <Value className="java.lang.String">PercentBasic</Value>
</Feature>
</Annotation>
<Annotation Id="7" Type="Organization" StartNode="0" EndNode="15">
<Feature>
  <Name className="java.lang.String">orgType</Name>
  <Value className="java.lang.String">company</Value>
</Feature>
<Feature>
  <Name className="java.lang.String">rule1</Name>
  <Value className="java.lang.String">GazOrganization</Value>
</Feature>
<Feature>
  <Name className="java.lang.String">id</Name>
  <Value className="java.lang.Integer">7</Value>
</Feature>
<Feature>
  <Name className="java.lang.String">rule2</Name>
  <Value className="java.lang.String">OrgFinal</Value>
</Feature>
</Annotation>
<Annotation Id="8" Type="Location" StartNode="366" EndNode="374">
<Feature>
  <Name className="java.lang.String">locType</Name>
  <Value className="java.lang.String">region</Value>
</Feature>
<Feature>
  <Name className="java.lang.String">rule1</Name>
  <Value className="java.lang.String">GazLocation</Value>
</Feature>
<Feature>
  <Name className="java.lang.String">rule2</Name>
  <Value className="java.lang.String">LocFinal</Value>
</Feature>
</Annotation>
<Annotation Id="9" Type="Person" StartNode="446" EndNode="465">
<Feature>
  <Name className="java.lang.String">rule1</Name>
  <Value className="java.lang.String">PersonTitleGender</Value>
</Feature>
<Feature>
  <Name className="java.lang.String">id</Name>
  <Value className="java.lang.Integer">9</Value>
</Feature>
<Feature>
  <Name className="java.lang.String">gender</Name>
  <Value className="java.lang.String">male</Value>
</Feature>
<Feature>
  <Name className="java.lang.String">rule</Name>
  <Value className="java.lang.String">PersonFinal</Value>
</Feature>
</Annotation>
<Annotation Id="10" Type="Person" StartNode="551" EndNode="562">
<Feature>
  <Name className="java.lang.String">rule1</Name>
  <Value className="java.lang.String">PersonFirstTitle</Value>
</Feature>
<Feature>
  <Name className="java.lang.String">id</Name>
  <Value className="java.lang.Integer">10</Value>
</Feature>
<Feature>
  <Name className="java.lang.String">gender</Name>
  <Value className="java.lang.String">male</Value>
</Feature>
<Feature>
  <Name className="java.lang.String">rule</Name>
  <Value className="java.lang.String">PersonFinal</Value>
</Feature>
</Annotation>
<Annotation Id="11" Type="Organization" StartNode="565" EndNode="571">
<Feature>
  <Name className="java.lang.String">orgType</Name>
  <Value className="java.lang.String">company</Value>
</Feature>
<Feature>
  <Name className="java.lang.String">rule1</Name>
  <Value className="java.lang.String">GazOrganization</Value>
</Feature>
<Feature>
  <Name className="java.lang.String">id</Name>
  <Value className="java.lang.Integer">11</Value>
</Feature>
<Feature>
  <Name className="java.lang.String">rule2</Name>
  <Value className="java.lang.String">OrgFinal</Value>
</Feature>
</Annotation>
<Annotation Id="12" Type="Location" StartNode="677" EndNode="683">
<Feature>
  <Name className="java.lang.String">locType</Name>
  <Value className="java.lang.String">city</Value>
</Feature>
<Feature>
  <Name className="java.lang.String">rule1</Name>
  <Value className="java.lang.String">GazLocation</Value>
</Feature>
<Feature>
  <Name className="java.lang.String">rule2</Name>
  <Value className="java.lang.String">LocFinal</Value>
</Feature>
</Annotation>
<Annotation Id="13" Type="Location" StartNode="693" EndNode="695">
<Feature>
  <Name className="java.lang.String">locType</Name>
  <Value className="java.lang.String">country</Value>
</Feature>
<Feature>
  <Name className="java.lang.String">rule1</Name>
  <Value className="java.lang.String">GazLocation</Value>
</Feature>
<Feature>
  <Name className="java.lang.String">rule2</Name>
  <Value className="java.lang.String">LocFinal</Value>
</Feature>
</Annotation>
<Annotation Id="14" Type="Location" StartNode="769" EndNode="771">
<Feature>
  <Name className="java.lang.String">locType</Name>
  <Value className="java.lang.String">country</Value>
</Feature>
<Feature>
  <Name className="java.lang.String">rule1</Name>
  <Value className="java.lang.String">GazLocation</Value>
</Feature>
<Feature>
  <Name className="java.lang.String">rule2</Name>
  <Value className="java.lang.String">inal</Value>
</Feature>
</Annotation>
<Annotation Id="15" Type="Location" StartNode="776" EndNode="778">
<Feature>
  <Name className="java.lang.String">locType</Name>
  <Value className="java.lang.String">country</Value>
</Feature>
<Feature>
  <Name className="java.lang.String">rule1</Name>
  <Value className="java.lang.String">GazLocation</Value>
</Feature>
<Feature>
  <Name className="java.lang.String">rule2</Name>
  <Value className="java.lang.String">LocFinal</Value>
</Feature>
</Annotation>
<Annotation Id="17" Type="Person" StartNode="1085" EndNode="1096">
<Feature>
  <Name className="java.lang.String">rule1</Name>
  <Value className="java.lang.String">PersonFull</Value>
</Feature>
<Feature>
  <Name className="java.lang.String">id</Name>
  <Value className="java.lang.Integer">17</Value>
</Feature>
<Feature>
  <Name className="java.lang.String">gender</Name>
  <Value className="java.lang.String">male</Value>
</Feature>
<Feature>
  <Name className="java.lang.String">rule</Name>
  <Value className="java.lang.String">PersonFinal</Value>
</Feature>
</Annotation>
<Annotation Id="16" Type="Location" StartNode="1004" EndNode="1006">
<Feature>
  <Name className="java.lang.String">locType</Name>
  <Value className="java.lang.String">country</Value>
</Feature>
<Feature>
  <Name className="java.lang.String">rule1</Name>
  <Value className="java.lang.String">GazLocation</Value>
</Feature>
<Feature>
  <Name className="java.lang.String">rule2</Name>
  <Value className="java.lang.String">LocFinal</Value>
</Feature>
</Annotation>
<Annotation Id="19" Type="Organization" StartNode="1386" EndNode="1395">
<Feature>
  <Name className="java.lang.String">orgType</Name>
  <Value className="java.lang.String">company</Value>
</Feature>
<Feature>
  <Name className="java.lang.String">rule1</Name>
  <Value className="java.lang.String">GazOrganization</Value>
</Feature>
<Feature>
  <Name className="java.lang.String">id</Name>
  <Value className="java.lang.Integer">19</Value>
</Feature>
<Feature>
  <Name className="java.lang.String">rule2</Name>
  <Value className="java.lang.String">OrgFinal</Value>
</Feature>
</Annotation>
<Annotation Id="18" Type="Date" StartNode="1197" EndNode="1201">
<Feature>
  <Name className="java.lang.String">rule1</Name>
  <Value className="java.lang.String">TempYear2</Value>
</Feature>
<Feature>
  <Name className="java.lang.String">kind</Name>
  <Value className="java.lang.String">date</Value>
</Feature>
<Feature>
  <Name className="java.lang.String">rule2</Name>
  <Value className="java.lang.String">YearOnlyFinal</Value>
</Feature>
</Annotation>
<Annotation Id="21" Type="Location" StartNode="1425" EndNode="1427">
<Feature>
  <Name className="java.lang.String">locType</Name>
  <Value className="java.lang.String">country</Value>
</Feature>
<Feature>
  <Name className="java.lang.String">rule1</Name>
  <Value className="java.lang.String">GazLocation</Value>
</Feature>
<Feature>
  <Name className="java.lang.String">rule2</Name>
  <Value className="java.lang.String">LocFinal</Value>
</Feature>
</Annotation>
<Annotation Id="20" Type="Location" StartNode="1399" EndNode="1406">
<Feature>
  <Name className="java.lang.String">locType</Name>
  <Value className="java.lang.String">country</Value>
</Feature>
<Feature>
  <Name className="java.lang.String">rule1</Name>
  <Value className="java.lang.String">GazLocation</Value>
</Feature>
<Feature>
  <Name className="java.lang.String">rule2</Name>
  <Value className="java.lang.String">LocFinal</Value>
</Feature>
</Annotation>
<Annotation Id="23" Type="Date" StartNode="1909" EndNode="1915">
<Feature>
  <Name className="java.lang.String">rule1</Name>
  <Value className="java.lang.String">GazDate</Value>
</Feature>
<Feature>
  <Name className="java.lang.String">kind</Name>
  <Value className="java.lang.String">date</Value>
</Feature>
<Feature>
  <Name className="java.lang.String">rule2</Name>
  <Value className="java.lang.String">DateOnlyFinal</Value>
</Feature>
</Annotation>
<Annotation Id="22" Type="Location" StartNode="1828" EndNode="1830">
<Feature>
  <Name className="java.lang.String">locType</Name>
  <Value className="java.lang.String">country</Value>
</Feature>
<Feature>
  <Name className="java.lang.String">rule1</Name>
  <Value className="java.lang.String">GazLocation</Value>
</Feature>
<Feature>
  <Name className="java.lang.String">rule2</Name>
  <Value className="java.lang.String">LocFinal</Value>
</Feature>
</Annotation>
<Annotation Id="25" Type="Person" StartNode="1955" EndNode="1967">
<Feature>
  <Name className="java.lang.String">rule1</Name>
  <Value className="java.lang.String">PersonFull</Value>
</Feature>
<Feature>
  <Name className="java.lang.String">id</Name>
  <Value className="java.lang.Integer">25</Value>
</Feature>
<Feature>
  <Name className="java.lang.String">gender</Name>
  <Value className="java.lang.String">male</Value>
</Feature>
<Feature>
  <Name className="java.lang.String">rule</Name>
  <Value className="java.lang.String">PersonFinal</Value>
</Feature>
</Annotation>
<Annotation Id="24" Type="Person" StartNode="1917" EndNode="1924">
<Feature>
  <Name className="java.lang.String">rule1</Name>
  <Value className="java.lang.String">PersonTitleGender</Value>
</Feature>
<Feature>
  <Name className="java.lang.String">id</Name>
  <Value className="java.lang.Integer">24</Value>
</Feature>
<Feature>
  <Name className="java.lang.String">gender</Name>
  <Value className="java.lang.String">male</Value>
</Feature>
<Feature>
  <Name className="java.lang.String">rule</Name>
  <Value className="java.lang.String">PersonFinal</Value>
</Feature>
</Annotation>
<Annotation Id="27" Type="Location" StartNode="2169" EndNode="2175">
<Feature>
  <Name className="java.lang.String">locType</Name>
  <Value className="java.lang.String">city</Value>
</Feature>
<Feature>
  <Name className="java.lang.String">rule1</Name>
  <Value className="java.lang.String">GazLocation</Value>
</Feature>
<Feature>
  <Name className="java.lang.String">rule2</Name>
  <Value className="java.lang.String">LocFinal</Value>
</Feature>
</Annotation>
<Annotation Id="26" Type="Person" StartNode="2123" EndNode="2131">
<Feature>
  <Name className="java.lang.String">rule1</Name>
  <Value className="java.lang.String">PersonFull</Value>
</Feature>
<Feature>
  <Name className="java.lang.String">id</Name>
  <Value className="java.lang.Integer">26</Value>
</Feature>
<Feature>
  <Name className="java.lang.String">gender</Name>
  <Value className="java.lang.String">male</Value>
</Feature>
<Feature>
  <Name className="java.lang.String">rule</Name>
  <Value className="java.lang.String">PersonFinal</Value>
</Feature>
</Annotation>
<Annotation Id="29" Type="Location" StartNode="2622" EndNode="2624">
<Feature>
  <Name className="java.lang.String">locType</Name>
  <Value className="java.lang.String">country</Value>
</Feature>
<Feature>
  <Name className="java.lang.String">rule1</Name>
  <Value className="java.lang.String">GazLocation</Value>
</Feature>
<Feature>
  <Name className="java.lang.String">rule2</Name>
  <Value className="java.lang.String">LocFinal</Value>
</Feature>
</Annotation>
<Annotation Id="28" Type="Organization" StartNode="2611" EndNode="2614">
<Feature>
  <Name className="java.lang.String">orgType</Name>
  <Value className="java.lang.String">company</Value>
</Feature>
<Feature>
  <Name className="java.lang.String">rule1</Name>
  <Value className="java.lang.String">GazOrganization</Value>
</Feature>
<Feature>
  <Name className="java.lang.String">id</Name>
  <Value className="java.lang.Integer">28</Value>
</Feature>
<Feature>
  <Name className="java.lang.String">rule2</Name>
  <Value className="java.lang.String">OrgFinal</Value>
</Feature>
</Annotation>
<Annotation Id="31" Type="Organization" StartNode="598" EndNode="600">
<Feature>
  <Name className="java.lang.String">id</Name>
  <Value className="java.lang.Integer">31</Value>
</Feature>
</Annotation>
<Annotation Id="30" Type="Organization" StartNode="20" EndNode="37">
<Feature>
  <Name className="java.lang.String">id</Name>
  <Value className="java.lang.Integer">30</Value>
</Feature>
</Annotation>
<Annotation Id="34" Type="Organization" StartNode="1024" EndNode="1026">
<Feature>
  <Name className="java.lang.String">id</Name>
  <Value className="java.lang.Integer">34</Value>
</Feature>
</Annotation>
<Annotation Id="35" Type="Location" StartNode="1074" EndNode="1082">
</Annotation>
<Annotation Id="32" Type="Organization" StartNode="601" EndNode="603">
<Feature>
  <Name className="java.lang.String">id</Name>
  <Value className="java.lang.Integer">32</Value>
</Feature>
</Annotation>
<Annotation Id="33" Type="Organization" StartNode="781" EndNode="783">
<Feature>
  <Name className="java.lang.String">id</Name>
  <Value className="java.lang.Integer">33</Value>
</Feature>
</Annotation>
<Annotation Id="38" Type="Organization" StartNode="788" EndNode="796">
<Feature>
  <Name className="java.lang.String">id</Name>
  <Value className="java.lang.Integer">38</Value>
</Feature>
</Annotation>
<Annotation Id="39" Type="Location" StartNode="1285" EndNode="1293">
</Annotation>
<Annotation Id="36" Type="Organization" StartNode="1098" EndNode="1100">
<Feature>
  <Name className="java.lang.String">id</Name>
  <Value className="java.lang.Integer">36</Value>
</Feature>
</Annotation>
<Annotation Id="37" Type="Organization" StartNode="1233" EndNode="1235">
<Feature>
  <Name className="java.lang.String">id</Name>
  <Value className="java.lang.Integer">37</Value>
</Feature>
</Annotation>
<Annotation Id="42" Type="Organization" StartNode="2585" EndNode="2593">
<Feature>
  <Name className="java.lang.String">id</Name>
  <Value className="java.lang.Integer">42</Value>
</Feature>
</Annotation>
<Annotation Id="43" Type="Organization" StartNode="1411" EndNode="1417">
<Feature>
  <Name className="java.lang.String">id</Name>
  <Value className="java.lang.Integer">43</Value>
</Feature>
</Annotation>
<Annotation Id="40" Type="Organization" StartNode="2433" EndNode="2441">
<Feature>
  <Name className="java.lang.String">id</Name>
  <Value className="java.lang.Integer">40</Value>
</Feature>
</Annotation>
<Annotation Id="41" Type="Organization" StartNode="1319" EndNode="1321">
<Feature>
  <Name className="java.lang.String">id</Name>
  <Value className="java.lang.Integer">41</Value>
</Feature>
</Annotation>
<Annotation Id="46" Type="Location" StartNode="1808" EndNode="1816">
</Annotation>
<Annotation Id="47" Type="Organization" StartNode="2182" EndNode="2199">
<Feature>
  <Name className="java.lang.String">id</Name>
  <Value className="java.lang.Integer">47</Value>
</Feature>
</Annotation>
<Annotation Id="44" Type="Organization" StartNode="1540" EndNode="1542">
<Feature>
  <Name className="java.lang.String">id</Name>
  <Value className="java.lang.Integer">44</Value>
</Feature>
</Annotation>
<Annotation Id="45" Type="Organization" StartNode="1547" EndNode="1549">
<Feature>
  <Name className="java.lang.String">id</Name>
  <Value className="java.lang.Integer">45</Value>
</Feature>
</Annotation>
<Annotation Id="51" Type="Organization" StartNode="2652" EndNode="2654">
<Feature>
  <Name className="java.lang.String">id</Name>
  <Value className="java.lang.Integer">51</Value>
</Feature>
</Annotation>
<Annotation Id="50" Type="Organization" StartNode="2645" EndNode="2647">
<Feature>
  <Name className="java.lang.String">id</Name>
  <Value className="java.lang.Integer">50</Value>
</Feature>
</Annotation>
<Annotation Id="49" Type="Organization" StartNode="2569" EndNode="2572">
<Feature>
  <Name className="java.lang.String">id</Name>
  <Value className="java.lang.Integer">49</Value>
</Feature>
</Annotation>
<Annotation Id="48" Type="Organization" StartNode="2426" EndNode="2428">
<Feature>
  <Name className="java.lang.String">id</Name>
  <Value className="java.lang.Integer">48</Value>
</Feature>
</Annotation>
<Annotation Id="6057" Type="RelationClass" StartNode="2123" EndNode="2199">
<Feature>
  <Name className="java.lang.String">rel-type</Name>
  <Value className="java.lang.String">employed-by</Value>
</Feature>
<Feature>
  <Name className="java.lang.String">pers-id</Name>
  <Value className="java.lang.String">26</Value>
</Feature>
<Feature>
  <Name className="java.lang.String">org-id</Name>
  <Value className="java.lang.String">47</Value>
</Feature>
</Annotation>
<Annotation Id="6058" Type="RelationClass" StartNode="551" EndNode="571">
<Feature>
  <Name className="java.lang.String">rel-type</Name>
  <Value className="java.lang.String">employed-by</Value>
</Feature>
<Feature>
  <Name className="java.lang.String">pers-id</Name>
  <Value className="java.lang.String">10</Value>
</Feature>
<Feature>
  <Name className="java.lang.String">org-id</Name>
  <Value className="java.lang.String">11</Value>
</Feature>
</Annotation>
<Annotation Id="6059" Type="RelationClass" StartNode="1085" EndNode="1100">
<Feature>
  <Name className="java.lang.String">rel-type</Name>
  <Value className="java.lang.String">employed-by</Value>
</Feature>
<Feature>
  <Name className="java.lang.String">pers-id</Name>
  <Value className="java.lang.String">17</Value>
</Feature>
<Feature>
  <Name className="java.lang.String">org-id</Name>
  <Value className="java.lang.String">36</Value>
</Feature>
</Annotation>
</AnnotationSet>

<!-- Named annotation set -->

<AnnotationSet Name="Original markups">
<Annotation Id="343" Type="body" StartNode="0" EndNode="2747">
<Feature>
  <Name className="java.lang.String">_implied_</Name>
  <Value className="java.lang.String">true</Value>
</Feature>
</Annotation>
<Annotation Id="204" Type="p" StartNode="2645" EndNode="2747">
</Annotation>
<Annotation Id="411" Type="p" StartNode="134" EndNode="307">
</Annotation>
<Annotation Id="200" Type="font" StartNode="0" EndNode="2747">
<Feature>
  <Name className="java.lang.String">face</Name>
  <Value className="java.lang.String">Arial,Helvetica,sans-serif</Value>
</Feature>
<Feature>
  <Name className="java.lang.String">size</Name>
  <Value className="java.lang.String">3</Value>
</Feature>
</Annotation>
<Annotation Id="202" Type="font" StartNode="0" EndNode="2747">
<Feature>
  <Name className="java.lang.String">face</Name>
  <Value className="java.lang.String">Geneva,Arial,sans-serif</Value>
</Feature>
<Feature>
  <Name className="java.lang.String">size</Name>
  <Value className="java.lang.String">2</Value>
</Feature>
</Annotation>
<Annotation Id="346" Type="tr" StartNode="0" EndNode="2747">
</Annotation>
<Annotation Id="393" Type="html" StartNode="0" EndNode="2747">
</Annotation>
<Annotation Id="320" Type="p" StartNode="781" EndNode="914">
</Annotation>
<Annotation Id="387" Type="html" StartNode="0" EndNode="2747">
<Feature>
  <Name className="java.lang.String">_implied_</Name>
  <Value className="java.lang.String">true</Value>
</Feature>
</Annotation>
<Annotation Id="335" Type="p" StartNode="2123" EndNode="2392">
</Annotation>
<Annotation Id="385" Type="TEXT" StartNode="0" EndNode="2747">
</Annotation>
<Annotation Id="264" Type="p" StartNode="1085" EndNode="1294">
</Annotation>
<Annotation Id="210" Type="body" StartNode="0" EndNode="2747">
<Feature>
  <Name className="java.lang.String">leftmargin</Name>
  <Value className="java.lang.String">0</Value>
</Feature>
<Feature>
  <Name className="java.lang.String">topmargin</Name>
  <Value className="java.lang.String">8</Value>
</Feature>
<Feature>
  <Name className="java.lang.String">alink</Name>
  <Value className="java.lang.String">#FF0000</Value>
</Feature>
<Feature>
  <Name className="java.lang.String">bgcolor</Name>
  <Value className="java.lang.String">#FFFFFF</Value>
</Feature>
<Feature>
  <Name className="java.lang.String">link</Name>
  <Value className="java.lang.String">#003366</Value>
</Feature>
<Feature>
  <Name className="java.lang.String">vlink</Name>
  <Value className="java.lang.String">#003366</Value>
</Feature>
</Annotation>
<Annotation Id="91" Type="p" StartNode="1705" EndNode="1864">
</Annotation>
<Annotation Id="151" Type="p" StartNode="1515" EndNode="1703">
</Annotation>
<Annotation Id="239" Type="center" StartNode="0" EndNode="2747">
</Annotation>
<Annotation Id="172" Type="p" StartNode="0" EndNode="2747">
</Annotation>
<Annotation Id="288" Type="p" StartNode="616" EndNode="779">
</Annotation>
<Annotation Id="187" Type="p" StartNode="1866" EndNode="2121">
</Annotation>
<Annotation Id="253" Type="table" StartNode="0" EndNode="2747">
<Feature>
  <Name className="java.lang.String">cellpadding</Name>
  <Value className="java.lang.String">0</Value>
</Feature>
<Feature>
  <Name className="java.lang.String">border</Name>
  <Value className="java.lang.String">0</Value>
</Feature>
<Feature>
  <Name className="java.lang.String">cellspacing</Name>
  <Value className="java.lang.String">0</Value>
</Feature>
<Feature>
  <Name className="java.lang.String">width</Name>
  <Value className="java.lang.String">544</Value>
</Feature>
</Annotation>
<Annotation Id="250" Type="p" StartNode="916" EndNode="1083">
</Annotation>
<Annotation Id="126" Type="p" StartNode="1296" EndNode="1513">
</Annotation>
<Annotation Id="56" Type="p" StartNode="309" EndNode="614">
</Annotation>
<Annotation Id="360" Type="p" StartNode="2394" EndNode="2643">
</Annotation>
<Annotation Id="300" Type="td" StartNode="0" EndNode="2747">
<Feature>
  <Name className="java.lang.String">valign</Name>
  <Value className="java.lang.String">top</Value>
</Feature>
<Feature>
  <Name className="java.lang.String">width</Name>
  <Value className="java.lang.String">372</Value>
</Feature>
</Annotation>
</AnnotationSet>

</GateDocument>
