<?xml version='1.0' encoding='UTF-8'?>
<GateDocument>
<!-- The document's features-->

<GateDocumentFeatures>
<Feature>
  <Name className="java.lang.String">gate.SourceURL</Name>
  <Value className="java.lang.String">file:/Z:/Corpus/gu-Ford-08-aug-2001.html</Value>
</Feature>
<Feature>
  <Name className="java.lang.String">gate.NAME</Name>
  <Value className="java.lang.String">doc1</Value>
</Feature>
<Feature>
  <Name className="java.lang.String">entitySet</Name>
  <Value className="java.lang.String">==== FILE: /Z:/Corpus/gu-Ford-08-aug-2001.html
</Value>
</Feature>
<Feature>
  <Name className="java.lang.String">MimeType</Name>
  <Value className="java.lang.String">text/html</Value>
</Feature>
</GateDocumentFeatures>
<!-- The document content area with serialized nodes -->

<TextWithNodes><Node id="0" />Ford<Node id="4" /> of <Node id="8" />Britain<Node id="15" />, the <Node id="21" />UK<Node id="23" /> car market leader, is expected to record a loss of more than <Node id="85" />£400m<Node id="90" /> for <Node id="95" />last year<Node id="104" /> when it finally announces its annual results <Node id="150" />next month<Node id="160" />.
<Node id="162" />The British arm of the world's second largest car-maker, which lost <Node id="230" />£119m<Node id="235" /> in <Node id="239" />1999<Node id="243" />, is likely to declare significantly higher losses for <Node id="298" />last year<Node id="307" /> because of the planned closure of its car assembly at <Node id="362" />Dagenham<Node id="370" />, its main <Node id="381" />UK<Node id="383" /> plant.<Node id="390" />

<Node id="392" />The company, which is shedding a net 1,300 jobs at <Node id="443" />Dagenham<Node id="451" /> by <Node id="455" />next spring<Node id="466" />, has loaded the bulk of these restructuring costs on to <Node id="523" />last year<Node id="532" />'s accounts.<Node id="544" />

<Node id="546" />These, normally due in <Node id="569" />May<Node id="572" /> or <Node id="576" />June<Node id="580" />, were expected to be published <Node id="612" />last month<Node id="622" /> but problems with assessing the full restructuring costs and other difficulties have repeatedly delayed their issue.<Node id="739" />

<Node id="741" />Company officials refused to comment on the delays or the scale of likely losses but pointed out that, officially, <Node id="856" />Ford<Node id="860" /> has until <Node id="871" />October<Node id="878" /> to publish its annual profit-and-loss accounts.<Node id="926" />

<Node id="928" />The global group's annual report for <Node id="965" />2000<Node id="969" /> said restructuring costs in <Node id="998" />Europe<Node id="1004" /> had topped <Node id="1016" />$376m<Node id="1021" /> (<Node id="1023" />£265m<Node id="1028" />), of which the bulk is likely to have been incurred in the <Node id="1088" />UK<Node id="1090" /> where the company also faced severe pricing pressures and a <Node id="1151" />3.5%<Node id="1155" /> decline in sales to 374,342 units.<Node id="1190" />

<Node id="1192" />So far <Node id="1199" />this year<Node id="1208" />, with the new Mondeo, <Node id="1231" />Ford<Node id="1235" /> has increased its market share from <Node id="1272" />16.67%<Node id="1278" /> to <Node id="1282" />17.02%<Node id="1288" /> and it expects a further fillip when the new Fiesta enters showrooms in the spring.<Node id="1372" />

<Node id="1374" />The <Node id="1378" />US<Node id="1380" /> group's fortunes, not helped by analysts' reports in <Node id="1434" />New York<Node id="1442" /> that it and its big American rivals face continuing cost pressures <Node id="1510" />this year<Node id="1519" /> and next, contrast vividly with those of the much smaller German premium car maker, <Node id="1604" />BMW<Node id="1607" />.<Node id="1608" />

<Node id="1610" />Yesterday<Node id="1619" /> it said it made an operating profit of &amp;<Node id="1660" />euro847m<Node id="1668" /> in the <Node id="1676" />second quarter<Node id="1690" />, up <Node id="1695" />62.3%<Node id="1700" /> on <Node id="1704" />last year<Node id="1713" /> when it finally extricated itself from the <Node id="1757" />Rover<Node id="1762" /> debacle. <Node id="1772" />First-half<Node id="1782" /> earnings were &amp;<Node id="1798" />euro1.7bn<Node id="1807" />.<Node id="1808" />

<Node id="1810" />The Bavarian-based group, which has just launched the new Mini from its <Node id="1882" />Oxford<Node id="1888" /> plant, said sales in the <Node id="1914" />first half<Node id="1924" /> came in at just under &amp;<Node id="1948" />euro20bn<Node id="1956" /> and it was on course to sell more than 900,000 cars in the full year for the first time.<Node id="2045" />

<Node id="2047" />It has managed to ride out the economic downturn so far but observers believe the days of record earnings may be over.<Node id="2165" /></TextWithNodes>
<!-- The default annotation set -->

<AnnotationSet>
</AnnotationSet>

<!-- Named annotation set -->

<AnnotationSet Name="Key">
<Annotation Id="0" Type="Money" StartNode="1948" EndNode="1956">
</Annotation>
<Annotation Id="1" Type="Money" StartNode="1798" EndNode="1807">
</Annotation>
<Annotation Id="2" Type="Money" StartNode="1660" EndNode="1668">
</Annotation>
<Annotation Id="3" Type="Date" StartNode="1510" EndNode="1519">
<Feature>
  <Name className="java.lang.String">kind</Name>
  <Value className="java.lang.String">date</Value>
</Feature>
</Annotation>
<Annotation Id="4" Type="Date" StartNode="1772" EndNode="1782">
<Feature>
  <Name className="java.lang.String">kind</Name>
  <Value className="java.lang.String">date</Value>
</Feature>
</Annotation>
<Annotation Id="5" Type="Date" StartNode="455" EndNode="466">
<Feature>
  <Name className="java.lang.String">kind</Name>
  <Value className="java.lang.String">date</Value>
</Feature>
</Annotation>
<Annotation Id="6" Type="Date" StartNode="1704" EndNode="1713">
<Feature>
  <Name className="java.lang.String">kind</Name>
  <Value className="java.lang.String">date</Value>
</Feature>
</Annotation>
<Annotation Id="7" Type="Date" StartNode="1676" EndNode="1690">
<Feature>
  <Name className="java.lang.String">kind</Name>
  <Value className="java.lang.String">date</Value>
</Feature>
</Annotation>
<Annotation Id="8" Type="Date" StartNode="1610" EndNode="1619">
<Feature>
  <Name className="java.lang.String">kind</Name>
  <Value className="java.lang.String">date</Value>
</Feature>
</Annotation>
<Annotation Id="9" Type="Date" StartNode="1199" EndNode="1208">
<Feature>
  <Name className="java.lang.String">kind</Name>
  <Value className="java.lang.String">date</Value>
</Feature>
</Annotation>
<Annotation Id="10" Type="Date" StartNode="612" EndNode="622">
<Feature>
  <Name className="java.lang.String">kind</Name>
  <Value className="java.lang.String">date</Value>
</Feature>
</Annotation>
<Annotation Id="11" Type="Date" StartNode="523" EndNode="532">
<Feature>
  <Name className="java.lang.String">kind</Name>
  <Value className="java.lang.String">date</Value>
</Feature>
</Annotation>
<Annotation Id="12" Type="Date" StartNode="298" EndNode="307">
<Feature>
  <Name className="java.lang.String">kind</Name>
  <Value className="java.lang.String">date</Value>
</Feature>
</Annotation>
<Annotation Id="13" Type="Date" StartNode="150" EndNode="160">
<Feature>
  <Name className="java.lang.String">kind</Name>
  <Value className="java.lang.String">date</Value>
</Feature>
</Annotation>
<Annotation Id="14" Type="Date" StartNode="95" EndNode="104">
<Feature>
  <Name className="java.lang.String">kind</Name>
  <Value className="java.lang.String">date</Value>
</Feature>
</Annotation>
<Annotation Id="15" Type="Money" StartNode="85" EndNode="90">
<Feature>
  <Name className="java.lang.String">kind</Name>
  <Value className="java.lang.String">number</Value>
</Feature>
<Feature>
  <Name className="java.lang.String">rule</Name>
  <Value className="java.lang.String">MoneySymbolUnit</Value>
</Feature>
</Annotation>
<Annotation Id="17" Type="Money" StartNode="1016" EndNode="1021">
<Feature>
  <Name className="java.lang.String">kind</Name>
  <Value className="java.lang.String">number</Value>
</Feature>
<Feature>
  <Name className="java.lang.String">rule</Name>
  <Value className="java.lang.String">MoneySymbolUnit</Value>
</Feature>
</Annotation>
<Annotation Id="16" Type="Money" StartNode="230" EndNode="235">
<Feature>
  <Name className="java.lang.String">kind</Name>
  <Value className="java.lang.String">number</Value>
</Feature>
<Feature>
  <Name className="java.lang.String">rule</Name>
  <Value className="java.lang.String">MoneySymbolUnit</Value>
</Feature>
</Annotation>
<Annotation Id="19" Type="Percent" StartNode="1151" EndNode="1155">
<Feature>
  <Name className="java.lang.String">rule</Name>
  <Value className="java.lang.String">PercentBasic</Value>
</Feature>
</Annotation>
<Annotation Id="18" Type="Money" StartNode="1023" EndNode="1028">
<Feature>
  <Name className="java.lang.String">kind</Name>
  <Value className="java.lang.String">number</Value>
</Feature>
<Feature>
  <Name className="java.lang.String">rule</Name>
  <Value className="java.lang.String">MoneySymbolUnit</Value>
</Feature>
</Annotation>
<Annotation Id="21" Type="Percent" StartNode="1282" EndNode="1288">
<Feature>
  <Name className="java.lang.String">rule</Name>
  <Value className="java.lang.String">PercentBasic</Value>
</Feature>
</Annotation>
<Annotation Id="20" Type="Percent" StartNode="1272" EndNode="1278">
<Feature>
  <Name className="java.lang.String">rule</Name>
  <Value className="java.lang.String">PercentBasic</Value>
</Feature>
</Annotation>
<Annotation Id="23" Type="Organization" StartNode="0" EndNode="4">
<Feature>
  <Name className="java.lang.String">orgType</Name>
  <Value className="java.lang.String">company</Value>
</Feature>
<Feature>
  <Name className="java.lang.String">rule1</Name>
  <Value className="java.lang.String">GazOrganization</Value>
</Feature>
<Feature>
  <Name className="java.lang.String">id</Name>
  <Value className="java.lang.Integer">23</Value>
</Feature>
<Feature>
  <Name className="java.lang.String">rule2</Name>
  <Value className="java.lang.String">OrgFinal</Value>
</Feature>
</Annotation>
<Annotation Id="22" Type="Percent" StartNode="1695" EndNode="1700">
<Feature>
  <Name className="java.lang.String">rule</Name>
  <Value className="java.lang.String">PercentBasic</Value>
</Feature>
</Annotation>
<Annotation Id="25" Type="Location" StartNode="21" EndNode="23">
<Feature>
  <Name className="java.lang.String">locType</Name>
  <Value className="java.lang.String">country</Value>
</Feature>
<Feature>
  <Name className="java.lang.String">rule1</Name>
  <Value className="java.lang.String">GazLocation</Value>
</Feature>
<Feature>
  <Name className="java.lang.String">rule2</Name>
  <Value className="java.lang.String">LocFinal</Value>
</Feature>
</Annotation>
<Annotation Id="24" Type="Location" StartNode="8" EndNode="15">
<Feature>
  <Name className="java.lang.String">locType</Name>
  <Value className="java.lang.String">country</Value>
</Feature>
<Feature>
  <Name className="java.lang.String">rule1</Name>
  <Value className="java.lang.String">GazLocation</Value>
</Feature>
<Feature>
  <Name className="java.lang.String">rule2</Name>
  <Value className="java.lang.String">LocFinal</Value>
</Feature>
</Annotation>
<Annotation Id="27" Type="Location" StartNode="381" EndNode="383">
<Feature>
  <Name className="java.lang.String">locType</Name>
  <Value className="java.lang.String">country</Value>
</Feature>
<Feature>
  <Name className="java.lang.String">rule1</Name>
  <Value className="java.lang.String">GazLocation</Value>
</Feature>
<Feature>
  <Name className="java.lang.String">rule2</Name>
  <Value className="java.lang.String">LocFinal</Value>
</Feature>
</Annotation>
<Annotation Id="26" Type="Date" StartNode="239" EndNode="243">
<Feature>
  <Name className="java.lang.String">rule1</Name>
  <Value className="java.lang.String">TempYear2</Value>
</Feature>
<Feature>
  <Name className="java.lang.String">kind</Name>
  <Value className="java.lang.String">date</Value>
</Feature>
<Feature>
  <Name className="java.lang.String">rule2</Name>
  <Value className="java.lang.String">YearOnlyFinal</Value>
</Feature>
</Annotation>
<Annotation Id="29" Type="Date" StartNode="871" EndNode="878">
<Feature>
  <Name className="java.lang.String">rule1</Name>
  <Value className="java.lang.String">GazDate</Value>
</Feature>
<Feature>
  <Name className="java.lang.String">kind</Name>
  <Value className="java.lang.String">date</Value>
</Feature>
<Feature>
  <Name className="java.lang.String">rule2</Name>
  <Value className="java.lang.String">DateOnlyFinal</Value>
</Feature>
</Annotation>
<Annotation Id="28" Type="Organization" StartNode="856" EndNode="860">
<Feature>
  <Name className="java.lang.String">orgType</Name>
  <Value className="java.lang.String">company</Value>
</Feature>
<Feature>
  <Name className="java.lang.String">rule1</Name>
  <Value className="java.lang.String">GazOrganization</Value>
</Feature>
<Feature>
  <Name className="java.lang.String">id</Name>
  <Value className="java.lang.Integer">28</Value>
</Feature>
<Feature>
  <Name className="java.lang.String">rule2</Name>
  <Value className="java.lang.String">OrgFinal</Value>
</Feature>
</Annotation>
<Annotation Id="31" Type="Location" StartNode="998" EndNode="1004">
<Feature>
  <Name className="java.lang.String">locType</Name>
  <Value className="java.lang.String">region</Value>
</Feature>
<Feature>
  <Name className="java.lang.String">rule1</Name>
  <Value className="java.lang.String">GazLocation</Value>
</Feature>
<Feature>
  <Name className="java.lang.String">rule2</Name>
  <Value className="java.lang.String">LocFinal</Value>
</Feature>
</Annotation>
<Annotation Id="30" Type="Date" StartNode="965" EndNode="969">
<Feature>
  <Name className="java.lang.String">rule1</Name>
  <Value className="java.lang.String">TempYear2</Value>
</Feature>
<Feature>
  <Name className="java.lang.String">kind</Name>
  <Value className="java.lang.String">date</Value>
</Feature>
<Feature>
  <Name className="java.lang.String">rule2</Name>
  <Value className="java.lang.String">YearOnlyFinal</Value>
</Feature>
</Annotation>
<Annotation Id="34" Type="Location" StartNode="1378" EndNode="1380">
<Feature>
  <Name className="java.lang.String">locType</Name>
  <Value className="java.lang.String">country</Value>
</Feature>
<Feature>
  <Name className="java.lang.String">rule1</Name>
  <Value className="java.lang.String">GazLocation</Value>
</Feature>
<Feature>
  <Name className="java.lang.String">rule2</Name>
  <Value className="java.lang.String">LocFinal</Value>
</Feature>
</Annotation>
<Annotation Id="35" Type="Location" StartNode="1434" EndNode="1442">
<Feature>
  <Name className="java.lang.String">locType</Name>
  <Value className="java.lang.String">city</Value>
</Feature>
<Feature>
  <Name className="java.lang.String">rule1</Name>
  <Value className="java.lang.String">GazLocation</Value>
</Feature>
<Feature>
  <Name className="java.lang.String">rule2</Name>
  <Value className="java.lang.String">LocFinal</Value>
</Feature>
</Annotation>
<Annotation Id="32" Type="Location" StartNode="1088" EndNode="1090">
<Feature>
  <Name className="java.lang.String">locType</Name>
  <Value className="java.lang.String">country</Value>
</Feature>
<Feature>
  <Name className="java.lang.String">rule1</Name>
  <Value className="java.lang.String">GazLocation</Value>
</Feature>
<Feature>
  <Name className="java.lang.String">rule2</Name>
  <Value className="java.lang.String">LocFinal</Value>
</Feature>
</Annotation>
<Annotation Id="33" Type="Organization" StartNode="1231" EndNode="1235">
<Feature>
  <Name className="java.lang.String">orgType</Name>
  <Value className="java.lang.String">company</Value>
</Feature>
<Feature>
  <Name className="java.lang.String">rule1</Name>
  <Value className="java.lang.String">GazOrganization</Value>
</Feature>
<Feature>
  <Name className="java.lang.String">id</Name>
  <Value className="java.lang.Integer">33</Value>
</Feature>
<Feature>
  <Name className="java.lang.String">rule2</Name>
  <Value className="java.lang.String">OrgFinal</Value>
</Feature>
</Annotation>
<Annotation Id="38" Type="Location" StartNode="362" EndNode="370">
</Annotation>
<Annotation Id="39" Type="Location" StartNode="443" EndNode="451">
</Annotation>
<Annotation Id="36" Type="Organization" StartNode="1604" EndNode="1607">
<Feature>
  <Name className="java.lang.String">orgType</Name>
  <Value className="java.lang.String">company</Value>
</Feature>
<Feature>
  <Name className="java.lang.String">rule1</Name>
  <Value className="java.lang.String">GazOrganization</Value>
</Feature>
<Feature>
  <Name className="java.lang.String">id</Name>
  <Value className="java.lang.Integer">36</Value>
</Feature>
<Feature>
  <Name className="java.lang.String">rule2</Name>
  <Value className="java.lang.String">OrgFinal</Value>
</Feature>
</Annotation>
<Annotation Id="37" Type="Location" StartNode="1882" EndNode="1888">
<Feature>
  <Name className="java.lang.String">locType</Name>
  <Value className="java.lang.String">province</Value>
</Feature>
<Feature>
  <Name className="java.lang.String">rule1</Name>
  <Value className="java.lang.String">GazLocation</Value>
</Feature>
<Feature>
  <Name className="java.lang.String">rule2</Name>
  <Value className="java.lang.String">LocFinal</Value>
</Feature>
</Annotation>
<Annotation Id="42" Type="Date" StartNode="576" EndNode="580">
<Feature>
  <Name className="java.lang.String">kind</Name>
  <Value className="java.lang.String">date</Value>
</Feature>
</Annotation>
<Annotation Id="43" Type="Date" StartNode="1914" EndNode="1924">
<Feature>
  <Name className="java.lang.String">kind</Name>
  <Value className="java.lang.String">date</Value>
</Feature>
</Annotation>
<Annotation Id="40" Type="Organization" StartNode="1757" EndNode="1762">
<Feature>
  <Name className="java.lang.String">id</Name>
  <Value className="java.lang.Integer">40</Value>
</Feature>
</Annotation>
<Annotation Id="41" Type="Date" StartNode="569" EndNode="572">
<Feature>
  <Name className="java.lang.String">kind</Name>
  <Value className="java.lang.String">date</Value>
</Feature>
</Annotation>
</AnnotationSet>

<!-- Named annotation set -->

<AnnotationSet Name="Original markups">
<Annotation Id="71" Type="p" StartNode="0" EndNode="2165">
</Annotation>
<Annotation Id="76" Type="p" StartNode="741" EndNode="926">
</Annotation>
<Annotation Id="77" Type="TEXT" StartNode="0" EndNode="2165">
</Annotation>
<Annotation Id="46" Type="p" StartNode="1374" EndNode="1608">
</Annotation>
<Annotation Id="72" Type="font" StartNode="0" EndNode="2165">
<Feature>
  <Name className="java.lang.String">face</Name>
  <Value className="java.lang.String">Geneva,Arial,sans-serif</Value>
</Feature>
<Feature>
  <Name className="java.lang.String">size</Name>
  <Value className="java.lang.String">2</Value>
</Feature>
</Annotation>
<Annotation Id="73" Type="p" StartNode="162" EndNode="390">
</Annotation>
<Annotation Id="47" Type="p" StartNode="1610" EndNode="1808">
</Annotation>
<Annotation Id="74" Type="p" StartNode="392" EndNode="544">
</Annotation>
<Annotation Id="44" Type="p" StartNode="928" EndNode="1190">
</Annotation>
<Annotation Id="75" Type="p" StartNode="546" EndNode="739">
</Annotation>
<Annotation Id="45" Type="p" StartNode="1192" EndNode="1372">
</Annotation>
<Annotation Id="49" Type="p" StartNode="2047" EndNode="2165">
</Annotation>
<Annotation Id="48" Type="p" StartNode="1810" EndNode="2045">
</Annotation>
<Annotation Id="53" Type="html" StartNode="0" EndNode="2165">
</Annotation>
<Annotation Id="59" Type="font" StartNode="0" EndNode="2165">
<Feature>
  <Name className="java.lang.String">face</Name>
  <Value className="java.lang.String">Arial,Helvetica,sans-serif</Value>
</Feature>
<Feature>
  <Name className="java.lang.String">size</Name>
  <Value className="java.lang.String">3</Value>
</Feature>
</Annotation>
<Annotation Id="56" Type="body" StartNode="0" EndNode="2165">
<Feature>
  <Name className="java.lang.String">bgcolor</Name>
  <Value className="java.lang.String">#FFFFFF</Value>
</Feature>
</Annotation>
</AnnotationSet>

</GateDocument>
