<?xml version='1.0' encoding='UTF-8'?>
<GateDocument>
<!-- The document's features-->

<GateDocumentFeatures>
<Feature>
  <Name className="java.lang.String">gate.SourceURL</Name>
  <Value className="java.lang.String">file:/Z:/Corpus/gu-gap-10-aug-2001.html</Value>
</Feature>
<Feature>
  <Name className="java.lang.String">gate.NAME</Name>
  <Value className="java.lang.String">doc4</Value>
</Feature>
<Feature>
  <Name className="java.lang.String">entitySet</Name>
  <Value className="java.lang.String">==== FILE: /Z:/Corpus/gu-gap-10-aug-2001.html
</Value>
</Feature>
<Feature>
  <Name className="java.lang.String">MimeType</Name>
  <Value className="java.lang.String">text/html</Value>
</Feature>
</GateDocumentFeatures>
<!-- The document content area with serialized nodes -->

<TextWithNodes><Node id="0" />The <Node id="4" />US<Node id="6" />'s leading fashion chain, The <Node id="36" />Gap<Node id="39" />, plans to axe nearly 800 jobs in addition to the 1,300 head office posts it eliminated <Node id="127" />last month<Node id="137" />. Some of the new losses will be in <Node id="173" />London<Node id="179" />
<Node id="180" />The latest cuts were announced as <Node id="214" />Gap<Node id="217" /> revealed a greater than expected <Node id="251" />12%<Node id="254" /> decline in sales in <Node id="275" />July<Node id="279" /> compared with <Node id="294" />last year<Node id="303" />. Analysts had expected a decline of <Node id="340" />4%<Node id="342" /> to <Node id="346" />9%<Node id="348" />.<Node id="349" />

<Node id="351" />The redundancy programme and a recruitment freeze aim to boost profits at a company which in the <Node id="448" />past 12 months<Node id="462" /> issued six profits warnings.<Node id="491" />

<Node id="493" />It has made management changes and cut expansion plans. It said <Node id="557" />yesterday<Node id="566" /> <Node id="567" />second-quarter<Node id="581" /> earnings would meet forecasts when it reports on <Node id="631" />August 16<Node id="640" />.<Node id="641" />

<Node id="643" />Gap<Node id="646" />, which includes the <Node id="667" />Banana Republic<Node id="682" /> and <Node id="687" />Old Navy<Node id="695" /> brands, said it would take a <Node id="725" />second-quarter<Node id="739" /> charge of up to <Node id="756" />30m US dollars<Node id="770" /> to cover the cuts, which are expected to generate annual savings of <Node id="839" />65m-75m US dollars<Node id="857" />, with <Node id="864" />30m US dollars<Node id="878" /> coming in <Node id="889" />late 2001<Node id="898" />.<Node id="899" />

<Node id="901" />The company will cut up to 425 jobs at two distribution centres, one in <Node id="973" />California<Node id="983" /> and one in <Node id="995" />London<Node id="1001" />, which are to close. <Node id="1023" />Gap<Node id="1026" /> is relocating its <Node id="1045" />London<Node id="1051" /> offices to <Node id="1063" />Rugby<Node id="1068" />. The move will affect 125 staff, but they will be offered new jobs.<Node id="1136" />

<Node id="1138" /> Sportswear firm <Node id="1156" />Nike<Node id="1160" /> halved the bonus of chairman <Node id="1190" />Philip Knight<Node id="1203" /> to <Node id="1207" />663,000 US dollars<Node id="1225" /> for the <Node id="1234" />fiscal year<Node id="1245" /> after its share price slipped and it lost market share, a <Node id="1304" />US<Node id="1306" /> securities and exchange commission reveals. Other top executives' bonuses were also cut.<Node id="1395" /></TextWithNodes>
<!-- The default annotation set -->

<AnnotationSet>
</AnnotationSet>

<!-- Named annotation set -->

<AnnotationSet Name="Key">
<Annotation Id="0" Type="Location" StartNode="1063" EndNode="1068">
</Annotation>
<Annotation Id="1" Type="Date" StartNode="889" EndNode="898">
<Feature>
  <Name className="java.lang.String">kind</Name>
  <Value className="java.lang.String">date</Value>
</Feature>
</Annotation>
<Annotation Id="2" Type="Date" StartNode="725" EndNode="739">
<Feature>
  <Name className="java.lang.String">kind</Name>
  <Value className="java.lang.String">date</Value>
</Feature>
</Annotation>
<Annotation Id="3" Type="Date" StartNode="567" EndNode="581">
<Feature>
  <Name className="java.lang.String">kind</Name>
  <Value className="java.lang.String">date</Value>
</Feature>
</Annotation>
<Annotation Id="4" Type="Date" StartNode="557" EndNode="566">
<Feature>
  <Name className="java.lang.String">kind</Name>
  <Value className="java.lang.String">date</Value>
</Feature>
</Annotation>
<Annotation Id="5" Type="Date" StartNode="448" EndNode="462">
<Feature>
  <Name className="java.lang.String">kind</Name>
  <Value className="java.lang.String">date</Value>
</Feature>
</Annotation>
<Annotation Id="6" Type="Date" StartNode="294" EndNode="303">
<Feature>
  <Name className="java.lang.String">kind</Name>
  <Value className="java.lang.String">date</Value>
</Feature>
</Annotation>
<Annotation Id="7" Type="Percent" StartNode="251" EndNode="254">
<Feature>
  <Name className="java.lang.String">rule</Name>
  <Value className="java.lang.String">PercentBasic</Value>
</Feature>
</Annotation>
<Annotation Id="8" Type="Percent" StartNode="340" EndNode="342">
<Feature>
  <Name className="java.lang.String">rule</Name>
  <Value className="java.lang.String">PercentBasic</Value>
</Feature>
</Annotation>
<Annotation Id="9" Type="Percent" StartNode="346" EndNode="348">
<Feature>
  <Name className="java.lang.String">rule</Name>
  <Value className="java.lang.String">PercentBasic</Value>
</Feature>
</Annotation>
<Annotation Id="10" Type="Money" StartNode="756" EndNode="770">
<Feature>
  <Name className="java.lang.String">kind</Name>
  <Value className="java.lang.String">number</Value>
</Feature>
<Feature>
  <Name className="java.lang.String">rule</Name>
  <Value className="java.lang.String">MoneyCurrencyUnit</Value>
</Feature>
</Annotation>
<Annotation Id="11" Type="Money" StartNode="864" EndNode="878">
<Feature>
  <Name className="java.lang.String">kind</Name>
  <Value className="java.lang.String">number</Value>
</Feature>
<Feature>
  <Name className="java.lang.String">rule</Name>
  <Value className="java.lang.String">MoneyCurrencyUnit</Value>
</Feature>
</Annotation>
<Annotation Id="12" Type="Money" StartNode="1207" EndNode="1225">
<Feature>
  <Name className="java.lang.String">kind</Name>
  <Value className="java.lang.String">number</Value>
</Feature>
<Feature>
  <Name className="java.lang.String">rule</Name>
  <Value className="java.lang.String">MoneyCurrencyUnit</Value>
</Feature>
</Annotation>
<Annotation Id="13" Type="Location" StartNode="4" EndNode="6">
<Feature>
  <Name className="java.lang.String">locType</Name>
  <Value className="java.lang.String">country</Value>
</Feature>
<Feature>
  <Name className="java.lang.String">rule1</Name>
  <Value className="java.lang.String">GazLocation</Value>
</Feature>
<Feature>
  <Name className="java.lang.String">rule2</Name>
  <Value className="java.lang.String">LocFinal</Value>
</Feature>
</Annotation>
<Annotation Id="14" Type="Location" StartNode="173" EndNode="179">
<Feature>
  <Name className="java.lang.String">locType</Name>
  <Value className="java.lang.String">city</Value>
</Feature>
<Feature>
  <Name className="java.lang.String">rule1</Name>
  <Value className="java.lang.String">GazLocation</Value>
</Feature>
<Feature>
  <Name className="java.lang.String">rule2</Name>
  <Value className="java.lang.String">LocFinal</Value>
</Feature>
</Annotation>
<Annotation Id="15" Type="Date" StartNode="275" EndNode="279">
<Feature>
  <Name className="java.lang.String">rule1</Name>
  <Value className="java.lang.String">GazDate</Value>
</Feature>
<Feature>
  <Name className="java.lang.String">kind</Name>
  <Value className="java.lang.String">date</Value>
</Feature>
<Feature>
  <Name className="java.lang.String">rule2</Name>
  <Value className="java.lang.String">DateOnlyFinal</Value>
</Feature>
</Annotation>
<Annotation Id="17" Type="Location" StartNode="973" EndNode="983">
<Feature>
  <Name className="java.lang.String">locType</Name>
  <Value className="java.lang.String">province</Value>
</Feature>
<Feature>
  <Name className="java.lang.String">rule1</Name>
  <Value className="java.lang.String">GazLocation</Value>
</Feature>
<Feature>
  <Name className="java.lang.String">rule2</Name>
  <Value className="java.lang.String">LocFinal</Value>
</Feature>
</Annotation>
<Annotation Id="16" Type="Date" StartNode="631" EndNode="640">
<Feature>
  <Name className="java.lang.String">rule1</Name>
  <Value className="java.lang.String">DateName</Value>
</Feature>
<Feature>
  <Name className="java.lang.String">kind</Name>
  <Value className="java.lang.String">date</Value>
</Feature>
<Feature>
  <Name className="java.lang.String">rule2</Name>
  <Value className="java.lang.String">DateOnlyFinal</Value>
</Feature>
</Annotation>
<Annotation Id="19" Type="Location" StartNode="1045" EndNode="1051">
<Feature>
  <Name className="java.lang.String">locType</Name>
  <Value className="java.lang.String">city</Value>
</Feature>
<Feature>
  <Name className="java.lang.String">rule1</Name>
  <Value className="java.lang.String">GazLocation</Value>
</Feature>
<Feature>
  <Name className="java.lang.String">rule2</Name>
  <Value className="java.lang.String">LocFinal</Value>
</Feature>
</Annotation>
<Annotation Id="18" Type="Location" StartNode="995" EndNode="1001">
<Feature>
  <Name className="java.lang.String">locType</Name>
  <Value className="java.lang.String">city</Value>
</Feature>
<Feature>
  <Name className="java.lang.String">rule1</Name>
  <Value className="java.lang.String">GazLocation</Value>
</Feature>
<Feature>
  <Name className="java.lang.String">rule2</Name>
  <Value className="java.lang.String">LocFinal</Value>
</Feature>
</Annotation>
<Annotation Id="21" Type="Location" StartNode="1304" EndNode="1306">
<Feature>
  <Name className="java.lang.String">locType</Name>
  <Value className="java.lang.String">country</Value>
</Feature>
<Feature>
  <Name className="java.lang.String">rule1</Name>
  <Value className="java.lang.String">GazLocation</Value>
</Feature>
<Feature>
  <Name className="java.lang.String">rule2</Name>
  <Value className="java.lang.String">LocFinal</Value>
</Feature>
</Annotation>
<Annotation Id="20" Type="Person" StartNode="1190" EndNode="1203">
<Feature>
  <Name className="java.lang.String">rule1</Name>
  <Value className="java.lang.String">PersonJobTitle</Value>
</Feature>
<Feature>
  <Name className="java.lang.String">id</Name>
  <Value className="java.lang.Integer">20</Value>
</Feature>
<Feature>
  <Name className="java.lang.String">gender</Name>
  <Value className="java.lang.String">null</Value>
</Feature>
<Feature>
  <Name className="java.lang.String">rule</Name>
  <Value className="java.lang.String">PersonFinal</Value>
</Feature>
</Annotation>
<Annotation Id="23" Type="Organization" StartNode="643" EndNode="646">
<Feature>
  <Name className="java.lang.String">id</Name>
  <Value className="java.lang.Integer">23</Value>
</Feature>
</Annotation>
<Annotation Id="22" Type="Organization" StartNode="214" EndNode="217">
<Feature>
  <Name className="java.lang.String">id</Name>
  <Value className="java.lang.Integer">22</Value>
</Feature>
</Annotation>
<Annotation Id="25" Type="Organization" StartNode="687" EndNode="695">
<Feature>
  <Name className="java.lang.String">id</Name>
  <Value className="java.lang.Integer">25</Value>
</Feature>
</Annotation>
<Annotation Id="24" Type="Organization" StartNode="667" EndNode="682">
<Feature>
  <Name className="java.lang.String">id</Name>
  <Value className="java.lang.Integer">24</Value>
</Feature>
</Annotation>
<Annotation Id="27" Type="Organization" StartNode="1023" EndNode="1026">
<Feature>
  <Name className="java.lang.String">id</Name>
  <Value className="java.lang.Integer">27</Value>
</Feature>
</Annotation>
<Annotation Id="26" Type="Money" StartNode="839" EndNode="857">
</Annotation>
<Annotation Id="29" Type="Date" StartNode="127" EndNode="137">
<Feature>
  <Name className="java.lang.String">kind</Name>
  <Value className="java.lang.String">date</Value>
</Feature>
</Annotation>
<Annotation Id="28" Type="Organization" StartNode="1156" EndNode="1160">
<Feature>
  <Name className="java.lang.String">id</Name>
  <Value className="java.lang.Integer">28</Value>
</Feature>
</Annotation>
<Annotation Id="31" Type="Organization" StartNode="36" EndNode="39">
<Feature>
  <Name className="java.lang.String">id</Name>
  <Value className="java.lang.Integer">31</Value>
</Feature>
</Annotation>
<Annotation Id="30" Type="Date" StartNode="1234" EndNode="1245">
<Feature>
  <Name className="java.lang.String">kind</Name>
  <Value className="java.lang.String">date</Value>
</Feature>
</Annotation>
<Annotation Id="2920" Type="RelationClass" StartNode="1156" EndNode="1203">
<Feature>
  <Name className="java.lang.String">rel-type</Name>
  <Value className="java.lang.String">employed-by</Value>
</Feature>
<Feature>
  <Name className="java.lang.String">pers-id</Name>
  <Value className="java.lang.String">20</Value>
</Feature>
<Feature>
  <Name className="java.lang.String">org-id</Name>
  <Value className="java.lang.String">28</Value>
</Feature>
</Annotation>
</AnnotationSet>

<!-- Named annotation set -->

<AnnotationSet Name="Original markups">
<Annotation Id="34" Type="html" StartNode="0" EndNode="1395">
</Annotation>
<Annotation Id="38" Type="p" StartNode="1138" EndNode="1395">
</Annotation>
<Annotation Id="55" Type="font" StartNode="0" EndNode="1395">
<Feature>
  <Name className="java.lang.String">face</Name>
  <Value className="java.lang.String">Arial,Helvetica,sans-serif</Value>
</Feature>
<Feature>
  <Name className="java.lang.String">size</Name>
  <Value className="java.lang.String">3</Value>
</Feature>
</Annotation>
<Annotation Id="39" Type="p" StartNode="901" EndNode="1136">
</Annotation>
<Annotation Id="42" Type="p" StartNode="351" EndNode="491">
</Annotation>
<Annotation Id="59" Type="TEXT" StartNode="0" EndNode="1395">
</Annotation>
<Annotation Id="58" Type="body" StartNode="0" EndNode="1395">
<Feature>
  <Name className="java.lang.String">bgcolor</Name>
  <Value className="java.lang.String">#FFFFFF</Value>
</Feature>
</Annotation>
<Annotation Id="43" Type="p" StartNode="180" EndNode="349">
</Annotation>
<Annotation Id="40" Type="p" StartNode="643" EndNode="899">
</Annotation>
<Annotation Id="41" Type="p" StartNode="493" EndNode="641">
</Annotation>
<Annotation Id="44" Type="font" StartNode="0" EndNode="1395">
<Feature>
  <Name className="java.lang.String">face</Name>
  <Value className="java.lang.String">Geneva,Arial,sans-serif</Value>
</Feature>
<Feature>
  <Name className="java.lang.String">size</Name>
  <Value className="java.lang.String">2</Value>
</Feature>
</Annotation>
<Annotation Id="45" Type="p" StartNode="0" EndNode="1395">
</Annotation>
</AnnotationSet>

</GateDocument>
