<?xml version='1.0' encoding='UTF-8'?>
<GateDocument>
<!-- The document's features-->

<GateDocumentFeatures>
<Feature>
  <Name className="java.lang.String">gate.SourceURL</Name>
  <Value className="java.lang.String">file:/Z:/Corpus/gu-tax-threat-08-aug-2001.html</Value>
</Feature>
<Feature>
  <Name className="java.lang.String">gate.NAME</Name>
  <Value className="java.lang.String">doc8</Value>
</Feature>
<Feature>
  <Name className="java.lang.String">entitySet</Name>
  <Value className="java.lang.String">==== FILE: /Z:/Corpus/gu-tax-threat-08-aug-2001.html
</Value>
</Feature>
<Feature>
  <Name className="java.lang.String">MimeType</Name>
  <Value className="java.lang.String">text/html</Value>
</Feature>
</GateDocumentFeatures>
<!-- The document content area with serialized nodes -->

<TextWithNodes><Node id="0" />City<Node id="4" /> experts today accused the treasury of playing politics after it again raised the prospect of a windfall tax on oil company profits.
<Node id="137" />Analysts said the move was unfair and would possibly lead to job cuts in the <Node id="214" />North Sea<Node id="223" />. The <Node id="229" />Liberal Democrat<Node id="245" /> trade and industry spokesman, <Node id="276" />Vincent Cable<Node id="289" />, joined the attack on the government.<Node id="327" />

<Node id="329" />"It is irresponsible of the chancellor of the exchequer to dabble with populism in this way. It has long been recognised that the retail business in the <Node id="482" />UK<Node id="484" /> is not a particularly profitable area for the oil industry," he said.<Node id="554" />

<Node id="556" />"The concerns of motorists centre on tax rather than oil industry margins. The real criticism of the oil companies is that they have been holding down prices too much in order to drive out independent retailers."<Node id="768" />

<Node id="770" />Investors in <Node id="783" />BP<Node id="785" /> and <Node id="790" />Shell<Node id="795" /> <Node id="796" />today<Node id="801" /> shrugged off the threat of a windfall tax, despite treasury threats that the measure could be introduced if British oil companies fail to pass on <Node id="948" />this year<Node id="957" />'s tax cuts on fuel to motorists.<Node id="990" />

<Node id="992" />BP<Node id="994" /> and <Node id="999" />Shell<Node id="1004" /> shares opened higher in <Node id="1029" />London<Node id="1035" /> after <Node id="1042" />BP<Node id="1044" /> told investors <Node id="1060" />yesterday<Node id="1069" /> that output targets were on track despite a <Node id="1114" />7%<Node id="1116" /> fall in adjusted net profit between the <Node id="1157" />first and second quarters<Node id="1182" />. <Node id="1184" />BP<Node id="1186" />, the world's third largest oil company, <Node id="1227" />yesterday<Node id="1236" /> announced a net profit of <Node id="1263" />£2.7bn<Node id="1269" /> in the <Node id="1277" />second quarter<Node id="1291" />.<Node id="1292" />

<Node id="1294" />BP<Node id="1296" />'s optimistic outlook on its growth prospects outweighed fears of a windfall, an idea that crops up periodically when oil profits soar.<Node id="1431" />

<Node id="1433" />Analysts point out that <Node id="1457" />BP<Node id="1459" /> lost money in its <Node id="1478" />UK<Node id="1480" /> refining and marketing operations, so there was little for the government to tax, while any move to impose a windfall tax could encourage firms to shift their operations abroad.<Node id="1658" />

<Node id="1660" />"It's obviously for petrol companies to set their own fuel prices but the chancellor would hope that those duty cuts would be passed onto the consumer," a treasury official said.<Node id="1838" />

<Node id="1840" />"Obviously if those cuts have not been passed onto the consumer and people complain, the treasury will consider action such as a windfall tax."<Node id="1983" />

<Node id="1985" />The official stressed that any windfall tax would not be "just on the back of <Node id="2063" />BP<Node id="2065" /> making a profit but in the light of the budget fuel duty cuts and petrol prices". Oil companies such as <Node id="2170" />Shell<Node id="2175" /> and <Node id="2180" />BP<Node id="2182" /> in the <Node id="2190" />past week<Node id="2199" /> again reported near record profits for the <Node id="2243" />second quarter of 2001<Node id="2265" />.<Node id="2266" />

<Node id="2268" />Oil companies say much of the cost of fuel in <Node id="2314" />Britain<Node id="2321" />, the highest in <Node id="2338" />Europe<Node id="2344" />, is due to taxes and duties. <Node id="2374" />Last September<Node id="2388" /> a fuel blockade by truckers virtually paralysed the country when protesters picketed refineries.<Node id="2485" /></TextWithNodes>
<!-- The default annotation set -->

<AnnotationSet>
</AnnotationSet>

<!-- Named annotation set -->

<AnnotationSet Name="Key">
<Annotation Id="0" Type="Organization" StartNode="229" EndNode="245">
<Feature>
  <Name className="java.lang.String">id</Name>
  <Value className="java.lang.Integer">0</Value>
</Feature>
</Annotation>
<Annotation Id="1" Type="Location" StartNode="0" EndNode="4">
</Annotation>
<Annotation Id="2" Type="Location" StartNode="214" EndNode="223">
</Annotation>
<Annotation Id="3" Type="Location" StartNode="2338" EndNode="2344">
<Feature>
  <Name className="java.lang.String">locType</Name>
  <Value className="java.lang.String">region</Value>
</Feature>
<Feature>
  <Name className="java.lang.String">rule1</Name>
  <Value className="java.lang.String">GazLocation</Value>
</Feature>
<Feature>
  <Name className="java.lang.String">rule2</Name>
  <Value className="java.lang.String">LocFinal</Value>
</Feature>
</Annotation>
<Annotation Id="4" Type="Location" StartNode="2314" EndNode="2321">
<Feature>
  <Name className="java.lang.String">locType</Name>
  <Value className="java.lang.String">country</Value>
</Feature>
<Feature>
  <Name className="java.lang.String">rule1</Name>
  <Value className="java.lang.String">GazLocation</Value>
</Feature>
<Feature>
  <Name className="java.lang.String">rule2</Name>
  <Value className="java.lang.String">LocFinal</Value>
</Feature>
</Annotation>
<Annotation Id="5" Type="Organization" StartNode="2180" EndNode="2182">
<Feature>
  <Name className="java.lang.String">orgType</Name>
  <Value className="java.lang.String">company</Value>
</Feature>
<Feature>
  <Name className="java.lang.String">rule1</Name>
  <Value className="java.lang.String">GazOrganization</Value>
</Feature>
<Feature>
  <Name className="java.lang.String">id</Name>
  <Value className="java.lang.Integer">5</Value>
</Feature>
<Feature>
  <Name className="java.lang.String">rule2</Name>
  <Value className="java.lang.String">OrgFinal</Value>
</Feature>
</Annotation>
<Annotation Id="6" Type="Organization" StartNode="2170" EndNode="2175">
<Feature>
  <Name className="java.lang.String">orgType</Name>
  <Value className="java.lang.String">company</Value>
</Feature>
<Feature>
  <Name className="java.lang.String">rule1</Name>
  <Value className="java.lang.String">GazOrganization</Value>
</Feature>
<Feature>
  <Name className="java.lang.String">id</Name>
  <Value className="java.lang.Integer">6</Value>
</Feature>
<Feature>
  <Name className="java.lang.String">rule2</Name>
  <Value className="java.lang.String">OrgFinal</Value>
</Feature>
</Annotation>
<Annotation Id="7" Type="Organization" StartNode="2063" EndNode="2065">
<Feature>
  <Name className="java.lang.String">orgType</Name>
  <Value className="java.lang.String">company</Value>
</Feature>
<Feature>
  <Name className="java.lang.String">rule1</Name>
  <Value className="java.lang.String">GazOrganization</Value>
</Feature>
<Feature>
  <Name className="java.lang.String">id</Name>
  <Value className="java.lang.Integer">7</Value>
</Feature>
<Feature>
  <Name className="java.lang.String">rule2</Name>
  <Value className="java.lang.String">OrgFinal</Value>
</Feature>
</Annotation>
<Annotation Id="8" Type="Location" StartNode="1478" EndNode="1480">
<Feature>
  <Name className="java.lang.String">locType</Name>
  <Value className="java.lang.String">country</Value>
</Feature>
<Feature>
  <Name className="java.lang.String">rule1</Name>
  <Value className="java.lang.String">GazLocation</Value>
</Feature>
<Feature>
  <Name className="java.lang.String">rule2</Name>
  <Value className="java.lang.String">LocFinal</Value>
</Feature>
</Annotation>
<Annotation Id="9" Type="Organization" StartNode="1457" EndNode="1459">
<Feature>
  <Name className="java.lang.String">orgType</Name>
  <Value className="java.lang.String">company</Value>
</Feature>
<Feature>
  <Name className="java.lang.String">rule1</Name>
  <Value className="java.lang.String">GazOrganization</Value>
</Feature>
<Feature>
  <Name className="java.lang.String">id</Name>
  <Value className="java.lang.Integer">9</Value>
</Feature>
<Feature>
  <Name className="java.lang.String">rule2</Name>
  <Value className="java.lang.String">OrgFinal</Value>
</Feature>
</Annotation>
<Annotation Id="10" Type="Organization" StartNode="1294" EndNode="1296">
<Feature>
  <Name className="java.lang.String">orgType</Name>
  <Value className="java.lang.String">company</Value>
</Feature>
<Feature>
  <Name className="java.lang.String">rule1</Name>
  <Value className="java.lang.String">GazOrganization</Value>
</Feature>
<Feature>
  <Name className="java.lang.String">id</Name>
  <Value className="java.lang.Integer">10</Value>
</Feature>
<Feature>
  <Name className="java.lang.String">rule2</Name>
  <Value className="java.lang.String">OrgFinal</Value>
</Feature>
</Annotation>
<Annotation Id="11" Type="Organization" StartNode="1184" EndNode="1186">
<Feature>
  <Name className="java.lang.String">orgType</Name>
  <Value className="java.lang.String">company</Value>
</Feature>
<Feature>
  <Name className="java.lang.String">rule1</Name>
  <Value className="java.lang.String">GazOrganization</Value>
</Feature>
<Feature>
  <Name className="java.lang.String">id</Name>
  <Value className="java.lang.Integer">11</Value>
</Feature>
<Feature>
  <Name className="java.lang.String">rule2</Name>
  <Value className="java.lang.String">OrgFinal</Value>
</Feature>
</Annotation>
<Annotation Id="12" Type="Organization" StartNode="1042" EndNode="1044">
<Feature>
  <Name className="java.lang.String">orgType</Name>
  <Value className="java.lang.String">company</Value>
</Feature>
<Feature>
  <Name className="java.lang.String">rule1</Name>
  <Value className="java.lang.String">GazOrganization</Value>
</Feature>
<Feature>
  <Name className="java.lang.String">id</Name>
  <Value className="java.lang.Integer">12</Value>
</Feature>
<Feature>
  <Name className="java.lang.String">rule2</Name>
  <Value className="java.lang.String">OrgFinal</Value>
</Feature>
</Annotation>
<Annotation Id="13" Type="Location" StartNode="1029" EndNode="1035">
<Feature>
  <Name className="java.lang.String">locType</Name>
  <Value className="java.lang.String">city</Value>
</Feature>
<Feature>
  <Name className="java.lang.String">rule1</Name>
  <Value className="java.lang.String">GazLocation</Value>
</Feature>
<Feature>
  <Name className="java.lang.String">rule2</Name>
  <Value className="java.lang.String">LocFinal</Value>
</Feature>
</Annotation>
<Annotation Id="14" Type="Organization" StartNode="999" EndNode="1004">
<Feature>
  <Name className="java.lang.String">orgType</Name>
  <Value className="java.lang.String">company</Value>
</Feature>
<Feature>
  <Name className="java.lang.String">rule1</Name>
  <Value className="java.lang.String">GazOrganization</Value>
</Feature>
<Feature>
  <Name className="java.lang.String">id</Name>
  <Value className="java.lang.Integer">14</Value>
</Feature>
<Feature>
  <Name className="java.lang.String">rule2</Name>
  <Value className="java.lang.String">OrgFinal</Value>
</Feature>
</Annotation>
<Annotation Id="15" Type="Organization" StartNode="992" EndNode="994">
<Feature>
  <Name className="java.lang.String">orgType</Name>
  <Value className="java.lang.String">company</Value>
</Feature>
<Feature>
  <Name className="java.lang.String">rule1</Name>
  <Value className="java.lang.String">GazOrganization</Value>
</Feature>
<Feature>
  <Name className="java.lang.String">id</Name>
  <Value className="java.lang.Integer">15</Value>
</Feature>
<Feature>
  <Name className="java.lang.String">rule2</Name>
  <Value className="java.lang.String">OrgFinal</Value>
</Feature>
</Annotation>
<Annotation Id="17" Type="Organization" StartNode="783" EndNode="785">
<Feature>
  <Name className="java.lang.String">orgType</Name>
  <Value className="java.lang.String">company</Value>
</Feature>
<Feature>
  <Name className="java.lang.String">rule1</Name>
  <Value className="java.lang.String">GazOrganization</Value>
</Feature>
<Feature>
  <Name className="java.lang.String">id</Name>
  <Value className="java.lang.Integer">17</Value>
</Feature>
<Feature>
  <Name className="java.lang.String">rule2</Name>
  <Value className="java.lang.String">OrgFinal</Value>
</Feature>
</Annotation>
<Annotation Id="16" Type="Organization" StartNode="790" EndNode="795">
<Feature>
  <Name className="java.lang.String">orgType</Name>
  <Value className="java.lang.String">company</Value>
</Feature>
<Feature>
  <Name className="java.lang.String">rule1</Name>
  <Value className="java.lang.String">GazOrganization</Value>
</Feature>
<Feature>
  <Name className="java.lang.String">id</Name>
  <Value className="java.lang.Integer">16</Value>
</Feature>
<Feature>
  <Name className="java.lang.String">rule2</Name>
  <Value className="java.lang.String">OrgFinal</Value>
</Feature>
</Annotation>
<Annotation Id="19" Type="Person" StartNode="276" EndNode="289">
<Feature>
  <Name className="java.lang.String">rule1</Name>
  <Value className="java.lang.String">PersonFull</Value>
</Feature>
<Feature>
  <Name className="java.lang.String">id</Name>
  <Value className="java.lang.Integer">19</Value>
</Feature>
<Feature>
  <Name className="java.lang.String">gender</Name>
  <Value className="java.lang.String">male</Value>
</Feature>
<Feature>
  <Name className="java.lang.String">rule</Name>
  <Value className="java.lang.String">PersonFinal</Value>
</Feature>
</Annotation>
<Annotation Id="18" Type="Location" StartNode="482" EndNode="484">
<Feature>
  <Name className="java.lang.String">locType</Name>
  <Value className="java.lang.String">country</Value>
</Feature>
<Feature>
  <Name className="java.lang.String">rule1</Name>
  <Value className="java.lang.String">GazLocation</Value>
</Feature>
<Feature>
  <Name className="java.lang.String">rule2</Name>
  <Value className="java.lang.String">LocFinal</Value>
</Feature>
</Annotation>
<Annotation Id="21" Type="Percent" StartNode="1114" EndNode="1116">
<Feature>
  <Name className="java.lang.String">rule</Name>
  <Value className="java.lang.String">PercentBasic</Value>
</Feature>
</Annotation>
<Annotation Id="20" Type="Money" StartNode="1263" EndNode="1269">
<Feature>
  <Name className="java.lang.String">kind</Name>
  <Value className="java.lang.String">number</Value>
</Feature>
<Feature>
  <Name className="java.lang.String">rule</Name>
  <Value className="java.lang.String">MoneySymbolUnit</Value>
</Feature>
</Annotation>
<Annotation Id="23" Type="Date" StartNode="948" EndNode="957">
<Feature>
  <Name className="java.lang.String">kind</Name>
  <Value className="java.lang.String">date</Value>
</Feature>
</Annotation>
<Annotation Id="22" Type="Date" StartNode="796" EndNode="801">
<Feature>
  <Name className="java.lang.String">kind</Name>
  <Value className="java.lang.String">date</Value>
</Feature>
</Annotation>
<Annotation Id="25" Type="Date" StartNode="1157" EndNode="1182">
<Feature>
  <Name className="java.lang.String">kind</Name>
  <Value className="java.lang.String">date</Value>
</Feature>
</Annotation>
<Annotation Id="24" Type="Date" StartNode="1060" EndNode="1069">
<Feature>
  <Name className="java.lang.String">kind</Name>
  <Value className="java.lang.String">date</Value>
</Feature>
</Annotation>
<Annotation Id="27" Type="Date" StartNode="1277" EndNode="1291">
<Feature>
  <Name className="java.lang.String">kind</Name>
  <Value className="java.lang.String">date</Value>
</Feature>
</Annotation>
<Annotation Id="26" Type="Date" StartNode="1227" EndNode="1236">
<Feature>
  <Name className="java.lang.String">kind</Name>
  <Value className="java.lang.String">date</Value>
</Feature>
</Annotation>
<Annotation Id="29" Type="Date" StartNode="2243" EndNode="2265">
<Feature>
  <Name className="java.lang.String">kind</Name>
  <Value className="java.lang.String">date</Value>
</Feature>
</Annotation>
<Annotation Id="28" Type="Date" StartNode="2190" EndNode="2199">
<Feature>
  <Name className="java.lang.String">kind</Name>
  <Value className="java.lang.String">date</Value>
</Feature>
</Annotation>
<Annotation Id="30" Type="Date" StartNode="2374" EndNode="2388">
<Feature>
  <Name className="java.lang.String">kind</Name>
  <Value className="java.lang.String">date</Value>
</Feature>
</Annotation>
<Annotation Id="5014" Type="RelationClass" StartNode="229" EndNode="289">
<Feature>
  <Name className="java.lang.String">rel-type</Name>
  <Value className="java.lang.String">employed-by</Value>
</Feature>
<Feature>
  <Name className="java.lang.String">pers-id</Name>
  <Value className="java.lang.String">19</Value>
</Feature>
<Feature>
  <Name className="java.lang.String">org-id</Name>
  <Value className="java.lang.String">0</Value>
</Feature>
</Annotation>
</AnnotationSet>

<!-- Named annotation set -->

<AnnotationSet Name="Original markups">
<Annotation Id="34" Type="body" StartNode="0" EndNode="2485">
<Feature>
  <Name className="java.lang.String">bgcolor</Name>
  <Value className="java.lang.String">#FFFFFF</Value>
</Feature>
</Annotation>
<Annotation Id="37" Type="font" StartNode="0" EndNode="2485">
<Feature>
  <Name className="java.lang.String">face</Name>
  <Value className="java.lang.String">Arial,Helvetica,sans-serif</Value>
</Feature>
<Feature>
  <Name className="java.lang.String">size</Name>
  <Value className="java.lang.String">3</Value>
</Feature>
</Annotation>
<Annotation Id="85" Type="TEXT" StartNode="0" EndNode="2485">
</Annotation>
<Annotation Id="51" Type="font" StartNode="0" EndNode="2485">
<Feature>
  <Name className="java.lang.String">face</Name>
  <Value className="java.lang.String">Geneva,Arial,sans-serif</Value>
</Feature>
<Feature>
  <Name className="java.lang.String">size</Name>
  <Value className="java.lang.String">2</Value>
</Feature>
</Annotation>
<Annotation Id="50" Type="p" StartNode="0" EndNode="2485">
</Annotation>
<Annotation Id="55" Type="p" StartNode="770" EndNode="990">
</Annotation>
<Annotation Id="54" Type="p" StartNode="556" EndNode="768">
</Annotation>
<Annotation Id="53" Type="p" StartNode="329" EndNode="554">
</Annotation>
<Annotation Id="52" Type="p" StartNode="137" EndNode="327">
</Annotation>
<Annotation Id="59" Type="p" StartNode="1660" EndNode="1838">
</Annotation>
<Annotation Id="58" Type="p" StartNode="1433" EndNode="1658">
</Annotation>
<Annotation Id="57" Type="p" StartNode="1294" EndNode="1431">
</Annotation>
<Annotation Id="56" Type="p" StartNode="992" EndNode="1292">
</Annotation>
<Annotation Id="62" Type="p" StartNode="2268" EndNode="2485">
</Annotation>
<Annotation Id="31" Type="html" StartNode="0" EndNode="2485">
</Annotation>
<Annotation Id="61" Type="p" StartNode="1985" EndNode="2266">
</Annotation>
<Annotation Id="60" Type="p" StartNode="1840" EndNode="1983">
</Annotation>
</AnnotationSet>

</GateDocument>
