<?xml version='1.0' encoding='UTF-8'?>
<GateDocument>
<!-- The document's features-->

<GateDocumentFeatures>
<Feature>
  <Name className="java.lang.String">gate.SourceURL</Name>
  <Value className="java.lang.String">file:/Z:/Corpus/gu-vodafone-10-aug-2001.html</Value>
</Feature>
<Feature>
  <Name className="java.lang.String">gate.NAME</Name>
  <Value className="java.lang.String">doc2</Value>
</Feature>
<Feature>
  <Name className="java.lang.String">entitySet</Name>
  <Value className="java.lang.String">==== FILE: /Z:/Corpus/gu-vodafone-10-aug-2001.html
</Value>
</Feature>
<Feature>
  <Name className="java.lang.String">MimeType</Name>
  <Value className="java.lang.String">text/html</Value>
</Feature>
</GateDocumentFeatures>
<!-- The document content area with serialized nodes -->

<TextWithNodes><Node id="0" />Speculation that <Node id="17" />Hutchison Whampoa<Node id="34" /> at last may be ready to dispose of its holding in mobile phone group <Node id="104" />Vodafone<Node id="112" /> added to another dismal performance by telecoms and hi-tech stocks <Node id="180" />yesterday<Node id="189" />.
<Node id="191" />The FTSE 100 closed 73.6 points weaker at 5,402.9 with <Node id="246" />Vodafone<Node id="254" /> wiping 14 points off the blue-chip index as it finished down <Node id="316" />4.75p<Node id="321" /> at <Node id="325" />138p<Node id="329" />.<Node id="330" />

<Node id="332" />Hutchison<Node id="341" /> has long been seeking to sell the <Node id="376" />2.8%<Node id="380" /> it gained after its holding in <Node id="412" />Orange<Node id="418" /> was bought by <Node id="433" />Mannesmann<Node id="443" /> - itself now part of the British company.<Node id="485" />

<Node id="487" />The market was awash with rumours that a large placing of shares was about to be made, and some analysts fingered the <Node id="605" />Hong Kong<Node id="614" />-based group.<Node id="627" />

<Node id="629" />There are already market jitters about <Node id="668" />Vodafone<Node id="676" />, with some fearing the regulator could act to cut charges it can make on calls from <Node id="761" />BT<Node id="763" /> lines to mobile phones. <Node id="788" />BT<Node id="790" /> was down <Node id="800" />9.5p<Node id="804" /> at <Node id="808" />449p<Node id="812" />, while <Node id="820" />Cable &amp; Wireless<Node id="836" /> fell <Node id="842" />15p<Node id="845" /> to <Node id="849" />335p<Node id="853" /> as more investors switched off telecom stocks.<Node id="900" />

<Node id="902" />But the real blood was being spilled on the tech side, where big declines in the <Node id="983" />US<Node id="985" /> Nasdaq composite on <Node id="1006" />Wednesday<Node id="1015" /> had encouraged nervousness.<Node id="1043" />

<Node id="1045" />The mood worsened <Node id="1063" />early yesterday<Node id="1078" /> when <Node id="1084" />Guardian iT<Node id="1095" /> , a provider of disaster recovery services and regarded as a tech sector haven, warned of a slowdown in orders from banks and finance houses. The shares, which floated <Node id="1264" />three years ago<Node id="1279" /> at <Node id="1283" />255p<Node id="1287" /> and rose to almost <Node id="1307" />£17<Node id="1310" /> <Node id="1311" />last September<Node id="1325" />, ended <Node id="1333" />last night<Node id="1343" /> at <Node id="1347" />205p<Node id="1351" />, off <Node id="1357" />200p<Node id="1361" />.<Node id="1362" />

<Node id="1364" />In <Node id="1367" />Guardian iT<Node id="1378" />'s wake came software company <Node id="1408" />Kewill Systems<Node id="1422" /> , whose shares dived <Node id="1444" />30%<Node id="1447" /> after warning it would report a "material" first-half operating loss as clients delayed signing contracts. It believes it will break even in the second half, but its shares ended down <Node id="1632" />25.75p<Node id="1638" /> at <Node id="1642" />50.25p<Node id="1648" />.<Node id="1649" />

<Node id="1651" />Also troubled was internet group <Node id="1684" />Telecity<Node id="1692" /> , as investors abandoned hopes that it would become the target of a takeover bid. It closed down <Node id="1790" />6.5p<Node id="1794" /> at <Node id="1798" />40p<Node id="1801" />.<Node id="1802" />

<Node id="1804" />Substantial falls in larger players such as <Node id="1848" />Logica<Node id="1854" /> , down <Node id="1862" />5.4%<Node id="1866" /> at <Node id="1870" />669.5p<Node id="1876" />, and <Node id="1882" />Sage<Node id="1886" /> <Node id="1887" />, down <Node id="1894" />5.6%<Node id="1898" /> at <Node id="1902" />219p<Node id="1906" />, also helped drive down the <Node id="1935" />Techmark<Node id="1943" /> 49.6 points to 1,521.0. Elsewhere, investors were preoccupied with the gloomy economic news from the <Node id="2045" />US Federal Reserve<Node id="2063" /> the day before.<Node id="2079" />

<Node id="2081" />Morgan Stanley<Node id="2095" /> strategist <Node id="2107" />Graham Secker<Node id="2120" /> warned that, despite strong <Node id="2149" />UK<Node id="2151" /> consumer confidence, local firms would be punished by <Node id="2206" />US<Node id="2208" /> exposure. "With over half of <Node id="2238" />UK<Node id="2240" /> profits coming from abroad, particu larly <Node id="2283" />North America<Node id="2296" />, <Node id="2298" />UK<Node id="2300" /> companies are not immune to the global slowdown," he said.<Node id="2359" />

<Node id="2361" />There were some bright spots in this cloudy picture. Publisher <Node id="2424" />Reed Elsevier<Node id="2437" /> was up <Node id="2445" />5.8%<Node id="2449" /> at <Node id="2453" />609p<Node id="2457" /> after increasing <Node id="2475" />first-half<Node id="2485" /> profits despite an advertising slump.<Node id="2523" />

<Node id="2525" />Engineer <Node id="2534" />GKN<Node id="2537" /> rose <Node id="2543" />6.1%<Node id="2547" /> to <Node id="2551" />296p<Node id="2555" /> as it managed to sustain volumes despite the slowdown in car production during the <Node id="2639" />first half of the year<Node id="2661" />.<Node id="2662" />

<Node id="2664" />Meanwhile, the explosion at one of <Node id="2699" />Europe<Node id="2705" />'s biggest gas-fired power stations, on <Node id="2745" />Teesside<Node id="2753" />, provided a depressing reminder of the ruthlessness of markets.<Node id="2817" />

<Node id="2819" />A consequence of the incident - in which three people died - was a rise in <Node id="2894" />British Energy<Node id="2908" /> shares as investors saw it as being a possible beneficiary of the disaster.<Node id="2984" />

<Node id="2986" />The shutdown at the 1,875-megawatt facility, which provides <Node id="3046" />5%<Node id="3048" /> of <Node id="3052" />Britain<Node id="3059" />'s total electricity needs, pushed up wholesale electricity prices. The <Node id="3131" />US<Node id="3133" />-based operator said it could not be sure when output would recommence because a health and safety executive team has been called in.<Node id="3266" />

<Node id="3268" />Shares in <Node id="3278" />British Energy<Node id="3292" /> rose because it is seen as the generating firm most sensitive to electricity price fluctuations due to its high fixed but low variable costs. The company's shares finished the day up <Node id="3476" />9.25p<Node id="3481" /> at <Node id="3485" />289.25p<Node id="3492" />.<Node id="3493" />

<Node id="3495" />Fraser McLaren<Node id="3509" />, a utilities analyst at <Node id="3534" />ING Barings Charterhouse<Node id="3558" />, said that if the facility were out of action for a some time there would no doubt be others - such as <Node id="3662" />Powergen<Node id="3670" /> , down <Node id="3678" />1p<Node id="3680" /> at <Node id="3684" />725p<Node id="3688" /> - which could be expected to take advantage of the situation.<Node id="3750" />
<Node id="3751" /></TextWithNodes>
<!-- The default annotation set -->

<AnnotationSet>
</AnnotationSet>

<!-- Named annotation set -->

<AnnotationSet Name="Key">
<Annotation Id="0" Type="Location" StartNode="983" EndNode="985">
</Annotation>
<Annotation Id="1" Type="Date" StartNode="2639" EndNode="2661">
<Feature>
  <Name className="java.lang.String">kind</Name>
  <Value className="java.lang.String">date</Value>
</Feature>
</Annotation>
<Annotation Id="2" Type="Date" StartNode="1333" EndNode="1343">
<Feature>
  <Name className="java.lang.String">kind</Name>
  <Value className="java.lang.String">date</Value>
</Feature>
</Annotation>
<Annotation Id="3" Type="Date" StartNode="1311" EndNode="1325">
<Feature>
  <Name className="java.lang.String">kind</Name>
  <Value className="java.lang.String">date</Value>
</Feature>
</Annotation>
<Annotation Id="4" Type="Date" StartNode="1264" EndNode="1279">
<Feature>
  <Name className="java.lang.String">kind</Name>
  <Value className="java.lang.String">date</Value>
</Feature>
</Annotation>
<Annotation Id="5" Type="Date" StartNode="1063" EndNode="1078">
<Feature>
  <Name className="java.lang.String">kind</Name>
  <Value className="java.lang.String">date</Value>
</Feature>
</Annotation>
<Annotation Id="6" Type="Date" StartNode="180" EndNode="189">
<Feature>
  <Name className="java.lang.String">kind</Name>
  <Value className="java.lang.String">date</Value>
</Feature>
</Annotation>
<Annotation Id="7" Type="Money" StartNode="316" EndNode="321">
<Feature>
  <Name className="java.lang.String">kind</Name>
  <Value className="java.lang.String">number</Value>
</Feature>
<Feature>
  <Name className="java.lang.String">rule</Name>
  <Value className="java.lang.String">MoneyCurrencyUnit</Value>
</Feature>
</Annotation>
<Annotation Id="8" Type="Money" StartNode="325" EndNode="329">
<Feature>
  <Name className="java.lang.String">kind</Name>
  <Value className="java.lang.String">number</Value>
</Feature>
<Feature>
  <Name className="java.lang.String">rule</Name>
  <Value className="java.lang.String">MoneyCurrencyUnit</Value>
</Feature>
</Annotation>
<Annotation Id="9" Type="Percent" StartNode="376" EndNode="380">
<Feature>
  <Name className="java.lang.String">rule</Name>
  <Value className="java.lang.String">PercentBasic</Value>
</Feature>
</Annotation>
<Annotation Id="10" Type="Money" StartNode="800" EndNode="804">
<Feature>
  <Name className="java.lang.String">kind</Name>
  <Value className="java.lang.String">number</Value>
</Feature>
<Feature>
  <Name className="java.lang.String">rule</Name>
  <Value className="java.lang.String">MoneyCurrencyUnit</Value>
</Feature>
</Annotation>
<Annotation Id="11" Type="Money" StartNode="808" EndNode="812">
<Feature>
  <Name className="java.lang.String">kind</Name>
  <Value className="java.lang.String">number</Value>
</Feature>
<Feature>
  <Name className="java.lang.String">rule</Name>
  <Value className="java.lang.String">MoneyCurrencyUnit</Value>
</Feature>
</Annotation>
<Annotation Id="12" Type="Money" StartNode="842" EndNode="845">
<Feature>
  <Name className="java.lang.String">kind</Name>
  <Value className="java.lang.String">number</Value>
</Feature>
<Feature>
  <Name className="java.lang.String">rule</Name>
  <Value className="java.lang.String">MoneyCurrencyUnit</Value>
</Feature>
</Annotation>
<Annotation Id="13" Type="Money" StartNode="849" EndNode="853">
<Feature>
  <Name className="java.lang.String">kind</Name>
  <Value className="java.lang.String">number</Value>
</Feature>
<Feature>
  <Name className="java.lang.String">rule</Name>
  <Value className="java.lang.String">MoneyCurrencyUnit</Value>
</Feature>
</Annotation>
<Annotation Id="14" Type="Money" StartNode="1283" EndNode="1287">
<Feature>
  <Name className="java.lang.String">kind</Name>
  <Value className="java.lang.String">number</Value>
</Feature>
<Feature>
  <Name className="java.lang.String">rule</Name>
  <Value className="java.lang.String">MoneyCurrencyUnit</Value>
</Feature>
</Annotation>
<Annotation Id="15" Type="Money" StartNode="1347" EndNode="1351">
<Feature>
  <Name className="java.lang.String">kind</Name>
  <Value className="java.lang.String">number</Value>
</Feature>
<Feature>
  <Name className="java.lang.String">rule</Name>
  <Value className="java.lang.String">MoneyCurrencyUnit</Value>
</Feature>
</Annotation>
<Annotation Id="17" Type="Percent" StartNode="1444" EndNode="1447">
<Feature>
  <Name className="java.lang.String">rule</Name>
  <Value className="java.lang.String">PercentBasic</Value>
</Feature>
</Annotation>
<Annotation Id="16" Type="Money" StartNode="1357" EndNode="1361">
<Feature>
  <Name className="java.lang.String">kind</Name>
  <Value className="java.lang.String">number</Value>
</Feature>
<Feature>
  <Name className="java.lang.String">rule</Name>
  <Value className="java.lang.String">MoneyCurrencyUnit</Value>
</Feature>
</Annotation>
<Annotation Id="19" Type="Money" StartNode="1642" EndNode="1648">
<Feature>
  <Name className="java.lang.String">kind</Name>
  <Value className="java.lang.String">number</Value>
</Feature>
<Feature>
  <Name className="java.lang.String">rule</Name>
  <Value className="java.lang.String">MoneyCurrencyUnit</Value>
</Feature>
</Annotation>
<Annotation Id="18" Type="Money" StartNode="1632" EndNode="1638">
<Feature>
  <Name className="java.lang.String">kind</Name>
  <Value className="java.lang.String">number</Value>
</Feature>
<Feature>
  <Name className="java.lang.String">rule</Name>
  <Value className="java.lang.String">MoneyCurrencyUnit</Value>
</Feature>
</Annotation>
<Annotation Id="21" Type="Money" StartNode="1798" EndNode="1801">
<Feature>
  <Name className="java.lang.String">kind</Name>
  <Value className="java.lang.String">number</Value>
</Feature>
<Feature>
  <Name className="java.lang.String">rule</Name>
  <Value className="java.lang.String">MoneyCurrencyUnit</Value>
</Feature>
</Annotation>
<Annotation Id="20" Type="Money" StartNode="1790" EndNode="1794">
<Feature>
  <Name className="java.lang.String">kind</Name>
  <Value className="java.lang.String">number</Value>
</Feature>
<Feature>
  <Name className="java.lang.String">rule</Name>
  <Value className="java.lang.String">MoneyCurrencyUnit</Value>
</Feature>
</Annotation>
<Annotation Id="23" Type="Money" StartNode="1870" EndNode="1876">
<Feature>
  <Name className="java.lang.String">kind</Name>
  <Value className="java.lang.String">number</Value>
</Feature>
<Feature>
  <Name className="java.lang.String">rule</Name>
  <Value className="java.lang.String">MoneyCurrencyUnit</Value>
</Feature>
</Annotation>
<Annotation Id="22" Type="Percent" StartNode="1862" EndNode="1866">
<Feature>
  <Name className="java.lang.String">rule</Name>
  <Value className="java.lang.String">PercentBasic</Value>
</Feature>
</Annotation>
<Annotation Id="25" Type="Money" StartNode="1902" EndNode="1906">
<Feature>
  <Name className="java.lang.String">kind</Name>
  <Value className="java.lang.String">number</Value>
</Feature>
<Feature>
  <Name className="java.lang.String">rule</Name>
  <Value className="java.lang.String">MoneyCurrencyUnit</Value>
</Feature>
</Annotation>
<Annotation Id="24" Type="Percent" StartNode="1894" EndNode="1898">
<Feature>
  <Name className="java.lang.String">rule</Name>
  <Value className="java.lang.String">PercentBasic</Value>
</Feature>
</Annotation>
<Annotation Id="27" Type="Money" StartNode="2453" EndNode="2457">
<Feature>
  <Name className="java.lang.String">kind</Name>
  <Value className="java.lang.String">number</Value>
</Feature>
<Feature>
  <Name className="java.lang.String">rule</Name>
  <Value className="java.lang.String">MoneyCurrencyUnit</Value>
</Feature>
</Annotation>
<Annotation Id="26" Type="Percent" StartNode="2445" EndNode="2449">
<Feature>
  <Name className="java.lang.String">rule</Name>
  <Value className="java.lang.String">PercentBasic</Value>
</Feature>
</Annotation>
<Annotation Id="29" Type="Money" StartNode="2551" EndNode="2555">
<Feature>
  <Name className="java.lang.String">kind</Name>
  <Value className="java.lang.String">number</Value>
</Feature>
<Feature>
  <Name className="java.lang.String">rule</Name>
  <Value className="java.lang.String">MoneyCurrencyUnit</Value>
</Feature>
</Annotation>
<Annotation Id="28" Type="Percent" StartNode="2543" EndNode="2547">
<Feature>
  <Name className="java.lang.String">rule</Name>
  <Value className="java.lang.String">PercentBasic</Value>
</Feature>
</Annotation>
<Annotation Id="31" Type="Money" StartNode="3476" EndNode="3481">
<Feature>
  <Name className="java.lang.String">kind</Name>
  <Value className="java.lang.String">number</Value>
</Feature>
<Feature>
  <Name className="java.lang.String">rule</Name>
  <Value className="java.lang.String">MoneyCurrencyUnit</Value>
</Feature>
</Annotation>
<Annotation Id="30" Type="Percent" StartNode="3046" EndNode="3048">
<Feature>
  <Name className="java.lang.String">rule</Name>
  <Value className="java.lang.String">PercentBasic</Value>
</Feature>
</Annotation>
<Annotation Id="34" Type="Money" StartNode="3684" EndNode="3688">
<Feature>
  <Name className="java.lang.String">kind</Name>
  <Value className="java.lang.String">number</Value>
</Feature>
<Feature>
  <Name className="java.lang.String">rule</Name>
  <Value className="java.lang.String">MoneyCurrencyUnit</Value>
</Feature>
</Annotation>
<Annotation Id="35" Type="Organization" StartNode="104" EndNode="112">
<Feature>
  <Name className="java.lang.String">orgType</Name>
  <Value className="java.lang.String">company</Value>
</Feature>
<Feature>
  <Name className="java.lang.String">rule1</Name>
  <Value className="java.lang.String">GazOrganization</Value>
</Feature>
<Feature>
  <Name className="java.lang.String">id</Name>
  <Value className="java.lang.Integer">35</Value>
</Feature>
<Feature>
  <Name className="java.lang.String">rule2</Name>
  <Value className="java.lang.String">OrgFinal</Value>
</Feature>
</Annotation>
<Annotation Id="32" Type="Money" StartNode="3485" EndNode="3492">
<Feature>
  <Name className="java.lang.String">kind</Name>
  <Value className="java.lang.String">number</Value>
</Feature>
<Feature>
  <Name className="java.lang.String">rule</Name>
  <Value className="java.lang.String">MoneyCurrencyUnit</Value>
</Feature>
</Annotation>
<Annotation Id="33" Type="Money" StartNode="3678" EndNode="3680">
<Feature>
  <Name className="java.lang.String">kind</Name>
  <Value className="java.lang.String">number</Value>
</Feature>
<Feature>
  <Name className="java.lang.String">rule</Name>
  <Value className="java.lang.String">MoneyCurrencyUnit</Value>
</Feature>
</Annotation>
<Annotation Id="38" Type="Location" StartNode="605" EndNode="614">
<Feature>
  <Name className="java.lang.String">locType</Name>
  <Value className="java.lang.String">city</Value>
</Feature>
<Feature>
  <Name className="java.lang.String">rule1</Name>
  <Value className="java.lang.String">GazLocation</Value>
</Feature>
<Feature>
  <Name className="java.lang.String">rule2</Name>
  <Value className="java.lang.String">LocFinal</Value>
</Feature>
</Annotation>
<Annotation Id="39" Type="Organization" StartNode="668" EndNode="676">
<Feature>
  <Name className="java.lang.String">orgType</Name>
  <Value className="java.lang.String">company</Value>
</Feature>
<Feature>
  <Name className="java.lang.String">rule1</Name>
  <Value className="java.lang.String">GazOrganization</Value>
</Feature>
<Feature>
  <Name className="java.lang.String">id</Name>
  <Value className="java.lang.Integer">39</Value>
</Feature>
<Feature>
  <Name className="java.lang.String">rule2</Name>
  <Value className="java.lang.String">OrgFinal</Value>
</Feature>
</Annotation>
<Annotation Id="36" Type="Organization" StartNode="246" EndNode="254">
<Feature>
  <Name className="java.lang.String">orgType</Name>
  <Value className="java.lang.String">company</Value>
</Feature>
<Feature>
  <Name className="java.lang.String">rule1</Name>
  <Value className="java.lang.String">GazOrganization</Value>
</Feature>
<Feature>
  <Name className="java.lang.String">id</Name>
  <Value className="java.lang.Integer">36</Value>
</Feature>
<Feature>
  <Name className="java.lang.String">rule2</Name>
  <Value className="java.lang.String">OrgFinal</Value>
</Feature>
</Annotation>
<Annotation Id="37" Type="Organization" StartNode="412" EndNode="418">
<Feature>
  <Name className="java.lang.String">orgType</Name>
  <Value className="java.lang.String">company</Value>
</Feature>
<Feature>
  <Name className="java.lang.String">rule1</Name>
  <Value className="java.lang.String">GazOrganization</Value>
</Feature>
<Feature>
  <Name className="java.lang.String">id</Name>
  <Value className="java.lang.Integer">37</Value>
</Feature>
<Feature>
  <Name className="java.lang.String">rule2</Name>
  <Value className="java.lang.String">OrgFinal</Value>
</Feature>
</Annotation>
<Annotation Id="42" Type="Organization" StartNode="820" EndNode="836">
<Feature>
  <Name className="java.lang.String">orgType</Name>
  <Value className="java.lang.String">unknown</Value>
</Feature>
<Feature>
  <Name className="java.lang.String">rule1</Name>
  <Value className="java.lang.String">OrgXandY</Value>
</Feature>
<Feature>
  <Name className="java.lang.String">id</Name>
  <Value className="java.lang.Integer">42</Value>
</Feature>
<Feature>
  <Name className="java.lang.String">rule2</Name>
  <Value className="java.lang.String">OrgFinal</Value>
</Feature>
</Annotation>
<Annotation Id="43" Type="Date" StartNode="1006" EndNode="1015">
<Feature>
  <Name className="java.lang.String">rule1</Name>
  <Value className="java.lang.String">GazDate</Value>
</Feature>
<Feature>
  <Name className="java.lang.String">kind</Name>
  <Value className="java.lang.String">date</Value>
</Feature>
<Feature>
  <Name className="java.lang.String">rule2</Name>
  <Value className="java.lang.String">DateOnlyFinal</Value>
</Feature>
</Annotation>
<Annotation Id="40" Type="Organization" StartNode="761" EndNode="763">
<Feature>
  <Name className="java.lang.String">orgType</Name>
  <Value className="java.lang.String">company</Value>
</Feature>
<Feature>
  <Name className="java.lang.String">rule1</Name>
  <Value className="java.lang.String">GazOrganization</Value>
</Feature>
<Feature>
  <Name className="java.lang.String">id</Name>
  <Value className="java.lang.Integer">40</Value>
</Feature>
<Feature>
  <Name className="java.lang.String">rule2</Name>
  <Value className="java.lang.String">OrgFinal</Value>
</Feature>
</Annotation>
<Annotation Id="41" Type="Organization" StartNode="788" EndNode="790">
<Feature>
  <Name className="java.lang.String">orgType</Name>
  <Value className="java.lang.String">company</Value>
</Feature>
<Feature>
  <Name className="java.lang.String">rule1</Name>
  <Value className="java.lang.String">GazOrganization</Value>
</Feature>
<Feature>
  <Name className="java.lang.String">id</Name>
  <Value className="java.lang.Integer">41</Value>
</Feature>
<Feature>
  <Name className="java.lang.String">rule2</Name>
  <Value className="java.lang.String">OrgFinal</Value>
</Feature>
</Annotation>
<Annotation Id="46" Type="Person" StartNode="2107" EndNode="2120">
<Feature>
  <Name className="java.lang.String">rule1</Name>
  <Value className="java.lang.String">PersonFull</Value>
</Feature>
<Feature>
  <Name className="java.lang.String">id</Name>
  <Value className="java.lang.Integer">46</Value>
</Feature>
<Feature>
  <Name className="java.lang.String">gender</Name>
  <Value className="java.lang.String">male</Value>
</Feature>
<Feature>
  <Name className="java.lang.String">rule</Name>
  <Value className="java.lang.String">PersonFinal</Value>
</Feature>
</Annotation>
<Annotation Id="47" Type="Location" StartNode="2149" EndNode="2151">
<Feature>
  <Name className="java.lang.String">locType</Name>
  <Value className="java.lang.String">country</Value>
</Feature>
<Feature>
  <Name className="java.lang.String">rule1</Name>
  <Value className="java.lang.String">GazLocation</Value>
</Feature>
<Feature>
  <Name className="java.lang.String">rule2</Name>
  <Value className="java.lang.String">LocFinal</Value>
</Feature>
</Annotation>
<Annotation Id="44" Type="Organization" StartNode="1408" EndNode="1422">
<Feature>
  <Name className="java.lang.String">orgType</Name>
  <Value className="java.lang.String">unknown</Value>
</Feature>
<Feature>
  <Name className="java.lang.String">rule1</Name>
  <Value className="java.lang.String">OrgXKey</Value>
</Feature>
<Feature>
  <Name className="java.lang.String">id</Name>
  <Value className="java.lang.Integer">44</Value>
</Feature>
<Feature>
  <Name className="java.lang.String">rule2</Name>
  <Value className="java.lang.String">OrgFinal</Value>
</Feature>
</Annotation>
<Annotation Id="45" Type="Organization" StartNode="2045" EndNode="2063">
<Feature>
  <Name className="java.lang.String">orgType</Name>
  <Value className="java.lang.String">unknown</Value>
</Feature>
<Feature>
  <Name className="java.lang.String">rule1</Name>
  <Value className="java.lang.String">OrgXKey</Value>
</Feature>
<Feature>
  <Name className="java.lang.String">id</Name>
  <Value className="java.lang.Integer">45</Value>
</Feature>
<Feature>
  <Name className="java.lang.String">rule2</Name>
  <Value className="java.lang.String">OrgFinal</Value>
</Feature>
</Annotation>
<Annotation Id="51" Type="Location" StartNode="2298" EndNode="2300">
<Feature>
  <Name className="java.lang.String">locType</Name>
  <Value className="java.lang.String">country</Value>
</Feature>
<Feature>
  <Name className="java.lang.String">rule1</Name>
  <Value className="java.lang.String">GazLocation</Value>
</Feature>
<Feature>
  <Name className="java.lang.String">rule2</Name>
  <Value className="java.lang.String">LocFinal</Value>
</Feature>
</Annotation>
<Annotation Id="50" Type="Location" StartNode="2283" EndNode="2296">
<Feature>
  <Name className="java.lang.String">locType</Name>
  <Value className="java.lang.String">region</Value>
</Feature>
<Feature>
  <Name className="java.lang.String">rule1</Name>
  <Value className="java.lang.String">GazLocation</Value>
</Feature>
<Feature>
  <Name className="java.lang.String">rule2</Name>
  <Value className="java.lang.String">LocFinal</Value>
</Feature>
</Annotation>
<Annotation Id="49" Type="Location" StartNode="2238" EndNode="2240">
<Feature>
  <Name className="java.lang.String">locType</Name>
  <Value className="java.lang.String">country</Value>
</Feature>
<Feature>
  <Name className="java.lang.String">rule1</Name>
  <Value className="java.lang.String">GazLocation</Value>
</Feature>
<Feature>
  <Name className="java.lang.String">rule2</Name>
  <Value className="java.lang.String">LocFinal</Value>
</Feature>
</Annotation>
<Annotation Id="48" Type="Location" StartNode="2206" EndNode="2208">
<Feature>
  <Name className="java.lang.String">locType</Name>
  <Value className="java.lang.String">country</Value>
</Feature>
<Feature>
  <Name className="java.lang.String">rule1</Name>
  <Value className="java.lang.String">GazLocation</Value>
</Feature>
<Feature>
  <Name className="java.lang.String">rule2</Name>
  <Value className="java.lang.String">LocFinal</Value>
</Feature>
</Annotation>
<Annotation Id="55" Type="Organization" StartNode="2894" EndNode="2908">
<Feature>
  <Name className="java.lang.String">orgType</Name>
  <Value className="java.lang.String">unknown</Value>
</Feature>
<Feature>
  <Name className="java.lang.String">rule1</Name>
  <Value className="java.lang.String">OrgXKey</Value>
</Feature>
<Feature>
  <Name className="java.lang.String">id</Name>
  <Value className="java.lang.Integer">55</Value>
</Feature>
<Feature>
  <Name className="java.lang.String">rule2</Name>
  <Value className="java.lang.String">OrgFinal</Value>
</Feature>
</Annotation>
<Annotation Id="54" Type="Location" StartNode="2745" EndNode="2753">
<Feature>
  <Name className="java.lang.String">locType</Name>
  <Value className="java.lang.String">city</Value>
</Feature>
<Feature>
  <Name className="java.lang.String">rule1</Name>
  <Value className="java.lang.String">GazLocation</Value>
</Feature>
<Feature>
  <Name className="java.lang.String">rule2</Name>
  <Value className="java.lang.String">LocFinal</Value>
</Feature>
</Annotation>
<Annotation Id="53" Type="Location" StartNode="2699" EndNode="2705">
<Feature>
  <Name className="java.lang.String">locType</Name>
  <Value className="java.lang.String">region</Value>
</Feature>
<Feature>
  <Name className="java.lang.String">rule1</Name>
  <Value className="java.lang.String">GazLocation</Value>
</Feature>
<Feature>
  <Name className="java.lang.String">rule2</Name>
  <Value className="java.lang.String">LocFinal</Value>
</Feature>
</Annotation>
<Annotation Id="52" Type="Organization" StartNode="2534" EndNode="2537">
<Feature>
  <Name className="java.lang.String">orgType</Name>
  <Value className="java.lang.String">company</Value>
</Feature>
<Feature>
  <Name className="java.lang.String">rule1</Name>
  <Value className="java.lang.String">GazOrganization</Value>
</Feature>
<Feature>
  <Name className="java.lang.String">id</Name>
  <Value className="java.lang.Integer">52</Value>
</Feature>
<Feature>
  <Name className="java.lang.String">rule2</Name>
  <Value className="java.lang.String">OrgFinal</Value>
</Feature>
</Annotation>
<Annotation Id="59" Type="Organization" StartNode="17" EndNode="34">
<Feature>
  <Name className="java.lang.String">id</Name>
  <Value className="java.lang.Integer">59</Value>
</Feature>
</Annotation>
<Annotation Id="58" Type="Person" StartNode="3495" EndNode="3509">
<Feature>
  <Name className="java.lang.String">rule1</Name>
  <Value className="java.lang.String">PersonFull</Value>
</Feature>
<Feature>
  <Name className="java.lang.String">id</Name>
  <Value className="java.lang.Integer">58</Value>
</Feature>
<Feature>
  <Name className="java.lang.String">gender</Name>
  <Value className="java.lang.String">male</Value>
</Feature>
<Feature>
  <Name className="java.lang.String">rule</Name>
  <Value className="java.lang.String">PersonFinal</Value>
</Feature>
</Annotation>
<Annotation Id="57" Type="Organization" StartNode="3278" EndNode="3292">
<Feature>
  <Name className="java.lang.String">orgType</Name>
  <Value className="java.lang.String">unknown</Value>
</Feature>
<Feature>
  <Name className="java.lang.String">rule1</Name>
  <Value className="java.lang.String">OrgXKey</Value>
</Feature>
<Feature>
  <Name className="java.lang.String">id</Name>
  <Value className="java.lang.Integer">57</Value>
</Feature>
<Feature>
  <Name className="java.lang.String">rule2</Name>
  <Value className="java.lang.String">OrgFinal</Value>
</Feature>
</Annotation>
<Annotation Id="56" Type="Location" StartNode="3052" EndNode="3059">
<Feature>
  <Name className="java.lang.String">locType</Name>
  <Value className="java.lang.String">country</Value>
</Feature>
<Feature>
  <Name className="java.lang.String">rule1</Name>
  <Value className="java.lang.String">GazLocation</Value>
</Feature>
<Feature>
  <Name className="java.lang.String">rule2</Name>
  <Value className="java.lang.String">LocFinal</Value>
</Feature>
</Annotation>
<Annotation Id="63" Type="Money" StartNode="1307" EndNode="1310">
</Annotation>
<Annotation Id="62" Type="Organization" StartNode="1084" EndNode="1095">
<Feature>
  <Name className="java.lang.String">id</Name>
  <Value className="java.lang.Integer">62</Value>
</Feature>
</Annotation>
<Annotation Id="61" Type="Organization" StartNode="433" EndNode="443">
<Feature>
  <Name className="java.lang.String">id</Name>
  <Value className="java.lang.Integer">61</Value>
</Feature>
</Annotation>
<Annotation Id="60" Type="Organization" StartNode="332" EndNode="341">
<Feature>
  <Name className="java.lang.String">id</Name>
  <Value className="java.lang.Integer">60</Value>
</Feature>
</Annotation>
<Annotation Id="68" Type="Organization" StartNode="1935" EndNode="1943">
<Feature>
  <Name className="java.lang.String">id</Name>
  <Value className="java.lang.Integer">68</Value>
</Feature>
</Annotation>
<Annotation Id="69" Type="Organization" StartNode="2081" EndNode="2095">
<Feature>
  <Name className="java.lang.String">id</Name>
  <Value className="java.lang.Integer">69</Value>
</Feature>
</Annotation>
<Annotation Id="70" Type="Organization" StartNode="2424" EndNode="2437">
<Feature>
  <Name className="java.lang.String">id</Name>
  <Value className="java.lang.Integer">70</Value>
</Feature>
</Annotation>
<Annotation Id="71" Type="Organization" StartNode="3534" EndNode="3558">
<Feature>
  <Name className="java.lang.String">id</Name>
  <Value className="java.lang.Integer">71</Value>
</Feature>
</Annotation>
<Annotation Id="64" Type="Organization" StartNode="1367" EndNode="1378">
<Feature>
  <Name className="java.lang.String">id</Name>
  <Value className="java.lang.Integer">64</Value>
</Feature>
</Annotation>
<Annotation Id="65" Type="Organization" StartNode="1684" EndNode="1692">
<Feature>
  <Name className="java.lang.String">id</Name>
  <Value className="java.lang.Integer">65</Value>
</Feature>
</Annotation>
<Annotation Id="66" Type="Organization" StartNode="1848" EndNode="1854">
<Feature>
  <Name className="java.lang.String">id</Name>
  <Value className="java.lang.Integer">66</Value>
</Feature>
</Annotation>
<Annotation Id="67" Type="Organization" StartNode="1882" EndNode="1886">
<Feature>
  <Name className="java.lang.String">id</Name>
  <Value className="java.lang.Integer">67</Value>
</Feature>
</Annotation>
<Annotation Id="72" Type="Organization" StartNode="3662" EndNode="3670">
<Feature>
  <Name className="java.lang.String">id</Name>
  <Value className="java.lang.Integer">72</Value>
</Feature>
</Annotation>
<Annotation Id="73" Type="Location" StartNode="3131" EndNode="3133">
</Annotation>
<Annotation Id="74" Type="Date" StartNode="2475" EndNode="2485">
<Feature>
  <Name className="java.lang.String">kind</Name>
  <Value className="java.lang.String">date</Value>
</Feature>
</Annotation>
<Annotation Id="8022" Type="RelationClass" StartNode="2081" EndNode="2120">
<Feature>
  <Name className="java.lang.String">rel-type</Name>
  <Value className="java.lang.String">employed-by</Value>
</Feature>
<Feature>
  <Name className="java.lang.String">pers-id</Name>
  <Value className="java.lang.String">46</Value>
</Feature>
<Feature>
  <Name className="java.lang.String">org-id</Name>
  <Value className="java.lang.String">69</Value>
</Feature>
</Annotation>
<Annotation Id="8021" Type="RelationClass" StartNode="3495" EndNode="3558">
<Feature>
  <Name className="java.lang.String">rel-type</Name>
  <Value className="java.lang.String">employed-by</Value>
</Feature>
<Feature>
  <Name className="java.lang.String">pers-id</Name>
  <Value className="java.lang.String">58</Value>
</Feature>
<Feature>
  <Name className="java.lang.String">org-id</Name>
  <Value className="java.lang.String">71</Value>
</Feature>
</Annotation>
</AnnotationSet>

<!-- Named annotation set -->

<AnnotationSet Name="Original markups">
<Annotation Id="78" Type="body" StartNode="0" EndNode="3751">
<Feature>
  <Name className="java.lang.String">bgcolor</Name>
  <Value className="java.lang.String">#FFFFFF</Value>
</Feature>
</Annotation>
<Annotation Id="75" Type="html" StartNode="0" EndNode="3751">
</Annotation>
<Annotation Id="83" Type="font" StartNode="0" EndNode="3751">
<Feature>
  <Name className="java.lang.String">face</Name>
  <Value className="java.lang.String">Arial,Helvetica,sans-serif</Value>
</Feature>
<Feature>
  <Name className="java.lang.String">size</Name>
  <Value className="java.lang.String">3</Value>
</Feature>
</Annotation>
<Annotation Id="93" Type="p" StartNode="0" EndNode="3751">
</Annotation>
<Annotation Id="95" Type="b" StartNode="104" EndNode="112">
</Annotation>
<Annotation Id="94" Type="font" StartNode="0" EndNode="3751">
<Feature>
  <Name className="java.lang.String">face</Name>
  <Value className="java.lang.String">Geneva,Arial,sans-serif</Value>
</Feature>
<Feature>
  <Name className="java.lang.String">size</Name>
  <Value className="java.lang.String">2</Value>
</Feature>
</Annotation>
<Annotation Id="102" Type="p" StartNode="1045" EndNode="1362">
</Annotation>
<Annotation Id="103" Type="b" StartNode="1084" EndNode="1095">
</Annotation>
<Annotation Id="100" Type="b" StartNode="788" EndNode="790">
</Annotation>
<Annotation Id="101" Type="p" StartNode="902" EndNode="1043">
</Annotation>
<Annotation Id="98" Type="p" StartNode="487" EndNode="627">
</Annotation>
<Annotation Id="99" Type="p" StartNode="629" EndNode="900">
</Annotation>
<Annotation Id="96" Type="p" StartNode="191" EndNode="330">
</Annotation>
<Annotation Id="97" Type="p" StartNode="332" EndNode="485">
</Annotation>
<Annotation Id="110" Type="b" StartNode="1882" EndNode="1887">
</Annotation>
<Annotation Id="111" Type="p" StartNode="2081" EndNode="2359">
</Annotation>
<Annotation Id="108" Type="p" StartNode="1804" EndNode="2079">
</Annotation>
<Annotation Id="109" Type="b" StartNode="1848" EndNode="1854">
</Annotation>
<Annotation Id="106" Type="p" StartNode="1651" EndNode="1802">
</Annotation>
<Annotation Id="107" Type="b" StartNode="1684" EndNode="1692">
</Annotation>
<Annotation Id="104" Type="p" StartNode="1364" EndNode="1649">
</Annotation>
<Annotation Id="105" Type="b" StartNode="1408" EndNode="1422">
</Annotation>
<Annotation Id="119" Type="p" StartNode="2986" EndNode="3266">
</Annotation>
<Annotation Id="118" Type="b" StartNode="2894" EndNode="2908">
</Annotation>
<Annotation Id="117" Type="p" StartNode="2819" EndNode="2984">
</Annotation>
<Annotation Id="116" Type="p" StartNode="2664" EndNode="2817">
</Annotation>
<Annotation Id="115" Type="b" StartNode="2534" EndNode="2537">
</Annotation>
<Annotation Id="114" Type="p" StartNode="2525" EndNode="2662">
</Annotation>
<Annotation Id="113" Type="b" StartNode="2424" EndNode="2437">
</Annotation>
<Annotation Id="112" Type="p" StartNode="2361" EndNode="2523">
</Annotation>
<Annotation Id="126" Type="TEXT" StartNode="0" EndNode="3751">
</Annotation>
<Annotation Id="122" Type="b" StartNode="3662" EndNode="3670">
</Annotation>
<Annotation Id="121" Type="p" StartNode="3495" EndNode="3750">
</Annotation>
<Annotation Id="120" Type="p" StartNode="3268" EndNode="3493">
</Annotation>
</AnnotationSet>

</GateDocument>
