<?xml version='1.0' encoding='UTF-8'?>
<GateDocument>
<!-- The document's features-->

<GateDocumentFeatures>
<Feature>
  <Name className="java.lang.String">gate.SourceURL</Name>
  <Value className="java.lang.String">file:/Z:/Corpus/gu-w&amp;d-10-aug-2001.html</Value>
</Feature>
<Feature>
  <Name className="java.lang.String">gate.NAME</Name>
  <Value className="java.lang.String">doc1</Value>
</Feature>
<Feature>
  <Name className="java.lang.String">entitySet</Name>
  <Value className="java.lang.String">==== FILE: /Z:/Corpus/gu-w&amp;d-10-aug-2001.html
</Value>
</Feature>
<Feature>
  <Name className="java.lang.String">MimeType</Name>
  <Value className="java.lang.String">text/html</Value>
</Feature>
</GateDocumentFeatures>
<!-- The document content area with serialized nodes -->

<TextWithNodes><Node id="0" />When the wind is right, the sweet scent of hops hangs in the air throughout the centre of <Node id="90" />Wolverhampton<Node id="103" />. Visitors arriving at the station catch a whiff of it, shoppers notice it and even football fans can smell it at <Node id="217" />Molyneux<Node id="225" />, home of <Node id="235" />Wolverhampton Wanderers<Node id="258" />.
<Node id="260" />"Some people say they can't stand it," says brewery boss <Node id="317" />Richard Westwood<Node id="333" />. "I can't understand that - a lot of us quite like the smell."<Node id="396" />

<Node id="398" />Westwood<Node id="406" /> runs the <Node id="416" />Park Brewery<Node id="428" />, which has brewed Banks's ale in the city since <Node id="477" />1875<Node id="481" />. Its future has been in doubt for almost a year since hostile bidders began circling its owner, <Node id="578" />Wolverhampton &amp; Dudley Breweries<Node id="610" />.<Node id="611" />

<Node id="613" />"It's had a hugely damaging effect on individuals' morale," says <Node id="678" />Westwood<Node id="686" />. "Our plans for the future have been put on hold."<Node id="737" />

<Node id="739" />Privately owned <Node id="755" />Pubmaster<Node id="764" /> has tabled a <Node id="778" />285m pound<Node id="788" /> offer in order to get its hands on <Node id="824" />W&amp;D<Node id="827" />'s pub estate. If successful, it plans to sell the firm's four breweries: with likely buyers scarce that is likely to mean closure.<Node id="958" />

<Node id="960" />The brewery's 900 staff have developed a knowledge of esoteric takeover panel regulations. <Node id="1051" />Westwood<Node id="1059" /> says: "They'll have the 60th day and the 21st day in mind as key dates. They'll know that <Node id="1150" />Pubmaster<Node id="1159" />'s <Node id="1162" />16%<Node id="1165" /> acceptances and the unconditional level of <Node id="1209" />90%<Node id="1212" /> are all key numbers."<Node id="1234" />

<Node id="1236" />Pinned to a wall in the brewery's lager kegging plant is a stock exchange announcement declaring that <Node id="1338" />Silchester International Investors<Node id="1372" />, an <Node id="1377" />11%<Node id="1380" /> shareholder, intends to reject the bid. A <Node id="1423" />W&amp;D<Node id="1426" /> defence document is propped up in the window of a supervisor's office. Many employees are shareholders, and all are aware that <Node id="1554" />Monday<Node id="1560" /> is the bids closing date, effectively the company's day of reckoning.<Node id="1630" />

<Node id="1632" />Pubmaster<Node id="1641" />'s boss, <Node id="1650" />John Sands<Node id="1660" />, would fare poorly in a popularity contest. <Node id="1705" />Kevin Denny<Node id="1716" />, an engineering foreman, says: "If he came in now I'd tell him to get on with running his own pubs and keep his hands off our company."<Node id="1852" />

<Node id="1854" />Denny<Node id="1859" /> has worked at the brewery for 42 years."I can't imagine <Node id="1916" />Wolverhampton<Node id="1929" /> without the brewery. Most people drink Banks's here - I just hope this bid doesn't go through."<Node id="2025" />

<Node id="2027" />The site is written into local folklore: the kegging block used to be the <Node id="2101" />Queen Victoria Nursing Home<Node id="2128" />, where decathlete <Node id="2147" />Daley Thompson<Node id="2161" />, one of <Node id="2170" />Wolverhampton<Node id="2183" />'s most famous sons, was born.<Node id="2213" />

<Node id="2215" />There is frustration that, despite making steady profits, <Node id="2273" />W&amp;D<Node id="2276" /> is under threat. <Node id="2294" />Pete Ellis<Node id="2304" />, who channels tankerloads of lager into kegs for <Node id="2354" />W&amp;D<Node id="2357" />'s pubs, says: "I've worked here for 20 years and we've never failed to make a profit. If you've got a company which is making money, it shouldn't be put in this situation. I've got two kids - one of them's trying to get into university. I don't know what's going to happen. As far as I'm concerned this could be one of the worst things that's ever happened to <Node id="2718" />Wolverhampton<Node id="2731" />."<Node id="2733" />

<Node id="2735" />In common with many real ales, Banks's bitter experienced a slow, steady decline in sales during <Node id="2832" />the 1990s<Node id="2841" />, although <Node id="2852" />W&amp;D<Node id="2855" /> maintains that the <Node id="2875" />past year<Node id="2884" /> has seen an increase. <Node id="2907" />Pubmaster<Node id="2916" />, backed by the German bank <Node id="2944" />WestLB<Node id="2950" />, has little interest in such a low-growth, unfashionable industry; it wants <Node id="3027" />W&amp;D<Node id="3030" />'s pub estate, which it will run on an arm's length basis, picking up a monthly rent cheque from tenants.<Node id="3135" />

<Node id="3137" />The <Node id="3141" />W&amp;D<Node id="3144" /> breweries, in <Node id="3159" />Mansfield<Node id="3168" />, <Node id="3170" />Hartlepool<Node id="3180" />, <Node id="3182" />Burton-on-Trent<Node id="3197" /> and <Node id="3202" />Wolverhampton<Node id="3215" /> are labour-intensive, low-growth business that few want to back; the Vaux brewery in <Node id="3301" />Sunderland<Node id="3311" /> disappeared <Node id="3324" />two years ago<Node id="3337" /> after failing to find a buyer.<Node id="3368" />

<Node id="3370" />Tom Collins<Node id="3381" />, a packing supervisor at the <Node id="3411" />Park<Node id="3415" /> brewery for 20 years, is critical of the track record of <Node id="3473" />Pubmaster<Node id="3482" />'s management: "I'm not a lover of <Node id="3517" />John Sands<Node id="3527" />, not even from the days when he ran the pub operations at <Node id="3586" />Brent Walker<Node id="3598" />."<Node id="3600" />

<Node id="3602" />He was also extremely disparaging about <Node id="3642" />Mr Sands<Node id="3650" /> period in charge when he ran the <Node id="3684" />Cameron<Node id="3691" />'s brewery in <Node id="3705" />Hartlepool<Node id="3715" />."<Node id="3717" />

<Node id="3719" />Collins<Node id="3726" /> is 54 <Node id="3733" />next month<Node id="3743" /> and concerned about prospects for alternative employment: "If <Node id="3806" />Pubmaster<Node id="3815" /> succeeds, it would bugger up the rest of my life."<Node id="3866" />

<Node id="3868" />W&amp;D<Node id="3871" /> is among the biggest employers in <Node id="3906" />Wolverhampton<Node id="3919" />. A nearby <Node id="3930" />Pirelli<Node id="3937" /> tyre plant has more staff but laid off workers recently. Head brewer <Node id="4007" />John Doherty<Node id="4019" /> says: "There's more closing down than taking on staff in <Node id="4077" />Wolverhampton<Node id="4090" />."<Node id="4092" />

<Node id="4094" />W&amp;D<Node id="4097" />'s management has tried to offset falling volumes. The recently acquired <Node id="4170" />Mansfield Brewery<Node id="4187" /> is to shut and production transferred to <Node id="4229" />Wolverhampton<Node id="4242" /> under a programme named Project Hawk. It has taken on more lager brewing, although it has been criticised for agreeing contracts to brew poorly regarded brands.<Node id="4403" />

<Node id="4405" />The brewery's 55 lorries are a familiar sight in the <Node id="4458" />Midlands<Node id="4466" />, delivering about 2,000 barrels of Banks's ale a day. At daily tasting sessions, senior staff give the latest batches a score out of 10. Anything below a six is "blacked", or thrown away.<Node id="4654" />

<Node id="4656" />W&amp;D<Node id="4659" /> is no stranger to fighting takeover wars. Its successful battle with <Node id="4729" />Marston, Thompson &amp; Evershed<Node id="4757" /> in <Node id="4761" />1999<Node id="4765" /> was a classic. Later that year, <Node id="4798" />W&amp;D<Node id="4801" /> faced down political opposition to buy <Node id="4841" />Mansfield Brewery<Node id="4858" />, with a promise to keep the site running for at least two years. Having recently announced plans to shut that business, <Node id="4979" />W&amp;D<Node id="4982" />'s management is careful not to articulate any criticism of <Node id="5042" />Pubmaster<Node id="5051" />'s "slash and burn" strategy.<Node id="5080" />

<Node id="5082" />Some employees criticise <Node id="5107" />W&amp;D<Node id="5110" />'s management for lack of aggression in the company's defence. Retail director <Node id="5189" />Derek Andrew<Node id="5201" /> admits: "It's difficult to articulate to staff why we're pursuing a particular defence style. <Node id="5296" />Pubmaster<Node id="5305" /> have adopted an almost tabloid-style vilification approach. We're having a debate about value and no-premium control. You may well sense a frustration in the brewery that when we're being attacked on a personal level we don't seem to hit back."<Node id="5550" />

<Node id="5552" />Aggression has not been a traditional strength of <Node id="5602" />W&amp;D<Node id="5605" />, originally a family company run by archetypal members of the British "beerage". Chairman <Node id="5696" />David Thompson<Node id="5710" /> recently took the top job from his uncle, <Node id="5753" />David Miller<Node id="5765" />.<Node id="5766" />

<Node id="5768" />The management is planning a celebratory drink for staff if <Node id="5828" />W&amp;D<Node id="5831" /> thwarts <Node id="5840" />Pubmaster<Node id="5849" />. The venue, however, is yet to be arranged, for fear of tempting fate.<Node id="5920" /></TextWithNodes>
<!-- The default annotation set -->

<AnnotationSet>
</AnnotationSet>

<!-- Named annotation set -->

<AnnotationSet Name="Key">
<Annotation Id="0" Type="Person" StartNode="5696" EndNode="5710">
<Feature>
  <Name className="java.lang.String">id</Name>
  <Value className="java.lang.Integer">0</Value>
</Feature>
</Annotation>
<Annotation Id="1" Type="Organization" StartNode="4729" EndNode="4757">
<Feature>
  <Name className="java.lang.String">id</Name>
  <Value className="java.lang.Integer">1</Value>
</Feature>
</Annotation>
<Annotation Id="2" Type="Organization" StartNode="3586" EndNode="3598">
<Feature>
  <Name className="java.lang.String">id</Name>
  <Value className="java.lang.Integer">2</Value>
</Feature>
</Annotation>
<Annotation Id="3" Type="Organization" StartNode="5840" EndNode="5849">
<Feature>
  <Name className="java.lang.String">id</Name>
  <Value className="java.lang.Integer">3</Value>
</Feature>
</Annotation>
<Annotation Id="4" Type="Organization" StartNode="5296" EndNode="5305">
<Feature>
  <Name className="java.lang.String">id</Name>
  <Value className="java.lang.Integer">4</Value>
</Feature>
</Annotation>
<Annotation Id="5" Type="Organization" StartNode="5042" EndNode="5051">
<Feature>
  <Name className="java.lang.String">id</Name>
  <Value className="java.lang.Integer">5</Value>
</Feature>
</Annotation>
<Annotation Id="6" Type="Organization" StartNode="4841" EndNode="4858">
<Feature>
  <Name className="java.lang.String">id</Name>
  <Value className="java.lang.Integer">6</Value>
</Feature>
</Annotation>
<Annotation Id="7" Type="Location" StartNode="4458" EndNode="4466">
</Annotation>
<Annotation Id="8" Type="Location" StartNode="4229" EndNode="4242">
</Annotation>
<Annotation Id="9" Type="Organization" StartNode="4170" EndNode="4187">
<Feature>
  <Name className="java.lang.String">id</Name>
  <Value className="java.lang.Integer">9</Value>
</Feature>
</Annotation>
<Annotation Id="10" Type="Location" StartNode="4077" EndNode="4090">
</Annotation>
<Annotation Id="11" Type="Organization" StartNode="3684" EndNode="3691">
<Feature>
  <Name className="java.lang.String">id</Name>
  <Value className="java.lang.Integer">11</Value>
</Feature>
</Annotation>
<Annotation Id="12" Type="Organization" StartNode="3806" EndNode="3815">
<Feature>
  <Name className="java.lang.String">id</Name>
  <Value className="java.lang.Integer">12</Value>
</Feature>
</Annotation>
<Annotation Id="13" Type="Location" StartNode="3705" EndNode="3715">
</Annotation>
<Annotation Id="14" Type="Location" StartNode="3906" EndNode="3919">
</Annotation>
<Annotation Id="15" Type="Organization" StartNode="3411" EndNode="3415">
<Feature>
  <Name className="java.lang.String">id</Name>
  <Value className="java.lang.Integer">15</Value>
</Feature>
</Annotation>
<Annotation Id="17" Type="Location" StartNode="3202" EndNode="3215">
</Annotation>
<Annotation Id="16" Type="Organization" StartNode="3473" EndNode="3482">
<Feature>
  <Name className="java.lang.String">id</Name>
  <Value className="java.lang.Integer">16</Value>
</Feature>
</Annotation>
<Annotation Id="19" Type="Location" StartNode="3170" EndNode="3180">
</Annotation>
<Annotation Id="18" Type="Location" StartNode="3182" EndNode="3197">
</Annotation>
<Annotation Id="21" Type="Organization" StartNode="3141" EndNode="3144">
<Feature>
  <Name className="java.lang.String">id</Name>
  <Value className="java.lang.Integer">21</Value>
</Feature>
</Annotation>
<Annotation Id="20" Type="Location" StartNode="3159" EndNode="3168">
</Annotation>
<Annotation Id="23" Type="Organization" StartNode="2944" EndNode="2950">
<Feature>
  <Name className="java.lang.String">id</Name>
  <Value className="java.lang.Integer">23</Value>
</Feature>
</Annotation>
<Annotation Id="22" Type="Location" StartNode="2718" EndNode="2731">
</Annotation>
<Annotation Id="25" Type="Location" StartNode="2170" EndNode="2183">
</Annotation>
<Annotation Id="24" Type="Organization" StartNode="2907" EndNode="2916">
<Feature>
  <Name className="java.lang.String">id</Name>
  <Value className="java.lang.Integer">24</Value>
</Feature>
</Annotation>
<Annotation Id="27" Type="Organization" StartNode="1632" EndNode="1641">
<Feature>
  <Name className="java.lang.String">id</Name>
  <Value className="java.lang.Integer">27</Value>
</Feature>
</Annotation>
<Annotation Id="26" Type="Location" StartNode="1916" EndNode="1929">
</Annotation>
<Annotation Id="29" Type="Organization" StartNode="1338" EndNode="1372">
<Feature>
  <Name className="java.lang.String">id</Name>
  <Value className="java.lang.Integer">29</Value>
</Feature>
</Annotation>
<Annotation Id="28" Type="Organization" StartNode="1423" EndNode="1426">
<Feature>
  <Name className="java.lang.String">id</Name>
  <Value className="java.lang.Integer">28</Value>
</Feature>
</Annotation>
<Annotation Id="31" Type="Person" StartNode="1051" EndNode="1059">
<Feature>
  <Name className="java.lang.String">id</Name>
  <Value className="java.lang.Integer">31</Value>
</Feature>
</Annotation>
<Annotation Id="30" Type="Organization" StartNode="1150" EndNode="1159">
<Feature>
  <Name className="java.lang.String">id</Name>
  <Value className="java.lang.Integer">30</Value>
</Feature>
</Annotation>
<Annotation Id="34" Type="Organization" StartNode="416" EndNode="428">
<Feature>
  <Name className="java.lang.String">id</Name>
  <Value className="java.lang.Integer">34</Value>
</Feature>
</Annotation>
<Annotation Id="35" Type="Person" StartNode="398" EndNode="406">
<Feature>
  <Name className="java.lang.String">id</Name>
  <Value className="java.lang.Integer">35</Value>
</Feature>
</Annotation>
<Annotation Id="32" Type="Organization" StartNode="755" EndNode="764">
<Feature>
  <Name className="java.lang.String">id</Name>
  <Value className="java.lang.Integer">32</Value>
</Feature>
</Annotation>
<Annotation Id="33" Type="Person" StartNode="678" EndNode="686">
<Feature>
  <Name className="java.lang.String">id</Name>
  <Value className="java.lang.Integer">33</Value>
</Feature>
</Annotation>
<Annotation Id="38" Type="Location" StartNode="90" EndNode="103">
</Annotation>
<Annotation Id="39" Type="Organization" StartNode="5828" EndNode="5831">
<Feature>
  <Name className="java.lang.String">orgType</Name>
  <Value className="java.lang.String">unknown</Value>
</Feature>
<Feature>
  <Name className="java.lang.String">rule1</Name>
  <Value className="java.lang.String">OrgXandY</Value>
</Feature>
<Feature>
  <Name className="java.lang.String">id</Name>
  <Value className="java.lang.Integer">39</Value>
</Feature>
<Feature>
  <Name className="java.lang.String">rule2</Name>
  <Value className="java.lang.String">OrgFinal</Value>
</Feature>
</Annotation>
<Annotation Id="36" Type="Organization" StartNode="235" EndNode="258">
<Feature>
  <Name className="java.lang.String">id</Name>
  <Value className="java.lang.Integer">36</Value>
</Feature>
</Annotation>
<Annotation Id="37" Type="Location" StartNode="217" EndNode="225">
</Annotation>
<Annotation Id="42" Type="Person" StartNode="5189" EndNode="5201">
<Feature>
  <Name className="java.lang.String">rule1</Name>
  <Value className="java.lang.String">PersonJobTitle</Value>
</Feature>
<Feature>
  <Name className="java.lang.String">id</Name>
  <Value className="java.lang.Integer">42</Value>
</Feature>
<Feature>
  <Name className="java.lang.String">gender</Name>
  <Value className="java.lang.String">null</Value>
</Feature>
<Feature>
  <Name className="java.lang.String">rule</Name>
  <Value className="java.lang.String">PersonFinal</Value>
</Feature>
</Annotation>
<Annotation Id="43" Type="Organization" StartNode="5107" EndNode="5110">
<Feature>
  <Name className="java.lang.String">orgType</Name>
  <Value className="java.lang.String">unknown</Value>
</Feature>
<Feature>
  <Name className="java.lang.String">rule1</Name>
  <Value className="java.lang.String">OrgXandY</Value>
</Feature>
<Feature>
  <Name className="java.lang.String">id</Name>
  <Value className="java.lang.Integer">43</Value>
</Feature>
<Feature>
  <Name className="java.lang.String">rule2</Name>
  <Value className="java.lang.String">OrgFinal</Value>
</Feature>
</Annotation>
<Annotation Id="40" Type="Person" StartNode="5753" EndNode="5765">
<Feature>
  <Name className="java.lang.String">rule1</Name>
  <Value className="java.lang.String">PersonFull</Value>
</Feature>
<Feature>
  <Name className="java.lang.String">id</Name>
  <Value className="java.lang.Integer">40</Value>
</Feature>
<Feature>
  <Name className="java.lang.String">gender</Name>
  <Value className="java.lang.String">male</Value>
</Feature>
<Feature>
  <Name className="java.lang.String">rule</Name>
  <Value className="java.lang.String">PersonFinal</Value>
</Feature>
</Annotation>
<Annotation Id="41" Type="Organization" StartNode="5602" EndNode="5605">
<Feature>
  <Name className="java.lang.String">orgType</Name>
  <Value className="java.lang.String">unknown</Value>
</Feature>
<Feature>
  <Name className="java.lang.String">rule1</Name>
  <Value className="java.lang.String">OrgXandY</Value>
</Feature>
<Feature>
  <Name className="java.lang.String">id</Name>
  <Value className="java.lang.Integer">41</Value>
</Feature>
<Feature>
  <Name className="java.lang.String">rule2</Name>
  <Value className="java.lang.String">OrgFinal</Value>
</Feature>
</Annotation>
<Annotation Id="46" Type="Date" StartNode="4761" EndNode="4765">
<Feature>
  <Name className="java.lang.String">rule1</Name>
  <Value className="java.lang.String">TempYear2</Value>
</Feature>
<Feature>
  <Name className="java.lang.String">kind</Name>
  <Value className="java.lang.String">date</Value>
</Feature>
<Feature>
  <Name className="java.lang.String">rule2</Name>
  <Value className="java.lang.String">YearOnlyFinal</Value>
</Feature>
</Annotation>
<Annotation Id="47" Type="Organization" StartNode="4656" EndNode="4659">
<Feature>
  <Name className="java.lang.String">orgType</Name>
  <Value className="java.lang.String">unknown</Value>
</Feature>
<Feature>
  <Name className="java.lang.String">rule1</Name>
  <Value className="java.lang.String">OrgXandY</Value>
</Feature>
<Feature>
  <Name className="java.lang.String">id</Name>
  <Value className="java.lang.Integer">47</Value>
</Feature>
<Feature>
  <Name className="java.lang.String">rule2</Name>
  <Value className="java.lang.String">OrgFinal</Value>
</Feature>
</Annotation>
<Annotation Id="44" Type="Organization" StartNode="4979" EndNode="4982">
<Feature>
  <Name className="java.lang.String">orgType</Name>
  <Value className="java.lang.String">unknown</Value>
</Feature>
<Feature>
  <Name className="java.lang.String">rule1</Name>
  <Value className="java.lang.String">OrgXandY</Value>
</Feature>
<Feature>
  <Name className="java.lang.String">id</Name>
  <Value className="java.lang.Integer">44</Value>
</Feature>
<Feature>
  <Name className="java.lang.String">rule2</Name>
  <Value className="java.lang.String">OrgFinal</Value>
</Feature>
</Annotation>
<Annotation Id="45" Type="Organization" StartNode="4798" EndNode="4801">
<Feature>
  <Name className="java.lang.String">orgType</Name>
  <Value className="java.lang.String">unknown</Value>
</Feature>
<Feature>
  <Name className="java.lang.String">rule1</Name>
  <Value className="java.lang.String">OrgXandY</Value>
</Feature>
<Feature>
  <Name className="java.lang.String">id</Name>
  <Value className="java.lang.Integer">45</Value>
</Feature>
<Feature>
  <Name className="java.lang.String">rule2</Name>
  <Value className="java.lang.String">OrgFinal</Value>
</Feature>
</Annotation>
<Annotation Id="51" Type="Organization" StartNode="3868" EndNode="3871">
<Feature>
  <Name className="java.lang.String">orgType</Name>
  <Value className="java.lang.String">unknown</Value>
</Feature>
<Feature>
  <Name className="java.lang.String">rule1</Name>
  <Value className="java.lang.String">OrgXandY</Value>
</Feature>
<Feature>
  <Name className="java.lang.String">id</Name>
  <Value className="java.lang.Integer">51</Value>
</Feature>
<Feature>
  <Name className="java.lang.String">rule2</Name>
  <Value className="java.lang.String">OrgFinal</Value>
</Feature>
</Annotation>
<Annotation Id="50" Type="Organization" StartNode="3930" EndNode="3937">
<Feature>
  <Name className="java.lang.String">orgType</Name>
  <Value className="java.lang.String">company</Value>
</Feature>
<Feature>
  <Name className="java.lang.String">rule1</Name>
  <Value className="java.lang.String">GazOrganization</Value>
</Feature>
<Feature>
  <Name className="java.lang.String">id</Name>
  <Value className="java.lang.Integer">50</Value>
</Feature>
<Feature>
  <Name className="java.lang.String">rule2</Name>
  <Value className="java.lang.String">OrgFinal</Value>
</Feature>
</Annotation>
<Annotation Id="49" Type="Person" StartNode="4007" EndNode="4019">
<Feature>
  <Name className="java.lang.String">rule1</Name>
  <Value className="java.lang.String">PersonFull</Value>
</Feature>
<Feature>
  <Name className="java.lang.String">id</Name>
  <Value className="java.lang.Integer">49</Value>
</Feature>
<Feature>
  <Name className="java.lang.String">gender</Name>
  <Value className="java.lang.String">male</Value>
</Feature>
<Feature>
  <Name className="java.lang.String">rule</Name>
  <Value className="java.lang.String">PersonFinal</Value>
</Feature>
</Annotation>
<Annotation Id="48" Type="Organization" StartNode="4094" EndNode="4097">
<Feature>
  <Name className="java.lang.String">orgType</Name>
  <Value className="java.lang.String">unknown</Value>
</Feature>
<Feature>
  <Name className="java.lang.String">rule1</Name>
  <Value className="java.lang.String">OrgXandY</Value>
</Feature>
<Feature>
  <Name className="java.lang.String">id</Name>
  <Value className="java.lang.Integer">48</Value>
</Feature>
<Feature>
  <Name className="java.lang.String">rule2</Name>
  <Value className="java.lang.String">OrgFinal</Value>
</Feature>
</Annotation>
<Annotation Id="55" Type="Person" StartNode="3370" EndNode="3381">
<Feature>
  <Name className="java.lang.String">rule1</Name>
  <Value className="java.lang.String">PersonFull</Value>
</Feature>
<Feature>
  <Name className="java.lang.String">id</Name>
  <Value className="java.lang.Integer">55</Value>
</Feature>
<Feature>
  <Name className="java.lang.String">gender</Name>
  <Value className="java.lang.String">male</Value>
</Feature>
<Feature>
  <Name className="java.lang.String">rule</Name>
  <Value className="java.lang.String">PersonFinal</Value>
</Feature>
</Annotation>
<Annotation Id="54" Type="Person" StartNode="3517" EndNode="3527">
<Feature>
  <Name className="java.lang.String">rule1</Name>
  <Value className="java.lang.String">PersonFull</Value>
</Feature>
<Feature>
  <Name className="java.lang.String">id</Name>
  <Value className="java.lang.Integer">54</Value>
</Feature>
<Feature>
  <Name className="java.lang.String">gender</Name>
  <Value className="java.lang.String">male</Value>
</Feature>
<Feature>
  <Name className="java.lang.String">rule</Name>
  <Value className="java.lang.String">PersonFinal</Value>
</Feature>
</Annotation>
<Annotation Id="53" Type="Person" StartNode="3642" EndNode="3650">
<Feature>
  <Name className="java.lang.String">rule1</Name>
  <Value className="java.lang.String">PersonTitleGender</Value>
</Feature>
<Feature>
  <Name className="java.lang.String">id</Name>
  <Value className="java.lang.Integer">53</Value>
</Feature>
<Feature>
  <Name className="java.lang.String">gender</Name>
  <Value className="java.lang.String">male</Value>
</Feature>
<Feature>
  <Name className="java.lang.String">rule</Name>
  <Value className="java.lang.String">PersonFinal</Value>
</Feature>
</Annotation>
<Annotation Id="52" Type="Person" StartNode="3719" EndNode="3726">
<Feature>
  <Name className="java.lang.String">rule1</Name>
  <Value className="java.lang.String">GazPersonFirst</Value>
</Feature>
<Feature>
  <Name className="java.lang.String">id</Name>
  <Value className="java.lang.Integer">52</Value>
</Feature>
<Feature>
  <Name className="java.lang.String">gender</Name>
  <Value className="java.lang.String">male</Value>
</Feature>
<Feature>
  <Name className="java.lang.String">rule</Name>
  <Value className="java.lang.String">PersonFinal</Value>
</Feature>
</Annotation>
<Annotation Id="59" Type="Date" StartNode="2832" EndNode="2841">
<Feature>
  <Name className="java.lang.String">rule1</Name>
  <Value className="java.lang.String">YearSpan1</Value>
</Feature>
<Feature>
  <Name className="java.lang.String">kind</Name>
  <Value className="java.lang.String">date</Value>
</Feature>
<Feature>
  <Name className="java.lang.String">rule2</Name>
  <Value className="java.lang.String">DateOnlyFinal</Value>
</Feature>
</Annotation>
<Annotation Id="58" Type="Organization" StartNode="2852" EndNode="2855">
<Feature>
  <Name className="java.lang.String">orgType</Name>
  <Value className="java.lang.String">unknown</Value>
</Feature>
<Feature>
  <Name className="java.lang.String">rule1</Name>
  <Value className="java.lang.String">OrgXandY</Value>
</Feature>
<Feature>
  <Name className="java.lang.String">id</Name>
  <Value className="java.lang.Integer">58</Value>
</Feature>
<Feature>
  <Name className="java.lang.String">rule2</Name>
  <Value className="java.lang.String">OrgFinal</Value>
</Feature>
</Annotation>
<Annotation Id="57" Type="Organization" StartNode="3027" EndNode="3030">
<Feature>
  <Name className="java.lang.String">orgType</Name>
  <Value className="java.lang.String">unknown</Value>
</Feature>
<Feature>
  <Name className="java.lang.String">rule1</Name>
  <Value className="java.lang.String">OrgXandY</Value>
</Feature>
<Feature>
  <Name className="java.lang.String">id</Name>
  <Value className="java.lang.Integer">57</Value>
</Feature>
<Feature>
  <Name className="java.lang.String">rule2</Name>
  <Value className="java.lang.String">OrgFinal</Value>
</Feature>
</Annotation>
<Annotation Id="56" Type="Location" StartNode="3301" EndNode="3311">
<Feature>
  <Name className="java.lang.String">locType</Name>
  <Value className="java.lang.String">city</Value>
</Feature>
<Feature>
  <Name className="java.lang.String">rule1</Name>
  <Value className="java.lang.String">GazLocation</Value>
</Feature>
<Feature>
  <Name className="java.lang.String">rule2</Name>
  <Value className="java.lang.String">LocFinal</Value>
</Feature>
</Annotation>
<Annotation Id="63" Type="Person" StartNode="2147" EndNode="2161">
<Feature>
  <Name className="java.lang.String">rule1</Name>
  <Value className="java.lang.String">PersonFull</Value>
</Feature>
<Feature>
  <Name className="java.lang.String">id</Name>
  <Value className="java.lang.Integer">63</Value>
</Feature>
<Feature>
  <Name className="java.lang.String">gender</Name>
  <Value className="java.lang.String">male</Value>
</Feature>
<Feature>
  <Name className="java.lang.String">rule</Name>
  <Value className="java.lang.String">PersonFinal</Value>
</Feature>
</Annotation>
<Annotation Id="62" Type="Organization" StartNode="2273" EndNode="2276">
<Feature>
  <Name className="java.lang.String">orgType</Name>
  <Value className="java.lang.String">unknown</Value>
</Feature>
<Feature>
  <Name className="java.lang.String">rule1</Name>
  <Value className="java.lang.String">OrgXandY</Value>
</Feature>
<Feature>
  <Name className="java.lang.String">id</Name>
  <Value className="java.lang.Integer">62</Value>
</Feature>
<Feature>
  <Name className="java.lang.String">rule2</Name>
  <Value className="java.lang.String">OrgFinal</Value>
</Feature>
</Annotation>
<Annotation Id="61" Type="Person" StartNode="2294" EndNode="2304">
<Feature>
  <Name className="java.lang.String">rule1</Name>
  <Value className="java.lang.String">PersonFull</Value>
</Feature>
<Feature>
  <Name className="java.lang.String">id</Name>
  <Value className="java.lang.Integer">61</Value>
</Feature>
<Feature>
  <Name className="java.lang.String">gender</Name>
  <Value className="java.lang.String">male</Value>
</Feature>
<Feature>
  <Name className="java.lang.String">rule</Name>
  <Value className="java.lang.String">PersonFinal</Value>
</Feature>
</Annotation>
<Annotation Id="60" Type="Organization" StartNode="2354" EndNode="2357">
<Feature>
  <Name className="java.lang.String">orgType</Name>
  <Value className="java.lang.String">unknown</Value>
</Feature>
<Feature>
  <Name className="java.lang.String">rule1</Name>
  <Value className="java.lang.String">gXandY</Value>
</Feature>
<Feature>
  <Name className="java.lang.String">id</Name>
  <Value className="java.lang.Integer">60</Value>
</Feature>
<Feature>
  <Name className="java.lang.String">rule2</Name>
  <Value className="java.lang.String">OrgFinal</Value>
</Feature>
</Annotation>
<Annotation Id="68" Type="Date" StartNode="1554" EndNode="1560">
<Feature>
  <Name className="java.lang.String">rule1</Name>
  <Value className="java.lang.String">GazDate</Value>
</Feature>
<Feature>
  <Name className="java.lang.String">kind</Name>
  <Value className="java.lang.String">date</Value>
</Feature>
<Feature>
  <Name className="java.lang.String">rule2</Name>
  <Value className="java.lang.String">DateOnlyFinal</Value>
</Feature>
</Annotation>
<Annotation Id="69" Type="Organization" StartNode="824" EndNode="827">
<Feature>
  <Name className="java.lang.String">orgType</Name>
  <Value className="java.lang.String">unknown</Value>
</Feature>
<Feature>
  <Name className="java.lang.String">rule1</Name>
  <Value className="java.lang.String">OrgXandY</Value>
</Feature>
<Feature>
  <Name className="java.lang.String">id</Name>
  <Value className="java.lang.Integer">69</Value>
</Feature>
<Feature>
  <Name className="java.lang.String">rule2</Name>
  <Value className="java.lang.String">OrgFinal</Value>
</Feature>
</Annotation>
<Annotation Id="70" Type="Organization" StartNode="578" EndNode="610">
<Feature>
  <Name className="java.lang.String">orgType</Name>
  <Value className="java.lang.String">unknown</Value>
</Feature>
<Feature>
  <Name className="java.lang.String">rule1</Name>
  <Value className="java.lang.String">OrgXandY</Value>
</Feature>
<Feature>
  <Name className="java.lang.String">id</Name>
  <Value className="java.lang.Integer">70</Value>
</Feature>
<Feature>
  <Name className="java.lang.String">rule2</Name>
  <Value className="java.lang.String">OrgFinal</Value>
</Feature>
</Annotation>
<Annotation Id="71" Type="Date" StartNode="477" EndNode="481">
<Feature>
  <Name className="java.lang.String">rule1</Name>
  <Value className="java.lang.String">TempYear3</Value>
</Feature>
<Feature>
  <Name className="java.lang.String">kind</Name>
  <Value className="java.lang.String">date</Value>
</Feature>
<Feature>
  <Name className="java.lang.String">rule2</Name>
  <Value className="java.lang.String">YearOnlyFinal</Value>
</Feature>
</Annotation>
<Annotation Id="64" Type="Organization" StartNode="2101" EndNode="2128">
<Feature>
  <Name className="java.lang.String">orgType</Name>
  <Value className="java.lang.String">unknown</Value>
</Feature>
<Feature>
  <Name className="java.lang.String">rule1</Name>
  <Value className="java.lang.String">OrgXBase</Value>
</Feature>
<Feature>
  <Name className="java.lang.String">id</Name>
  <Value className="java.lang.Integer">64</Value>
</Feature>
<Feature>
  <Name className="java.lang.String">rule2</Name>
  <Value className="java.lang.String">OrgFinal</Value>
</Feature>
</Annotation>
<Annotation Id="65" Type="Person" StartNode="1854" EndNode="1859">
<Feature>
  <Name className="java.lang.String">rule1</Name>
  <Value className="java.lang.String">GazPersonFirst</Value>
</Feature>
<Feature>
  <Name className="java.lang.String">id</Name>
  <Value className="java.lang.Integer">65</Value>
</Feature>
<Feature>
  <Name className="java.lang.String">gender</Name>
  <Value className="java.lang.String">male</Value>
</Feature>
<Feature>
  <Name className="java.lang.String">rule</Name>
  <Value className="java.lang.String">PersonFinal</Value>
</Feature>
</Annotation>
<Annotation Id="66" Type="Person" StartNode="1705" EndNode="1716">
<Feature>
  <Name className="java.lang.String">rule1</Name>
  <Value className="java.lang.String">PersonFull</Value>
</Feature>
<Feature>
  <Name className="java.lang.String">id</Name>
  <Value className="java.lang.Integer">66</Value>
</Feature>
<Feature>
  <Name className="java.lang.String">gender</Name>
  <Value className="java.lang.String">male</Value>
</Feature>
<Feature>
  <Name className="java.lang.String">le</Name>
  <Value className="java.lang.String">PersonFinal</Value>
</Feature>
</Annotation>
<Annotation Id="67" Type="Person" StartNode="1650" EndNode="1660">
<Feature>
  <Name className="java.lang.String">rule1</Name>
  <Value className="java.lang.String">PersonFull</Value>
</Feature>
<Feature>
  <Name className="java.lang.String">id</Name>
  <Value className="java.lang.Integer">67</Value>
</Feature>
<Feature>
  <Name className="java.lang.String">der</Name>
  <Value className="java.lang.String">male</Value>
</Feature>
<Feature>
  <Name className="java.lang.String">rule</Name>
  <Value className="java.lang.String">PersonFinal</Value>
</Feature>
</Annotation>
<Annotation Id="76" Type="Money" StartNode="778" EndNode="788">
<Feature>
  <Name className="java.lang.String">kind</Name>
  <Value className="java.lang.String">number</Value>
</Feature>
<Feature>
  <Name className="java.lang.String">rule</Name>
  <Value className="java.lang.String">MoneyCurrencyUnit</Value>
</Feature>
</Annotation>
<Annotation Id="77" Type="Date" StartNode="2875" EndNode="2884">
<Feature>
  <Name className="java.lang.String">kind</Name>
  <Value className="java.lang.String">date</Value>
</Feature>
</Annotation>
<Annotation Id="78" Type="Date" StartNode="3324" EndNode="3337">
<Feature>
  <Name className="java.lang.String">kind</Name>
  <Value className="java.lang.String">date</Value>
</Feature>
</Annotation>
<Annotation Id="79" Type="Date" StartNode="3733" EndNode="3743">
<Feature>
  <Name className="java.lang.String">kind</Name>
  <Value className="java.lang.String">date</Value>
</Feature>
</Annotation>
<Annotation Id="72" Type="Person" StartNode="317" EndNode="333">
<Feature>
  <Name className="java.lang.String">rule1</Name>
  <Value className="java.lang.String">PersonJobTitle</Value>
</Feature>
<Feature>
  <Name className="java.lang.String">id</Name>
  <Value className="java.lang.Integer">72</Value>
</Feature>
<Feature>
  <Name className="java.lang.String">gender</Name>
  <Value className="java.lang.String">null</Value>
</Feature>
<Feature>
  <Name className="java.lang.String">rule</Name>
  <Value className="java.lang.String">PersonFinal</Value>
</Feature>
</Annotation>
<Annotation Id="73" Type="Percent" StartNode="1377" EndNode="1380">
<Feature>
  <Name className="java.lang.String">rule</Name>
  <Value className="java.lang.String">PercentBasic</Value>
</Feature>
</Annotation>
<Annotation Id="74" Type="Percent" StartNode="1209" EndNode="1212">
<Feature>
  <Name className="java.lang.String">rule</Name>
  <Value className="java.lang.String">PercentBasic</Value>
</Feature>
</Annotation>
<Annotation Id="75" Type="Percent" StartNode="1162" EndNode="1165">
<Feature>
  <Name className="java.lang.String">rule</Name>
  <Value className="java.lang.String">PercentBasic</Value>
</Feature>
</Annotation>
<Annotation Id="14454" Type="RelationClass" StartNode="3517" EndNode="3598">
<Feature>
  <Name className="java.lang.String">rel-type</Name>
  <Value className="java.lang.String">employed-by</Value>
</Feature>
<Feature>
  <Name className="java.lang.String">pers-id</Name>
  <Value className="java.lang.String">54</Value>
</Feature>
<Feature>
  <Name className="java.lang.String">org-id</Name>
  <Value className="java.lang.String">2</Value>
</Feature>
</Annotation>
<Annotation Id="14455" Type="RelationClass" StartNode="398" EndNode="428">
<Feature>
  <Name className="java.lang.String">rel-type</Name>
  <Value className="java.lang.String">employed-by</Value>
</Feature>
<Feature>
  <Name className="java.lang.String">pers-id</Name>
  <Value className="java.lang.String">35</Value>
</Feature>
<Feature>
  <Name className="java.lang.String">org-id</Name>
  <Value className="java.lang.String">34</Value>
</Feature>
</Annotation>
<Annotation Id="14460" Type="RelationClass" StartNode="2294" EndNode="2357">
<Feature>
  <Name className="java.lang.String">rel-type</Name>
  <Value className="java.lang.String">employed-by</Value>
</Feature>
<Feature>
  <Name className="java.lang.String">pers-id</Name>
  <Value className="java.lang.String">61</Value>
</Feature>
<Feature>
  <Name className="java.lang.String">org-id</Name>
  <Value className="java.lang.String">60</Value>
</Feature>
</Annotation>
<Annotation Id="14456" Type="RelationClass" StartNode="1632" EndNode="1660">
<Feature>
  <Name className="java.lang.String">rel-type</Name>
  <Value className="java.lang.String">employed-by</Value>
</Feature>
<Feature>
  <Name className="java.lang.String">pers-id</Name>
  <Value className="java.lang.String">67</Value>
</Feature>
<Feature>
  <Name className="java.lang.String">org-id</Name>
  <Value className="java.lang.String">27</Value>
</Feature>
</Annotation>
<Annotation Id="14457" Type="RelationClass" StartNode="3370" EndNode="3415">
<Feature>
  <Name className="java.lang.String">rel-type</Name>
  <Value className="java.lang.String">employed-by</Value>
</Feature>
<Feature>
  <Name className="java.lang.String">pers-id</Name>
  <Value className="java.lang.String">55</Value>
</Feature>
<Feature>
  <Name className="java.lang.String">org-id</Name>
  <Value className="java.lang.String">15</Value>
</Feature>
</Annotation>
<Annotation Id="14458" Type="RelationClass" StartNode="3642" EndNode="3691">
<Feature>
  <Name className="java.lang.String">rel-type</Name>
  <Value className="java.lang.String">employed-by</Value>
</Feature>
<Feature>
  <Name className="java.lang.String">pers-id</Name>
  <Value className="java.lang.String">53</Value>
</Feature>
<Feature>
  <Name className="java.lang.String">org-id</Name>
  <Value className="java.lang.String">11</Value>
</Feature>
</Annotation>
<Annotation Id="14459" Type="RelationClass" StartNode="3473" EndNode="3527">
<Feature>
  <Name className="java.lang.String">rel-type</Name>
  <Value className="java.lang.String">employed-by</Value>
</Feature>
<Feature>
  <Name className="java.lang.String">pers-id</Name>
  <Value className="java.lang.String">54</Value>
</Feature>
<Feature>
  <Name className="java.lang.String">org-id</Name>
  <Value className="java.lang.String">16</Value>
</Feature>
</Annotation>
</AnnotationSet>

<!-- Named annotation set -->

<AnnotationSet Name="Original markups">
<Annotation Id="80" Type="body" StartNode="0" EndNode="5920">
<Feature>
  <Name className="java.lang.String">bgcolor</Name>
  <Value className="java.lang.String">#FFFFFF</Value>
</Feature>
</Annotation>
<Annotation Id="83" Type="font" StartNode="0" EndNode="5920">
<Feature>
  <Name className="java.lang.String">face</Name>
  <Value className="java.lang.String">Arial,Helvetica,sans-serif</Value>
</Feature>
<Feature>
  <Name className="java.lang.String">size</Name>
  <Value className="java.lang.String">3</Value>
</Feature>
</Annotation>
<Annotation Id="95" Type="font" StartNode="0" EndNode="5920">
<Feature>
  <Name className="java.lang.String">face</Name>
  <Value className="java.lang.String">Geneva,Arial,sans-serif</Value>
</Feature>
<Feature>
  <Name className="java.lang.String">size</Name>
  <Value className="java.lang.String">2</Value>
</Feature>
</Annotation>
<Annotation Id="94" Type="p" StartNode="0" EndNode="5920">
</Annotation>
<Annotation Id="102" Type="p" StartNode="1632" EndNode="1852">
</Annotation>
<Annotation Id="103" Type="p" StartNode="1854" EndNode="2025">
</Annotation>
<Annotation Id="100" Type="p" StartNode="960" EndNode="1234">
</Annotation>
<Annotation Id="101" Type="p" StartNode="1236" EndNode="1630">
</Annotation>
<Annotation Id="98" Type="p" StartNode="613" EndNode="737">
</Annotation>
<Annotation Id="99" Type="p" StartNode="739" EndNode="958">
</Annotation>
<Annotation Id="96" Type="p" StartNode="260" EndNode="396">
</Annotation>
<Annotation Id="97" Type="p" StartNode="398" EndNode="611">
</Annotation>
<Annotation Id="110" Type="p" StartNode="3719" EndNode="3866">
</Annotation>
<Annotation Id="111" Type="p" StartNode="3868" EndNode="4092">
</Annotation>
<Annotation Id="108" Type="p" StartNode="3370" EndNode="3600">
</Annotation>
<Annotation Id="109" Type="p" StartNode="3602" EndNode="3717">
</Annotation>
<Annotation Id="106" Type="p" StartNode="2735" EndNode="3135">
</Annotation>
<Annotation Id="107" Type="p" StartNode="3137" EndNode="3368">
</Annotation>
<Annotation Id="104" Type="p" StartNode="2027" EndNode="2213">
</Annotation>
<Annotation Id="105" Type="p" StartNode="2215" EndNode="2733">
</Annotation>
<Annotation Id="117" Type="p" StartNode="5768" EndNode="5920">
</Annotation>
<Annotation Id="116" Type="p" StartNode="5552" EndNode="5766">
</Annotation>
<Annotation Id="115" Type="p" StartNode="5082" EndNode="5550">
</Annotation>
<Annotation Id="114" Type="p" StartNode="4656" EndNode="5080">
</Annotation>
<Annotation Id="113" Type="p" StartNode="4405" EndNode="4654">
</Annotation>
<Annotation Id="112" Type="p" StartNode="4094" EndNode="4403">
</Annotation>
<Annotation Id="124" Type="TEXT" StartNode="0" EndNode="5920">
</Annotation>
<Annotation Id="121" Type="html" StartNode="0" EndNode="5920">
</Annotation>
</AnnotationSet>

</GateDocument>
