<?xml version='1.0' encoding='UTF-8'?>
<GateDocument>
<!-- The document's features-->

<GateDocumentFeatures>
<Feature>
  <Name className="java.lang.String">gate.SourceURL</Name>
  <Value className="java.lang.String">file:/Z:/Corpus/guardian-it-10-aug-2001.html</Value>
</Feature>
<Feature>
  <Name className="java.lang.String">gate.NAME</Name>
  <Value className="java.lang.String">doc3</Value>
</Feature>
<Feature>
  <Name className="java.lang.String">entitySet</Name>
  <Value className="java.lang.String">==== FILE: /Z:/Corpus/guardian-it-10-aug-2001.html
</Value>
</Feature>
<Feature>
  <Name className="java.lang.String">MimeType</Name>
  <Value className="java.lang.String">text/html</Value>
</Feature>
</GateDocumentFeatures>
<!-- The document content area with serialized nodes -->

<TextWithNodes><Node id="0" />Guardian iT<Node id="11" /> <Node id="12" />yesterday<Node id="21" /> became the latest British software company to warn that a slowdown in orders from large clients will hammer sales <Node id="136" />this year<Node id="145" />.
<Node id="147" />Shares in the company halved as <Node id="179" />Guardian iT<Node id="190" /> admitted that large <Node id="211" />City<Node id="215" /> institutions have held off awarding seven-figure IT services contracts.<Node id="287" />

<Node id="289" />The company also warned that demand for its new web-hosting service, which is operated from two facilities in <Node id="399" />London<Node id="405" />, has collapsed and it has shelved plans to make acquisitions in the industry.<Node id="483" />

<Node id="485" />Analysts were stunned by the news that <Node id="524" />Guardian iT<Node id="535" />'s core market has collapsed. They had believed the group was likely to weather the current recession.<Node id="637" />

<Node id="639" />Its shares closed down <Node id="662" />50%<Node id="665" /> at <Node id="669" />200p<Node id="673" /> - well under the price of <Node id="700" />255p<Node id="704" /> they were floated at <Node id="726" />three years ago<Node id="741" />.<Node id="742" />

<Node id="744" />The company's finance director, <Node id="776" />Peter Jakob<Node id="787" />, will leave the business at the <Node id="820" />end of the year<Node id="835" />. <Node id="837" />Guardian iT<Node id="848" /> said that it expected <Node id="871" />Mr Jakob<Node id="879" /> to take up a job with a management buyout team looking to build a new-technology company.<Node id="969" />

<Node id="971" />He will be replaced by <Node id="994" />Neal Roberts<Node id="1006" />, who is finance director of <Node id="1035" />Specialist Computer Holdings<Node id="1063" />.<Node id="1064" />

<Node id="1066" />Guardian iT<Node id="1077" /> supplies data management and disaster recovery services to large organisations, especially in financial districts, which are seeking to ensure that critical information is not lost when power systems fail.<Node id="1283" />

<Node id="1285" />A victim of the slump in the Square Mile's fortunes, it has not seen the expected increase in business from the <Node id="1397" />City of London<Node id="1411" />, which accounts for about <Node id="1438" />40%<Node id="1441" /> of sales.<Node id="1451" />

<Node id="1453" />"Orders effectively dried up in <Node id="1485" />May<Node id="1488" />," said chief executive <Node id="1512" />Peter MacLean<Node id="1525" />. "In previous years there have been a small number of very high value contracts placed in the market, worth over <Node id="1639" />£1m<Node id="1642" />. But there have not been any such contracts recently."<Node id="1697" />

<Node id="1699" />The only ray of sunshine in an otherwise gloomy statement from the firm was that sales of <Node id="1789" />Guardian iT<Node id="1800" />'s products in other parts of mainland <Node id="1839" />Europe<Node id="1845" /> have been increasing.<Node id="1867" />

<Node id="1869" />The company has also suffered from a general slowdown in business for web-hosting services.<Node id="1960" />

<Node id="1962" />News that its recently established iXguardian hosting operation had been hit increased calls from some analysts for the company to call a halt to its web-hosting business and use the facilities for its core services.<Node id="2178" />

<Node id="2180" />Some fund managers are understood to have sold their shares in the company after learning of its original desire to become involved in the web-hosting market.<Node id="2338" />

<Node id="2340" />Last year<Node id="2349" /> a number of start-up companies as well as large telecommunications businesses started opening data centres across <Node id="2464" />Europe<Node id="2470" />, hoping to capitalise on the internet boom.<Node id="2514" />

<Node id="2516" />The collapse of many high-profile dot.coms coupled with a general slowdown in corporate spending on IT has produced intense competition in the market and a collapse in prices, however.<Node id="2700" />

<Node id="2702" />"I think they should get rid of the web-hosting business," said <Node id="2766" />Guy Feld<Node id="2774" />, analyst at <Node id="2787" />Teather &amp; Greenwood<Node id="2806" />. "I do not think the <Node id="2828" />City<Node id="2832" /> liked it. Long term, web-hosting may be attractive but in the short term it is very cash-consumptive."<Node id="2935" />

<Node id="2937" />Guardian iT<Node id="2948" /> has already shelved its plans to acquire further web-hosting space, but <Node id="3021" />Mr MacLean<Node id="3031" /> said the group was still "wedded" to offering some form of web-hosting service to its clients.<Node id="3126" />

<Node id="3128" />The group's downbeat comments about the hosting market hit shares in <Node id="3197" />Telecity<Node id="3205" />, the internet hotel business which earlier this week admitted it needed an extra <Node id="3287" />£20m<Node id="3291" /> to get to profitability.<Node id="3316" />

<Node id="3318" />The company is still in talks with potential merger partner <Node id="3378" />Redbus Interhouse<Node id="3395" />, but advisers said that <Node id="3420" />yesterday<Node id="3429" />'s falls in <Node id="3441" />Telecity<Node id="3449" /> have sparked concerns that the deal may not go ahead.<Node id="3503" />

<Node id="3505" />Telecity<Node id="3513" /> closed down <Node id="3526" />7.5p<Node id="3530" /> at <Node id="3534" />39p<Node id="3537" />, with <Node id="3544" />Redbus<Node id="3550" /> down <Node id="3556" />4p<Node id="3558" /> at <Node id="3562" />50.5p<Node id="3567" /></TextWithNodes>
<!-- The default annotation set -->

<AnnotationSet>
</AnnotationSet>

<!-- Named annotation set -->

<AnnotationSet Name="Key">
<Annotation Id="0" Type="Date" StartNode="3420" EndNode="3429">
<Feature>
  <Name className="java.lang.String">kind</Name>
  <Value className="java.lang.String">date</Value>
</Feature>
</Annotation>
<Annotation Id="1" Type="Date" StartNode="2340" EndNode="2349">
<Feature>
  <Name className="java.lang.String">kind</Name>
  <Value className="java.lang.String">date</Value>
</Feature>
</Annotation>
<Annotation Id="2" Type="Date" StartNode="820" EndNode="835">
<Feature>
  <Name className="java.lang.String">kind</Name>
  <Value className="java.lang.String">date</Value>
</Feature>
</Annotation>
<Annotation Id="3" Type="Date" StartNode="726" EndNode="741">
<Feature>
  <Name className="java.lang.String">kind</Name>
  <Value className="java.lang.String">date</Value>
</Feature>
</Annotation>
<Annotation Id="4" Type="Date" StartNode="136" EndNode="145">
<Feature>
  <Name className="java.lang.String">kind</Name>
  <Value className="java.lang.String">date</Value>
</Feature>
</Annotation>
<Annotation Id="5" Type="Date" StartNode="12" EndNode="21">
<Feature>
  <Name className="java.lang.String">kind</Name>
  <Value className="java.lang.String">date</Value>
</Feature>
</Annotation>
<Annotation Id="7" Type="Percent" StartNode="662" EndNode="665">
<Feature>
  <Name className="java.lang.String">rule</Name>
  <Value className="java.lang.String">PercentBasic</Value>
</Feature>
</Annotation>
<Annotation Id="8" Type="Money" StartNode="669" EndNode="673">
<Feature>
  <Name className="java.lang.String">kind</Name>
  <Value className="java.lang.String">number</Value>
</Feature>
<Feature>
  <Name className="java.lang.String">rule</Name>
  <Value className="java.lang.String">MoneyCurrencyUnit</Value>
</Feature>
</Annotation>
<Annotation Id="9" Type="Money" StartNode="700" EndNode="704">
<Feature>
  <Name className="java.lang.String">kind</Name>
  <Value className="java.lang.String">number</Value>
</Feature>
<Feature>
  <Name className="java.lang.String">rule</Name>
  <Value className="java.lang.String">MoneyCurrencyUnit</Value>
</Feature>
</Annotation>
<Annotation Id="10" Type="Percent" StartNode="1438" EndNode="1441">
<Feature>
  <Name className="java.lang.String">rule</Name>
  <Value className="java.lang.String">PercentBasic</Value>
</Feature>
</Annotation>
<Annotation Id="11" Type="Money" StartNode="1639" EndNode="1642">
<Feature>
  <Name className="java.lang.String">kind</Name>
  <Value className="java.lang.String">number</Value>
</Feature>
<Feature>
  <Name className="java.lang.String">rule</Name>
  <Value className="java.lang.String">MoneySymbolUnit</Value>
</Feature>
</Annotation>
<Annotation Id="12" Type="Money" StartNode="3287" EndNode="3291">
<Feature>
  <Name className="java.lang.String">kind</Name>
  <Value className="java.lang.String">number</Value>
</Feature>
<Feature>
  <Name className="java.lang.String">rule</Name>
  <Value className="java.lang.String">MoneySymbolUnit</Value>
</Feature>
</Annotation>
<Annotation Id="13" Type="Money" StartNode="3526" EndNode="3530">
<Feature>
  <Name className="java.lang.String">kind</Name>
  <Value className="java.lang.String">number</Value>
</Feature>
<Feature>
  <Name className="java.lang.String">rule</Name>
  <Value className="java.lang.String">MoneyCurrencyUnit</Value>
</Feature>
</Annotation>
<Annotation Id="14" Type="Location" StartNode="211" EndNode="215">
</Annotation>
<Annotation Id="15" Type="Money" StartNode="3534" EndNode="3537">
<Feature>
  <Name className="java.lang.String">kind</Name>
  <Value className="java.lang.String">number</Value>
</Feature>
<Feature>
  <Name className="java.lang.String">rule</Name>
  <Value className="java.lang.String">MoneyCurrencyUnit</Value>
</Feature>
</Annotation>
<Annotation Id="17" Type="Money" StartNode="3556" EndNode="3558">
<Feature>
  <Name className="java.lang.String">kind</Name>
  <Value className="java.lang.String">number</Value>
</Feature>
<Feature>
  <Name className="java.lang.String">rule</Name>
  <Value className="java.lang.String">MoneyCurrencyUnit</Value>
</Feature>
</Annotation>
<Annotation Id="16" Type="Location" StartNode="1397" EndNode="1411">
</Annotation>
<Annotation Id="19" Type="Money" StartNode="3562" EndNode="3567">
<Feature>
  <Name className="java.lang.String">kind</Name>
  <Value className="java.lang.String">number</Value>
</Feature>
<Feature>
  <Name className="java.lang.String">rule</Name>
  <Value className="java.lang.String">MoneyCurrencyUnit</Value>
</Feature>
</Annotation>
<Annotation Id="18" Type="Location" StartNode="2828" EndNode="2832">
</Annotation>
<Annotation Id="23" Type="Person" StartNode="776" EndNode="787">
<Feature>
  <Name className="java.lang.String">rule1</Name>
  <Value className="java.lang.String">PersonFull</Value>
</Feature>
<Feature>
  <Name className="java.lang.String">id</Name>
  <Value className="java.lang.Integer">23</Value>
</Feature>
<Feature>
  <Name className="java.lang.String">gender</Name>
  <Value className="java.lang.String">male</Value>
</Feature>
<Feature>
  <Name className="java.lang.String">rule</Name>
  <Value className="java.lang.String">PersonFinal</Value>
</Feature>
</Annotation>
<Annotation Id="22" Type="Location" StartNode="399" EndNode="405">
<Feature>
  <Name className="java.lang.String">locType</Name>
  <Value className="java.lang.String">city</Value>
</Feature>
<Feature>
  <Name className="java.lang.String">rule1</Name>
  <Value className="java.lang.String">GazLocation</Value>
</Feature>
<Feature>
  <Name className="java.lang.String">rule2</Name>
  <Value className="java.lang.String">LocFinal</Value>
</Feature>
</Annotation>
<Annotation Id="25" Type="Person" StartNode="994" EndNode="1006">
<Feature>
  <Name className="java.lang.String">rule1</Name>
  <Value className="java.lang.String">PersonFull</Value>
</Feature>
<Feature>
  <Name className="java.lang.String">id</Name>
  <Value className="java.lang.Integer">25</Value>
</Feature>
<Feature>
  <Name className="java.lang.String">gender</Name>
  <Value className="java.lang.String">male</Value>
</Feature>
<Feature>
  <Name className="java.lang.String">rule</Name>
  <Value className="java.lang.String">PersonFinal</Value>
</Feature>
</Annotation>
<Annotation Id="24" Type="Person" StartNode="871" EndNode="879">
<Feature>
  <Name className="java.lang.String">rule1</Name>
  <Value className="java.lang.String">PersonFirstTitle</Value>
</Feature>
<Feature>
  <Name className="java.lang.String">id</Name>
  <Value className="java.lang.Integer">24</Value>
</Feature>
<Feature>
  <Name className="java.lang.String">gender</Name>
  <Value className="java.lang.String">male</Value>
</Feature>
<Feature>
  <Name className="java.lang.String">rule</Name>
  <Value className="java.lang.String">PersonFinal</Value>
</Feature>
</Annotation>
<Annotation Id="27" Type="Person" StartNode="1512" EndNode="1525">
<Feature>
  <Name className="java.lang.String">rule1</Name>
  <Value className="java.lang.String">PersonJobTitle</Value>
</Feature>
<Feature>
  <Name className="java.lang.String">id</Name>
  <Value className="java.lang.Integer">27</Value>
</Feature>
<Feature>
  <Name className="java.lang.String">gender</Name>
  <Value className="java.lang.String">null</Value>
</Feature>
<Feature>
  <Name className="java.lang.String">rule</Name>
  <Value className="java.lang.String">PersonFinal</Value>
</Feature>
</Annotation>
<Annotation Id="26" Type="Organization" StartNode="1035" EndNode="1063">
<Feature>
  <Name className="java.lang.String">orgType</Name>
  <Value className="java.lang.String">unknown</Value>
</Feature>
<Feature>
  <Name className="java.lang.String">rule1</Name>
  <Value className="java.lang.String">OrgXKey</Value>
</Feature>
<Feature>
  <Name className="java.lang.String">id</Name>
  <Value className="java.lang.Integer">26</Value>
</Feature>
<Feature>
  <Name className="java.lang.String">rule2</Name>
  <Value className="java.lang.String">OrgFinal</Value>
</Feature>
</Annotation>
<Annotation Id="29" Type="Location" StartNode="2464" EndNode="2470">
<Feature>
  <Name className="java.lang.String">locType</Name>
  <Value className="java.lang.String">region</Value>
</Feature>
<Feature>
  <Name className="java.lang.String">rule1</Name>
  <Value className="java.lang.String">GazLocation</Value>
</Feature>
<Feature>
  <Name className="java.lang.String">rule2</Name>
  <Value className="java.lang.String">LocFinal</Value>
</Feature>
</Annotation>
<Annotation Id="28" Type="Location" StartNode="1839" EndNode="1845">
<Feature>
  <Name className="java.lang.String">locType</Name>
  <Value className="java.lang.String">region</Value>
</Feature>
<Feature>
  <Name className="java.lang.String">rule1</Name>
  <Value className="java.lang.String">GazLocation</Value>
</Feature>
<Feature>
  <Name className="java.lang.String">rule2</Name>
  <Value className="java.lang.String">LocFinal</Value>
</Feature>
</Annotation>
<Annotation Id="31" Type="Organization" StartNode="2787" EndNode="2806">
<Feature>
  <Name className="java.lang.String">orgType</Name>
  <Value className="java.lang.String">unknown</Value>
</Feature>
<Feature>
  <Name className="java.lang.String">rule1</Name>
  <Value className="java.lang.String">OrgXandY</Value>
</Feature>
<Feature>
  <Name className="java.lang.String">id</Name>
  <Value className="java.lang.Integer">31</Value>
</Feature>
<Feature>
  <Name className="java.lang.String">rule2</Name>
  <Value className="java.lang.String">OrgFinal</Value>
</Feature>
</Annotation>
<Annotation Id="30" Type="Person" StartNode="2766" EndNode="2774">
<Feature>
  <Name className="java.lang.String">rule1</Name>
  <Value className="java.lang.String">PersonFull</Value>
</Feature>
<Feature>
  <Name className="java.lang.String">id</Name>
  <Value className="java.lang.Integer">30</Value>
</Feature>
<Feature>
  <Name className="java.lang.String">gender</Name>
  <Value className="java.lang.String">male</Value>
</Feature>
<Feature>
  <Name className="java.lang.String">rule</Name>
  <Value className="java.lang.String">PersonFinal</Value>
</Feature>
</Annotation>
<Annotation Id="34" Type="Organization" StartNode="3197" EndNode="3205">
<Feature>
  <Name className="java.lang.String">rule </Name>
  <Value className="java.lang.String">OrgContext4</Value>
</Feature>
<Feature>
  <Name className="java.lang.String">id</Name>
  <Value className="java.lang.Integer">34</Value>
</Feature>
</Annotation>
<Annotation Id="35" Type="Organization" StartNode="0" EndNode="11">
<Feature>
  <Name className="java.lang.String">id</Name>
  <Value className="java.lang.Integer">35</Value>
</Feature>
</Annotation>
<Annotation Id="32" Type="Person" StartNode="3021" EndNode="3031">
<Feature>
  <Name className="java.lang.String">rule1</Name>
  <Value className="java.lang.String">PersonTitleGender</Value>
</Feature>
<Feature>
  <Name className="java.lang.String">id</Name>
  <Value className="java.lang.Integer">32</Value>
</Feature>
<Feature>
  <Name className="java.lang.String">gender</Name>
  <Value className="java.lang.String">male</Value>
</Feature>
<Feature>
  <Name className="java.lang.String">rule</Name>
  <Value className="java.lang.String">PersonFinal</Value>
</Feature>
</Annotation>
<Annotation Id="38" Type="Organization" StartNode="179" EndNode="190">
<Feature>
  <Name className="java.lang.String">id</Name>
  <Value className="java.lang.Integer">38</Value>
</Feature>
</Annotation>
<Annotation Id="39" Type="Organization" StartNode="524" EndNode="535">
<Feature>
  <Name className="java.lang.String">id</Name>
  <Value className="java.lang.Integer">39</Value>
</Feature>
</Annotation>
<Annotation Id="42" Type="Date" StartNode="1485" EndNode="1488">
</Annotation>
<Annotation Id="43" Type="Organization" StartNode="1789" EndNode="1800">
<Feature>
  <Name className="java.lang.String">id</Name>
  <Value className="java.lang.Integer">43</Value>
</Feature>
</Annotation>
<Annotation Id="40" Type="Organization" StartNode="837" EndNode="848">
<Feature>
  <Name className="java.lang.String">id</Name>
  <Value className="java.lang.Integer">40</Value>
</Feature>
</Annotation>
<Annotation Id="41" Type="Organization" StartNode="1066" EndNode="1077">
<Feature>
  <Name className="java.lang.String">id</Name>
  <Value className="java.lang.Integer">41</Value>
</Feature>
</Annotation>
<Annotation Id="46" Type="Organization" StartNode="3441" EndNode="3449">
<Feature>
  <Name className="java.lang.String">id</Name>
  <Value className="java.lang.Integer">46</Value>
</Feature>
</Annotation>
<Annotation Id="47" Type="Organization" StartNode="3505" EndNode="3513">
<Feature>
  <Name className="java.lang.String">id</Name>
  <Value className="java.lang.Integer">47</Value>
</Feature>
</Annotation>
<Annotation Id="44" Type="Organization" StartNode="2937" EndNode="2948">
<Feature>
  <Name className="java.lang.String">id</Name>
  <Value className="java.lang.Integer">44</Value>
</Feature>
</Annotation>
<Annotation Id="45" Type="Organization" StartNode="3378" EndNode="3395">
<Feature>
  <Name className="java.lang.String">id</Name>
  <Value className="java.lang.Integer">45</Value>
</Feature>
</Annotation>
<Annotation Id="48" Type="Organization" StartNode="3544" EndNode="3550">
<Feature>
  <Name className="java.lang.String">id</Name>
  <Value className="java.lang.Integer">48</Value>
</Feature>
</Annotation>
<Annotation Id="7304" Type="RelationClass" StartNode="994" EndNode="1063">
<Feature>
  <Name className="java.lang.String">rel-type</Name>
  <Value className="java.lang.String">employed-by</Value>
</Feature>
<Feature>
  <Name className="java.lang.String">pers-id</Name>
  <Value className="java.lang.String">25</Value>
</Feature>
<Feature>
  <Name className="java.lang.String">org-id</Name>
  <Value className="java.lang.String">26</Value>
</Feature>
</Annotation>
<Annotation Id="7305" Type="RelationClass" StartNode="2766" EndNode="2806">
<Feature>
  <Name className="java.lang.String">rel-type</Name>
  <Value className="java.lang.String">employed-by</Value>
</Feature>
<Feature>
  <Name className="java.lang.String">pers-id</Name>
  <Value className="java.lang.String">30</Value>
</Feature>
<Feature>
  <Name className="java.lang.String">org-id</Name>
  <Value className="java.lang.String">31</Value>
</Feature>
</Annotation>
</AnnotationSet>

<!-- Named annotation set -->

<AnnotationSet Name="Original markups">
<Annotation Id="71" Type="font" StartNode="0" EndNode="3567">
<Feature>
  <Name className="java.lang.String">face</Name>
  <Value className="java.lang.String">Arial,Helvetica,sans-serif</Value>
</Feature>
<Feature>
  <Name className="java.lang.String">size</Name>
  <Value className="java.lang.String">3</Value>
</Feature>
</Annotation>
<Annotation Id="64" Type="TEXT" StartNode="0" EndNode="3567">
</Annotation>
<Annotation Id="77" Type="html" StartNode="0" EndNode="3567">
</Annotation>
<Annotation Id="74" Type="body" StartNode="0" EndNode="3567">
<Feature>
  <Name className="java.lang.String">bgcolor</Name>
  <Value className="java.lang.String">#FFFFFF</Value>
</Feature>
</Annotation>
<Annotation Id="85" Type="p" StartNode="2702" EndNode="2935">
</Annotation>
<Annotation Id="84" Type="p" StartNode="2937" EndNode="3126">
</Annotation>
<Annotation Id="87" Type="p" StartNode="2340" EndNode="2514">
</Annotation>
<Annotation Id="86" Type="p" StartNode="2516" EndNode="2700">
</Annotation>
<Annotation Id="81" Type="p" StartNode="3505" EndNode="3567">
</Annotation>
<Annotation Id="83" Type="p" StartNode="3128" EndNode="3316">
</Annotation>
<Annotation Id="82" Type="p" StartNode="3318" EndNode="3503">
</Annotation>
<Annotation Id="93" Type="p" StartNode="1285" EndNode="1451">
</Annotation>
<Annotation Id="92" Type="p" StartNode="1453" EndNode="1697">
</Annotation>
<Annotation Id="94" Type="p" StartNode="1066" EndNode="1283">
</Annotation>
<Annotation Id="89" Type="p" StartNode="1962" EndNode="2178">
</Annotation>
<Annotation Id="88" Type="p" StartNode="2180" EndNode="2338">
</Annotation>
<Annotation Id="91" Type="p" StartNode="1699" EndNode="1867">
</Annotation>
<Annotation Id="90" Type="p" StartNode="1869" EndNode="1960">
</Annotation>
<Annotation Id="51" Type="p" StartNode="639" EndNode="742">
</Annotation>
<Annotation Id="50" Type="p" StartNode="744" EndNode="969">
</Annotation>
<Annotation Id="49" Type="p" StartNode="971" EndNode="1064">
</Annotation>
<Annotation Id="55" Type="font" StartNode="0" EndNode="3567">
<Feature>
  <Name className="java.lang.String">face</Name>
  <Value className="java.lang.String">Geneva,Arial,sans-serif</Value>
</Feature>
<Feature>
  <Name className="java.lang.String">size</Name>
  <Value className="java.lang.String">2</Value>
</Feature>
</Annotation>
<Annotation Id="54" Type="p" StartNode="147" EndNode="287">
</Annotation>
<Annotation Id="53" Type="p" StartNode="289" EndNode="483">
</Annotation>
<Annotation Id="52" Type="p" StartNode="485" EndNode="637">
</Annotation>
<Annotation Id="56" Type="p" StartNode="0" EndNode="3567">
</Annotation>
</AnnotationSet>

</GateDocument>
