<?xml version='1.0' encoding='UTF-8'?>
<GateDocument>
<!-- The document's features-->

<GateDocumentFeatures>
<Feature>
  <Name className="java.lang.String">gate.SourceURL</Name>
  <Value className="java.lang.String">file:/Z:/Corpus/in-airtours-citywire-9-aug-2001.html</Value>
</Feature>
<Feature>
  <Name className="java.lang.String">gate.NAME</Name>
  <Value className="java.lang.String">doc7</Value>
</Feature>
<Feature>
  <Name className="java.lang.String">entitySet</Name>
  <Value className="java.lang.String">==== FILE: /Z:/Corpus/in-airtours-citywire-9-aug-2001.html
</Value>
</Feature>
<Feature>
  <Name className="java.lang.String">MimeType</Name>
  <Value className="java.lang.String">text/html</Value>
</Feature>
</GateDocumentFeatures>
<!-- The document content area with serialized nodes -->

<TextWithNodes><Node id="0" />Investing in <Node id="13" />Airtours<Node id="21" /> is rather like booking a last minute package holiday. It may be cheap but you must be prepared for disappointment.<Node id="136" />

<Node id="138" />Airtours<Node id="146" /> looks to have reached a maximum cruising height with its <Node id="204" />third-quarter<Node id="217" /> figures <Node id="226" />yesterday<Node id="235" />. In the <Node id="244" />three months to 30 June<Node id="267" />, it turned a pre-tax loss of <Node id="297" />£2m<Node id="300" /> a year earlier into <Node id="321" />£4.2m<Node id="326" /> profit. Crucially, it managed to narrow losses in its German unit, <Node id="394" />FTi<Node id="397" />, to <Node id="402" />£15.2m<Node id="408" />, and is on schedule to reduce full-year losses to <Node id="459" />£40m<Node id="463" /> from <Node id="469" />£100m<Node id="474" /> <Node id="475" />last year<Node id="484" />. E-commerce costs, exceptionals and goodwill aside, <Node id="537" />Airtours<Node id="545" /> successfully landed a <Node id="568" />£24.5m<Node id="574" /> increase in operating profit to <Node id="607" />£26.6m<Node id="613" /> for the <Node id="622" />third quarter<Node id="635" />. Sales surged <Node id="650" />38 per cent<Node id="661" /> to <Node id="665" />£1.4bn<Node id="671" /> from <Node id="677" />£1bn<Node id="681" />.<Node id="682" />

<Node id="684" />For the time being, <Node id="704" />Tim Byrne<Node id="713" />, the chief executive, is in holiday mood. The <Node id="760" />UK<Node id="762" /> is looking good, with supply and demand "nicely balanced". In <Node id="825" />Scandinavia<Node id="836" />, <Node id="838" />Airtours<Node id="846" /> avoided the overstocking that forced rival <Node id="890" />Kuoni<Node id="895" /> to sell last minute holidays at giveaway prices.<Node id="944" />

<Node id="946" />But this is as good as it gets for now. Tour operator's earnings suffer from poor visibility and <Node id="1043" />Airtours<Node id="1051" />' guidance for <Node id="1066" />next year<Node id="1075" /> will only come in the <Node id="1098" />fourth quarter<Node id="1112" />. Investors should heed the flashing fasten-seat-belt sign. There could be turbulence to come.<Node id="1206" />

<Node id="1208" />In the <Node id="1215" />US<Node id="1217" />, figures showed that customers are already feeling the pinch of the economic downturn. <Node id="1305" />Mr Byrne<Node id="1313" /> found an upside for <Node id="1334" />Airtours<Node id="1342" />: the soft economy helps its <Node id="1371" />US<Node id="1373" /> expansion strategy, as it can snap up bolt-on acquisitions at throwaway prices and capture a bigger chunk of the <Node id="1487" />$600bn<Node id="1493" />-a-year <Node id="1501" />US<Node id="1503" /> holiday market. <Node id="1520" />Airtours<Node id="1528" />, though, does not have a great record on successful acquisitions  remember the failed bid for <Node id="1624" />First Choice<Node id="1636" /> in <Node id="1640" />1999<Node id="1644" />  and the group is pinning too much on a territory it does not know too well.<Node id="1722" />

<Node id="1724" />Airtours<Node id="1732" /> shares gained <Node id="1747" />11p<Node id="1750" /> to <Node id="1754" />247p<Node id="1758" /> <Node id="1759" />yesterday<Node id="1768" /> but historically drift in <Node id="1795" />the second half<Node id="1810" />. On a forward price/earnings ratio of around 12 times for <Node id="1869" />this year<Node id="1878" />, falling to eight next, it looks as tempting as the last minute deals it prefers not to sell. But the risks are high and there will be better times to buy.<Node id="2034" />

<Node id="2036" />Innovation Group<Node id="2052" />

<Node id="2054" />The <Node id="2058" />Innovation Group<Node id="2074" />  <Node id="2077" />TiG<Node id="2080" /> to its many friends in the <Node id="2108" />City<Node id="2112" />  is one software company that has never disappointed at results time. Until <Node id="2190" />yesterday<Node id="2199" />. <Node id="2201" />Third-quarter<Node id="2214" /> turnover of <Node id="2227" />£14.3m<Node id="2233" /> and earnings per share of <Node id="2260" />1.9p<Node id="2264" /> were ahead of expectations, and yet <Node id="2301" />TiG<Node id="2304" /> shares fell more than <Node id="2327" />21 per cent<Node id="2338" />.<Node id="2339" />

<Node id="2341" />The reason? Analysts were told that <Node id="2377" />Mike O'Leary<Node id="2389" />  ex of <Node id="2398" />Misys<Node id="2403" /> and chief executive of <Node id="2427" />Huon<Node id="2431" />, which <Node id="2439" />TiG<Node id="2442" /> bought earlier <Node id="2458" />this year<Node id="2467" />  is not staying with the group. It is a blow: <Node id="2515" />Mr O'Leary<Node id="2525" /> would be an asset to an inexperienced management battling against scepticism of the sector. But it is not the end of the world and the company went on record <Node id="2684" />yesterday<Node id="2693" /> to insist the split is amicable.<Node id="2726" />

<Node id="2728" />TiG<Node id="2731" /> is in a healthy niche in the tech sector. It sells management software to the notoriously inefficient insurance industry, at a time when insurers are seeing competition ease, premium income rise and profit growth speeding ahead. There is no major IT overspend to correct in that industry, and <Node id="3025" />TiG<Node id="3028" /> maintained <Node id="3040" />yesterday<Node id="3049" /> that its customers are not hesitating any longer than usual before making spending decisions.<Node id="3143" />

<Node id="3145" />Meanwhile, a string of recent acquisitions is providing cross-selling chances, and impressive new <Node id="3243" />US<Node id="3245" /> licence sales will eventually translate into recurring support services revenue. The house broker predicts <Node id="3353" />£17.8m<Node id="3359" /> profit <Node id="3367" />this year<Node id="3376" /> and <Node id="3381" />£45m<Node id="3385" /> in <Node id="3389" />2002<Node id="3393" />. At <Node id="3398" />305p<Node id="3402" />, the shares are on 30 times <Node id="3431" />this year<Node id="3440" />'s earnings, 15 times next. For a company growing at <Node id="3493" />150 per cent<Node id="3505" />, that must be cheap.<Node id="3526" />

<Node id="3528" />Rotork<Node id="3534" />

<Node id="3536" />When the world's largest oil rig blew up off the coast of <Node id="3594" />Brazil<Node id="3600" />, killing 11 workers in <Node id="3624" />March<Node id="3629" />, <Node id="3631" />Rotork<Node id="3637" /> watched a <Node id="3648" />£1.3m<Node id="3653" /> contract sink to the bottom of the sea. It was an explosive end to a period when the oil industry has been a malign influence on the Bath-based engineer.<Node id="3807" />

<Node id="3809" />Cutbacks in spending across the industry in <Node id="3853" />1999<Node id="3857" /> hit <Node id="3862" />Rotork<Node id="3868" />'s core business selling actuators, the gadgets controlling valves inside pipelines. Its fluid systems business, which is most exposed to oil and gas company spending, has only now crawled back to break even.<Node id="4076" />

<Node id="4078" />Rotork<Node id="4084" /> has done all the right things to turn the situation around. It has increased outsourcing of components for its actuators, launched a higher-margin product range, and promised to focus its sales effort on the <Node id="4293" />US<Node id="4295" /> power generation industry, which is entering a period of high expenditure after the Californian energy crisis came to a head.<Node id="4421" />

<Node id="4423" />Interim figures came in as expected <Node id="4459" />yesterday<Node id="4468" />, in spite of component supply problems. Sales grew <Node id="4520" />10.6 per cent<Node id="4533" /> to <Node id="4537" />£57.5m<Node id="4543" /> and pre-tax profits, before goodwill, were up <Node id="4590" />9.5 per cent<Node id="4602" /> to <Node id="4606" />£11.5m<Node id="4612" />. The stock, up <Node id="4628" />2p<Node id="4630" /> to <Node id="4634" />373.5p<Node id="4640" />, is on 18 times <Node id="4657" />Old Mutual<Node id="4667" />'s forecast profits of <Node id="4690" />£25.6m<Node id="4696" /> for the full-year. That's a deserved premium to the engineering sector but means the stock is fully valued.<Node id="4804" /></TextWithNodes>
<!-- The default annotation set -->

<AnnotationSet>
</AnnotationSet>

<!-- Named annotation set -->

<AnnotationSet Name="Key">
<Annotation Id="0" Type="Date" StartNode="3040" EndNode="3049">
<Feature>
  <Name className="java.lang.String">kind</Name>
  <Value className="java.lang.String">date</Value>
</Feature>
</Annotation>
<Annotation Id="1" Type="Date" StartNode="622" EndNode="635">
<Feature>
  <Name className="java.lang.String">kind</Name>
  <Value className="java.lang.String">date</Value>
</Feature>
</Annotation>
<Annotation Id="2" Type="Organization" StartNode="3631" EndNode="3637">
<Feature>
  <Name className="java.lang.String">id</Name>
  <Value className="java.lang.Integer">2</Value>
</Feature>
</Annotation>
<Annotation Id="3" Type="Person" StartNode="2515" EndNode="2525">
<Feature>
  <Name className="java.lang.String">id</Name>
  <Value className="java.lang.Integer">3</Value>
</Feature>
</Annotation>
<Annotation Id="4" Type="Organization" StartNode="2439" EndNode="2442">
<Feature>
  <Name className="java.lang.String">id</Name>
  <Value className="java.lang.Integer">4</Value>
</Feature>
</Annotation>
<Annotation Id="5" Type="Money" StartNode="1487" EndNode="1493">
</Annotation>
<Annotation Id="6" Type="Organization" StartNode="838" EndNode="846">
<Feature>
  <Name className="java.lang.String">id</Name>
  <Value className="java.lang.Integer">6</Value>
</Feature>
</Annotation>
<Annotation Id="7" Type="Organization" StartNode="138" EndNode="146">
<Feature>
  <Name className="java.lang.String">id</Name>
  <Value className="java.lang.Integer">7</Value>
</Feature>
</Annotation>
<Annotation Id="8" Type="Location" StartNode="4293" EndNode="4295">
<Feature>
  <Name className="java.lang.String">locType</Name>
  <Value className="java.lang.String">country</Value>
</Feature>
<Feature>
  <Name className="java.lang.String">rule1</Name>
  <Value className="java.lang.String">GazLocation</Value>
</Feature>
<Feature>
  <Name className="java.lang.String">rule2</Name>
  <Value className="java.lang.String">LocFinal</Value>
</Feature>
</Annotation>
<Annotation Id="9" Type="Date" StartNode="3389" EndNode="3393">
<Feature>
  <Name className="java.lang.String">rule1</Name>
  <Value className="java.lang.String">TempYear2</Value>
</Feature>
<Feature>
  <Name className="java.lang.String">kind</Name>
  <Value className="java.lang.String">date</Value>
</Feature>
<Feature>
  <Name className="java.lang.String">rule2</Name>
  <Value className="java.lang.String">YearOnlyFinal</Value>
</Feature>
</Annotation>
<Annotation Id="10" Type="Location" StartNode="1501" EndNode="1503">
<Feature>
  <Name className="java.lang.String">locType</Name>
  <Value className="java.lang.String">country</Value>
</Feature>
<Feature>
  <Name className="java.lang.String">rule1</Name>
  <Value className="java.lang.String">GazLocation</Value>
</Feature>
<Feature>
  <Name className="java.lang.String">rule2</Name>
  <Value className="java.lang.String">LocFinal</Value>
</Feature>
</Annotation>
<Annotation Id="11" Type="Location" StartNode="760" EndNode="762">
<Feature>
  <Name className="java.lang.String">locType</Name>
  <Value className="java.lang.String">country</Value>
</Feature>
<Feature>
  <Name className="java.lang.String">rule1</Name>
  <Value className="java.lang.String">GazLocation</Value>
</Feature>
<Feature>
  <Name className="java.lang.String">rule2</Name>
  <Value className="java.lang.String">LocFinal</Value>
</Feature>
</Annotation>
<Annotation Id="12" Type="Money" StartNode="4606" EndNode="4612">
<Feature>
  <Name className="java.lang.String">kind</Name>
  <Value className="java.lang.String">number</Value>
</Feature>
<Feature>
  <Name className="java.lang.String">rule</Name>
  <Value className="java.lang.String">MoneySymbolUnit</Value>
</Feature>
</Annotation>
<Annotation Id="13" Type="Money" StartNode="3648" EndNode="3653">
<Feature>
  <Name className="java.lang.String">kind</Name>
  <Value className="java.lang.String">number</Value>
</Feature>
<Feature>
  <Name className="java.lang.String">rule</Name>
  <Value className="java.lang.String">MoneySymbolUnit</Value>
</Feature>
</Annotation>
<Annotation Id="14" Type="Money" StartNode="3353" EndNode="3359">
<Feature>
  <Name className="java.lang.String">kind</Name>
  <Value className="java.lang.String">number</Value>
</Feature>
<Feature>
  <Name className="java.lang.String">rule</Name>
  <Value className="java.lang.String">MoneySymbolUnit</Value>
</Feature>
</Annotation>
<Annotation Id="15" Type="Money" StartNode="1754" EndNode="1758">
<Feature>
  <Name className="java.lang.String">kind</Name>
  <Value className="java.lang.String">number</Value>
</Feature>
<Feature>
  <Name className="java.lang.String">rule</Name>
  <Value className="java.lang.String">MoneyCurrencyUnit</Value>
</Feature>
</Annotation>
<Annotation Id="17" Type="Money" StartNode="459" EndNode="463">
<Feature>
  <Name className="java.lang.String">kind</Name>
  <Value className="java.lang.String">number</Value>
</Feature>
<Feature>
  <Name className="java.lang.String">rule</Name>
  <Value className="java.lang.String">MoneySymbolUnit</Value>
</Feature>
</Annotation>
<Annotation Id="16" Type="Percent" StartNode="650" EndNode="661">
<Feature>
  <Name className="java.lang.String">rule</Name>
  <Value className="java.lang.String">PercentBasic</Value>
</Feature>
</Annotation>
<Annotation Id="19" Type="Date" StartNode="1759" EndNode="1768">
<Feature>
  <Name className="java.lang.String">kind</Name>
  <Value className="java.lang.String">date</Value>
</Feature>
</Annotation>
<Annotation Id="18" Type="Date" StartNode="226" EndNode="235">
<Feature>
  <Name className="java.lang.String">kind</Name>
  <Value className="java.lang.String">date</Value>
</Feature>
</Annotation>
<Annotation Id="21" Type="Organization" StartNode="4657" EndNode="4667">
<Feature>
  <Name className="java.lang.String">id</Name>
  <Value className="java.lang.Integer">21</Value>
</Feature>
</Annotation>
<Annotation Id="20" Type="Date" StartNode="3367" EndNode="3376">
<Feature>
  <Name className="java.lang.String">kind</Name>
  <Value className="java.lang.String">date</Value>
</Feature>
</Annotation>
<Annotation Id="23" Type="Organization" StartNode="3862" EndNode="3868">
<Feature>
  <Name className="java.lang.String">id</Name>
  <Value className="java.lang.Integer">23</Value>
</Feature>
</Annotation>
<Annotation Id="22" Type="Date" StartNode="1098" EndNode="1112">
<Feature>
  <Name className="java.lang.String">kind</Name>
  <Value className="java.lang.String">date</Value>
</Feature>
</Annotation>
<Annotation Id="25" Type="Organization" StartNode="2398" EndNode="2403">
<Feature>
  <Name className="java.lang.String">id</Name>
  <Value className="java.lang.Integer">25</Value>
</Feature>
</Annotation>
<Annotation Id="24" Type="Organization" StartNode="2728" EndNode="2731">
<Feature>
  <Name className="java.lang.String">id</Name>
  <Value className="java.lang.Integer">24</Value>
</Feature>
</Annotation>
<Annotation Id="27" Type="Organization" StartNode="890" EndNode="895">
<Feature>
  <Name className="java.lang.String">id</Name>
  <Value className="java.lang.Integer">27</Value>
</Feature>
</Annotation>
<Annotation Id="26" Type="Organization" StartNode="1520" EndNode="1528">
<Feature>
  <Name className="java.lang.String">id</Name>
  <Value className="java.lang.Integer">26</Value>
</Feature>
</Annotation>
<Annotation Id="29" Type="Location" StartNode="3594" EndNode="3600">
<Feature>
  <Name className="java.lang.String">locType</Name>
  <Value className="java.lang.String">country</Value>
</Feature>
<Feature>
  <Name className="java.lang.String">rule1</Name>
  <Value className="java.lang.String">GazLocation</Value>
</Feature>
<Feature>
  <Name className="java.lang.String">rule2</Name>
  <Value className="java.lang.String">LocFinal</Value>
</Feature>
</Annotation>
<Annotation Id="28" Type="Organization" StartNode="394" EndNode="397">
<Feature>
  <Name className="java.lang.String">id</Name>
  <Value className="java.lang.Integer">28</Value>
</Feature>
</Annotation>
<Annotation Id="31" Type="Location" StartNode="1215" EndNode="1217">
<Feature>
  <Name className="java.lang.String">locType</Name>
  <Value className="java.lang.String">country</Value>
</Feature>
<Feature>
  <Name className="java.lang.String">rule1</Name>
  <Value className="java.lang.String">GazLocation</Value>
</Feature>
<Feature>
  <Name className="java.lang.String">rule2</Name>
  <Value className="java.lang.String">LocFinal</Value>
</Feature>
</Annotation>
<Annotation Id="30" Type="Date" StartNode="1640" EndNode="1644">
<Feature>
  <Name className="java.lang.String">rule1</Name>
  <Value className="java.lang.String">TempYear2</Value>
</Feature>
<Feature>
  <Name className="java.lang.String">kind</Name>
  <Value className="java.lang.String">date</Value>
</Feature>
<Feature>
  <Name className="java.lang.String">rule2</Name>
  <Value className="java.lang.String">YearOnlyFinal</Value>
</Feature>
</Annotation>
<Annotation Id="34" Type="Money" StartNode="3381" EndNode="3385">
<Feature>
  <Name className="java.lang.String">kind</Name>
  <Value className="java.lang.String">number</Value>
</Feature>
<Feature>
  <Name className="java.lang.String">rule</Name>
  <Value className="java.lang.String">MoneySymbolUnit</Value>
</Feature>
</Annotation>
<Annotation Id="35" Type="Money" StartNode="2227" EndNode="2233">
<Feature>
  <Name className="java.lang.String">kind</Name>
  <Value className="java.lang.String">number</Value>
</Feature>
<Feature>
  <Name className="java.lang.String">rule</Name>
  <Value className="java.lang.String">MoneySymbolUnit</Value>
</Feature>
</Annotation>
<Annotation Id="32" Type="Money" StartNode="4628" EndNode="4630">
<Feature>
  <Name className="java.lang.String">kind</Name>
  <Value className="java.lang.String">number</Value>
</Feature>
<Feature>
  <Name className="java.lang.String">rule</Name>
  <Value className="java.lang.String">MoneyCurrencyUnit</Value>
</Feature>
</Annotation>
<Annotation Id="33" Type="Percent" StartNode="4520" EndNode="4533">
<Feature>
  <Name className="java.lang.String">rule</Name>
  <Value className="java.lang.String">PercentBasic</Value>
</Feature>
</Annotation>
<Annotation Id="38" Type="Money" StartNode="297" EndNode="300">
<Feature>
  <Name className="java.lang.String">kind</Name>
  <Value className="java.lang.String">number</Value>
</Feature>
<Feature>
  <Name className="java.lang.String">rule</Name>
  <Value className="java.lang.String">MoneySymbolUnit</Value>
</Feature>
</Annotation>
<Annotation Id="39" Type="Date" StartNode="1795" EndNode="1810">
<Feature>
  <Name className="java.lang.String">kind</Name>
  <Value className="java.lang.String">date</Value>
</Feature>
</Annotation>
<Annotation Id="36" Type="Money" StartNode="665" EndNode="671">
<Feature>
  <Name className="java.lang.String">kind</Name>
  <Value className="java.lang.String">number</Value>
</Feature>
<Feature>
  <Name className="java.lang.String">rule</Name>
  <Value className="java.lang.String">MoneySymbolUnit</Value>
</Feature>
</Annotation>
<Annotation Id="37" Type="Money" StartNode="469" EndNode="474">
<Feature>
  <Name className="java.lang.String">kind</Name>
  <Value className="java.lang.String">number</Value>
</Feature>
<Feature>
  <Name className="java.lang.String">rule</Name>
  <Value className="java.lang.String">MoneySymbolUnit</Value>
</Feature>
</Annotation>
<Annotation Id="42" Type="Date" StartNode="2190" EndNode="2199">
<Feature>
  <Name className="java.lang.String">kind</Name>
  <Value className="java.lang.String">date</Value>
</Feature>
</Annotation>
<Annotation Id="43" Type="Date" StartNode="244" EndNode="267">
<Feature>
  <Name className="java.lang.String">kind</Name>
  <Value className="java.lang.String">date</Value>
</Feature>
</Annotation>
<Annotation Id="40" Type="Date" StartNode="2458" EndNode="2467">
<Feature>
  <Name className="java.lang.String">kind</Name>
  <Value className="java.lang.String">date</Value>
</Feature>
</Annotation>
<Annotation Id="41" Type="Date" StartNode="4459" EndNode="4468">
<Feature>
  <Name className="java.lang.String">kind</Name>
  <Value className="java.lang.String">date</Value>
</Feature>
</Annotation>
<Annotation Id="46" Type="Person" StartNode="2377" EndNode="2389">
<Feature>
  <Name className="java.lang.String">id</Name>
  <Value className="java.lang.Integer">46</Value>
</Feature>
</Annotation>
<Annotation Id="47" Type="Organization" StartNode="2077" EndNode="2080">
<Feature>
  <Name className="java.lang.String">id</Name>
  <Value className="java.lang.Integer">47</Value>
</Feature>
</Annotation>
<Annotation Id="44" Type="Organization" StartNode="4078" EndNode="4084">
<Feature>
  <Name className="java.lang.String">id</Name>
  <Value className="java.lang.Integer">44</Value>
</Feature>
</Annotation>
<Annotation Id="45" Type="Organization" StartNode="3025" EndNode="3028">
<Feature>
  <Name className="java.lang.String">id</Name>
  <Value className="java.lang.Integer">45</Value>
</Feature>
</Annotation>
<Annotation Id="51" Type="Date" StartNode="3624" EndNode="3629">
<Feature>
  <Name className="java.lang.String">rule1</Name>
  <Value className="java.lang.String">GazDate</Value>
</Feature>
<Feature>
  <Name className="java.lang.String">kind</Name>
  <Value className="java.lang.String">date</Value>
</Feature>
<Feature>
  <Name className="java.lang.String">rule2</Name>
  <Value className="java.lang.String">DateOnlyFinal</Value>
</Feature>
</Annotation>
<Annotation Id="50" Type="Organization" StartNode="1724" EndNode="1732">
<Feature>
  <Name className="java.lang.String">rule </Name>
  <Value className="java.lang.String">OrgContext3</Value>
</Feature>
<Feature>
  <Name className="java.lang.String">id</Name>
  <Value className="java.lang.Integer">50</Value>
</Feature>
</Annotation>
<Annotation Id="49" Type="Organization" StartNode="537" EndNode="545">
<Feature>
  <Name className="java.lang.String">id</Name>
  <Value className="java.lang.Integer">49</Value>
</Feature>
</Annotation>
<Annotation Id="48" Type="Organization" StartNode="1043" EndNode="1051">
<Feature>
  <Name className="java.lang.String">id</Name>
  <Value className="java.lang.Integer">48</Value>
</Feature>
</Annotation>
<Annotation Id="55" Type="Money" StartNode="4537" EndNode="4543">
<Feature>
  <Name className="java.lang.String">kind</Name>
  <Value className="java.lang.String">number</Value>
</Feature>
<Feature>
  <Name className="java.lang.String">rule</Name>
  <Value className="java.lang.String">MoneySymbolUnit</Value>
</Feature>
</Annotation>
<Annotation Id="54" Type="Money" StartNode="4634" EndNode="4640">
<Feature>
  <Name className="java.lang.String">kind</Name>
  <Value className="java.lang.String">number</Value>
</Feature>
<Feature>
  <Name className="java.lang.String">rule</Name>
  <Value className="java.lang.String">MoneyCurrencyUnit</Value>
</Feature>
</Annotation>
<Annotation Id="53" Type="Person" StartNode="1305" EndNode="1313">
<Feature>
  <Name className="java.lang.String">rule1</Name>
  <Value className="java.lang.String">PersonFirstTitle</Value>
</Feature>
<Feature>
  <Name className="java.lang.String">id</Name>
  <Value className="java.lang.Integer">53</Value>
</Feature>
<Feature>
  <Name className="java.lang.String">gender</Name>
  <Value className="java.lang.String">male</Value>
</Feature>
<Feature>
  <Name className="java.lang.String">rule</Name>
  <Value className="java.lang.String">PersonFinal</Value>
</Feature>
</Annotation>
<Annotation Id="52" Type="Organization" StartNode="2036" EndNode="2052">
<Feature>
  <Name className="java.lang.String">orgType</Name>
  <Value className="java.lang.String">unknown</Value>
</Feature>
<Feature>
  <Name className="java.lang.String">rule1</Name>
  <Value className="java.lang.String">OrgXBase</Value>
</Feature>
<Feature>
  <Name className="java.lang.String">id</Name>
  <Value className="java.lang.Integer">52</Value>
</Feature>
<Feature>
  <Name className="java.lang.String">rule2</Name>
  <Value className="java.lang.String">OrgFinal</Value>
</Feature>
</Annotation>
<Annotation Id="59" Type="Money" StartNode="568" EndNode="574">
<Feature>
  <Name className="java.lang.String">kind</Name>
  <Value className="java.lang.String">number</Value>
</Feature>
<Feature>
  <Name className="java.lang.String">rule</Name>
  <Value className="java.lang.String">MoneySymbolUnit</Value>
</Feature>
</Annotation>
<Annotation Id="58" Type="Money" StartNode="677" EndNode="681">
<Feature>
  <Name className="java.lang.String">kind</Name>
  <Value className="java.lang.String">number</Value>
</Feature>
<Feature>
  <Name className="java.lang.String">rule</Name>
  <Value className="java.lang.String">MoneySymbolUnit</Value>
</Feature>
</Annotation>
<Annotation Id="57" Type="Money" StartNode="2260" EndNode="2264">
<Feature>
  <Name className="java.lang.String">kind</Name>
  <Value className="java.lang.String">number</Value>
</Feature>
<Feature>
  <Name className="java.lang.String">rule</Name>
  <Value className="java.lang.String">MoneyCurrencyUnit</Value>
</Feature>
</Annotation>
<Annotation Id="56" Type="Money" StartNode="3398" EndNode="3402">
<Feature>
  <Name className="java.lang.String">kind</Name>
  <Value className="java.lang.String">number</Value>
</Feature>
<Feature>
  <Name className="java.lang.String">rule</Name>
  <Value className="java.lang.String">MoneyCurrencyUnit</Value>
</Feature>
</Annotation>
<Annotation Id="63" Type="Location" StartNode="2108" EndNode="2112">
</Annotation>
<Annotation Id="62" Type="Date" StartNode="2201" EndNode="2214">
<Feature>
  <Name className="java.lang.String">kind</Name>
  <Value className="java.lang.String">date</Value>
</Feature>
</Annotation>
<Annotation Id="61" Type="Organization" StartNode="1624" EndNode="1636">
<Feature>
  <Name className="java.lang.String">id</Name>
  <Value className="java.lang.Integer">61</Value>
</Feature>
</Annotation>
<Annotation Id="60" Type="Money" StartNode="321" EndNode="326">
<Feature>
  <Name className="java.lang.String">kind</Name>
  <Value className="java.lang.String">number</Value>
</Feature>
<Feature>
  <Name className="java.lang.String">rule</Name>
  <Value className="java.lang.String">MoneySymbolUnit</Value>
</Feature>
</Annotation>
<Annotation Id="68" Type="Organization" StartNode="2058" EndNode="2074">
<Feature>
  <Name className="java.lang.String">id</Name>
  <Value className="java.lang.Integer">68</Value>
</Feature>
</Annotation>
<Annotation Id="69" Type="Organization" StartNode="1334" EndNode="1342">
<Feature>
  <Name className="java.lang.String">id</Name>
  <Value className="java.lang.Integer">69</Value>
</Feature>
</Annotation>
<Annotation Id="70" Type="Location" StartNode="825" EndNode="836">
</Annotation>
<Annotation Id="71" Type="Organization" StartNode="13" EndNode="21">
<Feature>
  <Name className="java.lang.String">id</Name>
  <Value className="java.lang.Integer">71</Value>
</Feature>
</Annotation>
<Annotation Id="64" Type="Date" StartNode="2684" EndNode="2693">
<Feature>
  <Name className="java.lang.String">kind</Name>
  <Value className="java.lang.String">date</Value>
</Feature>
</Annotation>
<Annotation Id="65" Type="Date" StartNode="475" EndNode="484">
<Feature>
  <Name className="java.lang.String">kind</Name>
  <Value className="java.lang.String">date</Value>
</Feature>
</Annotation>
<Annotation Id="66" Type="Organization" StartNode="3528" EndNode="3534">
<Feature>
  <Name className="java.lang.String">id</Name>
  <Value className="java.lang.Integer">66</Value>
</Feature>
</Annotation>
<Annotation Id="67" Type="Organization" StartNode="2427" EndNode="2431">
<Feature>
  <Name className="java.lang.String">id</Name>
  <Value className="java.lang.Integer">67</Value>
</Feature>
</Annotation>
<Annotation Id="76" Type="Person" StartNode="704" EndNode="713">
<Feature>
  <Name className="java.lang.String">rule1</Name>
  <Value className="java.lang.String">PersonFull</Value>
</Feature>
<Feature>
  <Name className="java.lang.String">id</Name>
  <Value className="java.lang.Integer">76</Value>
</Feature>
<Feature>
  <Name className="java.lang.String">gender</Name>
  <Value className="java.lang.String">male</Value>
</Feature>
<Feature>
  <Name className="java.lang.String">rule</Name>
  <Value className="java.lang.String">PersonFinal</Value>
</Feature>
</Annotation>
<Annotation Id="77" Type="Money" StartNode="4690" EndNode="4696">
<Feature>
  <Name className="java.lang.String">kind</Name>
  <Value className="java.lang.String">number</Value>
</Feature>
<Feature>
  <Name className="java.lang.String">rule</Name>
  <Value className="java.lang.String">MoneySymbolUnit</Value>
</Feature>
</Annotation>
<Annotation Id="78" Type="Percent" StartNode="4590" EndNode="4602">
<Feature>
  <Name className="java.lang.String">rule</Name>
  <Value className="java.lang.String">PercentBasic</Value>
</Feature>
</Annotation>
<Annotation Id="79" Type="Percent" StartNode="3493" EndNode="3505">
<Feature>
  <Name className="java.lang.String">rule</Name>
  <Value className="java.lang.String">PercentBasic</Value>
</Feature>
</Annotation>
<Annotation Id="72" Type="Organization" StartNode="2301" EndNode="2304">
<Feature>
  <Name className="java.lang.String">rule </Name>
  <Value className="java.lang.String">OrgContext3</Value>
</Feature>
<Feature>
  <Name className="java.lang.String">id</Name>
  <Value className="java.lang.Integer">72</Value>
</Feature>
</Annotation>
<Annotation Id="73" Type="Date" StartNode="3853" EndNode="3857">
<Feature>
  <Name className="java.lang.String">rule1</Name>
  <Value className="java.lang.String">TempYear2</Value>
</Feature>
<Feature>
  <Name className="java.lang.String">kind</Name>
  <Value className="java.lang.String">date</Value>
</Feature>
<Feature>
  <Name className="java.lang.String">rule2</Name>
  <Value className="java.lang.String">YearOnlyFinal</Value>
</Feature>
</Annotation>
<Annotation Id="74" Type="Location" StartNode="3243" EndNode="3245">
<Feature>
  <Name className="java.lang.String">locType</Name>
  <Value className="java.lang.String">country</Value>
</Feature>
<Feature>
  <Name className="java.lang.String">rule1</Name>
  <Value className="java.lang.String">GazLocation</Value>
</Feature>
<Feature>
  <Name className="java.lang.String">rule2</Name>
  <Value className="java.lang.String">LocFinal</Value>
</Feature>
</Annotation>
<Annotation Id="75" Type="Location" StartNode="1371" EndNode="1373">
<Feature>
  <Name className="java.lang.String">locType</Name>
  <Value className="java.lang.String">country</Value>
</Feature>
<Feature>
  <Name className="java.lang.String">rule1</Name>
  <Value className="java.lang.String">GazLocation</Value>
</Feature>
<Feature>
  <Name className="java.lang.String">rule2</Name>
  <Value className="java.lang.String">LocFinal</Value>
</Feature>
</Annotation>
<Annotation Id="85" Type="Date" StartNode="1869" EndNode="1878">
<Feature>
  <Name className="java.lang.String">kind</Name>
  <Value className="java.lang.String">date</Value>
</Feature>
</Annotation>
<Annotation Id="84" Type="Date" StartNode="1066" EndNode="1075">
<Feature>
  <Name className="java.lang.String">kind</Name>
  <Value className="java.lang.String">date</Value>
</Feature>
</Annotation>
<Annotation Id="87" Type="Date" StartNode="204" EndNode="217">
<Feature>
  <Name className="java.lang.String">kind</Name>
  <Value className="java.lang.String">date</Value>
</Feature>
</Annotation>
<Annotation Id="86" Type="Date" StartNode="3431" EndNode="3440">
<Feature>
  <Name className="java.lang.String">kind</Name>
  <Value className="java.lang.String">date</Value>
</Feature>
</Annotation>
<Annotation Id="81" Type="Money" StartNode="1747" EndNode="1750">
<Feature>
  <Name className="java.lang.String">kind</Name>
  <Value className="java.lang.String">number</Value>
</Feature>
<Feature>
  <Name className="java.lang.String">rule</Name>
  <Value className="java.lang.String">MoneyCurrencyUnit</Value>
</Feature>
</Annotation>
<Annotation Id="80" Type="Percent" StartNode="2327" EndNode="2338">
<Feature>
  <Name className="java.lang.String">rule</Name>
  <Value className="java.lang.String">PercentBasic</Value>
</Feature>
</Annotation>
<Annotation Id="83" Type="Money" StartNode="402" EndNode="408">
<Feature>
  <Name className="java.lang.String">kind</Name>
  <Value className="java.lang.String">number</Value>
</Feature>
<Feature>
  <Name className="java.lang.String">rule</Name>
  <Value className="java.lang.String">MoneySymbolUnit</Value>
</Feature>
</Annotation>
<Annotation Id="82" Type="Money" StartNode="607" EndNode="613">
<Feature>
  <Name className="java.lang.String">kind</Name>
  <Value className="java.lang.String">number</Value>
</Feature>
<Feature>
  <Name className="java.lang.String">rule</Name>
  <Value className="java.lang.String">MoneySymbolUnit</Value>
</Feature>
</Annotation>
<Annotation Id="10238" Type="RelationClass" StartNode="2377" EndNode="2403">
<Feature>
  <Name className="java.lang.String">rel-type</Name>
  <Value className="java.lang.String">employed-by</Value>
</Feature>
<Feature>
  <Name className="java.lang.String">pers-id</Name>
  <Value className="java.lang.String">46</Value>
</Feature>
<Feature>
  <Name className="java.lang.String">org-id</Name>
  <Value className="java.lang.String">25</Value>
</Feature>
</Annotation>
<Annotation Id="10239" Type="RelationClass" StartNode="2377" EndNode="2431">
<Feature>
  <Name className="java.lang.String">rel-type</Name>
  <Value className="java.lang.String">employed-by</Value>
</Feature>
<Feature>
  <Name className="java.lang.String">pers-id</Name>
  <Value className="java.lang.String">46</Value>
</Feature>
<Feature>
  <Name className="java.lang.String">org-id</Name>
  <Value className="java.lang.String">67</Value>
</Feature>
</Annotation>
</AnnotationSet>

<!-- Named annotation set -->

<AnnotationSet Name="Original markups">
<Annotation Id="128" Type="p" StartNode="4423" EndNode="4804">
</Annotation>
<Annotation Id="111" Type="p" StartNode="0" EndNode="136">
</Annotation>
<Annotation Id="119" Type="p" StartNode="2054" EndNode="2339">
</Annotation>
<Annotation Id="118" Type="b" StartNode="2036" EndNode="2052">
</Annotation>
<Annotation Id="117" Type="p" StartNode="2036" EndNode="2052">
</Annotation>
<Annotation Id="116" Type="p" StartNode="1724" EndNode="2034">
</Annotation>
<Annotation Id="115" Type="p" StartNode="1208" EndNode="1722">
</Annotation>
<Annotation Id="114" Type="p" StartNode="946" EndNode="1206">
</Annotation>
<Annotation Id="113" Type="p" StartNode="684" EndNode="944">
</Annotation>
<Annotation Id="112" Type="p" StartNode="138" EndNode="682">
</Annotation>
<Annotation Id="127" Type="p" StartNode="4078" EndNode="4421">
</Annotation>
<Annotation Id="126" Type="p" StartNode="3809" EndNode="4076">
</Annotation>
<Annotation Id="125" Type="p" StartNode="3536" EndNode="3807">
</Annotation>
<Annotation Id="146" Type="html" StartNode="0" EndNode="4804">
</Annotation>
<Annotation Id="124" Type="b" StartNode="3528" EndNode="3534">
</Annotation>
<Annotation Id="89" Type="body" StartNode="0" EndNode="4804">
<Feature>
  <Name className="java.lang.String">bgcolor</Name>
  <Value className="java.lang.String">#ffffff</Value>
</Feature>
<Feature>
  <Name className="java.lang.String">text</Name>
  <Value className="java.lang.String">#000000</Value>
</Feature>
</Annotation>
<Annotation Id="148" Type="TEXT" StartNode="0" EndNode="4804">
</Annotation>
<Annotation Id="123" Type="p" StartNode="3528" EndNode="3534">
</Annotation>
<Annotation Id="122" Type="p" StartNode="3145" EndNode="3526">
</Annotation>
<Annotation Id="121" Type="p" StartNode="2728" EndNode="3143">
</Annotation>
<Annotation Id="120" Type="p" StartNode="2341" EndNode="2726">
</Annotation>
</AnnotationSet>

</GateDocument>
