<?xml version='1.0' encoding='UTF-8'?>
<GateDocument>
<!-- The document's features-->

<GateDocumentFeatures>
<Feature>
  <Name className="java.lang.String">gate.SourceURL</Name>
  <Value className="java.lang.String">file:/Z:/Corpus/in-bayer-10-aug-2001.html</Value>
</Feature>
<Feature>
  <Name className="java.lang.String">gate.NAME</Name>
  <Value className="java.lang.String">doc8</Value>
</Feature>
<Feature>
  <Name className="java.lang.String">entitySet</Name>
  <Value className="java.lang.String">==== FILE: /Z:/Corpus/in-bayer-10-aug-2001.html
</Value>
</Feature>
<Feature>
  <Name className="java.lang.String">MimeType</Name>
  <Value className="java.lang.String">text/html</Value>
</Feature>
</GateDocumentFeatures>
<!-- The document content area with serialized nodes -->

<TextWithNodes><Node id="0" />Bayer<Node id="5" /> is to cut 1,800 jobs worldwide as part of <Node id="48" />1.5bn euro<Node id="58" /> (<Node id="60" />£1bn<Node id="64" />) cost-cutting programme announced <Node id="99" />yesterday<Node id="108" /> after it unveiled a <Node id="129" />45 per cent<Node id="140" /> fall in <Node id="149" />second-quarter<Node id="163" /> profits.<Node id="172" />

<Node id="174" />The news, which comes a day after the pharmaceuticals and chemical giant was forced to withdraw its key anti-cholesterol drug, prompted speculation that the German group will be forced to split its chemicals and pharmaceuticals arms and look for a merger partner.<Node id="437" />

<Node id="439" />"Their life expectancy has clearly got shorter.... Just because they invented Aspirin doesn't give them the right to live forever," said <Node id="576" />Barrie James<Node id="588" />, head of <Node id="598" />Pharma Strategy Consulting<Node id="624" />. "It is increasingly difficult in a complex world to run a multi-divisional business. Now is not the time for conglomerates."<Node id="750" />

<Node id="752" />Bayer<Node id="757" /> plans to close 15 plants in its polymers division, with the loss of 1,800 jobs or one-fifth of the workforce, as part of a restructuring plan designed save <Node id="914" />1.5bn euros<Node id="925" /> a year by <Node id="936" />2005<Node id="940" />. The group, which employs around 2,700 people in the <Node id="994" />UK<Node id="996" />, has not said where the redundancies will be.<Node id="1042" />

<Node id="1044" />Like other large chemicals groups, <Node id="1079" />Bayer<Node id="1084" /> has suffered from falling demand from car and electronics industries for its chemicals and plastics products as growth has slowed around the world, while rising oil prices have hit margins. Its <Node id="1279" />second-quarter<Node id="1293" /> operating profits fell <Node id="1317" />44.8 per cent<Node id="1330" /> to <Node id="1334" />508m euros<Node id="1344" />, despite a <Node id="1356" />5.6 per cent<Node id="1368" /> rise in sales.<Node id="1383" />

<Node id="1385" />The group also repeated its warning on <Node id="1424" />Wednesday<Node id="1433" /> that the recall of its anti-cholesterol drug Baycol, known as Lipobay outside the <Node id="1516" />US<Node id="1518" />, would impact on full-year profits. Baycol, which was withdrawn following reports of 31 deaths in the <Node id="1621" />US<Node id="1623" />, was expected to make up one-fifth of <Node id="1662" />Bayer<Node id="1667" />'s profits <Node id="1678" />this year<Node id="1687" />.<Node id="1688" />

<Node id="1690" />"<Node id="1691" />Bayer<Node id="1696" /> is now forced further into the situation where they have to look for a merger. The bright spot of <Node id="1795" />Bayer<Node id="1800" />, the pharma part, has now failed," <Node id="1836" />Nordinvest<Node id="1846" /> fund manager, <Node id="1861" />Boris Boehm<Node id="1872" />, said.<Node id="1879" />

<Node id="1881" />Bayer<Node id="1886" /> shares fell <Node id="1899" />1 per cent<Node id="1909" /> to <Node id="1913" />36.98 euros<Node id="1924" /> <Node id="1925" />yesterday<Node id="1934" />, taking the fall to <Node id="1955" />18 per cent<Node id="1966" /> in the <Node id="1974" />past two days<Node id="1987" />.<Node id="1988" />

<Node id="1990" />The company's <Node id="2004" />UK<Node id="2006" /> base is in <Node id="2018" />Newbury<Node id="2025" />, <Node id="2027" />Berkshire<Node id="2036" />. It also has operations at <Node id="2064" />Stoke Poges<Node id="2075" />, <Node id="2077" />Bridgend<Node id="2085" />, <Node id="2087" />Bromsgrove<Node id="2097" />, <Node id="2099" />Bury St Edmunds<Node id="2114" />, <Node id="2116" />Enfield<Node id="2123" />, <Node id="2125" />Malvern<Node id="2132" />, <Node id="2134" />Marlow<Node id="2140" />, <Node id="2142" />Halstead<Node id="2150" />, <Node id="2152" />Sudbury<Node id="2159" /> and <Node id="2164" />Branston<Node id="2172" />, <Node id="2174" />Staffordshire<Node id="2187" />.<Node id="2188" /></TextWithNodes>
<!-- The default annotation set -->

<AnnotationSet>
</AnnotationSet>

<!-- Named annotation set -->

<AnnotationSet Name="Key">
<Annotation Id="0" Type="Money" StartNode="48" EndNode="58">
<Feature>
  <Name className="java.lang.String">kind</Name>
  <Value className="java.lang.String">number</Value>
</Feature>
<Feature>
  <Name className="java.lang.String">rule</Name>
  <Value className="java.lang.String">MoneyCurrencyUnit</Value>
</Feature>
</Annotation>
<Annotation Id="1" Type="Money" StartNode="60" EndNode="64">
<Feature>
  <Name className="java.lang.String">kind</Name>
  <Value className="java.lang.String">number</Value>
</Feature>
<Feature>
  <Name className="java.lang.String">rule</Name>
  <Value className="java.lang.String">MoneySymbolUnit</Value>
</Feature>
</Annotation>
<Annotation Id="2" Type="Percent" StartNode="129" EndNode="140">
<Feature>
  <Name className="java.lang.String">rule</Name>
  <Value className="java.lang.String">PercentBasic</Value>
</Feature>
</Annotation>
<Annotation Id="3" Type="Money" StartNode="914" EndNode="925">
<Feature>
  <Name className="java.lang.String">kind</Name>
  <Value className="java.lang.String">number</Value>
</Feature>
<Feature>
  <Name className="java.lang.String">rule</Name>
  <Value className="java.lang.String">MoneyCurrencyUnit</Value>
</Feature>
</Annotation>
<Annotation Id="4" Type="Percent" StartNode="1317" EndNode="1330">
<Feature>
  <Name className="java.lang.String">rule</Name>
  <Value className="java.lang.String">PercentBasic</Value>
</Feature>
</Annotation>
<Annotation Id="5" Type="Money" StartNode="1334" EndNode="1344">
<Feature>
  <Name className="java.lang.String">kind</Name>
  <Value className="java.lang.String">number</Value>
</Feature>
<Feature>
  <Name className="java.lang.String">rule</Name>
  <Value className="java.lang.String">MoneyCurrencyUnit</Value>
</Feature>
</Annotation>
<Annotation Id="6" Type="Percent" StartNode="1356" EndNode="1368">
<Feature>
  <Name className="java.lang.String">rule</Name>
  <Value className="java.lang.String">PercentBasic</Value>
</Feature>
</Annotation>
<Annotation Id="7" Type="Percent" StartNode="1899" EndNode="1909">
<Feature>
  <Name className="java.lang.String">rule</Name>
  <Value className="java.lang.String">PercentBasic</Value>
</Feature>
</Annotation>
<Annotation Id="8" Type="Money" StartNode="1913" EndNode="1924">
<Feature>
  <Name className="java.lang.String">kind</Name>
  <Value className="java.lang.String">number</Value>
</Feature>
<Feature>
  <Name className="java.lang.String">rule</Name>
  <Value className="java.lang.String">MoneyCurrencyUnit</Value>
</Feature>
</Annotation>
<Annotation Id="9" Type="Percent" StartNode="1955" EndNode="1966">
<Feature>
  <Name className="java.lang.String">rule</Name>
  <Value className="java.lang.String">PercentBasic</Value>
</Feature>
</Annotation>
<Annotation Id="10" Type="Organization" StartNode="0" EndNode="5">
<Feature>
  <Name className="java.lang.String">orgType</Name>
  <Value className="java.lang.String">company</Value>
</Feature>
<Feature>
  <Name className="java.lang.String">rule1</Name>
  <Value className="java.lang.String">GazOrganization</Value>
</Feature>
<Feature>
  <Name className="java.lang.String">id</Name>
  <Value className="java.lang.Integer">10</Value>
</Feature>
<Feature>
  <Name className="java.lang.String">rule2</Name>
  <Value className="java.lang.String">OrgFinal</Value>
</Feature>
</Annotation>
<Annotation Id="11" Type="Organization" StartNode="752" EndNode="757">
<Feature>
  <Name className="java.lang.String">orgType</Name>
  <Value className="java.lang.String">company</Value>
</Feature>
<Feature>
  <Name className="java.lang.String">rule1</Name>
  <Value className="java.lang.String">GazOrganization</Value>
</Feature>
<Feature>
  <Name className="java.lang.String">id</Name>
  <Value className="java.lang.Integer">11</Value>
</Feature>
<Feature>
  <Name className="java.lang.String">rule2</Name>
  <Value className="java.lang.String">OrgFinal</Value>
</Feature>
</Annotation>
<Annotation Id="12" Type="Date" StartNode="936" EndNode="940">
<Feature>
  <Name className="java.lang.String">rule1</Name>
  <Value className="java.lang.String">TempYear3</Value>
</Feature>
<Feature>
  <Name className="java.lang.String">kind</Name>
  <Value className="java.lang.String">date</Value>
</Feature>
<Feature>
  <Name className="java.lang.String">rule2</Name>
  <Value className="java.lang.String">YearOnlyFinal</Value>
</Feature>
</Annotation>
<Annotation Id="13" Type="Location" StartNode="994" EndNode="996">
<Feature>
  <Name className="java.lang.String">locType</Name>
  <Value className="java.lang.String">country</Value>
</Feature>
<Feature>
  <Name className="java.lang.String">rule1</Name>
  <Value className="java.lang.String">GazLocation</Value>
</Feature>
<Feature>
  <Name className="java.lang.String">rule2</Name>
  <Value className="java.lang.String">LocFinal</Value>
</Feature>
</Annotation>
<Annotation Id="14" Type="Organization" StartNode="1079" EndNode="1084">
<Feature>
  <Name className="java.lang.String">orgType</Name>
  <Value className="java.lang.String">company</Value>
</Feature>
<Feature>
  <Name className="java.lang.String">rule1</Name>
  <Value className="java.lang.String">GazOrganization</Value>
</Feature>
<Feature>
  <Name className="java.lang.String">id</Name>
  <Value className="java.lang.Integer">14</Value>
</Feature>
<Feature>
  <Name className="java.lang.String">rule2</Name>
  <Value className="java.lang.String">OrgFinal</Value>
</Feature>
</Annotation>
<Annotation Id="15" Type="Date" StartNode="1424" EndNode="1433">
<Feature>
  <Name className="java.lang.String">rule1</Name>
  <Value className="java.lang.String">GazDate</Value>
</Feature>
<Feature>
  <Name className="java.lang.String">kind</Name>
  <Value className="java.lang.String">date</Value>
</Feature>
<Feature>
  <Name className="java.lang.String">rule2</Name>
  <Value className="java.lang.String">DateOnlyFinal</Value>
</Feature>
</Annotation>
<Annotation Id="17" Type="Location" StartNode="1621" EndNode="1623">
<Feature>
  <Name className="java.lang.String">locType</Name>
  <Value className="java.lang.String">country</Value>
</Feature>
<Feature>
  <Name className="java.lang.String">rule1</Name>
  <Value className="java.lang.String">GazLocation</Value>
</Feature>
<Feature>
  <Name className="java.lang.String">rule2</Name>
  <Value className="java.lang.String">LocFinal</Value>
</Feature>
</Annotation>
<Annotation Id="16" Type="Location" StartNode="1516" EndNode="1518">
<Feature>
  <Name className="java.lang.String">locType</Name>
  <Value className="java.lang.String">country</Value>
</Feature>
<Feature>
  <Name className="java.lang.String">rule1</Name>
  <Value className="java.lang.String">GazLocation</Value>
</Feature>
<Feature>
  <Name className="java.lang.String">rule2</Name>
  <Value className="java.lang.String">LocFinal</Value>
</Feature>
</Annotation>
<Annotation Id="19" Type="Organization" StartNode="1691" EndNode="1696">
<Feature>
  <Name className="java.lang.String">orgType</Name>
  <Value className="java.lang.String">company</Value>
</Feature>
<Feature>
  <Name className="java.lang.String">rule1</Name>
  <Value className="java.lang.String">GazOrganization</Value>
</Feature>
<Feature>
  <Name className="java.lang.String">id</Name>
  <Value className="java.lang.Integer">19</Value>
</Feature>
<Feature>
  <Name className="java.lang.String">rule2</Name>
  <Value className="java.lang.String">OrgFinal</Value>
</Feature>
</Annotation>
<Annotation Id="18" Type="Organization" StartNode="1662" EndNode="1667">
<Feature>
  <Name className="java.lang.String">orgType</Name>
  <Value className="java.lang.String">company</Value>
</Feature>
<Feature>
  <Name className="java.lang.String">rule1</Name>
  <Value className="java.lang.String">GazOrganization</Value>
</Feature>
<Feature>
  <Name className="java.lang.String">id</Name>
  <Value className="java.lang.Integer">18</Value>
</Feature>
<Feature>
  <Name className="java.lang.String">rule2</Name>
  <Value className="java.lang.String">OrgFinal</Value>
</Feature>
</Annotation>
<Annotation Id="21" Type="Person" StartNode="1861" EndNode="1872">
<Feature>
  <Name className="java.lang.String">rule1</Name>
  <Value className="java.lang.String">PersonFull</Value>
</Feature>
<Feature>
  <Name className="java.lang.String">id</Name>
  <Value className="java.lang.Integer">21</Value>
</Feature>
<Feature>
  <Name className="java.lang.String">gender</Name>
  <Value className="java.lang.String">male</Value>
</Feature>
<Feature>
  <Name className="java.lang.String">rule</Name>
  <Value className="java.lang.String">PersonFinal</Value>
</Feature>
</Annotation>
<Annotation Id="20" Type="Organization" StartNode="1795" EndNode="1800">
<Feature>
  <Name className="java.lang.String">orgType</Name>
  <Value className="java.lang.String">company</Value>
</Feature>
<Feature>
  <Name className="java.lang.String">rule1</Name>
  <Value className="java.lang.String">GazOrganization</Value>
</Feature>
<Feature>
  <Name className="java.lang.String">id</Name>
  <Value className="java.lang.Integer">20</Value>
</Feature>
<Feature>
  <Name className="java.lang.String">rule2</Name>
  <Value className="java.lang.String">OrgFinal</Value>
</Feature>
</Annotation>
<Annotation Id="23" Type="Location" StartNode="2004" EndNode="2006">
<Feature>
  <Name className="java.lang.String">locType</Name>
  <Value className="java.lang.String">country</Value>
</Feature>
<Feature>
  <Name className="java.lang.String">rule1</Name>
  <Value className="java.lang.String">GazLocation</Value>
</Feature>
<Feature>
  <Name className="java.lang.String">rule2</Name>
  <Value className="java.lang.String">LocFinal</Value>
</Feature>
</Annotation>
<Annotation Id="22" Type="Organization" StartNode="1881" EndNode="1886">
<Feature>
  <Name className="java.lang.String">orgType</Name>
  <Value className="java.lang.String">company</Value>
</Feature>
<Feature>
  <Name className="java.lang.String">rule1</Name>
  <Value className="java.lang.String">GazOrganization</Value>
</Feature>
<Feature>
  <Name className="java.lang.String">id</Name>
  <Value className="java.lang.Integer">22</Value>
</Feature>
<Feature>
  <Name className="java.lang.String">rule2</Name>
  <Value className="java.lang.String">OrgFinal</Value>
</Feature>
</Annotation>
<Annotation Id="25" Type="Location" StartNode="2125" EndNode="2132">
<Feature>
  <Name className="java.lang.String">locType</Name>
  <Value className="java.lang.String">province</Value>
</Feature>
<Feature>
  <Name className="java.lang.String">rule1</Name>
  <Value className="java.lang.String">GazLocation</Value>
</Feature>
<Feature>
  <Name className="java.lang.String">rule2</Name>
  <Value className="java.lang.String">LocFinal</Value>
</Feature>
</Annotation>
<Annotation Id="24" Type="Location" StartNode="2027" EndNode="2036">
<Feature>
  <Name className="java.lang.String">locType</Name>
  <Value className="java.lang.String">region</Value>
</Feature>
<Feature>
  <Name className="java.lang.String">rule1</Name>
  <Value className="java.lang.String">GazLocation</Value>
</Feature>
<Feature>
  <Name className="java.lang.String">rule2</Name>
  <Value className="java.lang.String">LocFinal</Value>
</Feature>
</Annotation>
<Annotation Id="27" Type="Location" StartNode="2174" EndNode="2187">
<Feature>
  <Name className="java.lang.String">locType</Name>
  <Value className="java.lang.String">region</Value>
</Feature>
<Feature>
  <Name className="java.lang.String">rule1</Name>
  <Value className="java.lang.String">GazLocation</Value>
</Feature>
<Feature>
  <Name className="java.lang.String">rule2</Name>
  <Value className="java.lang.String">LocFinal</Value>
</Feature>
</Annotation>
<Annotation Id="26" Type="Location" StartNode="2152" EndNode="2159">
<Feature>
  <Name className="java.lang.String">locType</Name>
  <Value className="java.lang.String">city</Value>
</Feature>
<Feature>
  <Name className="java.lang.String">rule1</Name>
  <Value className="java.lang.String">GazLocation</Value>
</Feature>
<Feature>
  <Name className="java.lang.String">rule2</Name>
  <Value className="java.lang.String">LocFinal</Value>
</Feature>
</Annotation>
<Annotation Id="29" Type="Organization" StartNode="1836" EndNode="1846">
<Feature>
  <Name className="java.lang.String">id</Name>
  <Value className="java.lang.Integer">29</Value>
</Feature>
</Annotation>
<Annotation Id="28" Type="Date" StartNode="1925" EndNode="1934">
<Feature>
  <Name className="java.lang.String">kind</Name>
  <Value className="java.lang.String">date</Value>
</Feature>
</Annotation>
<Annotation Id="31" Type="Organization" StartNode="598" EndNode="624">
<Feature>
  <Name className="java.lang.String">id</Name>
  <Value className="java.lang.Integer">31</Value>
</Feature>
</Annotation>
<Annotation Id="30" Type="Date" StartNode="1678" EndNode="1687">
<Feature>
  <Name className="java.lang.String">kind</Name>
  <Value className="java.lang.String">date</Value>
</Feature>
</Annotation>
<Annotation Id="34" Type="Date" StartNode="149" EndNode="163">
<Feature>
  <Name className="java.lang.String">kind</Name>
  <Value className="java.lang.String">date</Value>
</Feature>
</Annotation>
<Annotation Id="35" Type="Location" StartNode="2064" EndNode="2075">
</Annotation>
<Annotation Id="32" Type="Date" StartNode="1279" EndNode="1293">
<Feature>
  <Name className="java.lang.String">kind</Name>
  <Value className="java.lang.String">date</Value>
</Feature>
</Annotation>
<Annotation Id="33" Type="Location" StartNode="2018" EndNode="2025">
</Annotation>
<Annotation Id="38" Type="Location" StartNode="2087" EndNode="2097">
</Annotation>
<Annotation Id="39" Type="Location" StartNode="2099" EndNode="2114">
</Annotation>
<Annotation Id="36" Type="Date" StartNode="99" EndNode="108">
<Feature>
  <Name className="java.lang.String">kind</Name>
  <Value className="java.lang.String">date</Value>
</Feature>
</Annotation>
<Annotation Id="37" Type="Location" StartNode="2077" EndNode="2085">
</Annotation>
<Annotation Id="42" Type="Location" StartNode="2142" EndNode="2150">
</Annotation>
<Annotation Id="43" Type="Location" StartNode="2164" EndNode="2172">
</Annotation>
<Annotation Id="40" Type="Location" StartNode="2116" EndNode="2123">
</Annotation>
<Annotation Id="41" Type="Location" StartNode="2134" EndNode="2140">
</Annotation>
<Annotation Id="44" Type="Date" StartNode="1974" EndNode="1987">
<Feature>
  <Name className="java.lang.String">kind</Name>
  <Value className="java.lang.String">date</Value>
</Feature>
</Annotation>
<Annotation Id="45" Type="Person" StartNode="576" EndNode="588">
<Feature>
  <Name className="java.lang.String">id</Name>
  <Value className="java.lang.Integer">45</Value>
</Feature>
</Annotation>
<Annotation Id="4499" Type="RelationClass" StartNode="1836" EndNode="1872">
<Feature>
  <Name className="java.lang.String">rel-type</Name>
  <Value className="java.lang.String">employed-by</Value>
</Feature>
<Feature>
  <Name className="java.lang.String">pers-id</Name>
  <Value className="java.lang.String">21</Value>
</Feature>
<Feature>
  <Name className="java.lang.String">org-id</Name>
  <Value className="java.lang.String">29</Value>
</Feature>
</Annotation>
<Annotation Id="4498" Type="RelationClass" StartNode="576" EndNode="624">
<Feature>
  <Name className="java.lang.String">rel-type</Name>
  <Value className="java.lang.String">employed-by</Value>
</Feature>
<Feature>
  <Name className="java.lang.String">pers-id</Name>
  <Value className="java.lang.String">45</Value>
</Feature>
<Feature>
  <Name className="java.lang.String">org-id</Name>
  <Value className="java.lang.String">31</Value>
</Feature>
</Annotation>
</AnnotationSet>

<!-- Named annotation set -->

<AnnotationSet Name="Original markups">
<Annotation Id="85" Type="p" StartNode="1385" EndNode="1688">
</Annotation>
<Annotation Id="84" Type="p" StartNode="1690" EndNode="1879">
</Annotation>
<Annotation Id="87" Type="p" StartNode="752" EndNode="1042">
</Annotation>
<Annotation Id="86" Type="p" StartNode="1044" EndNode="1383">
</Annotation>
<Annotation Id="64" Type="html" StartNode="0" EndNode="2188">
</Annotation>
<Annotation Id="83" Type="p" StartNode="1881" EndNode="1988">
</Annotation>
<Annotation Id="96" Type="TEXT" StartNode="0" EndNode="2188">
</Annotation>
<Annotation Id="82" Type="p" StartNode="1990" EndNode="2188">
</Annotation>
<Annotation Id="89" Type="p" StartNode="174" EndNode="437">
</Annotation>
<Annotation Id="88" Type="p" StartNode="439" EndNode="750">
</Annotation>
<Annotation Id="61" Type="body" StartNode="0" EndNode="2188">
<Feature>
  <Name className="java.lang.String">bgcolor</Name>
  <Value className="java.lang.String">#ffffff</Value>
</Feature>
<Feature>
  <Name className="java.lang.String">text</Name>
  <Value className="java.lang.String">#000000</Value>
</Feature>
</Annotation>
<Annotation Id="90" Type="p" StartNode="0" EndNode="172">
</Annotation>
</AnnotationSet>

</GateDocument>
