<?xml version='1.0' encoding='UTF-8'?>
<GateDocument>
<!-- The document's features-->

<GateDocumentFeatures>
<Feature>
  <Name className="java.lang.String">gate.SourceURL</Name>
  <Value className="java.lang.String">file:/Z:/Corpus/in-equitable-08-aug-2001.html</Value>
</Feature>
<Feature>
  <Name className="java.lang.String">gate.NAME</Name>
  <Value className="java.lang.String">doc4</Value>
</Feature>
<Feature>
  <Name className="java.lang.String">entitySet</Name>
  <Value className="java.lang.String">==== FILE: /Z:/Corpus/in-equitable-08-aug-2001.html
</Value>
</Feature>
<Feature>
  <Name className="java.lang.String">MimeType</Name>
  <Value className="java.lang.String">text/html</Value>
</Feature>
</GateDocumentFeatures>
<!-- The document content area with serialized nodes -->

<TextWithNodes><Node id="0" />When all else fails, go cap in hand to the <Node id="43" />Government<Node id="53" />. The warning from <Node id="72" />Equitable Life<Node id="86" /> that the taxpayer may have to bail it out if policyholders reject a compromise deal to cap its guaranteed annuities nightmare is but the latest episode in an increasingly sorry and alarming saga. It also stands uneasily with the <Node id="316" />Equitable<Node id="325" /> chairman <Node id="335" />Vanni Treves<Node id="347" />' repeated and unequivocal assurances that the life fund is, has always been and will remain solvent.<Node id="448" />

<Node id="450" />The case for making the taxpayer pick up the bill for the past mistakes of <Node id="525" />Equitable<Node id="534" />'s previous management rests on the extent to which the authorities were culpable or negligent in their supervision of the business when guaranteed annuity rate policies (GARs) were being sold. In this respect the jury is still out. The performance of the <Node id="790" />Department of Trade and Industry<Node id="822" />, the <Node id="828" />Financial Services Authority<Node id="856" /> and the <Node id="865" />Treasury<Node id="873" /> both before the disaster struck home and since the extent of the damage became known has hardly been exemplary. But that does not mean the state should now have to organise and fund a lifeboat to rescue <Node id="1077" />Equitable<Node id="1086" />, no matter how much sympathy there might be for the 90,000 GAR policyholders and the 350,000 non-GAR policyholders most closely caught up in the debacle. Unlike the <Node id="1252" />Bank of England<Node id="1267" />'s rescue of secondary banks in the early seventies or the <Node id="1326" />Federal Reserve<Node id="1341" />-organised salvage job on Long Term Credit Management at the height of the emerging markets crisis, there is little evidence that <Node id="1471" />Equitable<Node id="1480" />'s collapse would pose a systemic risk to the whole life sector.<Node id="1544" />

<Node id="1546" />It scarcely needs saying that <Node id="1576" />Equitable<Node id="1585" /> is in a mess and largely one of its own making. Just how much responsibility the past management bears will become clearer when the lawyers <Node id="1726" />Herbert Smith<Node id="1739" /> deliver their assessment to the new board by the <Node id="1789" />end of the month<Node id="1805" />. Both the guaranteed annuities fiasco and the <Node id="1852" />20 per cent<Node id="1863" /> cut in the value of policies sprung on <Node id="1903" />Equitable<Node id="1912" />'s shell-shocked members <Node id="1937" />last month<Node id="1947" /> were products of a management which promised more than it could deliver. Unlike other life companies, <Node id="2050" />Equitable<Node id="2059" /> had a habit of distributing a much bigger proportion of its assets to policyholders than it could sensibly afford, leaving it without a cushion to protect the fund from management incompetence. Other funds may yet have to follow suit and cut the value of their policies because of the decline in equity markets. But unlike other life companies, <Node id="2405" />Equitable<Node id="2414" /> does not have the option of being able to make up the shortfall because it has closed to new business.<Node id="2517" />

<Node id="2519" />The question is: who should now pay? On the latest estimates, it will cost somewhere in the region of <Node id="2621" />£3bn<Node id="2625" /> to plug the hole at <Node id="2646" />Equitable<Node id="2655" />. This is the amount which the fund will have to set aside in reserves to meet its guaranteed annuity liabilities under insurance law if the compromise deal is voted down. It matters not that <Node id="2847" />Equitable<Node id="2856" />'s actual liabilities are highly unlikely ever to reach that figure. Many of the GAR policies in question are single life, which means that in order to qualify for the maximum guaranteed annuity, they cannot be transferred to a spouse in the event of the policyholder's death. That is one reason why only half those eligible for a guaranteed annuity actually take up their entitlement.<Node id="3241" />

<Node id="3243" />Nevertheless, the need to reserve such a massive sum will impair <Node id="3308" />Equitable<Node id="3317" />'s investment returns going forward, leaving policyholders at risk of a further cut in the value of their funds if equity markets take a turn for the worse. For good measure, the position of those already drawing an annuity may not be cast iron if the future of the fund itself remains uncertain<Node id="3612" />

<Node id="3614" />Mr Treves<Node id="3623" /> is now using this dire scenario to push policyholders into voting through the compromise solution or, failing that, persuade the Government to step in and help out. The more MPs' mailbags bulge over the <Node id="3827" />autumn<Node id="3833" /> as the vote nears, the better it will be for <Node id="3879" />Equitable<Node id="3888" />'s cause.<Node id="3897" />

<Node id="3899" />The ballot looks like being a close-run thing. <Node id="3946" />Equitable<Node id="3955" /> needs the support of <Node id="3977" />75 per cent<Node id="3988" /> by value and <Node id="4002" />50 per cent<Node id="4013" /> by number of those voting in both classes of policyholder. The compromise solution offers GAR policyholders a <Node id="4124" />20 per cent<Node id="4135" /> uplift in the value of their funds if they drop their entitlement to a guaranteed annuity. But those with GARs which are close to maturing have little incentive to vote to cap their entitlements, particularly as the formula only restores the value of their fund to where it was at the <Node id="4421" />beginning of July<Node id="4438" />.<Node id="4439" />

<Node id="4441" />Non-GAR policyholders have even less incentive to vote for a solution which offers them nothing <Node id="4537" />today<Node id="4542" /> and only jam <Node id="4556" />tomorrow<Node id="4564" />, which on <Node id="4575" />Equitable<Node id="4584" />'s past performance may prove just as illusory. In any event, an increasing number have chosen to take the money and run on the assumption that even after paying the penalty for early withdrawal they will be better off elsewhere.<Node id="4813" />

<Node id="4815" />Should <Node id="4822" />Mr Treves<Node id="4831" /> lose the vote  and that remains a distinct possibility  then the best solution could be for the rest of the pensions industry to bail <Node id="4968" />Equitable<Node id="4977" /> out by drawing on its <Node id="5000" />£20bn<Node id="5005" /> in orphan assets, the ownership of which remains contested in any case. That might be a difficult pill for the life sector to swallow. But at the moment, the <Node id="5164" />Equitable<Node id="5173" /> fiasco is undermining respect for and confidence in the entire industry.<Node id="5246" />

<Node id="5248" />RBS<Node id="5251" /> complacency<Node id="5263" />

<Node id="5265" />Fred Goodwin<Node id="5277" /> is a dour breed of Scot as befits the head of a large financial institution. But even he was wearing a broad smile of self-satisfaction <Node id="5414" />yesterday<Node id="5423" /> after revitalising <Node id="5443" />Royal Bank of Scotland<Node id="5465" />'s share price, rejecting talk of recession and dismissing the current account war launched by <Node id="5560" />HBOS<Node id="5564" />, the new "fifth force" in <Node id="5591" />UK<Node id="5593" /> banking. There was even talk of more savings from <Node id="5644" />NatWest<Node id="5651" /> to spice up the stellar results already flagged by <Node id="5703" />RBS<Node id="5706" /> <Node id="5707" />last month<Node id="5717" />.<Node id="5718" />

<Node id="5720" />It would, however, be premature for <Node id="5756" />RBS<Node id="5759" /> to be too pleased with itself. Integrating <Node id="5803" />NatWest<Node id="5810" /> is going well because so far, to use <Node id="5848" />Mr Goodwin<Node id="5858" />'s analogy, it has all been about "picking low-hanging fruit". <Node id="5921" />NatWest<Node id="5928" /> was implementing a cost-cutting programme  dubbed the "Retail Transformation Programme" before it was acquired. That was due to yield its greatest benefits round about, er, now. <Node id="6108" />Mr Goodwin<Node id="6118" /> may say the programme is being accelerated; he goes all coy when pressed on the details.<Node id="6207" />

<Node id="6209" />It is a similar story with credit risk. <Node id="6249" />RBS<Node id="6252" /> is cautious, not concerned, about the future and expects <Node id="6310" />UK<Node id="6312" /> economic growth <Node id="6329" />this year<Node id="6338" /> to range from <Node id="6353" />2 to 2.8 per cent<Node id="6370" />. <Node id="6372" />Barclays<Node id="6380" /> was less bullish on the outlook <Node id="6413" />last week<Node id="6422" />, but at least said it thought the <Node id="6457" />UK<Node id="6459" /> economy would grow about <Node id="6485" />25 per cent<Node id="6496" /> faster than consensus forecasts of about <Node id="6538" />2 per cent<Node id="6548" />. If we are heading for a serious downturn, <Node id="6592" />RBS<Node id="6595" />, whose loan book is expanding at <Node id="6629" />15 per cent<Node id="6640" />, would be hit hardest.<Node id="6663" />

<Node id="6665" />Then there's <Node id="6678" />RBS<Node id="6681" />'s complacency about its rivals, born out of its powerful position in the market with more than <Node id="6777" />25 per cent<Node id="6788" /> of small business banking, <Node id="6816" />21 per cent<Node id="6827" /> of new current accounts and <Node id="6856" />£3.1bn<Node id="6862" /> in operating profits in the <Node id="6891" />first half of 2001<Node id="6909" />. Its rivals would love a nibble. The <Node id="6947" />Competition Commission<Node id="6969" /> is unlikely to recommend capping profits from small business banking when it reports <Node id="7055" />next month<Node id="7065" />. But the Government clearly wants to see more competition so it would be unwise to write <Node id="7155" />HBoS<Node id="7159" /> off. After the honeymoon, <Node id="7186" />RBS<Node id="7189" /> is entering a more challenging phase.<Node id="7227" /></TextWithNodes>
<!-- The default annotation set -->

<AnnotationSet>
</AnnotationSet>

<!-- Named annotation set -->

<AnnotationSet Name="Key">
<Annotation Id="0" Type="Date" StartNode="7055" EndNode="7065">
<Feature>
  <Name className="java.lang.String">kind</Name>
  <Value className="java.lang.String">date</Value>
</Feature>
</Annotation>
<Annotation Id="1" Type="Date" StartNode="6891" EndNode="6909">
<Feature>
  <Name className="java.lang.String">kind</Name>
  <Value className="java.lang.String">date</Value>
</Feature>
</Annotation>
<Annotation Id="2" Type="Date" StartNode="6413" EndNode="6422">
<Feature>
  <Name className="java.lang.String">kind</Name>
  <Value className="java.lang.String">date</Value>
</Feature>
</Annotation>
<Annotation Id="3" Type="Date" StartNode="6329" EndNode="6338">
<Feature>
  <Name className="java.lang.String">kind</Name>
  <Value className="java.lang.String">date</Value>
</Feature>
</Annotation>
<Annotation Id="4" Type="Date" StartNode="5707" EndNode="5717">
<Feature>
  <Name className="java.lang.String">kind</Name>
  <Value className="java.lang.String">date</Value>
</Feature>
</Annotation>
<Annotation Id="5" Type="Date" StartNode="5414" EndNode="5423">
<Feature>
  <Name className="java.lang.String">kind</Name>
  <Value className="java.lang.String">date</Value>
</Feature>
</Annotation>
<Annotation Id="6" Type="Date" StartNode="4421" EndNode="4438">
<Feature>
  <Name className="java.lang.String">kind</Name>
  <Value className="java.lang.String">date</Value>
</Feature>
</Annotation>
<Annotation Id="7" Type="Date" StartNode="1937" EndNode="1947">
<Feature>
  <Name className="java.lang.String">kind</Name>
  <Value className="java.lang.String">date</Value>
</Feature>
</Annotation>
<Annotation Id="8" Type="Organization" StartNode="1726" EndNode="1739">
<Feature>
  <Name className="java.lang.String">id</Name>
  <Value className="java.lang.Integer">8</Value>
</Feature>
</Annotation>
<Annotation Id="9" Type="Percent" StartNode="1852" EndNode="1863">
<Feature>
  <Name className="java.lang.String">rule</Name>
  <Value className="java.lang.String">PercentBasic</Value>
</Feature>
</Annotation>
<Annotation Id="10" Type="Money" StartNode="2621" EndNode="2625">
<Feature>
  <Name className="java.lang.String">kind</Name>
  <Value className="java.lang.String">number</Value>
</Feature>
<Feature>
  <Name className="java.lang.String">rule</Name>
  <Value className="java.lang.String">MoneySymbolUnit</Value>
</Feature>
</Annotation>
<Annotation Id="11" Type="Percent" StartNode="3977" EndNode="3988">
<Feature>
  <Name className="java.lang.String">rule</Name>
  <Value className="java.lang.String">PercentBasic</Value>
</Feature>
</Annotation>
<Annotation Id="12" Type="Percent" StartNode="4002" EndNode="4013">
<Feature>
  <Name className="java.lang.String">rule</Name>
  <Value className="java.lang.String">PercentBasic</Value>
</Feature>
</Annotation>
<Annotation Id="13" Type="Percent" StartNode="4124" EndNode="4135">
<Feature>
  <Name className="java.lang.String">rule</Name>
  <Value className="java.lang.String">PercentBasic</Value>
</Feature>
</Annotation>
<Annotation Id="14" Type="Money" StartNode="5000" EndNode="5005">
<Feature>
  <Name className="java.lang.String">kind</Name>
  <Value className="java.lang.String">number</Value>
</Feature>
<Feature>
  <Name className="java.lang.String">rule</Name>
  <Value className="java.lang.String">MoneySymbolUnit</Value>
</Feature>
</Annotation>
<Annotation Id="15" Type="Percent" StartNode="6353" EndNode="6370">
<Feature>
  <Name className="java.lang.String">rule</Name>
  <Value className="java.lang.String">PercentSpan</Value>
</Feature>
</Annotation>
<Annotation Id="17" Type="Percent" StartNode="6538" EndNode="6548">
<Feature>
  <Name className="java.lang.String">rule</Name>
  <Value className="java.lang.String">PercentBasic</Value>
</Feature>
</Annotation>
<Annotation Id="16" Type="Percent" StartNode="6485" EndNode="6496">
<Feature>
  <Name className="java.lang.String">rule</Name>
  <Value className="java.lang.String">PercentBasic</Value>
</Feature>
</Annotation>
<Annotation Id="19" Type="Percent" StartNode="6777" EndNode="6788">
<Feature>
  <Name className="java.lang.String">rule</Name>
  <Value className="java.lang.String">tBasic</Value>
</Feature>
</Annotation>
<Annotation Id="18" Type="Percent" StartNode="6629" EndNode="6640">
<Feature>
  <Name className="java.lang.String">rule</Name>
  <Value className="java.lang.String">PercentBasic</Value>
</Feature>
</Annotation>
<Annotation Id="21" Type="Money" StartNode="6856" EndNode="6862">
<Feature>
  <Name className="java.lang.String">kind</Name>
  <Value className="java.lang.String">number</Value>
</Feature>
<Feature>
  <Name className="java.lang.String">rule</Name>
  <Value className="java.lang.String">MoneySymbolUnit</Value>
</Feature>
</Annotation>
<Annotation Id="20" Type="Percent" StartNode="6816" EndNode="6827">
<Feature>
  <Name className="java.lang.String">rule</Name>
  <Value className="java.lang.String">PercentBasic</Value>
</Feature>
</Annotation>
<Annotation Id="23" Type="Organization" StartNode="828" EndNode="856">
<Feature>
  <Name className="java.lang.String">orgType</Name>
  <Value className="java.lang.String">unknown</Value>
</Feature>
<Feature>
  <Name className="java.lang.String">rule1</Name>
  <Value className="java.lang.String">OrgXBase</Value>
</Feature>
<Feature>
  <Name className="java.lang.String">id</Name>
  <Value className="java.lang.Integer">23</Value>
</Feature>
<Feature>
  <Name className="java.lang.String">rule2</Name>
  <Value className="java.lang.String">OrgFinal</Value>
</Feature>
</Annotation>
<Annotation Id="22" Type="Person" StartNode="335" EndNode="347">
<Feature>
  <Name className="java.lang.String">rule1</Name>
  <Value className="java.lang.String">PersonJobTitle</Value>
</Feature>
<Feature>
  <Name className="java.lang.String">id</Name>
  <Value className="java.lang.Integer">22</Value>
</Feature>
<Feature>
  <Name className="java.lang.String">gender</Name>
  <Value className="java.lang.String">null</Value>
</Feature>
<Feature>
  <Name className="java.lang.String">rule</Name>
  <Value className="java.lang.String">PersonFinal</Value>
</Feature>
</Annotation>
<Annotation Id="25" Type="Person" StartNode="3614" EndNode="3623">
<Feature>
  <Name className="java.lang.String">rule1</Name>
  <Value className="java.lang.String">PersonTitleGender</Value>
</Feature>
<Feature>
  <Name className="java.lang.String">id</Name>
  <Value className="java.lang.Integer">25</Value>
</Feature>
<Feature>
  <Name className="java.lang.String">gender</Name>
  <Value className="java.lang.String">male</Value>
</Feature>
<Feature>
  <Name className="java.lang.String">rule</Name>
  <Value className="java.lang.String">PersonFinal</Value>
</Feature>
</Annotation>
<Annotation Id="24" Type="Organization" StartNode="1326" EndNode="1341">
<Feature>
  <Name className="java.lang.String">orgType</Name>
  <Value className="java.lang.String">unknown</Value>
</Feature>
<Feature>
  <Name className="java.lang.String">rule1</Name>
  <Value className="java.lang.String">OrgXKey</Value>
</Feature>
<Feature>
  <Name className="java.lang.String">id</Name>
  <Value className="java.lang.Integer">24</Value>
</Feature>
<Feature>
  <Name className="java.lang.String">rule2</Name>
  <Value className="java.lang.String">OrgFinal</Value>
</Feature>
</Annotation>
<Annotation Id="27" Type="Person" StartNode="4822" EndNode="4831">
<Feature>
  <Name className="java.lang.String">rule1</Name>
  <Value className="java.lang.String">PersonTitleGender</Value>
</Feature>
<Feature>
  <Name className="java.lang.String">id</Name>
  <Value className="java.lang.Integer">27</Value>
</Feature>
<Feature>
  <Name className="java.lang.String">gender</Name>
  <Value className="java.lang.String">male</Value>
</Feature>
<Feature>
  <Name className="java.lang.String">rule</Name>
  <Value className="java.lang.String">PersonFinal</Value>
</Feature>
</Annotation>
<Annotation Id="26" Type="Date" StartNode="3827" EndNode="3833">
<Feature>
  <Name className="java.lang.String">rule1</Name>
  <Value className="java.lang.String">GazDate</Value>
</Feature>
<Feature>
  <Name className="java.lang.String">kind</Name>
  <Value className="java.lang.String">date</Value>
</Feature>
<Feature>
  <Name className="java.lang.String">rule2</Name>
  <Value className="java.lang.String">DateOnlyFinal</Value>
</Feature>
</Annotation>
<Annotation Id="29" Type="Organization" StartNode="5443" EndNode="5465">
<Feature>
  <Name className="java.lang.String">orgType</Name>
  <Value className="java.lang.String">unknown</Value>
</Feature>
<Feature>
  <Name className="java.lang.String">rule1</Name>
  <Value className="java.lang.String">OrgXBase</Value>
</Feature>
<Feature>
  <Name className="java.lang.String">id</Name>
  <Value className="java.lang.Integer">29</Value>
</Feature>
<Feature>
  <Name className="java.lang.String">rule2</Name>
  <Value className="java.lang.String">OrgFinal</Value>
</Feature>
</Annotation>
<Annotation Id="28" Type="Person" StartNode="5265" EndNode="5277">
<Feature>
  <Name className="java.lang.String">rule1</Name>
  <Value className="java.lang.String">PersonFull</Value>
</Feature>
<Feature>
  <Name className="java.lang.String">id</Name>
  <Value className="java.lang.Integer">28</Value>
</Feature>
<Feature>
  <Name className="java.lang.String">gender</Name>
  <Value className="java.lang.String">male</Value>
</Feature>
<Feature>
  <Name className="java.lang.String">rule</Name>
  <Value className="java.lang.String">PersonFinal</Value>
</Feature>
</Annotation>
<Annotation Id="31" Type="Person" StartNode="5848" EndNode="5858">
<Feature>
  <Name className="java.lang.String">rule1</Name>
  <Value className="java.lang.String">PersonTitleGender</Value>
</Feature>
<Feature>
  <Name className="java.lang.String">id</Name>
  <Value className="java.lang.Integer">31</Value>
</Feature>
<Feature>
  <Name className="java.lang.String">gender</Name>
  <Value className="java.lang.String">male</Value>
</Feature>
<Feature>
  <Name className="java.lang.String">rule</Name>
  <Value className="java.lang.String">PersonFinal</Value>
</Feature>
</Annotation>
<Annotation Id="30" Type="Location" StartNode="5591" EndNode="5593">
<Feature>
  <Name className="java.lang.String">locType</Name>
  <Value className="java.lang.String">country</Value>
</Feature>
<Feature>
  <Name className="java.lang.String">rule1</Name>
  <Value className="java.lang.String">GazLocation</Value>
</Feature>
<Feature>
  <Name className="java.lang.String">rule2</Name>
  <Value className="java.lang.String">LocFinal</Value>
</Feature>
</Annotation>
<Annotation Id="34" Type="Location" StartNode="6457" EndNode="6459">
<Feature>
  <Name className="java.lang.String">locType</Name>
  <Value className="java.lang.String">country</Value>
</Feature>
<Feature>
  <Name className="java.lang.String">rule1</Name>
  <Value className="java.lang.String">GazLocation</Value>
</Feature>
<Feature>
  <Name className="java.lang.String">rule2</Name>
  <Value className="java.lang.String">LocFinal</Value>
</Feature>
</Annotation>
<Annotation Id="35" Type="Organization" StartNode="6947" EndNode="6969">
<Feature>
  <Name className="java.lang.String">orgType</Name>
  <Value className="java.lang.String">unknown</Value>
</Feature>
<Feature>
  <Name className="java.lang.String">rule1</Name>
  <Value className="java.lang.String">OrgXBase</Value>
</Feature>
<Feature>
  <Name className="java.lang.String">id</Name>
  <Value className="java.lang.Integer">35</Value>
</Feature>
<Feature>
  <Name className="java.lang.String">rule2</Name>
  <Value className="java.lang.String">OrgFinal</Value>
</Feature>
</Annotation>
<Annotation Id="32" Type="Person" StartNode="6108" EndNode="6118">
<Feature>
  <Name className="java.lang.String">rule1</Name>
  <Value className="java.lang.String">PersonTitleGender</Value>
</Feature>
<Feature>
  <Name className="java.lang.String">id</Name>
  <Value className="java.lang.Integer">32</Value>
</Feature>
<Feature>
  <Name className="java.lang.String">gender</Name>
  <Value className="java.lang.String">male</Value>
</Feature>
<Feature>
  <Name className="java.lang.String">rule</Name>
  <Value className="java.lang.String">PersonFinal</Value>
</Feature>
</Annotation>
<Annotation Id="33" Type="Location" StartNode="6310" EndNode="6312">
<Feature>
  <Name className="java.lang.String">locType</Name>
  <Value className="java.lang.String">country</Value>
</Feature>
<Feature>
  <Name className="java.lang.String">rule1</Name>
  <Value className="java.lang.String">GazLocation</Value>
</Feature>
<Feature>
  <Name className="java.lang.String">rule2</Name>
  <Value className="java.lang.String">LocFinal</Value>
</Feature>
</Annotation>
<Annotation Id="38" Type="Organization" StartNode="316" EndNode="325">
<Feature>
  <Name className="java.lang.String">id</Name>
  <Value className="java.lang.Integer">38</Value>
</Feature>
</Annotation>
<Annotation Id="39" Type="Organization" StartNode="525" EndNode="534">
<Feature>
  <Name className="java.lang.String">id</Name>
  <Value className="java.lang.Integer">39</Value>
</Feature>
</Annotation>
<Annotation Id="36" Type="Organization" StartNode="43" EndNode="53">
<Feature>
  <Name className="java.lang.String">id</Name>
  <Value className="java.lang.Integer">36</Value>
</Feature>
</Annotation>
<Annotation Id="37" Type="Organization" StartNode="72" EndNode="86">
<Feature>
  <Name className="java.lang.String">id</Name>
  <Value className="java.lang.Integer">37</Value>
</Feature>
</Annotation>
<Annotation Id="42" Type="Organization" StartNode="1077" EndNode="1086">
<Feature>
  <Name className="java.lang.String">id</Name>
  <Value className="java.lang.Integer">42</Value>
</Feature>
</Annotation>
<Annotation Id="43" Type="Organization" StartNode="1252" EndNode="1267">
<Feature>
  <Name className="java.lang.String">id</Name>
  <Value className="java.lang.Integer">43</Value>
</Feature>
</Annotation>
<Annotation Id="40" Type="Organization" StartNode="790" EndNode="822">
<Feature>
  <Name className="java.lang.String">id</Name>
  <Value className="java.lang.Integer">40</Value>
</Feature>
</Annotation>
<Annotation Id="41" Type="Organization" StartNode="865" EndNode="873">
<Feature>
  <Name className="java.lang.String">id</Name>
  <Value className="java.lang.Integer">41</Value>
</Feature>
</Annotation>
<Annotation Id="46" Type="Organization" StartNode="1903" EndNode="1912">
<Feature>
  <Name className="java.lang.String">id</Name>
  <Value className="java.lang.Integer">46</Value>
</Feature>
</Annotation>
<Annotation Id="47" Type="Organization" StartNode="2050" EndNode="2059">
<Feature>
  <Name className="java.lang.String">id</Name>
  <Value className="java.lang.Integer">47</Value>
</Feature>
</Annotation>
<Annotation Id="44" Type="Organization" StartNode="1471" EndNode="1480">
<Feature>
  <Name className="java.lang.String">id</Name>
  <Value className="java.lang.Integer">44</Value>
</Feature>
</Annotation>
<Annotation Id="45" Type="Organization" StartNode="1576" EndNode="1585">
<Feature>
  <Name className="java.lang.String">id</Name>
  <Value className="java.lang.Integer">45</Value>
</Feature>
</Annotation>
<Annotation Id="51" Type="Organization" StartNode="3308" EndNode="3317">
<Feature>
  <Name className="java.lang.String">id</Name>
  <Value className="java.lang.Integer">51</Value>
</Feature>
</Annotation>
<Annotation Id="50" Type="Organization" StartNode="2847" EndNode="2856">
<Feature>
  <Name className="java.lang.String">id</Name>
  <Value className="java.lang.Integer">50</Value>
</Feature>
</Annotation>
<Annotation Id="49" Type="Organization" StartNode="2646" EndNode="2655">
<Feature>
  <Name className="java.lang.String">id</Name>
  <Value className="java.lang.Integer">49</Value>
</Feature>
</Annotation>
<Annotation Id="48" Type="Organization" StartNode="2405" EndNode="2414">
<Feature>
  <Name className="java.lang.String">id</Name>
  <Value className="java.lang.Integer">48</Value>
</Feature>
</Annotation>
<Annotation Id="55" Type="Organization" StartNode="4968" EndNode="4977">
<Feature>
  <Name className="java.lang.String">id</Name>
  <Value className="java.lang.Integer">55</Value>
</Feature>
</Annotation>
<Annotation Id="54" Type="Organization" StartNode="4575" EndNode="4584">
<Feature>
  <Name className="java.lang.String">id</Name>
  <Value className="java.lang.Integer">54</Value>
</Feature>
</Annotation>
<Annotation Id="53" Type="Organization" StartNode="3946" EndNode="3955">
<Feature>
  <Name className="java.lang.String">id</Name>
  <Value className="java.lang.Integer">53</Value>
</Feature>
</Annotation>
<Annotation Id="52" Type="Organization" StartNode="3879" EndNode="3888">
<Feature>
  <Name className="java.lang.String">id</Name>
  <Value className="java.lang.Integer">52</Value>
</Feature>
</Annotation>
<Annotation Id="59" Type="Organization" StartNode="5644" EndNode="5651">
<Feature>
  <Name className="java.lang.String">id</Name>
  <Value className="java.lang.Integer">59</Value>
</Feature>
</Annotation>
<Annotation Id="58" Type="Organization" StartNode="5560" EndNode="5564">
<Feature>
  <Name className="java.lang.String">id</Name>
  <Value className="java.lang.Integer">58</Value>
</Feature>
</Annotation>
<Annotation Id="57" Type="Organization" StartNode="5248" EndNode="5251">
<Feature>
  <Name className="java.lang.String">id</Name>
  <Value className="java.lang.Integer">57</Value>
</Feature>
</Annotation>
<Annotation Id="56" Type="Organization" StartNode="5164" EndNode="5173">
<Feature>
  <Name className="java.lang.String">id</Name>
  <Value className="java.lang.Integer">56</Value>
</Feature>
</Annotation>
<Annotation Id="63" Type="Organization" StartNode="5921" EndNode="5928">
<Feature>
  <Name className="java.lang.String">id</Name>
  <Value className="java.lang.Integer">63</Value>
</Feature>
</Annotation>
<Annotation Id="62" Type="Organization" StartNode="5803" EndNode="5810">
<Feature>
  <Name className="java.lang.String">id</Name>
  <Value className="java.lang.Integer">62</Value>
</Feature>
</Annotation>
<Annotation Id="61" Type="Organization" StartNode="5756" EndNode="5759">
<Feature>
  <Name className="java.lang.String">id</Name>
  <Value className="java.lang.Integer">61</Value>
</Feature>
</Annotation>
<Annotation Id="60" Type="Organization" StartNode="5703" EndNode="5706">
<Feature>
  <Name className="java.lang.String">id</Name>
  <Value className="java.lang.Integer">60</Value>
</Feature>
</Annotation>
<Annotation Id="68" Type="Organization" StartNode="7155" EndNode="7159">
<Feature>
  <Name className="java.lang.String">id</Name>
  <Value className="java.lang.Integer">68</Value>
</Feature>
</Annotation>
<Annotation Id="69" Type="Organization" StartNode="7186" EndNode="7189">
<Feature>
  <Name className="java.lang.String">id</Name>
  <Value className="java.lang.Integer">69</Value>
</Feature>
</Annotation>
<Annotation Id="70" Type="Date" StartNode="1789" EndNode="1805">
<Feature>
  <Name className="java.lang.String">kind</Name>
  <Value className="java.lang.String">date</Value>
</Feature>
</Annotation>
<Annotation Id="71" Type="Date" StartNode="4537" EndNode="4542">
<Feature>
  <Name className="java.lang.String">kind</Name>
  <Value className="java.lang.String">date</Value>
</Feature>
</Annotation>
<Annotation Id="64" Type="Organization" StartNode="6249" EndNode="6252">
<Feature>
  <Name className="java.lang.String">id</Name>
  <Value className="java.lang.Integer">64</Value>
</Feature>
</Annotation>
<Annotation Id="65" Type="Organization" StartNode="6372" EndNode="6380">
<Feature>
  <Name className="java.lang.String">id</Name>
  <Value className="java.lang.Integer">65</Value>
</Feature>
</Annotation>
<Annotation Id="66" Type="Organization" StartNode="6592" EndNode="6595">
<Feature>
  <Name className="java.lang.String">id</Name>
  <Value className="java.lang.Integer">66</Value>
</Feature>
</Annotation>
<Annotation Id="67" Type="Organization" StartNode="6678" EndNode="6681">
<Feature>
  <Name className="java.lang.String">id</Name>
  <Value className="java.lang.Integer">67</Value>
</Feature>
</Annotation>
<Annotation Id="72" Type="Date" StartNode="4556" EndNode="4564">
<Feature>
  <Name className="java.lang.String">kind</Name>
  <Value className="java.lang.String">date</Value>
</Feature>
</Annotation>
<Annotation Id="14649" Type="RelationClass" StartNode="316" EndNode="347">
<Feature>
  <Name className="java.lang.String">rel-type</Name>
  <Value className="java.lang.String">employed-by</Value>
</Feature>
<Feature>
  <Name className="java.lang.String">pers-id</Name>
  <Value className="java.lang.String">22</Value>
</Feature>
<Feature>
  <Name className="java.lang.String">org-id</Name>
  <Value className="java.lang.String">38</Value>
</Feature>
</Annotation>
</AnnotationSet>

<!-- Named annotation set -->

<AnnotationSet Name="Original markups">
<Annotation Id="102" Type="p" StartNode="3614" EndNode="3897">
</Annotation>
<Annotation Id="103" Type="p" StartNode="3899" EndNode="4439">
</Annotation>
<Annotation Id="100" Type="p" StartNode="2519" EndNode="3241">
</Annotation>
<Annotation Id="101" Type="p" StartNode="3243" EndNode="3612">
</Annotation>
<Annotation Id="98" Type="p" StartNode="450" EndNode="1544">
</Annotation>
<Annotation Id="99" Type="p" StartNode="1546" EndNode="2517">
</Annotation>
<Annotation Id="97" Type="p" StartNode="0" EndNode="448">
</Annotation>
<Annotation Id="110" Type="p" StartNode="6209" EndNode="6663">
</Annotation>
<Annotation Id="76" Type="body" StartNode="0" EndNode="7227">
<Feature>
  <Name className="java.lang.String">bgcolor</Name>
  <Value className="java.lang.String">#ffffff</Value>
</Feature>
<Feature>
  <Name className="java.lang.String">text</Name>
  <Value className="java.lang.String">#000000</Value>
</Feature>
</Annotation>
<Annotation Id="111" Type="p" StartNode="6665" EndNode="7227">
</Annotation>
<Annotation Id="108" Type="p" StartNode="5265" EndNode="5718">
</Annotation>
<Annotation Id="131" Type="TEXT" StartNode="0" EndNode="7227">
</Annotation>
<Annotation Id="109" Type="p" StartNode="5720" EndNode="6207">
</Annotation>
<Annotation Id="106" Type="p" StartNode="5248" EndNode="5263">
</Annotation>
<Annotation Id="107" Type="b" StartNode="5248" EndNode="5263">
</Annotation>
<Annotation Id="73" Type="html" StartNode="0" EndNode="7227">
</Annotation>
<Annotation Id="104" Type="p" StartNode="4441" EndNode="4813">
</Annotation>
<Annotation Id="105" Type="p" StartNode="4815" EndNode="5246">
</Annotation>
</AnnotationSet>

</GateDocument>
