<?xml version='1.0' encoding='UTF-8'?>
<GateDocument>
<!-- The document's features-->

<GateDocumentFeatures>
<Feature>
  <Name className="java.lang.String">gate.SourceURL</Name>
  <Value className="java.lang.String">file:/Z:/Corpus/in-german-bank-10-aug-2001.html</Value>
</Feature>
<Feature>
  <Name className="java.lang.String">gate.NAME</Name>
  <Value className="java.lang.String">doc5</Value>
</Feature>
<Feature>
  <Name className="java.lang.String">entitySet</Name>
  <Value className="java.lang.String">==== FILE: /Z:/Corpus/in-german-bank-10-aug-2001.html
</Value>
</Feature>
<Feature>
  <Name className="java.lang.String">MimeType</Name>
  <Value className="java.lang.String">text/html</Value>
</Feature>
</GateDocumentFeatures>
<!-- The document content area with serialized nodes -->

<TextWithNodes><Node id="0" />Germany<Node id="7" />'s <Node id="10" />commerzbank<Node id="21" /> <Node id="22" />yesterday<Node id="31" /> added to the gloom in the depressed investment banking sector after it announced a hiring freeze and a sharp fall in <Node id="149" />second-quarter<Node id="163" /> earnings following the continuing slump in the equity markets.<Node id="226" />

<Node id="228" />The bank, <Node id="238" />Germany<Node id="245" />'s third largest by market capitalisation, expects to save <Node id="304" />240m euros<Node id="314" /> (<Node id="316" />£160m<Node id="321" />) a year by cutting recruitment, information technology spending and closing about 150 bank branches.<Node id="422" />

<Node id="424" />Net profits tumbled <Node id="444" />44 per cent<Node id="455" /> between the <Node id="468" />end of the first and second quarters<Node id="504" /> to <Node id="508" />94m euros<Node id="517" />, a year-on-year fall of some <Node id="547" />87 per cent<Node id="558" />. The effects of sluggish equity markets were compounded by weakness in retail banking, <Node id="646" />Commerzbank<Node id="657" /> said. The fund management unit, which includes <Node id="705" />Jupiter Asset Management<Node id="729" />, lost <Node id="736" />58m euros<Node id="745" /> in the <Node id="753" />first half<Node id="763" />.<Node id="764" />

<Node id="766" />Even stripping out <Node id="785" />last year<Node id="794" />'s gains from the sale of a stake in Comdirect, the online share dealing platform, <Node id="877" />second quarter<Node id="891" /> profits were down <Node id="910" />61 per cent<Node id="921" />. Provisions against bad debts were up <Node id="960" />53 per cent<Node id="971" /> at <Node id="975" />177m euros<Node id="985" /> as the economic slowdown increased the likelihood of default among corporate borrowers.<Node id="1073" />

<Node id="1075" />However, the bank's administration costs were <Node id="1121" />16 per cent<Node id="1132" /> higher in the <Node id="1147" />second quarter<Node id="1161" /> than they were in the same period the <Node id="1200" />previous year<Node id="1213" />. It was the sixth consecutive quarter that the bank's costs have risen by <Node id="1288" />15 per cent<Node id="1299" /> or more.<Node id="1308" />

<Node id="1310" />The poor performance further increases the likelihood of a fresh round of job cuts in investment banking <Node id="1415" />this year<Node id="1424" />. <Node id="1426" />Dresdner Kleinwort Wasserstein<Node id="1456" />, which recently announced 1,500 job cuts, confirmed <Node id="1509" />yesterday<Node id="1518" /> that it is closing its equities operation in <Node id="1564" />Asia<Node id="1568" /> altogether. <Node id="1581" />John Mack<Node id="1590" />, the new head of <Node id="1608" />Credit Suisse First Boston<Node id="1634" />, has invited staff to agree to pay cuts and is thought to be considering making sizeable lay-offs.<Node id="1733" />

<Node id="1735" />Commerzbank<Node id="1746" />'s woes have made it the subject of fevered takeover speculation, with domestic rival <Node id="1832" />Deutsche Bank<Node id="1845" /> and <Node id="1850" />Italy<Node id="1855" />'s <Node id="1858" />Unicredito<Node id="1868" /> tipped as likely buyers. It has already indicated it is seeking partners in asset management. However, <Node id="1972" />Deutsche Bank<Node id="1985" /> and another German peer, <Node id="2011" />HypoVereinsbank<Node id="2026" />, have posted similar falls in profits.<Node id="2065" /></TextWithNodes>
<!-- The default annotation set -->

<AnnotationSet>
</AnnotationSet>

<!-- Named annotation set -->

<AnnotationSet Name="Key">
<Annotation Id="0" Type="Date" StartNode="877" EndNode="891">
<Feature>
  <Name className="java.lang.String">kind</Name>
  <Value className="java.lang.String">date</Value>
</Feature>
</Annotation>
<Annotation Id="1" Type="Date" StartNode="785" EndNode="794">
<Feature>
  <Name className="java.lang.String">kind</Name>
  <Value className="java.lang.String">date</Value>
</Feature>
</Annotation>
<Annotation Id="2" Type="Date" StartNode="753" EndNode="763">
<Feature>
  <Name className="java.lang.String">kind</Name>
  <Value className="java.lang.String">date</Value>
</Feature>
</Annotation>
<Annotation Id="3" Type="Date" StartNode="149" EndNode="163">
<Feature>
  <Name className="java.lang.String">kind</Name>
  <Value className="java.lang.String">date</Value>
</Feature>
</Annotation>
<Annotation Id="4" Type="Date" StartNode="22" EndNode="31">
<Feature>
  <Name className="java.lang.String">kind</Name>
  <Value className="java.lang.String">date</Value>
</Feature>
</Annotation>
<Annotation Id="5" Type="Money" StartNode="304" EndNode="314">
<Feature>
  <Name className="java.lang.String">kind</Name>
  <Value className="java.lang.String">number</Value>
</Feature>
<Feature>
  <Name className="java.lang.String">rule</Name>
  <Value className="java.lang.String">MoneyCurrencyUnit</Value>
</Feature>
</Annotation>
<Annotation Id="6" Type="Money" StartNode="316" EndNode="321">
<Feature>
  <Name className="java.lang.String">kind</Name>
  <Value className="java.lang.String">number</Value>
</Feature>
<Feature>
  <Name className="java.lang.String">rule</Name>
  <Value className="java.lang.String">MoneySymbolUnit</Value>
</Feature>
</Annotation>
<Annotation Id="7" Type="Percent" StartNode="444" EndNode="455">
<Feature>
  <Name className="java.lang.String">rule</Name>
  <Value className="java.lang.String">PercentBasic</Value>
</Feature>
</Annotation>
<Annotation Id="8" Type="Money" StartNode="508" EndNode="517">
<Feature>
  <Name className="java.lang.String">kind</Name>
  <Value className="java.lang.String">number</Value>
</Feature>
<Feature>
  <Name className="java.lang.String">rule</Name>
  <Value className="java.lang.String">MoneyCurrencyUnit</Value>
</Feature>
</Annotation>
<Annotation Id="9" Type="Percent" StartNode="547" EndNode="558">
<Feature>
  <Name className="java.lang.String">rule</Name>
  <Value className="java.lang.String">centBasic</Value>
</Feature>
</Annotation>
<Annotation Id="10" Type="Money" StartNode="736" EndNode="745">
<Feature>
  <Name className="java.lang.String">kind</Name>
  <Value className="java.lang.String">number</Value>
</Feature>
<Feature>
  <Name className="java.lang.String">rule</Name>
  <Value className="java.lang.String">MoneyCurrencyUnit</Value>
</Feature>
</Annotation>
<Annotation Id="11" Type="Percent" StartNode="910" EndNode="921">
<Feature>
  <Name className="java.lang.String">rule</Name>
  <Value className="java.lang.String">PercentBasic</Value>
</Feature>
</Annotation>
<Annotation Id="12" Type="Percent" StartNode="960" EndNode="971">
<Feature>
  <Name className="java.lang.String">rule</Name>
  <Value className="java.lang.String">PercentBasic</Value>
</Feature>
</Annotation>
<Annotation Id="13" Type="Money" StartNode="975" EndNode="985">
<Feature>
  <Name className="java.lang.String">kind</Name>
  <Value className="java.lang.String">number</Value>
</Feature>
<Feature>
  <Name className="java.lang.String">rule</Name>
  <Value className="java.lang.String">MoneyCurrencyUnit</Value>
</Feature>
</Annotation>
<Annotation Id="14" Type="Percent" StartNode="1121" EndNode="1132">
<Feature>
  <Name className="java.lang.String">rule</Name>
  <Value className="java.lang.String">PercentBasic</Value>
</Feature>
</Annotation>
<Annotation Id="15" Type="Percent" StartNode="1288" EndNode="1299">
<Feature>
  <Name className="java.lang.String">rule</Name>
  <Value className="java.lang.String">PercentBasic</Value>
</Feature>
</Annotation>
<Annotation Id="17" Type="Location" StartNode="238" EndNode="245">
<Feature>
  <Name className="java.lang.String">locType</Name>
  <Value className="java.lang.String">country</Value>
</Feature>
<Feature>
  <Name className="java.lang.String">rule1</Name>
  <Value className="java.lang.String">GazLocation</Value>
</Feature>
<Feature>
  <Name className="java.lang.String">rule2</Name>
  <Value className="java.lang.String">LocFinal</Value>
</Feature>
</Annotation>
<Annotation Id="16" Type="Location" StartNode="0" EndNode="7">
<Feature>
  <Name className="java.lang.String">locType</Name>
  <Value className="java.lang.String">country</Value>
</Feature>
<Feature>
  <Name className="java.lang.String">rule1</Name>
  <Value className="java.lang.String">GazLocation</Value>
</Feature>
<Feature>
  <Name className="java.lang.String">rule2</Name>
  <Value className="java.lang.String">LocFinal</Value>
</Feature>
</Annotation>
<Annotation Id="19" Type="Location" StartNode="1564" EndNode="1568">
<Feature>
  <Name className="java.lang.String">locType</Name>
  <Value className="java.lang.String">region</Value>
</Feature>
<Feature>
  <Name className="java.lang.String">rule1</Name>
  <Value className="java.lang.String">GazLocation</Value>
</Feature>
<Feature>
  <Name className="java.lang.String">rule2</Name>
  <Value className="java.lang.String">LocFinal</Value>
</Feature>
</Annotation>
<Annotation Id="18" Type="Organization" StartNode="705" EndNode="729">
<Feature>
  <Name className="java.lang.String">orgType</Name>
  <Value className="java.lang.String">unknown</Value>
</Feature>
<Feature>
  <Name className="java.lang.String">rule1</Name>
  <Value className="java.lang.String">OrgXKey</Value>
</Feature>
<Feature>
  <Name className="java.lang.String">id</Name>
  <Value className="java.lang.Integer">18</Value>
</Feature>
<Feature>
  <Name className="java.lang.String">rule2</Name>
  <Value className="java.lang.String">OrgFinal</Value>
</Feature>
</Annotation>
<Annotation Id="21" Type="Organization" StartNode="1608" EndNode="1634">
<Feature>
  <Name className="java.lang.String">orgType</Name>
  <Value className="java.lang.String">company</Value>
</Feature>
<Feature>
  <Name className="java.lang.String">rule1</Name>
  <Value className="java.lang.String">GazOrganization</Value>
</Feature>
<Feature>
  <Name className="java.lang.String">id</Name>
  <Value className="java.lang.Integer">21</Value>
</Feature>
<Feature>
  <Name className="java.lang.String">rule2</Name>
  <Value className="java.lang.String">OrgFinal</Value>
</Feature>
</Annotation>
<Annotation Id="20" Type="Person" StartNode="1581" EndNode="1590">
<Feature>
  <Name className="java.lang.String">rule1</Name>
  <Value className="java.lang.String">PersonFull</Value>
</Feature>
<Feature>
  <Name className="java.lang.String">id</Name>
  <Value className="java.lang.Integer">20</Value>
</Feature>
<Feature>
  <Name className="java.lang.String">gender</Name>
  <Value className="java.lang.String">male</Value>
</Feature>
<Feature>
  <Name className="java.lang.String">rule</Name>
  <Value className="java.lang.String">PersonFinal</Value>
</Feature>
</Annotation>
<Annotation Id="23" Type="Location" StartNode="1850" EndNode="1855">
<Feature>
  <Name className="java.lang.String">locType</Name>
  <Value className="java.lang.String">country</Value>
</Feature>
<Feature>
  <Name className="java.lang.String">rule1</Name>
  <Value className="java.lang.String">GazLocation</Value>
</Feature>
<Feature>
  <Name className="java.lang.String">rule2</Name>
  <Value className="java.lang.String">LocFinal</Value>
</Feature>
</Annotation>
<Annotation Id="22" Type="Organization" StartNode="1832" EndNode="1845">
<Feature>
  <Name className="java.lang.String">orgType</Name>
  <Value className="java.lang.String">unknown</Value>
</Feature>
<Feature>
  <Name className="java.lang.String">rule1</Name>
  <Value className="java.lang.String">OrgXBase</Value>
</Feature>
<Feature>
  <Name className="java.lang.String">id</Name>
  <Value className="java.lang.Integer">22</Value>
</Feature>
<Feature>
  <Name className="java.lang.String">rule2</Name>
  <Value className="java.lang.String">OrgFinal</Value>
</Feature>
</Annotation>
<Annotation Id="25" Type="Organization" StartNode="646" EndNode="657">
<Feature>
  <Name className="java.lang.String">id</Name>
  <Value className="java.lang.Integer">25</Value>
</Feature>
</Annotation>
<Annotation Id="24" Type="Organization" StartNode="1972" EndNode="1985">
<Feature>
  <Name className="java.lang.String">orgType</Name>
  <Value className="java.lang.String">unknown</Value>
</Feature>
<Feature>
  <Name className="java.lang.String">rule1</Name>
  <Value className="java.lang.String">OrgXBase</Value>
</Feature>
<Feature>
  <Name className="java.lang.String">id</Name>
  <Value className="java.lang.Integer">24</Value>
</Feature>
<Feature>
  <Name className="java.lang.String">rule2</Name>
  <Value className="java.lang.String">OrgFinal</Value>
</Feature>
</Annotation>
<Annotation Id="27" Type="Organization" StartNode="1426" EndNode="1456">
<Feature>
  <Name className="java.lang.String">id</Name>
  <Value className="java.lang.Integer">27</Value>
</Feature>
</Annotation>
<Annotation Id="26" Type="Organization" StartNode="10" EndNode="21">
<Feature>
  <Name className="java.lang.String">id</Name>
  <Value className="java.lang.Integer">26</Value>
</Feature>
</Annotation>
<Annotation Id="29" Type="Organization" StartNode="1858" EndNode="1868">
<Feature>
  <Name className="java.lang.String">id</Name>
  <Value className="java.lang.Integer">29</Value>
</Feature>
</Annotation>
<Annotation Id="28" Type="Organization" StartNode="1735" EndNode="1746">
<Feature>
  <Name className="java.lang.String">id</Name>
  <Value className="java.lang.Integer">28</Value>
</Feature>
</Annotation>
<Annotation Id="31" Type="Date" StartNode="1415" EndNode="1424">
<Feature>
  <Name className="java.lang.String">kind</Name>
  <Value className="java.lang.String">date</Value>
</Feature>
</Annotation>
<Annotation Id="30" Type="Organization" StartNode="2011" EndNode="2026">
<Feature>
  <Name className="java.lang.String">id</Name>
  <Value className="java.lang.Integer">30</Value>
</Feature>
</Annotation>
<Annotation Id="34" Type="Date" StartNode="1509" EndNode="1518">
<Feature>
  <Name className="java.lang.String">kind</Name>
  <Value className="java.lang.String">date</Value>
</Feature>
</Annotation>
<Annotation Id="35" Type="Date" StartNode="468" EndNode="504">
<Feature>
  <Name className="java.lang.String">kind</Name>
  <Value className="java.lang.String">date</Value>
</Feature>
</Annotation>
<Annotation Id="32" Type="Date" StartNode="1147" EndNode="1161">
<Feature>
  <Name className="java.lang.String">kind</Name>
  <Value className="java.lang.String">date</Value>
</Feature>
</Annotation>
<Annotation Id="33" Type="Date" StartNode="1200" EndNode="1213">
<Feature>
  <Name className="java.lang.String">kind</Name>
  <Value className="java.lang.String">date</Value>
</Feature>
</Annotation>
<Annotation Id="3942" Type="RelationClass" StartNode="1581" EndNode="1634">
<Feature>
  <Name className="java.lang.String">rel-type</Name>
  <Value className="java.lang.String">employed-by</Value>
</Feature>
<Feature>
  <Name className="java.lang.String">pers-id</Name>
  <Value className="java.lang.String">20</Value>
</Feature>
<Feature>
  <Name className="java.lang.String">org-id</Name>
  <Value className="java.lang.String">21</Value>
</Feature>
</Annotation>
</AnnotationSet>

<!-- Named annotation set -->

<AnnotationSet Name="Original markups">
<Annotation Id="84" Type="TEXT" StartNode="0" EndNode="2065">
</Annotation>
<Annotation Id="55" Type="p" StartNode="1075" EndNode="1308">
</Annotation>
<Annotation Id="54" Type="p" StartNode="1310" EndNode="1733">
</Annotation>
<Annotation Id="80" Type="body" StartNode="0" EndNode="2065">
<Feature>
  <Name className="java.lang.String">bgcolor</Name>
  <Value className="java.lang.String">#ffffff</Value>
</Feature>
<Feature>
  <Name className="java.lang.String">text</Name>
  <Value className="java.lang.String">#000000</Value>
</Feature>
</Annotation>
<Annotation Id="53" Type="p" StartNode="1735" EndNode="2065">
</Annotation>
<Annotation Id="83" Type="html" StartNode="0" EndNode="2065">
</Annotation>
<Annotation Id="59" Type="p" StartNode="0" EndNode="226">
</Annotation>
<Annotation Id="58" Type="p" StartNode="228" EndNode="422">
</Annotation>
<Annotation Id="57" Type="p" StartNode="424" EndNode="764">
</Annotation>
<Annotation Id="56" Type="p" StartNode="766" EndNode="1073">
</Annotation>
</AnnotationSet>

</GateDocument>
