<?xml version='1.0' encoding='UTF-8'?>
<GateDocument>
<!-- The document's features-->

<GateDocumentFeatures>
<Feature>
  <Name className="java.lang.String">gate.SourceURL</Name>
  <Value className="java.lang.String">file:/Z:/Corpus/in-GKN-citywire-10-aug-2001.jsp</Value>
</Feature>
<Feature>
  <Name className="java.lang.String">gate.NAME</Name>
  <Value className="java.lang.String">doc2</Value>
</Feature>
<Feature>
  <Name className="java.lang.String">entitySet</Name>
  <Value className="java.lang.String">==== FILE: /Z:/Corpus/in-GKN-citywire-10-aug-2001.jsp
</Value>
</Feature>
<Feature>
  <Name className="java.lang.String">MimeType</Name>
  <Value className="java.lang.String">text/html</Value>
</Feature>
</GateDocumentFeatures>
<!-- The document content area with serialized nodes -->

<TextWithNodes><Node id="0" />Results from the new slimline <Node id="30" />GKN<Node id="33" />, shorn of its industrial services division <Node id="77" />this week<Node id="86" />, proved a tonic for its beleaguered investors <Node id="133" />yesterday<Node id="142" />. Its presentation to the City was grandiloquently titled "Managing the Downturn, Building for the Future" and proved the company is doing just that.

The group, now headed by <Node id="318" />Marcus Beresford<Node id="334" /> after <Node id="341" />Sir CK Chow<Node id="352" />'s move across to <Node id="370" />Brambles Industries<Node id="389" />, met analysts' forecasts and, in the divisions supplying the car industry, even surpassed them. Given that the collapse in car production volumes has spread from the <Node id="556" />US<Node id="558" /> to <Node id="562" />Europe<Node id="568" />, investors were cheered by the fact that sales were broadly flat after stripping out currency effects.

<Node id="673" />Mr Beresford<Node id="685" />'s urging <Node id="695" />yesterday<Node id="704" /> prompted some analysts to revise down their expectations for the European car parts business in the <Node id="805" />second half<Node id="816" />, but many felt <Node id="832" />GKN<Node id="835" /> is just being conservative.

Sales in the continuing parts of the group  where there is a rough 65:35 split between the automotive and aerospace businesses  came in at <Node id="1006" />£2.26bn<Node id="1013" />, from <Node id="1020" />£2.03bn<Node id="1027" /> in the <Node id="1035" />first half of 2000<Node id="1053" />. But pre-tax profits were down <Node id="1085" />26 per cent<Node id="1096" /> to <Node id="1100" />£143m<Node id="1105" /> as the giant car makers put the squeeze on margins.

<Node id="1159" />GKN<Node id="1162" /> has shed more than 700 staff since the <Node id="1202" />start of the year<Node id="1219" /> and has the ability to run its European factories at a lower level, so it seems that it has done enough for now to offset the cyclical downturn. In the longer term, its focus on emerging markets, where car production is still growing at more than <Node id="1467" />6 per cent<Node id="1477" /> a year and where <Node id="1495" />GKN<Node id="1498" /> has a higher market share, should put it in a strong position, come the upturn. <Node id="1579" />GKN<Node id="1582" /> has also won assembly contracts from <Node id="1620" />Nissan<Node id="1626" /> and <Node id="1631" />Fiat<Node id="1635" />, and these outsourcing deals are likely to be copied by other cost-conscious car makers before too long.

The aerospace business, and particularly its new helicopters joint venture <Node id="1817" />AgustaWestland<Node id="1831" />, is winning impressive new orders and is barely exposed to any economic downturn.

Loose ends from the demerger, including the axeing of 100 head office jobs and the abandonment of its research programme Innovation, will take a little more time to tie up, but the benefits of its new, clearer focus should create a new following for the shares.

It looks like <Node id="2192" />GKN<Node id="2195" /> dumped its industrial services businesses at just the right time, since figures from the <Node id="2285" />Chep<Node id="2289" /> pallets business <Node id="2307" />yesterday<Node id="2316" /> were disappointing. The cost of launching a new crate hiring service has hit margins and will prove a headache for <Node id="2432" />Brambles<Node id="2440" />, which has taken over the business.

While <Node id="2484" />Brambles<Node id="2492" /> shares headed south, <Node id="2514" />GKN<Node id="2517" /> jumped <Node id="2525" />17p<Node id="2528" /> to <Node id="2532" />296p<Node id="2536" /> <Node id="2537" />yesterday<Node id="2546" />. Forecasts from <Node id="2563" />ABN Amro<Node id="2571" /> put the stock on a multiple of 13 times <Node id="2612" />this year<Node id="2621" />'s earnings, falling to 11 times <Node id="2654" />next year<Node id="2663" />. That does not seem particularly stretched unless there is Armageddon in the European car market, so the shares are a solid hold.
<Node id="2794" />London Pacific<Node id="2808" />

Even in these gloomy times, it's rare to find a statement as cautionary as <Node id="2885" />yesterday<Node id="2894" />'s <Node id="2897" />half-year<Node id="2906" /> update from the <Node id="2923" />London Pacific Group<Node id="2943" />.

There is already plenty to deter retail investors from buying into this financial services conglomerate: its commercial headquarters are in <Node id="3086" />Jersey<Node id="3092" /> while its operations are based in <Node id="3127" />California<Node id="3137" />, and the bulk of its business is in hi-tech private equity where exit valuations have crashed. The interim results showed a dramatic slump in unrealised investment gains, sending pre-tax income down from <Node id="3342" />$410m<Node id="3347" /> (<Node id="3349" />£282m<Node id="3354" />) to <Node id="3359" />$26.1m<Node id="3365" />.

Small wonder then that <Node id="3391" />LPG<Node id="3394" />'s chairman, <Node id="3407" />Arthur Trueger<Node id="3421" />, was warning that its results are set to continue suffering with the <Node id="3491" />US<Node id="3493" /> Nasdaq hi-tech share index, and that this is unlikely to gain much ground <Node id="3568" />this year<Node id="3577" />. Perhaps more worringly for an investment company whose raison d'être is to make money work harder, <Node id="3678" />LPG<Node id="3681" /> was, <Node id="3687" />Mr Trueger<Node id="3697" /> said, in "cash preservation and capital protection mode".

Shareholders who have seen the stock plummet from <Node id="3807" />1,937.5p<Node id="3815" /> in <Node id="3819" />March last year<Node id="3834" /> to <Node id="3838" />yesterday<Node id="3847" />'s close of <Node id="3859" />355p<Node id="3863" /> will at least find comfort in <Node id="3894" />London Pacific Advisors<Node id="3917" />, the subsidiary that provides software consultancy to independent financial advisers. By the <Node id="4011" />year-end<Node id="4019" />, it expects to have 10 clients for a new service helping IFAs manage investment portfolios according to their clients' individual risk appetite. <Node id="4165" />Wells Fargo<Node id="4176" /> and <Node id="4181" />Credit Suisse<Node id="4194" /> have already come on board.

Meanwhile, the group's life assurance unit is seeing strong growth in premiums as fixed income investments gain in popularity following the equity market downturn.

Valued at <Node id="4399" />£229m<Node id="4404" />, <Node id="4406" />LPG<Node id="4409" /> trades at about six times annualised earnings. That looks undemanding for such an apparently exotic investment, but the prevailing uncertainty surrounding the <Node id="4569" />Nasdaq<Node id="4575" /> makes <Node id="4582" />LPG<Node id="4585" /> an investment only for the brave.
Ideal Shopping

Gutted is not the word for it. When <Node id="4672" />Ideal Shopping Direct<Node id="4693" /> saw its television studio and warehouses destroyed by fire in <Node id="4756" />March<Node id="4761" />, investors despaired of ever making money from the little home shopping group.

The shares resumed trading in a blaze of publicity <Node id="4893" />yesterday<Node id="4902" />, following a <Node id="4916" />£3.7m<Node id="4921" /> placing to get the company back on its feet. More than 9 million shares were sold at <Node id="5007" />40p<Node id="5010" /> to new and existing institutional shareholders, so the stock ended down <Node id="5083" />30.5p<Node id="5088" /> from its <Node id="5098" />March<Node id="5103" /> suspension.

That might look like a knock down price, but investors should be wary, at least until the tussle between the company and its insurers is resolved and the catalogues business is disposed of, as promised. Even the house broker is not making financial forecasts at this stage. Too risky.<Node id="5401" /></TextWithNodes>
<!-- The default annotation set -->

<AnnotationSet>
</AnnotationSet>

<!-- Named annotation set -->

<AnnotationSet Name="Key">
<Annotation Id="0" Type="Date" StartNode="4893" EndNode="4902">
<Feature>
  <Name className="java.lang.String">kind</Name>
  <Value className="java.lang.String">date</Value>
</Feature>
</Annotation>
<Annotation Id="1" Type="Date" StartNode="2897" EndNode="2906">
<Feature>
  <Name className="java.lang.String">kind</Name>
  <Value className="java.lang.String">date</Value>
</Feature>
</Annotation>
<Annotation Id="2" Type="Date" StartNode="2885" EndNode="2894">
<Feature>
  <Name className="java.lang.String">kind</Name>
  <Value className="java.lang.String">date</Value>
</Feature>
</Annotation>
<Annotation Id="3" Type="Date" StartNode="3838" EndNode="3847">
<Feature>
  <Name className="java.lang.String">kind</Name>
  <Value className="java.lang.String">date</Value>
</Feature>
</Annotation>
<Annotation Id="4" Type="Date" StartNode="3819" EndNode="3834">
<Feature>
  <Name className="java.lang.String">kind</Name>
  <Value className="java.lang.String">date</Value>
</Feature>
</Annotation>
<Annotation Id="5" Type="Date" StartNode="3568" EndNode="3577">
<Feature>
  <Name className="java.lang.String">kind</Name>
  <Value className="java.lang.String">date</Value>
</Feature>
</Annotation>
<Annotation Id="6" Type="Date" StartNode="2654" EndNode="2663">
<Feature>
  <Name className="java.lang.String">kind</Name>
  <Value className="java.lang.String">date</Value>
</Feature>
</Annotation>
<Annotation Id="7" Type="Date" StartNode="2537" EndNode="2546">
<Feature>
  <Name className="java.lang.String">kind</Name>
  <Value className="java.lang.String">date</Value>
</Feature>
</Annotation>
<Annotation Id="8" Type="Date" StartNode="2612" EndNode="2621">
<Feature>
  <Name className="java.lang.String">kind</Name>
  <Value className="java.lang.String">date</Value>
</Feature>
</Annotation>
<Annotation Id="9" Type="Date" StartNode="2307" EndNode="2316">
<Feature>
  <Name className="java.lang.String">kind</Name>
  <Value className="java.lang.String">date</Value>
</Feature>
</Annotation>
<Annotation Id="10" Type="Date" StartNode="1202" EndNode="1219">
<Feature>
  <Name className="java.lang.String">kind</Name>
  <Value className="java.lang.String">date</Value>
</Feature>
</Annotation>
<Annotation Id="11" Type="Date" StartNode="1035" EndNode="1053">
<Feature>
  <Name className="java.lang.String">kind</Name>
  <Value className="java.lang.String">date</Value>
</Feature>
</Annotation>
<Annotation Id="12" Type="Date" StartNode="805" EndNode="816">
<Feature>
  <Name className="java.lang.String">kind</Name>
  <Value className="java.lang.String">date</Value>
</Feature>
</Annotation>
<Annotation Id="13" Type="Date" StartNode="695" EndNode="704">
<Feature>
  <Name className="java.lang.String">kind</Name>
  <Value className="java.lang.String">date</Value>
</Feature>
</Annotation>
<Annotation Id="14" Type="Date" StartNode="133" EndNode="142">
<Feature>
  <Name className="java.lang.String">kind</Name>
  <Value className="java.lang.String">date</Value>
</Feature>
</Annotation>
<Annotation Id="15" Type="Date" StartNode="77" EndNode="86">
<Feature>
  <Name className="java.lang.String">kind</Name>
  <Value className="java.lang.String">date</Value>
</Feature>
</Annotation>
<Annotation Id="17" Type="Organization" StartNode="2285" EndNode="2289">
<Feature>
  <Name className="java.lang.String">id</Name>
  <Value className="java.lang.Integer">17</Value>
</Feature>
</Annotation>
<Annotation Id="16" Type="Location" StartNode="3491" EndNode="3493">
</Annotation>
<Annotation Id="19" Type="Money" StartNode="1020" EndNode="1027">
<Feature>
  <Name className="java.lang.String">kind</Name>
  <Value className="java.lang.String">number</Value>
</Feature>
<Feature>
  <Name className="java.lang.String">rule</Name>
  <Value className="java.lang.String">MoneySymbolUnit</Value>
</Feature>
</Annotation>
<Annotation Id="18" Type="Money" StartNode="1006" EndNode="1013">
<Feature>
  <Name className="java.lang.String">kind</Name>
  <Value className="java.lang.String">number</Value>
</Feature>
<Feature>
  <Name className="java.lang.String">rule</Name>
  <Value className="java.lang.String">MoneySymbolUnit</Value>
</Feature>
</Annotation>
<Annotation Id="21" Type="Money" StartNode="1100" EndNode="1105">
<Feature>
  <Name className="java.lang.String">kind</Name>
  <Value className="java.lang.String">number</Value>
</Feature>
<Feature>
  <Name className="java.lang.String">rule</Name>
  <Value className="java.lang.String">MoneySymbolUnit</Value>
</Feature>
</Annotation>
<Annotation Id="20" Type="Percent" StartNode="1085" EndNode="1096">
<Feature>
  <Name className="java.lang.String">rule</Name>
  <Value className="java.lang.String">PercentBasic</Value>
</Feature>
</Annotation>
<Annotation Id="23" Type="Money" StartNode="2525" EndNode="2528">
<Feature>
  <Name className="java.lang.String">kind</Name>
  <Value className="java.lang.String">number</Value>
</Feature>
<Feature>
  <Name className="java.lang.String">rule</Name>
  <Value className="java.lang.String">MoneyCurrencyUnit</Value>
</Feature>
</Annotation>
<Annotation Id="22" Type="Percent" StartNode="1467" EndNode="1477">
<Feature>
  <Name className="java.lang.String">rule</Name>
  <Value className="java.lang.String">PercentBasic</Value>
</Feature>
</Annotation>
<Annotation Id="25" Type="Money" StartNode="3342" EndNode="3347">
<Feature>
  <Name className="java.lang.String">kind</Name>
  <Value className="java.lang.String">number</Value>
</Feature>
<Feature>
  <Name className="java.lang.String">rule</Name>
  <Value className="java.lang.String">MoneySymbolUnit</Value>
</Feature>
</Annotation>
<Annotation Id="24" Type="Money" StartNode="2532" EndNode="2536">
<Feature>
  <Name className="java.lang.String">kind</Name>
  <Value className="java.lang.String">number</Value>
</Feature>
<Feature>
  <Name className="java.lang.String">rule</Name>
  <Value className="java.lang.String">MoneyCurrencyUnit</Value>
</Feature>
</Annotation>
<Annotation Id="27" Type="Money" StartNode="3359" EndNode="3365">
<Feature>
  <Name className="java.lang.String">kind</Name>
  <Value className="java.lang.String">number</Value>
</Feature>
<Feature>
  <Name className="java.lang.String">rule</Name>
  <Value className="java.lang.String">MoneySymbolUnit</Value>
</Feature>
</Annotation>
<Annotation Id="26" Type="Money" StartNode="3349" EndNode="3354">
<Feature>
  <Name className="java.lang.String">kind</Name>
  <Value className="java.lang.String">number</Value>
</Feature>
<Feature>
  <Name className="java.lang.String">rule</Name>
  <Value className="java.lang.String">MoneySymbolUnit</Value>
</Feature>
</Annotation>
<Annotation Id="29" Type="Money" StartNode="3859" EndNode="3863">
<Feature>
  <Name className="java.lang.String">kind</Name>
  <Value className="java.lang.String">number</Value>
</Feature>
<Feature>
  <Name className="java.lang.String">rule</Name>
  <Value className="java.lang.String">MoneyCurrencyUnit</Value>
</Feature>
</Annotation>
<Annotation Id="28" Type="Money" StartNode="3807" EndNode="3815">
<Feature>
  <Name className="java.lang.String">kind</Name>
  <Value className="java.lang.String">number</Value>
</Feature>
<Feature>
  <Name className="java.lang.String">rule</Name>
  <Value className="java.lang.String">MoneyCurrencyUnit</Value>
</Feature>
</Annotation>
<Annotation Id="31" Type="Money" StartNode="4916" EndNode="4921">
<Feature>
  <Name className="java.lang.String">kind</Name>
  <Value className="java.lang.String">number</Value>
</Feature>
<Feature>
  <Name className="java.lang.String">rule</Name>
  <Value className="java.lang.String">MoneySymbolUnit</Value>
</Feature>
</Annotation>
<Annotation Id="30" Type="Money" StartNode="4399" EndNode="4404">
<Feature>
  <Name className="java.lang.String">kind</Name>
  <Value className="java.lang.String">number</Value>
</Feature>
<Feature>
  <Name className="java.lang.String">rule</Name>
  <Value className="java.lang.String">bolUnit</Value>
</Feature>
</Annotation>
<Annotation Id="34" Type="Organization" StartNode="30" EndNode="33">
<Feature>
  <Name className="java.lang.String">orgType</Name>
  <Value className="java.lang.String">company</Value>
</Feature>
<Feature>
  <Name className="java.lang.String">rule1</Name>
  <Value className="java.lang.String">GazOrganization</Value>
</Feature>
<Feature>
  <Name className="java.lang.String">id</Name>
  <Value className="java.lang.Integer">34</Value>
</Feature>
<Feature>
  <Name className="java.lang.String">rule2</Name>
  <Value className="java.lang.String">OrgFinal</Value>
</Feature>
</Annotation>
<Annotation Id="35" Type="Person" StartNode="318" EndNode="334">
<Feature>
  <Name className="java.lang.String">rule1</Name>
  <Value className="java.lang.String">PersonFull</Value>
</Feature>
<Feature>
  <Name className="java.lang.String">id</Name>
  <Value className="java.lang.Integer">35</Value>
</Feature>
<Feature>
  <Name className="java.lang.String">gender</Name>
  <Value className="java.lang.String">male</Value>
</Feature>
<Feature>
  <Name className="java.lang.String">rule</Name>
  <Value className="java.lang.String">PersonFinal</Value>
</Feature>
</Annotation>
<Annotation Id="32" Type="Money" StartNode="5007" EndNode="5010">
<Feature>
  <Name className="java.lang.String">kind</Name>
  <Value className="java.lang.String">number</Value>
</Feature>
<Feature>
  <Name className="java.lang.String">rule</Name>
  <Value className="java.lang.String">MoneyCurrencyUnit</Value>
</Feature>
</Annotation>
<Annotation Id="33" Type="Money" StartNode="5083" EndNode="5088">
<Feature>
  <Name className="java.lang.String">kind</Name>
  <Value className="java.lang.String">number</Value>
</Feature>
<Feature>
  <Name className="java.lang.String">rule</Name>
  <Value className="java.lang.String">MoneyCurrencyUnit</Value>
</Feature>
</Annotation>
<Annotation Id="38" Type="Location" StartNode="556" EndNode="558">
<Feature>
  <Name className="java.lang.String">locType</Name>
  <Value className="java.lang.String">country</Value>
</Feature>
<Feature>
  <Name className="java.lang.String">rule1</Name>
  <Value className="java.lang.String">GazLocation</Value>
</Feature>
<Feature>
  <Name className="java.lang.String">rule2</Name>
  <Value className="java.lang.String">LocFinal</Value>
</Feature>
</Annotation>
<Annotation Id="39" Type="Location" StartNode="562" EndNode="568">
<Feature>
  <Name className="java.lang.String">locType</Name>
  <Value className="java.lang.String">region</Value>
</Feature>
<Feature>
  <Name className="java.lang.String">rule1</Name>
  <Value className="java.lang.String">GazLocation</Value>
</Feature>
<Feature>
  <Name className="java.lang.String">rule2</Name>
  <Value className="java.lang.String">LocFinal</Value>
</Feature>
</Annotation>
<Annotation Id="36" Type="Person" StartNode="341" EndNode="352">
<Feature>
  <Name className="java.lang.String">rule1</Name>
  <Value className="java.lang.String">PersonTitleGender</Value>
</Feature>
<Feature>
  <Name className="java.lang.String">id</Name>
  <Value className="java.lang.Integer">36</Value>
</Feature>
<Feature>
  <Name className="java.lang.String">gender</Name>
  <Value className="java.lang.String">male</Value>
</Feature>
<Feature>
  <Name className="java.lang.String">rule</Name>
  <Value className="java.lang.String">PersonFinal</Value>
</Feature>
</Annotation>
<Annotation Id="37" Type="Organization" StartNode="370" EndNode="389">
<Feature>
  <Name className="java.lang.String">orgType</Name>
  <Value className="java.lang.String">unknown</Value>
</Feature>
<Feature>
  <Name className="java.lang.String">rule1</Name>
  <Value className="java.lang.String">OrgXEnding</Value>
</Feature>
<Feature>
  <Name className="java.lang.String">id</Name>
  <Value className="java.lang.Integer">37</Value>
</Feature>
<Feature>
  <Name className="java.lang.String">rule2</Name>
  <Value className="java.lang.String">OrgFinal</Value>
</Feature>
</Annotation>
<Annotation Id="42" Type="Organization" StartNode="1159" EndNode="1162">
<Feature>
  <Name className="java.lang.String">orgType</Name>
  <Value className="java.lang.String">company</Value>
</Feature>
<Feature>
  <Name className="java.lang.String">rule1</Name>
  <Value className="java.lang.String">GazOrganization</Value>
</Feature>
<Feature>
  <Name className="java.lang.String">id</Name>
  <Value className="java.lang.Integer">42</Value>
</Feature>
<Feature>
  <Name className="java.lang.String">rule2</Name>
  <Value className="java.lang.String">OrgFinal</Value>
</Feature>
</Annotation>
<Annotation Id="43" Type="Organization" StartNode="1495" EndNode="1498">
<Feature>
  <Name className="java.lang.String">orgType</Name>
  <Value className="java.lang.String">company</Value>
</Feature>
<Feature>
  <Name className="java.lang.String">rule1</Name>
  <Value className="java.lang.String">GazOrganization</Value>
</Feature>
<Feature>
  <Name className="java.lang.String">id</Name>
  <Value className="java.lang.Integer">43</Value>
</Feature>
<Feature>
  <Name className="java.lang.String">rule2</Name>
  <Value className="java.lang.String">OrgFinal</Value>
</Feature>
</Annotation>
<Annotation Id="40" Type="Person" StartNode="673" EndNode="685">
<Feature>
  <Name className="java.lang.String">rule1</Name>
  <Value className="java.lang.String">PersonTitleGender</Value>
</Feature>
<Feature>
  <Name className="java.lang.String">id</Name>
  <Value className="java.lang.Integer">40</Value>
</Feature>
<Feature>
  <Name className="java.lang.String">gender</Name>
  <Value className="java.lang.String">male</Value>
</Feature>
<Feature>
  <Name className="java.lang.String">rule</Name>
  <Value className="java.lang.String">PersonFinal</Value>
</Feature>
</Annotation>
<Annotation Id="41" Type="Organization" StartNode="832" EndNode="835">
<Feature>
  <Name className="java.lang.String">orgType</Name>
  <Value className="java.lang.String">company</Value>
</Feature>
<Feature>
  <Name className="java.lang.String">rule1</Name>
  <Value className="java.lang.String">GazOrganization</Value>
</Feature>
<Feature>
  <Name className="java.lang.String">id</Name>
  <Value className="java.lang.Integer">41</Value>
</Feature>
<Feature>
  <Name className="java.lang.String">rule2</Name>
  <Value className="java.lang.String">OrgFinal</Value>
</Feature>
</Annotation>
<Annotation Id="46" Type="Organization" StartNode="1631" EndNode="1635">
<Feature>
  <Name className="java.lang.String">orgType</Name>
  <Value className="java.lang.String">company</Value>
</Feature>
<Feature>
  <Name className="java.lang.String">rule1</Name>
  <Value className="java.lang.String">GazOrganization</Value>
</Feature>
<Feature>
  <Name className="java.lang.String">id</Name>
  <Value className="java.lang.Integer">46</Value>
</Feature>
<Feature>
  <Name className="java.lang.String">rule2</Name>
  <Value className="java.lang.String">OrgFinal</Value>
</Feature>
</Annotation>
<Annotation Id="47" Type="Organization" StartNode="2192" EndNode="2195">
<Feature>
  <Name className="java.lang.String">orgType</Name>
  <Value className="java.lang.String">company</Value>
</Feature>
<Feature>
  <Name className="java.lang.String">rule1</Name>
  <Value className="java.lang.String">GazOrganization</Value>
</Feature>
<Feature>
  <Name className="java.lang.String">id</Name>
  <Value className="java.lang.Integer">47</Value>
</Feature>
<Feature>
  <Name className="java.lang.String">rule2</Name>
  <Value className="java.lang.String">OrgFinal</Value>
</Feature>
</Annotation>
<Annotation Id="44" Type="Organization" StartNode="1579" EndNode="1582">
<Feature>
  <Name className="java.lang.String">orgType</Name>
  <Value className="java.lang.String">company</Value>
</Feature>
<Feature>
  <Name className="java.lang.String">rule1</Name>
  <Value className="java.lang.String">GazOrganization</Value>
</Feature>
<Feature>
  <Name className="java.lang.String">id</Name>
  <Value className="java.lang.Integer">44</Value>
</Feature>
<Feature>
  <Name className="java.lang.String">rule2</Name>
  <Value className="java.lang.String">OrgFinal</Value>
</Feature>
</Annotation>
<Annotation Id="45" Type="Organization" StartNode="1620" EndNode="1626">
<Feature>
  <Name className="java.lang.String">orgType</Name>
  <Value className="java.lang.String">company</Value>
</Feature>
<Feature>
  <Name className="java.lang.String">rule1</Name>
  <Value className="java.lang.String">GazOrganization</Value>
</Feature>
<Feature>
  <Name className="java.lang.String">id</Name>
  <Value className="java.lang.Integer">45</Value>
</Feature>
<Feature>
  <Name className="java.lang.String">rule2</Name>
  <Value className="java.lang.String">OrgFinal</Value>
</Feature>
</Annotation>
<Annotation Id="51" Type="Location" StartNode="3127" EndNode="3137">
<Feature>
  <Name className="java.lang.String">locType</Name>
  <Value className="java.lang.String">province</Value>
</Feature>
<Feature>
  <Name className="java.lang.String">rule1</Name>
  <Value className="java.lang.String">GazLocation</Value>
</Feature>
<Feature>
  <Name className="java.lang.String">rule2</Name>
  <Value className="java.lang.String">LocFinal</Value>
</Feature>
</Annotation>
<Annotation Id="50" Type="Location" StartNode="3086" EndNode="3092">
<Feature>
  <Name className="java.lang.String">locType</Name>
  <Value className="java.lang.String">city</Value>
</Feature>
<Feature>
  <Name className="java.lang.String">rule1</Name>
  <Value className="java.lang.String">GazLocation</Value>
</Feature>
<Feature>
  <Name className="java.lang.String">rule2</Name>
  <Value className="java.lang.String">LocFinal</Value>
</Feature>
</Annotation>
<Annotation Id="49" Type="Organization" StartNode="2923" EndNode="2943">
<Feature>
  <Name className="java.lang.String">orgType</Name>
  <Value className="java.lang.String">unknown</Value>
</Feature>
<Feature>
  <Name className="java.lang.String">rule1</Name>
  <Value className="java.lang.String">OrgXBase</Value>
</Feature>
<Feature>
  <Name className="java.lang.String">id</Name>
  <Value className="java.lang.Integer">49</Value>
</Feature>
<Feature>
  <Name className="java.lang.String">rule2</Name>
  <Value className="java.lang.String">OrgFinal</Value>
</Feature>
</Annotation>
<Annotation Id="48" Type="Organization" StartNode="2514" EndNode="2517">
<Feature>
  <Name className="java.lang.String">orgType</Name>
  <Value className="java.lang.String">company</Value>
</Feature>
<Feature>
  <Name className="java.lang.String">rule1</Name>
  <Value className="java.lang.String">GazOrganization</Value>
</Feature>
<Feature>
  <Name className="java.lang.String">id</Name>
  <Value className="java.lang.Integer">48</Value>
</Feature>
<Feature>
  <Name className="java.lang.String">rule2</Name>
  <Value className="java.lang.String">OrgFinal</Value>
</Feature>
</Annotation>
<Annotation Id="55" Type="Date" StartNode="4756" EndNode="4761">
<Feature>
  <Name className="java.lang.String">rule1</Name>
  <Value className="java.lang.String">GazDate</Value>
</Feature>
<Feature>
  <Name className="java.lang.String">kind</Name>
  <Value className="java.lang.String">date</Value>
</Feature>
<Feature>
  <Name className="java.lang.String">rule2</Name>
  <Value className="java.lang.String">DateOnlyFinal</Value>
</Feature>
</Annotation>
<Annotation Id="54" Type="Organization" StartNode="4181" EndNode="4194">
<Feature>
  <Name className="java.lang.String">orgType</Name>
  <Value className="java.lang.String">company</Value>
</Feature>
<Feature>
  <Name className="java.lang.String">rule1</Name>
  <Value className="java.lang.String">GazOrganization</Value>
</Feature>
<Feature>
  <Name className="java.lang.String">id</Name>
  <Value className="java.lang.Integer">54</Value>
</Feature>
<Feature>
  <Name className="java.lang.String">rule2</Name>
  <Value className="java.lang.String">OrgFinal</Value>
</Feature>
</Annotation>
<Annotation Id="53" Type="Person" StartNode="3687" EndNode="3697">
<Feature>
  <Name className="java.lang.String">rule1</Name>
  <Value className="java.lang.String">PersonTitleGender</Value>
</Feature>
<Feature>
  <Name className="java.lang.String">id</Name>
  <Value className="java.lang.Integer">53</Value>
</Feature>
<Feature>
  <Name className="java.lang.String">gender</Name>
  <Value className="java.lang.String">male</Value>
</Feature>
<Feature>
  <Name className="java.lang.String">rule</Name>
  <Value className="java.lang.String">PersonFinal</Value>
</Feature>
</Annotation>
<Annotation Id="52" Type="Person" StartNode="3407" EndNode="3421">
<Feature>
  <Name className="java.lang.String">rule1</Name>
  <Value className="java.lang.String">PersonFull</Value>
</Feature>
<Feature>
  <Name className="java.lang.String">id</Name>
  <Value className="java.lang.Integer">52</Value>
</Feature>
<Feature>
  <Name className="java.lang.String">gender</Name>
  <Value className="java.lang.String">male</Value>
</Feature>
<Feature>
  <Name className="java.lang.String">rule</Name>
  <Value className="java.lang.String">PersonFinal</Value>
</Feature>
</Annotation>
<Annotation Id="59" Type="Organization" StartNode="2432" EndNode="2440">
<Feature>
  <Name className="java.lang.String">id</Name>
  <Value className="java.lang.Integer">59</Value>
</Feature>
</Annotation>
<Annotation Id="58" Type="Organization" StartNode="1817" EndNode="1831">
<Feature>
  <Name className="java.lang.String">id</Name>
  <Value className="java.lang.Integer">58</Value>
</Feature>
</Annotation>
<Annotation Id="57" Type="Organization" StartNode="2484" EndNode="2492">
<Feature>
  <Name className="java.lang.String">rule </Name>
  <Value className="java.lang.String">OrgContext3</Value>
</Feature>
<Feature>
  <Name className="java.lang.String">id</Name>
  <Value className="java.lang.Integer">57</Value>
</Feature>
</Annotation>
<Annotation Id="56" Type="Date" StartNode="5098" EndNode="5103">
<Feature>
  <Name className="java.lang.String">rule1</Name>
  <Value className="java.lang.String">GazDate</Value>
</Feature>
<Feature>
  <Name className="java.lang.String">kind</Name>
  <Value className="java.lang.String">date</Value>
</Feature>
<Feature>
  <Name className="java.lang.String">rule2</Name>
  <Value className="java.lang.String">DateOnlyFinal</Value>
</Feature>
</Annotation>
<Annotation Id="63" Type="Organization" StartNode="3678" EndNode="3681">
<Feature>
  <Name className="java.lang.String">id</Name>
  <Value className="java.lang.Integer">63</Value>
</Feature>
</Annotation>
<Annotation Id="62" Type="Organization" StartNode="3391" EndNode="3394">
<Feature>
  <Name className="java.lang.String">id</Name>
  <Value className="java.lang.Integer">62</Value>
</Feature>
</Annotation>
<Annotation Id="61" Type="Organization" StartNode="2794" EndNode="2808">
<Feature>
  <Name className="java.lang.String">id</Name>
  <Value className="java.lang.Integer">61</Value>
</Feature>
</Annotation>
<Annotation Id="60" Type="Organization" StartNode="2563" EndNode="2571">
<Feature>
  <Name className="java.lang.String">id</Name>
  <Value className="java.lang.Integer">60</Value>
</Feature>
</Annotation>
<Annotation Id="68" Type="Organization" StartNode="4582" EndNode="4585">
<Feature>
  <Name className="java.lang.String">id</Name>
  <Value className="java.lang.Integer">68</Value>
</Feature>
</Annotation>
<Annotation Id="69" Type="Organization" StartNode="4672" EndNode="4693">
<Feature>
  <Name className="java.lang.String">id</Name>
  <Value className="java.lang.Integer">69</Value>
</Feature>
</Annotation>
<Annotation Id="70" Type="Date" StartNode="4011" EndNode="4019">
<Feature>
  <Name className="java.lang.String">kind</Name>
  <Value className="java.lang.String">date</Value>
</Feature>
</Annotation>
<Annotation Id="64" Type="Organization" StartNode="3894" EndNode="3917">
<Feature>
  <Name className="java.lang.String">id</Name>
  <Value className="java.lang.Integer">64</Value>
</Feature>
</Annotation>
<Annotation Id="65" Type="Organization" StartNode="4165" EndNode="4176">
<Feature>
  <Name className="java.lang.String">id</Name>
  <Value className="java.lang.Integer">65</Value>
</Feature>
</Annotation>
<Annotation Id="66" Type="Organization" StartNode="4406" EndNode="4409">
<Feature>
  <Name className="java.lang.String">id</Name>
  <Value className="java.lang.Integer">66</Value>
</Feature>
</Annotation>
<Annotation Id="67" Type="Organization" StartNode="4569" EndNode="4575">
<Feature>
  <Name className="java.lang.String">id</Name>
  <Value className="java.lang.Integer">67</Value>
</Feature>
</Annotation>
<Annotation Id="10832" Type="RelationClass" StartNode="3391" EndNode="3421">
<Feature>
  <Name className="java.lang.String">rel-type</Name>
  <Value className="java.lang.String">employed-by</Value>
</Feature>
<Feature>
  <Name className="java.lang.String">pers-id</Name>
  <Value className="java.lang.String">52</Value>
</Feature>
<Feature>
  <Name className="java.lang.String">org-id</Name>
  <Value className="java.lang.String">62</Value>
</Feature>
</Annotation>
<Annotation Id="10831" Type="RelationClass" StartNode="341" EndNode="389">
<Feature>
  <Name className="java.lang.String">rel-type</Name>
  <Value className="java.lang.String">employed-by</Value>
</Feature>
<Feature>
  <Name className="java.lang.String">pers-id</Name>
  <Value className="java.lang.String">36</Value>
</Feature>
<Feature>
  <Name className="java.lang.String">org-id</Name>
  <Value className="java.lang.String">37</Value>
</Feature>
</Annotation>
</AnnotationSet>

<!-- Named annotation set -->

<AnnotationSet Name="Original markups">
<Annotation Id="71" Type="TEXT" StartNode="0" EndNode="5401">
</Annotation>
</AnnotationSet>

</GateDocument>
