<?xml version='1.0' encoding='UTF-8'?>
<GateDocument>
<!-- The document's features-->

<GateDocumentFeatures>
<Feature>
  <Name className="java.lang.String">gate.SourceURL</Name>
  <Value className="java.lang.String">file:/Z:/Corpus/in-outlook-09-aug-2001.html</Value>
</Feature>
<Feature>
  <Name className="java.lang.String">gate.NAME</Name>
  <Value className="java.lang.String">doc3</Value>
</Feature>
<Feature>
  <Name className="java.lang.String">entitySet</Name>
  <Value className="java.lang.String">==== FILE: /Z:/Corpus/in-outlook-09-aug-2001.html
</Value>
</Feature>
<Feature>
  <Name className="java.lang.String">MimeType</Name>
  <Value className="java.lang.String">text/html</Value>
</Feature>
</GateDocumentFeatures>
<!-- The document content area with serialized nodes -->

<TextWithNodes><Node id="0" />Today<Node id="5" />'s young must not become the poverty-struck pensioners of <Node id="63" />tomorrow<Node id="71" /> <Node id="72" />

<Node id="74" />New <Node id="78" />Labour<Node id="84" /> think-tank warns <Node id="102" />Blair<Node id="107" /> that pensions strategy in danger of 'unravelling' <Node id="158" />
<Node id="159" />
<Node id="160" />It does not suit the tabloid agenda to say so, but there is already a windfall tax on petrol and it is called duty and VAT. For every <Node id="294" />£1<Node id="296" /> the motorist spends filling up at the pumps, <Node id="342" />76p<Node id="345" /> goes straight into the pocket of <Node id="379" />Gordon Brown<Node id="391" />. It is for this reason, and no other, that the <Node id="439" />UK<Node id="441" /> has the highest fuel prices in <Node id="473" />Europe<Node id="479" />. The motoring lobby, however, prefers to believe it is all the fault of profiteering oil companies and is baying for <Node id="597" />Shell<Node id="602" /> and <Node id="607" />BP<Node id="609" /> to be penalised for the "obscene" profits they are making  <Node id="670" />£1.3m<Node id="675" /> an hour since you ask.<Node id="698" />

<Node id="700" />What would happen to the windfall tax levied on these <Node id="754" />North Sea<Node id="763" /> profits? The subtext is that the Chancellor should recycle the money so we can enjoy lower fuel prices. But that would make a mockery of the Government's environmental credentials.<Node id="944" />

<Node id="946" />Taxing away the meagre profits oil companies make at the pumps would have almost no impact on the cost of a gallon. But imposing a super-tax on the profits they make from oil exploration would have all sorts of harmful repercussions.<Node id="1179" />

<Node id="1181" />Oil companies are internationally mobile and if the tax regime in the <Node id="1251" />UK<Node id="1253" /> became harsher, they would vote with their feet and take their investment elsewhere. Mondeo Man would not notice any difference when he filled up. But the hundreds of firms and thousands of workers who rely on the <Node id="1468" />North Sea<Node id="1477" /> for a living most certainly would.<Node id="1512" />

<Node id="1514" />BP<Node id="1516" /> makes only <Node id="1528" />17 per cent<Node id="1539" /> of its profits in the <Node id="1562" />UK<Node id="1564" />, and virtually nothing from petrol retailing, which has been turned into even more of a cut-throat business since the supermarkets decided to turn it into a loss leader. Taxing those profits more heavily would be a supremely irrational act. It is profits which keep workers in jobs and pay the dividends which fund everyone's private pension. And what would the Government then do when the oil price falls and the likes of <Node id="1988" />BP<Node id="1990" /> find themselves making barely enough money to cover their cost of capital? Pay the money back?<Node id="2085" />

<Node id="2087" />The changes to the <Node id="2106" />North Sea<Node id="2115" /> taxation regime introduced over the <Node id="2152" />last two decades<Node id="2168" /> have been hugely beneficial. Investment has flowed in, production has risen and although the direct tax take has fallen, the <Node id="2294" />Exchequer<Node id="2303" /> benefits much more from the corporation tax paid by businesses which would otherwise not exist.<Node id="2399" />

<Node id="2401" />Labour<Node id="2407" /> came into office in <Node id="2428" />1997<Node id="2432" /> keen to tighten the screw on the oil companies. But it backed off when the oil price fell and it realised that higher taxes would be an electoral liability in <Node id="2592" />Scotland<Node id="2600" />. Three months into its second term, renewed talk of a windfall tax is a silly season story which the markets rightly ignored. If <Node id="2730" />Labour<Node id="2736" /> did the unimaginable and imposed one, folly would be a more apt description.<Node id="2813" />

<Node id="2815" />Pensions poser<Node id="2829" />

<Node id="2831" />If a windfall tax is a daft idea, then the stakeholder pension may not prove to be very much better. Yesterday <Node id="2942" />Tony Blair<Node id="2952" />'s favourite think-tank, the <Node id="2981" />Institute for Public Policy Research<Node id="3017" />, took the Government's entire strategy towards pensions and long-term care for the elderly to task, suggesting it might be "unravelling".<Node id="3155" />

<Node id="3157" />A spokeswoman for the <Node id="3179" />Department for Work and Pensions<Node id="3211" /> bit her lip, welcomed this "valuable contribution to the debate" and went away with a wet towel around her head to analyse the <Node id="3339" />IPPR<Node id="3343" />'s recommendations.<Node id="3362" />

<Node id="3364" />Its central conclusion is one that many observers came to even before the stakeholder pension was launched  that it is probably going to miss its target group, who currently have only the basic state pension to look forward to in retirement.<Node id="3606" />

<Node id="3608" />These are people who cannot afford to pay into a private pension in the first place. They are unlikely to make the extra effort simply because charges are capped at <Node id="3773" />1 per cent<Node id="3783" />. But the cap on commissions is one more reason why stakeholders are so attractive to well-heeled grandparents looking a tax-efficient way to pass capital on to their grandchildren.<Node id="3964" />

<Node id="3966" />The <Node id="3970" />IPPR<Node id="3974" /> does not stop at stakeholders, however. It goes on to criticise the Government's enormously complicated approach to tackling pensioner poverty through a battery of pension credits, minimum income guarantees and second state pensions.<Node id="4208" />

<Node id="4210" />The pot is only so big and a generous increase in universal state provision after the public relations disaster of the <Node id="4329" />75p<Node id="4332" /> pension increase, can only come at the expense of providing incentives to save.<Node id="4412" />

<Node id="4414" />Pension provision is only one side of the coin. The other is long-term health care for the elderly. The present system penalises those who save for retirement by making them pay for their care. This is a subject successive governments have shied away from tackling. The <Node id="4684" />IPPR<Node id="4688" /> report at least comes up with some options  such as allowing the financial services industry to use pensions as a vehicle for providing long-term care.<Node id="4841" />

<Node id="4843" />There is a trade off. Enabling the elderly to live off a bigger income in retirement may be one way of extending their independence and delaying the day when they become reliant on formal long-term care and a drain on the public purse. That, however, would require joined-up thinking from a joined-up government.<Node id="5155" />

<Node id="5157" />Sir Stanley<Node id="5168" />'s fury<Node id="5175" />

<Node id="5177" />No one could ever accuse <Node id="5202" />Sir Stanley Kalms<Node id="5219" /> of being backward in coming forward and, sure enough, the ebullient <Node id="5288" />Dixons<Node id="5294" /> chairman is on the offensive again. As a rabid Tory supporter and ferocious anti-euro campaigner his targets are familiar. In the firing line once more is increasing red tape at home and <Node id="5482" />Brussels<Node id="5490" /> bureaucracy abroad.<Node id="5510" />

<Node id="5512" />His latest attack is contained in <Node id="5546" />Dixons<Node id="5552" />' annual report and given the strength of his views perhaps the only surprise is that he managed to restrict himself to a single paragraph on the subject. Even so he managed to pack in enough punches, saying <Node id="5760" />Dixons<Node id="5766" /> was battling against "the most severe and costly regulation the market economy has experienced both from <Node id="5872" />Brussels<Node id="5880" /> and our own Government". The demands are often "absurd" and "unworkable", he says, and serve only "to add costs which are eventually borne by the consumer". Phew. Just as well the management got a <Node id="6078" />10 per cent<Node id="6089" /> pay rise and all those lovely share options to compensate for the extra demands on them.<Node id="6178" />

<Node id="6180" />Sir Stanley<Node id="6191" /> doesn't mention specific examples but <Node id="6230" />Dixons<Node id="6236" /> was only too happy to provide some <Node id="6272" />yesterday<Node id="6281" />. Its chief target is a draft <Node id="6311" />EU<Node id="6313" /> directive on waste from electrical equipment that will be put to the <Node id="6383" />Council of Ministers<Node id="6403" /> <Node id="6404" />next month<Node id="6414" />. Its aim is to encourage greater recycling of old electrical products by making electrical retailers take back defunct goods in their shops. <Node id="6556" />Dixons<Node id="6562" /> says this will mean expensive warehousing and training for its staff, not to mention clapped-out TVs being dumped on the floor at the local <Node id="6703" />Dixons<Node id="6709" />, which will hardly be good for trade. The claim is that the proposed directive will cost <Node id="6799" />Dixons<Node id="6805" /> millions and affect 120,000 <Node id="6834" />UK<Node id="6836" /> businesses from department stores and supermarkets to thousands of small specialist operators.<Node id="6931" />

<Node id="6933" />Sir Stanley<Node id="6944" />'s great fear is that this piece of red tape from a bunch of Euro-suits will eat into his profits. You can almost see him throwing a brick through the telly in his fury.<Node id="7113" /></TextWithNodes>
<!-- The default annotation set -->

<AnnotationSet>
</AnnotationSet>

<!-- Named annotation set -->

<AnnotationSet Name="Key">
<Annotation Id="0" Type="Date" StartNode="6404" EndNode="6414">
<Feature>
  <Name className="java.lang.String">kind</Name>
  <Value className="java.lang.String">date</Value>
</Feature>
</Annotation>
<Annotation Id="1" Type="Date" StartNode="6272" EndNode="6281">
<Feature>
  <Name className="java.lang.String">kind</Name>
  <Value className="java.lang.String">date</Value>
</Feature>
</Annotation>
<Annotation Id="2" Type="Money" StartNode="342" EndNode="345">
<Feature>
  <Name className="java.lang.String">kind</Name>
  <Value className="java.lang.String">number</Value>
</Feature>
<Feature>
  <Name className="java.lang.String">rule</Name>
  <Value className="java.lang.String">MoneyCurrencyUnit</Value>
</Feature>
</Annotation>
<Annotation Id="3" Type="Money" StartNode="670" EndNode="675">
<Feature>
  <Name className="java.lang.String">kind</Name>
  <Value className="java.lang.String">number</Value>
</Feature>
<Feature>
  <Name className="java.lang.String">rule</Name>
  <Value className="java.lang.String">MoneySymbolUnit</Value>
</Feature>
</Annotation>
<Annotation Id="4" Type="Percent" StartNode="1528" EndNode="1539">
<Feature>
  <Name className="java.lang.String">rule</Name>
  <Value className="java.lang.String">PercentBasic</Value>
</Feature>
</Annotation>
<Annotation Id="5" Type="Percent" StartNode="3773" EndNode="3783">
<Feature>
  <Name className="java.lang.String">rule</Name>
  <Value className="java.lang.String">PercentBasic</Value>
</Feature>
</Annotation>
<Annotation Id="6" Type="Money" StartNode="4329" EndNode="4332">
<Feature>
  <Name className="java.lang.String">kind</Name>
  <Value className="java.lang.String">number</Value>
</Feature>
<Feature>
  <Name className="java.lang.String">rule</Name>
  <Value className="java.lang.String">MoneyCurrencyUnit</Value>
</Feature>
</Annotation>
<Annotation Id="7" Type="Percent" StartNode="6078" EndNode="6089">
<Feature>
  <Name className="java.lang.String">rule</Name>
  <Value className="java.lang.String">PercentBasic</Value>
</Feature>
</Annotation>
<Annotation Id="8" Type="Person" StartNode="102" EndNode="107">
<Feature>
  <Name className="java.lang.String">id</Name>
  <Value className="java.lang.Integer">8</Value>
</Feature>
<Feature>
  <Name className="java.lang.String">gender</Name>
  <Value className="java.lang.String">female</Value>
</Feature>
<Feature>
  <Name className="java.lang.String">1</Name>
  <Value className="java.lang.String">GazPersonFirst</Value>
</Feature>
<Feature>
  <Name className="java.lang.String">rule</Name>
  <Value className="java.lang.String">PersonFinal</Value>
</Feature>
</Annotation>
<Annotation Id="9" Type="Person" StartNode="379" EndNode="391">
<Feature>
  <Name className="java.lang.String">rule1</Name>
  <Value className="java.lang.String">PersonFull</Value>
</Feature>
<Feature>
  <Name className="java.lang.String">id</Name>
  <Value className="java.lang.Integer">9</Value>
</Feature>
<Feature>
  <Name className="java.lang.String">gender</Name>
  <Value className="java.lang.String">male</Value>
</Feature>
<Feature>
  <Name className="java.lang.String">rule</Name>
  <Value className="java.lang.String">PersonFinal</Value>
</Feature>
</Annotation>
<Annotation Id="10" Type="Location" StartNode="439" EndNode="441">
<Feature>
  <Name className="java.lang.String">locType</Name>
  <Value className="java.lang.String">country</Value>
</Feature>
<Feature>
  <Name className="java.lang.String">rule1</Name>
  <Value className="java.lang.String">GazLocation</Value>
</Feature>
<Feature>
  <Name className="java.lang.String">rule2</Name>
  <Value className="java.lang.String">LocFinal</Value>
</Feature>
</Annotation>
<Annotation Id="11" Type="Location" StartNode="473" EndNode="479">
<Feature>
  <Name className="java.lang.String">locType</Name>
  <Value className="java.lang.String">region</Value>
</Feature>
<Feature>
  <Name className="java.lang.String">rule1</Name>
  <Value className="java.lang.String">GazLocation</Value>
</Feature>
<Feature>
  <Name className="java.lang.String">rule2</Name>
  <Value className="java.lang.String">LocFinal</Value>
</Feature>
</Annotation>
<Annotation Id="12" Type="Organization" StartNode="597" EndNode="602">
<Feature>
  <Name className="java.lang.String">orgType</Name>
  <Value className="java.lang.String">company</Value>
</Feature>
<Feature>
  <Name className="java.lang.String">rule1</Name>
  <Value className="java.lang.String">GazOrganization</Value>
</Feature>
<Feature>
  <Name className="java.lang.String">id</Name>
  <Value className="java.lang.Integer">12</Value>
</Feature>
<Feature>
  <Name className="java.lang.String">rule2</Name>
  <Value className="java.lang.String">OrgFinal</Value>
</Feature>
</Annotation>
<Annotation Id="13" Type="Organization" StartNode="607" EndNode="609">
<Feature>
  <Name className="java.lang.String">orgType</Name>
  <Value className="java.lang.String">company</Value>
</Feature>
<Feature>
  <Name className="java.lang.String">rule1</Name>
  <Value className="java.lang.String">GazOrganization</Value>
</Feature>
<Feature>
  <Name className="java.lang.String">id</Name>
  <Value className="java.lang.Integer">13</Value>
</Feature>
<Feature>
  <Name className="java.lang.String">rule2</Name>
  <Value className="java.lang.String">OrgFinal</Value>
</Feature>
</Annotation>
<Annotation Id="14" Type="Location" StartNode="1251" EndNode="1253">
<Feature>
  <Name className="java.lang.String">locType</Name>
  <Value className="java.lang.String">country</Value>
</Feature>
<Feature>
  <Name className="java.lang.String">rule1</Name>
  <Value className="java.lang.String">GazLocation</Value>
</Feature>
<Feature>
  <Name className="java.lang.String">rule2</Name>
  <Value className="java.lang.String">LocFinal</Value>
</Feature>
</Annotation>
<Annotation Id="15" Type="Organization" StartNode="1514" EndNode="1516">
<Feature>
  <Name className="java.lang.String">orgType</Name>
  <Value className="java.lang.String">company</Value>
</Feature>
<Feature>
  <Name className="java.lang.String">rule1</Name>
  <Value className="java.lang.String">GazOrganization</Value>
</Feature>
<Feature>
  <Name className="java.lang.String">id</Name>
  <Value className="java.lang.Integer">15</Value>
</Feature>
<Feature>
  <Name className="java.lang.String">rule2</Name>
  <Value className="java.lang.String">OrgFinal</Value>
</Feature>
</Annotation>
<Annotation Id="17" Type="Organization" StartNode="1988" EndNode="1990">
<Feature>
  <Name className="java.lang.String">orgType</Name>
  <Value className="java.lang.String">company</Value>
</Feature>
<Feature>
  <Name className="java.lang.String">rule1</Name>
  <Value className="java.lang.String">GazOrganization</Value>
</Feature>
<Feature>
  <Name className="java.lang.String">id</Name>
  <Value className="java.lang.Integer">17</Value>
</Feature>
<Feature>
  <Name className="java.lang.String">rule2</Name>
  <Value className="java.lang.String">OrgFinal</Value>
</Feature>
</Annotation>
<Annotation Id="16" Type="Location" StartNode="1562" EndNode="1564">
<Feature>
  <Name className="java.lang.String">locType</Name>
  <Value className="java.lang.String">country</Value>
</Feature>
<Feature>
  <Name className="java.lang.String">rule1</Name>
  <Value className="java.lang.String">GazLocation</Value>
</Feature>
<Feature>
  <Name className="java.lang.String">rule2</Name>
  <Value className="java.lang.String">LocFinal</Value>
</Feature>
</Annotation>
<Annotation Id="19" Type="Date" StartNode="63" EndNode="71">
<Feature>
  <Name className="java.lang.String">kind</Name>
  <Value className="java.lang.String">date</Value>
</Feature>
</Annotation>
<Annotation Id="18" Type="Date" StartNode="2428" EndNode="2432">
<Feature>
  <Name className="java.lang.String">rule1</Name>
  <Value className="java.lang.String">TempYear2</Value>
</Feature>
<Feature>
  <Name className="java.lang.String">kind</Name>
  <Value className="java.lang.String">date</Value>
</Feature>
<Feature>
  <Name className="java.lang.String">rule2</Name>
  <Value className="java.lang.String">YearOnlyFinal</Value>
</Feature>
</Annotation>
<Annotation Id="21" Type="Date" StartNode="0" EndNode="5">
<Feature>
  <Name className="java.lang.String">kind</Name>
  <Value className="java.lang.String">date</Value>
</Feature>
</Annotation>
<Annotation Id="20" Type="Location" StartNode="2592" EndNode="2600">
<Feature>
  <Name className="java.lang.String">locType</Name>
  <Value className="java.lang.String">province</Value>
</Feature>
<Feature>
  <Name className="java.lang.String">rule1</Name>
  <Value className="java.lang.String">GazLocation</Value>
</Feature>
<Feature>
  <Name className="java.lang.String">rule2</Name>
  <Value className="java.lang.String">LocFinal</Value>
</Feature>
</Annotation>
<Annotation Id="23" Type="Person" StartNode="5157" EndNode="5168">
<Feature>
  <Name className="java.lang.String">rule1</Name>
  <Value className="java.lang.String">PersonFirstTitle</Value>
</Feature>
<Feature>
  <Name className="java.lang.String">id</Name>
  <Value className="java.lang.Integer">23</Value>
</Feature>
<Feature>
  <Name className="java.lang.String">gender</Name>
  <Value className="java.lang.String">male</Value>
</Feature>
<Feature>
  <Name className="java.lang.String">rule</Name>
  <Value className="java.lang.String">PersonFinal</Value>
</Feature>
</Annotation>
<Annotation Id="22" Type="Person" StartNode="2942" EndNode="2952">
<Feature>
  <Name className="java.lang.String">rule1</Name>
  <Value className="java.lang.String">PersonFull</Value>
</Feature>
<Feature>
  <Name className="java.lang.String">id</Name>
  <Value className="java.lang.Integer">22</Value>
</Feature>
<Feature>
  <Name className="java.lang.String">gender</Name>
  <Value className="java.lang.String">male</Value>
</Feature>
<Feature>
  <Name className="java.lang.String">rule2</Name>
  <Value className="java.lang.String">UnknownPerson</Value>
</Feature>
</Annotation>
<Annotation Id="25" Type="Location" StartNode="5482" EndNode="5490">
<Feature>
  <Name className="java.lang.String">locType</Name>
  <Value className="java.lang.String">city</Value>
</Feature>
<Feature>
  <Name className="java.lang.String">rule1</Name>
  <Value className="java.lang.String">GazLocation</Value>
</Feature>
<Feature>
  <Name className="java.lang.String">rule2</Name>
  <Value className="java.lang.String">LocFinal</Value>
</Feature>
</Annotation>
<Annotation Id="24" Type="Person" StartNode="5202" EndNode="5219">
<Feature>
  <Name className="java.lang.String">rule1</Name>
  <Value className="java.lang.String">PersonTitleGender</Value>
</Feature>
<Feature>
  <Name className="java.lang.String">id</Name>
  <Value className="java.lang.Integer">24</Value>
</Feature>
<Feature>
  <Name className="java.lang.String">gender</Name>
  <Value className="java.lang.String">male</Value>
</Feature>
<Feature>
  <Name className="java.lang.String">rule</Name>
  <Value className="java.lang.String">PersonFinal</Value>
</Feature>
</Annotation>
<Annotation Id="27" Type="Person" StartNode="6180" EndNode="6191">
<Feature>
  <Name className="java.lang.String">rule1</Name>
  <Value className="java.lang.String">PersonFirstTitle</Value>
</Feature>
<Feature>
  <Name className="java.lang.String">id</Name>
  <Value className="java.lang.Integer">27</Value>
</Feature>
<Feature>
  <Name className="java.lang.String">gender</Name>
  <Value className="java.lang.String">male</Value>
</Feature>
<Feature>
  <Name className="java.lang.String">rule</Name>
  <Value className="java.lang.String">PersonFinal</Value>
</Feature>
</Annotation>
<Annotation Id="26" Type="Location" StartNode="5872" EndNode="5880">
<Feature>
  <Name className="java.lang.String">locType</Name>
  <Value className="java.lang.String">city</Value>
</Feature>
<Feature>
  <Name className="java.lang.String">rule1</Name>
  <Value className="java.lang.String">GazLocation</Value>
</Feature>
<Feature>
  <Name className="java.lang.String">rule2</Name>
  <Value className="java.lang.String">LocFinal</Value>
</Feature>
</Annotation>
<Annotation Id="29" Type="Location" StartNode="6834" EndNode="6836">
<Feature>
  <Name className="java.lang.String">locType</Name>
  <Value className="java.lang.String">country</Value>
</Feature>
<Feature>
  <Name className="java.lang.String">rule1</Name>
  <Value className="java.lang.String">GazLocation</Value>
</Feature>
<Feature>
  <Name className="java.lang.String">rule2</Name>
  <Value className="java.lang.String">LocFinal</Value>
</Feature>
</Annotation>
<Annotation Id="28" Type="Organization" StartNode="6311" EndNode="6313">
<Feature>
  <Name className="java.lang.String">orgType</Name>
  <Value className="java.lang.String">null</Value>
</Feature>
<Feature>
  <Name className="java.lang.String">rule1</Name>
  <Value className="java.lang.String">GazOrganization</Value>
</Feature>
<Feature>
  <Name className="java.lang.String">id</Name>
  <Value className="java.lang.Integer">28</Value>
</Feature>
<Feature>
  <Name className="java.lang.String">rule2</Name>
  <Value className="java.lang.String">OrgFinal</Value>
</Feature>
</Annotation>
<Annotation Id="31" Type="Organization" StartNode="78" EndNode="84">
<Feature>
  <Name className="java.lang.String">id</Name>
  <Value className="java.lang.Integer">31</Value>
</Feature>
</Annotation>
<Annotation Id="30" Type="Person" StartNode="6933" EndNode="6944">
<Feature>
  <Name className="java.lang.String">rule1</Name>
  <Value className="java.lang.String">PersonFirstTitle</Value>
</Feature>
<Feature>
  <Name className="java.lang.String">id</Name>
  <Value className="java.lang.Integer">30</Value>
</Feature>
<Feature>
  <Name className="java.lang.String">gender</Name>
  <Value className="java.lang.String">male</Value>
</Feature>
<Feature>
  <Name className="java.lang.String">rule</Name>
  <Value className="java.lang.String">PersonFinal</Value>
</Feature>
</Annotation>
<Annotation Id="34" Type="Location" StartNode="1468" EndNode="1477">
</Annotation>
<Annotation Id="35" Type="Organization" StartNode="2401" EndNode="2407">
<Feature>
  <Name className="java.lang.String">id</Name>
  <Value className="java.lang.Integer">35</Value>
</Feature>
</Annotation>
<Annotation Id="32" Type="Money" StartNode="294" EndNode="296">
</Annotation>
<Annotation Id="33" Type="Location" StartNode="754" EndNode="763">
</Annotation>
<Annotation Id="38" Type="Organization" StartNode="3179" EndNode="3211">
<Feature>
  <Name className="java.lang.String">id</Name>
  <Value className="java.lang.Integer">38</Value>
</Feature>
</Annotation>
<Annotation Id="39" Type="Organization" StartNode="3339" EndNode="3343">
<Feature>
  <Name className="java.lang.String">id</Name>
  <Value className="java.lang.Integer">39</Value>
</Feature>
</Annotation>
<Annotation Id="36" Type="Organization" StartNode="2730" EndNode="2736">
<Feature>
  <Name className="java.lang.String">id</Name>
  <Value className="java.lang.Integer">36</Value>
</Feature>
</Annotation>
<Annotation Id="37" Type="Organization" StartNode="2981" EndNode="3017">
<Feature>
  <Name className="java.lang.String">id</Name>
  <Value className="java.lang.Integer">37</Value>
</Feature>
</Annotation>
<Annotation Id="42" Type="Organization" StartNode="5546" EndNode="5552">
<Feature>
  <Name className="java.lang.String">id</Name>
  <Value className="java.lang.Integer">42</Value>
</Feature>
</Annotation>
<Annotation Id="43" Type="Organization" StartNode="5288" EndNode="5294">
<Feature>
  <Name className="java.lang.String">id</Name>
  <Value className="java.lang.Integer">43</Value>
</Feature>
</Annotation>
<Annotation Id="40" Type="Organization" StartNode="3970" EndNode="3974">
<Feature>
  <Name className="java.lang.String">id</Name>
  <Value className="java.lang.Integer">40</Value>
</Feature>
</Annotation>
<Annotation Id="41" Type="Organization" StartNode="4684" EndNode="4688">
<Feature>
  <Name className="java.lang.String">id</Name>
  <Value className="java.lang.Integer">41</Value>
</Feature>
</Annotation>
<Annotation Id="46" Type="Organization" StartNode="6383" EndNode="6403">
<Feature>
  <Name className="java.lang.String">id</Name>
  <Value className="java.lang.Integer">46</Value>
</Feature>
</Annotation>
<Annotation Id="47" Type="Organization" StartNode="6556" EndNode="6562">
<Feature>
  <Name className="java.lang.String">id</Name>
  <Value className="java.lang.Integer">47</Value>
</Feature>
</Annotation>
<Annotation Id="44" Type="Organization" StartNode="5760" EndNode="5766">
<Feature>
  <Name className="java.lang.String">id</Name>
  <Value className="java.lang.Integer">44</Value>
</Feature>
</Annotation>
<Annotation Id="45" Type="Organization" StartNode="6230" EndNode="6236">
<Feature>
  <Name className="java.lang.String">id</Name>
  <Value className="java.lang.Integer">45</Value>
</Feature>
</Annotation>
<Annotation Id="51" Type="Date" StartNode="2152" EndNode="2168">
<Feature>
  <Name className="java.lang.String">kind</Name>
  <Value className="java.lang.String">date</Value>
</Feature>
</Annotation>
<Annotation Id="50" Type="Organization" StartNode="6799" EndNode="6805">
<Feature>
  <Name className="java.lang.String">id</Name>
  <Value className="java.lang.Integer">50</Value>
</Feature>
</Annotation>
<Annotation Id="49" Type="Organization" StartNode="6703" EndNode="6709">
<Feature>
  <Name className="java.lang.String">id</Name>
  <Value className="java.lang.Integer">49</Value>
</Feature>
</Annotation>
<Annotation Id="48" Type="Location" StartNode="2106" EndNode="2115">
</Annotation>
<Annotation Id="52" Type="Organization" StartNode="2294" EndNode="2303">
<Feature>
  <Name className="java.lang.String">id</Name>
  <Value className="java.lang.Integer">52</Value>
</Feature>
</Annotation>
<Annotation Id="14303" Type="RelationClass" StartNode="5202" EndNode="5294">
<Feature>
  <Name className="java.lang.String">rel-type</Name>
  <Value className="java.lang.String">employed-by</Value>
</Feature>
<Feature>
  <Name className="java.lang.String">pers-id</Name>
  <Value className="java.lang.String">24</Value>
</Feature>
<Feature>
  <Name className="java.lang.String">org-id</Name>
  <Value className="java.lang.String">43</Value>
</Feature>
</Annotation>
</AnnotationSet>

<!-- Named annotation set -->

<AnnotationSet Name="Original markups">
<Annotation Id="68" Type="p" StartNode="5177" EndNode="5510">
</Annotation>
<Annotation Id="69" Type="b" StartNode="5157" EndNode="5175">
</Annotation>
<Annotation Id="70" Type="p" StartNode="5157" EndNode="5175">
</Annotation>
<Annotation Id="71" Type="p" StartNode="4843" EndNode="5155">
</Annotation>
<Annotation Id="65" Type="p" StartNode="6933" EndNode="7113">
</Annotation>
<Annotation Id="66" Type="p" StartNode="6180" EndNode="6931">
</Annotation>
<Annotation Id="67" Type="p" StartNode="5512" EndNode="6178">
</Annotation>
<Annotation Id="76" Type="p" StartNode="3364" EndNode="3606">
</Annotation>
<Annotation Id="77" Type="p" StartNode="3157" EndNode="3362">
</Annotation>
<Annotation Id="78" Type="p" StartNode="2831" EndNode="3155">
</Annotation>
<Annotation Id="79" Type="b" StartNode="2815" EndNode="2829">
</Annotation>
<Annotation Id="72" Type="p" StartNode="4414" EndNode="4841">
</Annotation>
<Annotation Id="73" Type="p" StartNode="4210" EndNode="4412">
</Annotation>
<Annotation Id="74" Type="p" StartNode="3966" EndNode="4208">
</Annotation>
<Annotation Id="75" Type="p" StartNode="3608" EndNode="3964">
</Annotation>
<Annotation Id="85" Type="p" StartNode="946" EndNode="1179">
</Annotation>
<Annotation Id="84" Type="p" StartNode="1181" EndNode="1512">
</Annotation>
<Annotation Id="87" Type="p" StartNode="160" EndNode="698">
</Annotation>
<Annotation Id="86" Type="p" StartNode="700" EndNode="944">
</Annotation>
<Annotation Id="81" Type="p" StartNode="2401" EndNode="2813">
</Annotation>
<Annotation Id="80" Type="p" StartNode="2815" EndNode="2829">
</Annotation>
<Annotation Id="83" Type="p" StartNode="1514" EndNode="2085">
</Annotation>
<Annotation Id="82" Type="p" StartNode="2087" EndNode="2399">
</Annotation>
<Annotation Id="95" Type="div" StartNode="0" EndNode="159">
<Feature>
  <Name className="java.lang.String">class</Name>
  <Value className="java.lang.String">floatbox</Value>
</Feature>
</Annotation>
<Annotation Id="94" Type="div" StartNode="0" EndNode="159">
<Feature>
  <Name className="java.lang.String">class</Name>
  <Value className="java.lang.String">linkbox</Value>
</Feature>
</Annotation>
<Annotation Id="89" Type="p" StartNode="74" EndNode="158">
<Feature>
  <Name className="java.lang.String">class</Name>
  <Value className="java.lang.String">linkindent</Value>
</Feature>
</Annotation>
<Annotation Id="88" Type="a" StartNode="74" EndNode="158">
<Feature>
  <Name className="java.lang.String">href</Name>
  <Value className="java.lang.String">http://money.independent.co.uk/personal_finance/pensions/story.jsp?story=87757</Value>
</Feature>
</Annotation>
<Annotation Id="91" Type="p" StartNode="0" EndNode="72">
<Feature>
  <Name className="java.lang.String">class</Name>
  <Value className="java.lang.String">linkindent</Value>
</Feature>
</Annotation>
<Annotation Id="90" Type="a" StartNode="0" EndNode="72">
<Feature>
  <Name className="java.lang.String">href</Name>
  <Value className="java.lang.String">http://argument.independent.co.uk/leading_articles/story.jsp?story=87767</Value>
</Feature>
</Annotation>
<Annotation Id="119" Type="html" StartNode="0" EndNode="7113">
</Annotation>
<Annotation Id="116" Type="body" StartNode="0" EndNode="7113">
<Feature>
  <Name className="java.lang.String">bgcolor</Name>
  <Value className="java.lang.String">#ffffff</Value>
</Feature>
<Feature>
  <Name className="java.lang.String">text</Name>
  <Value className="java.lang.String">#000000</Value>
</Feature>
</Annotation>
<Annotation Id="127" Type="TEXT" StartNode="0" EndNode="7113">
</Annotation>
</AnnotationSet>

</GateDocument>
