<?xml version='1.0' encoding='UTF-8'?>
<GateDocument>
<!-- The document's features-->

<GateDocumentFeatures>
<Feature>
  <Name className="java.lang.String">gate.SourceURL</Name>
  <Value className="java.lang.String">file:/Z:/Corpus/in-shell-cirywire-03-aug-2001.html</Value>
</Feature>
<Feature>
  <Name className="java.lang.String">gate.NAME</Name>
  <Value className="java.lang.String">doc9</Value>
</Feature>
<Feature>
  <Name className="java.lang.String">entitySet</Name>
  <Value className="java.lang.String">==== FILE: /Z:/Corpus/in-shell-cirywire-03-aug-2001.html
</Value>
</Feature>
<Feature>
  <Name className="java.lang.String">MimeType</Name>
  <Value className="java.lang.String">text/html</Value>
</Feature>
</GateDocumentFeatures>
<!-- The document content area with serialized nodes -->

<TextWithNodes><Node id="0" />Shell<Node id="5" /> to abandon output target as economy slows <Node id="48" />
<Node id="49" />
<Node id="50" />Sir Mark Moody-<Node id="65" />Stuart<Node id="71" /> departed from <Node id="86" />Shell<Node id="91" /> at just the right moment. He delivered his last figures as chairman, for the <Node id="169" />first three months of this year<Node id="200" />, when the company delivered an astounding <Node id="243" />£3.86bn<Node id="250" /> in post-tax earnings.<Node id="272" />

<Node id="274" />He left it to <Node id="288" />Phil Watts<Node id="298" />, his successor, to be the bearer of bad news. Sure, the company made silly money in the second quarter, some <Node id="408" />£3.6bn<Node id="414" />, in fact. Production levels were lower than expected but this was mostly due to operational problems in the <Node id="523" />North Sea<Node id="532" />. The oil price came in at a chunky <Node id="568" />$27.40<Node id="574" /> for the period.<Node id="590" />

<Node id="592" />Now the business cycle for the energy sector appears to have peaked. Not only was the <Node id="678" />second quarter<Node id="692" /> less impressive than <Node id="714" />Sir Mark<Node id="722" />'s valedictory performance, it came with an almighty clanger. <Node id="784" />Mr Watts<Node id="792" /> said that, given the rapidly deteriorating world economic picture, <Node id="860" />Shell<Node id="865" /> would have to re-examine its stated aim of growing production by <Node id="931" />5 per cent<Node id="941" /> <Node id="942" />between 2000 and 2005<Node id="963" />.<Node id="964" />

<Node id="966" />He thoroughly annoyed the market by declining to put a new number on the target. Analysts were reaching for their spreadsheets, but they were given no guidance as it how much to cut their forecasts by. For a company of <Node id="1185" />Shell<Node id="1190" />'s scale and output levels, shaving say <Node id="1230" />2 per cent<Node id="1240" /> off the target would have enormous significance.<Node id="1289" />

<Node id="1291" />Shell<Node id="1296" /> has to face the analysts again in <Node id="1331" />September<Node id="1340" />, when it must provide some answers.<Node id="1376" />

<Node id="1378" />Profits at an oil company are pretty much a function of the oil price, and its shares reflect that. <Node id="1478" />Three years ago<Node id="1493" />, oil stood at just <Node id="1513" />$10<Node id="1516" /> a barrel and <Node id="1530" />Shell<Node id="1535" /> shares languished at <Node id="1557" />304.5p<Node id="1563" />. Since then, oil has had a remarkably strong run and oil groups have raked in the cash. <Node id="1652" />Shell<Node id="1657" /> shares <Node id="1665" />yesterday<Node id="1674" /> closed down <Node id="1687" />25p<Node id="1690" /> at <Node id="1694" />575p<Node id="1698" />, having dropped from a high of <Node id="1730" />637.5p<Node id="1736" /> seen earlier in the year.<Node id="1762" />

<Node id="1764" />The company has been through a major cost-cutting exercise and, with nearly <Node id="1840" />$10bn<Node id="1845" /> lying in the bank, it is well-placed to ride out the global economic downturn. It is a defensive stock but everything points to a less attractive time ahead, when global economic weakness could put serious downward pressure on the oil price. Take profits.<Node id="2101" />

<Node id="2103" />Royal &amp; Sun Alliance<Node id="2123" />

<Node id="2125" />Royal &amp; Sun Alliance<Node id="2145" />, the general insurance group headed by <Node id="2185" />Bob Mendelsohn<Node id="2199" />, has been engaged in a heroic struggle to improve its cost effectiveness. It has fought to bring the total administrative expenses and insurance pay-outs down to <Node id="2362" />103 per cent<Node id="2374" /> of the premiums it receives. <Node id="2404" />Yesterday<Node id="2413" />, it said it got there in the <Node id="2443" />second quarter<Node id="2457" />.<Node id="2458" />

<Node id="2460" />But the champagne remains on ice. Although <Node id="2503" />RSA<Node id="2506" /> has squeezed out unprofitable insurance writing by selling off loss making businesses, such as those in <Node id="2611" />Spain<Node id="2616" /> and <Node id="2621" />Italy<Node id="2626" />, its divestment programme is running behind schedule, with the company blaming market conditions. It means a target of <Node id="2746" />103 per cent<Node id="2758" /> for the full-year could still be blown off course if it needs to pay out for hurricane damage in the <Node id="2860" />second half<Node id="2871" />.<Node id="2872" />

<Node id="2874" />Meanwhile, over at <Node id="2893" />CGNU<Node id="2897" />, its bigger rival has set a <Node id="2926" />102 per cent<Node id="2938" /> costs target.<Node id="2952" />

<Node id="2954" />There is also the unresolved issue of <Node id="2992" />RSA<Node id="2995" />'s remaining life insurance and pensions business in the <Node id="3052" />UK<Node id="3054" />, which it has sidelined in the drive to focus on car, health, home and pet insurance. Analysts had hoped for a clear signal on favoured options for the life division, which <Node id="3228" />RSA<Node id="3231" /> might sell, but <Node id="3248" />Mr Mendelsohn<Node id="3261" /> would say only that he is considering all the options, including some sort of securitisation instead of a sale.<Node id="3373" />

<Node id="3375" />Operating profit for the <Node id="3400" />half-year to June<Node id="3417" /> rose <Node id="3423" />17 per cent<Node id="3434" /> to <Node id="3438" />£375m<Node id="3443" />, while the core general insurance business jumped <Node id="3494" />58 per cent<Node id="3505" /> to account for <Node id="3521" />£344m<Node id="3526" />.<Node id="3527" />

<Node id="3529" />RSA<Node id="3532" /> has been lucky. The collapse of <Node id="3565" />Independent Insurance<Node id="3586" />, whose local council customers it bought from the receiver, plus a couple of high-profile failures in <Node id="3689" />Australia<Node id="3698" />, have reduced capacity in the industry. Premiums for car and home insurance are rising at double-digit percentages as battle-scarred insurers observe an unspoken truce in their seven-year price war.<Node id="3897" />

<Node id="3899" />The group's shares were up <Node id="3926" />11.75p<Node id="3932" /> to <Node id="3936" />495.75p<Node id="3943" /> <Node id="3944" />yesterday<Node id="3953" />, putting them on 1.4 times the enterprise value of the group. <Node id="4016" />RSA<Node id="4019" /> is still a work in progress, and the stock is unlikely to be free to enjoy the advantages of rising premiums until the future of the life business is resolved.<Node id="4179" />

<Node id="4181" />Jarvis<Node id="4187" />

<Node id="4189" />More good news from <Node id="4209" />Jarvis<Node id="4215" />, which maintains train tracks, schools and buildings for the private sector in its widespread and spreading outsourcing work. It has won another <Node id="4361" />£75m<Node id="4365" /> schools upkeep contract, in <Node id="4394" />Brighton<Node id="4402" /> &amp; <Node id="4405" />Hove<Node id="4409" />, and is on track to meet market expectations for the full-year.<Node id="4473" />

<Node id="4475" />With light at the end of the tunnel in the battle over public-private partnership on <Node id="4560" />London Underground<Node id="4578" />, where <Node id="4586" />Jarvis<Node id="4592" /> is a preferred bidder, the shares are likely to resume their upward march. Up <Node id="4671" />10.5p<Node id="4676" /> to <Node id="4680" />470.25p<Node id="4687" /> <Node id="4688" />yesterday<Node id="4697" />, and on 19 times forecast <Node id="4724" />2001<Node id="4728" /> earnings, the stock is still a buy.<Node id="4764" /></TextWithNodes>
<!-- The default annotation set -->

<AnnotationSet>
</AnnotationSet>

<!-- Named annotation set -->

<AnnotationSet Name="Key">
<Annotation Id="0" Type="Location" StartNode="4405" EndNode="4409">
</Annotation>
<Annotation Id="1" Type="Location" StartNode="4394" EndNode="4402">
</Annotation>
<Annotation Id="2" Type="Date" StartNode="2860" EndNode="2871">
</Annotation>
<Annotation Id="3" Type="Money" StartNode="568" EndNode="574">
</Annotation>
<Annotation Id="4" Type="Money" StartNode="1513" EndNode="1516">
</Annotation>
<Annotation Id="5" Type="Date" StartNode="4688" EndNode="4697">
<Feature>
  <Name className="java.lang.String">kind</Name>
  <Value className="java.lang.String">date</Value>
</Feature>
</Annotation>
<Annotation Id="6" Type="Date" StartNode="3400" EndNode="3417">
<Feature>
  <Name className="java.lang.String">kind</Name>
  <Value className="java.lang.String">date</Value>
</Feature>
</Annotation>
<Annotation Id="7" Type="Organization" StartNode="4586" EndNode="4592">
<Feature>
  <Name className="java.lang.String">id</Name>
  <Value className="java.lang.Integer">7</Value>
</Feature>
</Annotation>
<Annotation Id="8" Type="Organization" StartNode="4209" EndNode="4215">
<Feature>
  <Name className="java.lang.String">id</Name>
  <Value className="java.lang.Integer">8</Value>
</Feature>
</Annotation>
<Annotation Id="9" Type="Organization" StartNode="4181" EndNode="4187">
<Feature>
  <Name className="java.lang.String">id</Name>
  <Value className="java.lang.Integer">9</Value>
</Feature>
</Annotation>
<Annotation Id="10" Type="Organization" StartNode="4016" EndNode="4019">
<Feature>
  <Name className="java.lang.String">id</Name>
  <Value className="java.lang.Integer">10</Value>
</Feature>
</Annotation>
<Annotation Id="11" Type="Organization" StartNode="3529" EndNode="3532">
<Feature>
  <Name className="java.lang.String">id</Name>
  <Value className="java.lang.Integer">11</Value>
</Feature>
</Annotation>
<Annotation Id="12" Type="Organization" StartNode="3228" EndNode="3231">
<Feature>
  <Name className="java.lang.String">id</Name>
  <Value className="java.lang.Integer">12</Value>
</Feature>
</Annotation>
<Annotation Id="13" Type="Organization" StartNode="2992" EndNode="2995">
<Feature>
  <Name className="java.lang.String">id</Name>
  <Value className="java.lang.Integer">13</Value>
</Feature>
</Annotation>
<Annotation Id="14" Type="Organization" StartNode="2893" EndNode="2897">
<Feature>
  <Name className="java.lang.String">id</Name>
  <Value className="java.lang.Integer">14</Value>
</Feature>
</Annotation>
<Annotation Id="15" Type="Organization" StartNode="2503" EndNode="2506">
<Feature>
  <Name className="java.lang.String">id</Name>
  <Value className="java.lang.Integer">15</Value>
</Feature>
</Annotation>
<Annotation Id="17" Type="Organization" StartNode="2103" EndNode="2123">
<Feature>
  <Name className="java.lang.String">id</Name>
  <Value className="java.lang.Integer">17</Value>
</Feature>
</Annotation>
<Annotation Id="16" Type="Organization" StartNode="2125" EndNode="2145">
<Feature>
  <Name className="java.lang.String">id</Name>
  <Value className="java.lang.Integer">16</Value>
</Feature>
</Annotation>
<Annotation Id="19" Type="Date" StartNode="4724" EndNode="4728">
<Feature>
  <Name className="java.lang.String">rule1</Name>
  <Value className="java.lang.String">TempYear2</Value>
</Feature>
<Feature>
  <Name className="java.lang.String">kind</Name>
  <Value className="java.lang.String">date</Value>
</Feature>
<Feature>
  <Name className="java.lang.String">rule2</Name>
  <Value className="java.lang.String">YearOnlyFinal</Value>
</Feature>
</Annotation>
<Annotation Id="18" Type="Location" StartNode="523" EndNode="532">
</Annotation>
<Annotation Id="21" Type="Organization" StartNode="3565" EndNode="3586">
<Feature>
  <Name className="java.lang.String">orgType</Name>
  <Value className="java.lang.String">unknown</Value>
</Feature>
<Feature>
  <Name className="java.lang.String">rule1</Name>
  <Value className="java.lang.String">OrgXKey</Value>
</Feature>
<Feature>
  <Name className="java.lang.String">id</Name>
  <Value className="java.lang.Integer">21</Value>
</Feature>
<Feature>
  <Name className="java.lang.String">rule2</Name>
  <Value className="java.lang.String">OrgFinal</Value>
</Feature>
</Annotation>
<Annotation Id="20" Type="Location" StartNode="3689" EndNode="3698">
<Feature>
  <Name className="java.lang.String">locType</Name>
  <Value className="java.lang.String">country</Value>
</Feature>
<Feature>
  <Name className="java.lang.String">rule1</Name>
  <Value className="java.lang.String">GazLocation</Value>
</Feature>
<Feature>
  <Name className="java.lang.String">rule2</Name>
  <Value className="java.lang.String">LocFinal</Value>
</Feature>
</Annotation>
<Annotation Id="23" Type="Location" StartNode="3052" EndNode="3054">
<Feature>
  <Name className="java.lang.String">locType</Name>
  <Value className="java.lang.String">country</Value>
</Feature>
<Feature>
  <Name className="java.lang.String">rule1</Name>
  <Value className="java.lang.String">GazLocation</Value>
</Feature>
<Feature>
  <Name className="java.lang.String">rule2</Name>
  <Value className="java.lang.String">LocFinal</Value>
</Feature>
</Annotation>
<Annotation Id="22" Type="Person" StartNode="3248" EndNode="3261">
<Feature>
  <Name className="java.lang.String">rule1</Name>
  <Value className="java.lang.String">PersonTitleGender</Value>
</Feature>
<Feature>
  <Name className="java.lang.String">id</Name>
  <Value className="java.lang.Integer">22</Value>
</Feature>
<Feature>
  <Name className="java.lang.String">gender</Name>
  <Value className="java.lang.String">male</Value>
</Feature>
<Feature>
  <Name className="java.lang.String">rule</Name>
  <Value className="java.lang.String">PersonFinal</Value>
</Feature>
</Annotation>
<Annotation Id="25" Type="Location" StartNode="2611" EndNode="2616">
<Feature>
  <Name className="java.lang.String">locType</Name>
  <Value className="java.lang.String">country</Value>
</Feature>
<Feature>
  <Name className="java.lang.String">rule1</Name>
  <Value className="java.lang.String">GazLocation</Value>
</Feature>
<Feature>
  <Name className="java.lang.String">rule2</Name>
  <Value className="java.lang.String">LocFinal</Value>
</Feature>
</Annotation>
<Annotation Id="24" Type="Location" StartNode="2621" EndNode="2626">
<Feature>
  <Name className="java.lang.String">locType</Name>
  <Value className="java.lang.String">country</Value>
</Feature>
<Feature>
  <Name className="java.lang.String">rule1</Name>
  <Value className="java.lang.String">GazLocation</Value>
</Feature>
<Feature>
  <Name className="java.lang.String">rule2</Name>
  <Value className="java.lang.String">LocFinal</Value>
</Feature>
</Annotation>
<Annotation Id="27" Type="Organization" StartNode="1652" EndNode="1657">
<Feature>
  <Name className="java.lang.String">orgType</Name>
  <Value className="java.lang.String">company</Value>
</Feature>
<Feature>
  <Name className="java.lang.String">rule1</Name>
  <Value className="java.lang.String">GazOrganization</Value>
</Feature>
<Feature>
  <Name className="java.lang.String">id</Name>
  <Value className="java.lang.Integer">27</Value>
</Feature>
<Feature>
  <Name className="java.lang.String">rule2</Name>
  <Value className="java.lang.String">OrgFinal</Value>
</Feature>
</Annotation>
<Annotation Id="26" Type="Person" StartNode="2185" EndNode="2199">
<Feature>
  <Name className="java.lang.String">rule1</Name>
  <Value className="java.lang.String">PersonFull</Value>
</Feature>
<Feature>
  <Name className="java.lang.String">id</Name>
  <Value className="java.lang.Integer">26</Value>
</Feature>
<Feature>
  <Name className="java.lang.String">gender</Name>
  <Value className="java.lang.String">male</Value>
</Feature>
<Feature>
  <Name className="java.lang.String">rule</Name>
  <Value className="java.lang.String">PersonFinal</Value>
</Feature>
</Annotation>
<Annotation Id="29" Type="Date" StartNode="1331" EndNode="1340">
<Feature>
  <Name className="java.lang.String">rule1</Name>
  <Value className="java.lang.String">GazDate</Value>
</Feature>
<Feature>
  <Name className="java.lang.String">kind</Name>
  <Value className="java.lang.String">date</Value>
</Feature>
<Feature>
  <Name className="java.lang.String">rule2</Name>
  <Value className="java.lang.String">DateOnlyFinal</Value>
</Feature>
</Annotation>
<Annotation Id="28" Type="Organization" StartNode="1530" EndNode="1535">
<Feature>
  <Name className="java.lang.String">orgType</Name>
  <Value className="java.lang.String">company</Value>
</Feature>
<Feature>
  <Name className="java.lang.String">rule1</Name>
  <Value className="java.lang.String">GazOrganization</Value>
</Feature>
<Feature>
  <Name className="java.lang.String">id</Name>
  <Value className="java.lang.Integer">28</Value>
</Feature>
<Feature>
  <Name className="java.lang.String">rule2</Name>
  <Value className="java.lang.String">OrgFinal</Value>
</Feature>
</Annotation>
<Annotation Id="31" Type="Organization" StartNode="1185" EndNode="1190">
<Feature>
  <Name className="java.lang.String">orgType</Name>
  <Value className="java.lang.String">company</Value>
</Feature>
<Feature>
  <Name className="java.lang.String">rule1</Name>
  <Value className="java.lang.String">GazOrganization</Value>
</Feature>
<Feature>
  <Name className="java.lang.String">id</Name>
  <Value className="java.lang.Integer">31</Value>
</Feature>
<Feature>
  <Name className="java.lang.String">rule2</Name>
  <Value className="java.lang.String">OrgFinal</Value>
</Feature>
</Annotation>
<Annotation Id="30" Type="Organization" StartNode="1291" EndNode="1296">
<Feature>
  <Name className="java.lang.String">orgType</Name>
  <Value className="java.lang.String">company</Value>
</Feature>
<Feature>
  <Name className="java.lang.String">rule1</Name>
  <Value className="java.lang.String">GazOrganization</Value>
</Feature>
<Feature>
  <Name className="java.lang.String">id</Name>
  <Value className="java.lang.Integer">30</Value>
</Feature>
<Feature>
  <Name className="java.lang.String">rule2</Name>
  <Value className="java.lang.String">OrgFinal</Value>
</Feature>
</Annotation>
<Annotation Id="34" Type="Person" StartNode="784" EndNode="792">
<Feature>
  <Name className="java.lang.String">rule1</Name>
  <Value className="java.lang.String">PersonTitleGender</Value>
</Feature>
<Feature>
  <Name className="java.lang.String">id</Name>
  <Value className="java.lang.Integer">34</Value>
</Feature>
<Feature>
  <Name className="java.lang.String">gender</Name>
  <Value className="java.lang.String">male</Value>
</Feature>
<Feature>
  <Name className="java.lang.String">rule</Name>
  <Value className="java.lang.String">PersonFinal</Value>
</Feature>
</Annotation>
<Annotation Id="35" Type="Person" StartNode="714" EndNode="722">
<Feature>
  <Name className="java.lang.String">rule1</Name>
  <Value className="java.lang.String">PersonFirstTitle</Value>
</Feature>
<Feature>
  <Name className="java.lang.String">id</Name>
  <Value className="java.lang.Integer">35</Value>
</Feature>
<Feature>
  <Name className="java.lang.String">gender</Name>
  <Value className="java.lang.String">male</Value>
</Feature>
<Feature>
  <Name className="java.lang.String">rule</Name>
  <Value className="java.lang.String">PersonFinal</Value>
</Feature>
</Annotation>
<Annotation Id="32" Type="Date" StartNode="942" EndNode="963">
<Feature>
  <Name className="java.lang.String">rule1</Name>
  <Value className="java.lang.String">YearSpan3</Value>
</Feature>
<Feature>
  <Name className="java.lang.String">kind</Name>
  <Value className="java.lang.String">date</Value>
</Feature>
<Feature>
  <Name className="java.lang.String">rule2</Name>
  <Value className="java.lang.String">DateOnlyFinal</Value>
</Feature>
</Annotation>
<Annotation Id="33" Type="Organization" StartNode="860" EndNode="865">
<Feature>
  <Name className="java.lang.String">orgType</Name>
  <Value className="java.lang.String">company</Value>
</Feature>
<Feature>
  <Name className="java.lang.String">rule1</Name>
  <Value className="java.lang.String">GazOrganization</Value>
</Feature>
<Feature>
  <Name className="java.lang.String">id</Name>
  <Value className="java.lang.Integer">33</Value>
</Feature>
<Feature>
  <Name className="java.lang.String">rule2</Name>
  <Value className="java.lang.String">OrgFinal</Value>
</Feature>
</Annotation>
<Annotation Id="38" Type="Person" StartNode="65" EndNode="71">
<Feature>
  <Name className="java.lang.String">rule1</Name>
  <Value className="java.lang.String">GazPersonFirst</Value>
</Feature>
<Feature>
  <Name className="java.lang.String">id</Name>
  <Value className="java.lang.Integer">38</Value>
</Feature>
<Feature>
  <Name className="java.lang.String">gender</Name>
  <Value className="java.lang.String">male</Value>
</Feature>
<Feature>
  <Name className="java.lang.String">rule</Name>
  <Value className="java.lang.String">PersonFinal</Value>
</Feature>
</Annotation>
<Annotation Id="39" Type="Person" StartNode="50" EndNode="65">
<Feature>
  <Name className="java.lang.String">rule1</Name>
  <Value className="java.lang.String">PersonTitleGender</Value>
</Feature>
<Feature>
  <Name className="java.lang.String">id</Name>
  <Value className="java.lang.Integer">39</Value>
</Feature>
<Feature>
  <Name className="java.lang.String">gender</Name>
  <Value className="java.lang.String">male</Value>
</Feature>
<Feature>
  <Name className="java.lang.String">rule</Name>
  <Value className="java.lang.String">PersonFinal</Value>
</Feature>
</Annotation>
<Annotation Id="36" Type="Person" StartNode="288" EndNode="298">
<Feature>
  <Name className="java.lang.String">rule1</Name>
  <Value className="java.lang.String">PersonFull</Value>
</Feature>
<Feature>
  <Name className="java.lang.String">id</Name>
  <Value className="java.lang.Integer">36</Value>
</Feature>
<Feature>
  <Name className="java.lang.String">gender</Name>
  <Value className="java.lang.String">male</Value>
</Feature>
<Feature>
  <Name className="java.lang.String">rule</Name>
  <Value className="java.lang.String">PersonFinal</Value>
</Feature>
</Annotation>
<Annotation Id="37" Type="Organization" StartNode="86" EndNode="91">
<Feature>
  <Name className="java.lang.String">orgType</Name>
  <Value className="java.lang.String">company</Value>
</Feature>
<Feature>
  <Name className="java.lang.String">rule1</Name>
  <Value className="java.lang.String">GazOrganization</Value>
</Feature>
<Feature>
  <Name className="java.lang.String">id</Name>
  <Value className="java.lang.Integer">37</Value>
</Feature>
<Feature>
  <Name className="java.lang.String">rule2</Name>
  <Value className="java.lang.String">OrgFinal</Value>
</Feature>
</Annotation>
<Annotation Id="42" Type="Money" StartNode="4671" EndNode="4676">
<Feature>
  <Name className="java.lang.String">kind</Name>
  <Value className="java.lang.String">number</Value>
</Feature>
<Feature>
  <Name className="java.lang.String">rule</Name>
  <Value className="java.lang.String">MoneyCurrencyUnit</Value>
</Feature>
</Annotation>
<Annotation Id="43" Type="Money" StartNode="4361" EndNode="4365">
<Feature>
  <Name className="java.lang.String">kind</Name>
  <Value className="java.lang.String">number</Value>
</Feature>
<Feature>
  <Name className="java.lang.String">rule</Name>
  <Value className="java.lang.String">MoneySymbolUnit</Value>
</Feature>
</Annotation>
<Annotation Id="40" Type="Organization" StartNode="0" EndNode="5">
<Feature>
  <Name className="java.lang.String">orgType</Name>
  <Value className="java.lang.String">company</Value>
</Feature>
<Feature>
  <Name className="java.lang.String">rule1</Name>
  <Value className="java.lang.String">GazOrganization</Value>
</Feature>
<Feature>
  <Name className="java.lang.String">id</Name>
  <Value className="java.lang.Integer">40</Value>
</Feature>
<Feature>
  <Name className="java.lang.String">rule2</Name>
  <Value className="java.lang.String">OrgFinal</Value>
</Feature>
</Annotation>
<Annotation Id="41" Type="Money" StartNode="4680" EndNode="4687">
<Feature>
  <Name className="java.lang.String">kind</Name>
  <Value className="java.lang.String">number</Value>
</Feature>
<Feature>
  <Name className="java.lang.String">rule</Name>
  <Value className="java.lang.String">MoneyCurrencyUnit</Value>
</Feature>
</Annotation>
<Annotation Id="46" Type="Money" StartNode="3521" EndNode="3526">
<Feature>
  <Name className="java.lang.String">kind</Name>
  <Value className="java.lang.String">number</Value>
</Feature>
<Feature>
  <Name className="java.lang.String">rule</Name>
  <Value className="java.lang.String">MoneySymbolUnit</Value>
</Feature>
</Annotation>
<Annotation Id="47" Type="Percent" StartNode="3494" EndNode="3505">
<Feature>
  <Name className="java.lang.String">rule</Name>
  <Value className="java.lang.String">PercentBasic</Value>
</Feature>
</Annotation>
<Annotation Id="44" Type="Money" StartNode="3936" EndNode="3943">
<Feature>
  <Name className="java.lang.String">kind</Name>
  <Value className="java.lang.String">number</Value>
</Feature>
<Feature>
  <Name className="java.lang.String">rule</Name>
  <Value className="java.lang.String">MoneyCurrencyUnit</Value>
</Feature>
</Annotation>
<Annotation Id="45" Type="Money" StartNode="3926" EndNode="3932">
<Feature>
  <Name className="java.lang.String">kind</Name>
  <Value className="java.lang.String">number</Value>
</Feature>
<Feature>
  <Name className="java.lang.String">rule</Name>
  <Value className="java.lang.String">MoneyCurrencyUnit</Value>
</Feature>
</Annotation>
<Annotation Id="51" Type="Percent" StartNode="2746" EndNode="2758">
<Feature>
  <Name className="java.lang.String">rule</Name>
  <Value className="java.lang.String">PercentBasic</Value>
</Feature>
</Annotation>
<Annotation Id="50" Type="Percent" StartNode="2926" EndNode="2938">
<Feature>
  <Name className="java.lang.String">rule</Name>
  <Value className="java.lang.String">PercentBasic</Value>
</Feature>
</Annotation>
<Annotation Id="49" Type="Percent" StartNode="3423" EndNode="3434">
<Feature>
  <Name className="java.lang.String">rule</Name>
  <Value className="java.lang.String">PercentBasic</Value>
</Feature>
</Annotation>
<Annotation Id="48" Type="Money" StartNode="3438" EndNode="3443">
<Feature>
  <Name className="java.lang.String">kind</Name>
  <Value className="java.lang.String">number</Value>
</Feature>
<Feature>
  <Name className="java.lang.String">rule</Name>
  <Value className="java.lang.String">MoneySymbolUnit</Value>
</Feature>
</Annotation>
<Annotation Id="55" Type="Money" StartNode="1694" EndNode="1698">
<Feature>
  <Name className="java.lang.String">kind</Name>
  <Value className="java.lang.String">number</Value>
</Feature>
<Feature>
  <Name className="java.lang.String">rule</Name>
  <Value className="java.lang.String">MoneyCurrencyUnit</Value>
</Feature>
</Annotation>
<Annotation Id="54" Type="Money" StartNode="1730" EndNode="1736">
<Feature>
  <Name className="java.lang.String">kind</Name>
  <Value className="java.lang.String">number</Value>
</Feature>
<Feature>
  <Name className="java.lang.String">rule</Name>
  <Value className="java.lang.String">MoneyCurrencyUnit</Value>
</Feature>
</Annotation>
<Annotation Id="53" Type="Money" StartNode="1840" EndNode="1845">
<Feature>
  <Name className="java.lang.String">kind</Name>
  <Value className="java.lang.String">number</Value>
</Feature>
<Feature>
  <Name className="java.lang.String">rule</Name>
  <Value className="java.lang.String">MoneySymbolUnit</Value>
</Feature>
</Annotation>
<Annotation Id="52" Type="Percent" StartNode="2362" EndNode="2374">
<Feature>
  <Name className="java.lang.String">rule</Name>
  <Value className="java.lang.String">PercentBasic</Value>
</Feature>
</Annotation>
<Annotation Id="59" Type="Percent" StartNode="931" EndNode="941">
<Feature>
  <Name className="java.lang.String">rule</Name>
  <Value className="java.lang.String">PercentBasic</Value>
</Feature>
</Annotation>
<Annotation Id="58" Type="Percent" StartNode="1230" EndNode="1240">
<Feature>
  <Name className="java.lang.String">rule</Name>
  <Value className="java.lang.String">PercentBasic</Value>
</Feature>
</Annotation>
<Annotation Id="57" Type="Money" StartNode="1557" EndNode="1563">
<Feature>
  <Name className="java.lang.String">kind</Name>
  <Value className="java.lang.String">number</Value>
</Feature>
<Feature>
  <Name className="java.lang.String">rule</Name>
  <Value className="java.lang.String">MoneyCurrencyUnit</Value>
</Feature>
</Annotation>
<Annotation Id="56" Type="Money" StartNode="1687" EndNode="1690">
<Feature>
  <Name className="java.lang.String">kind</Name>
  <Value className="java.lang.String">number</Value>
</Feature>
<Feature>
  <Name className="java.lang.String">rule</Name>
  <Value className="java.lang.String">MoneyCurrencyUnit</Value>
</Feature>
</Annotation>
<Annotation Id="63" Type="Date" StartNode="169" EndNode="200">
<Feature>
  <Name className="java.lang.String">kind</Name>
  <Value className="java.lang.String">date</Value>
</Feature>
</Annotation>
<Annotation Id="62" Type="Organization" StartNode="4560" EndNode="4578">
<Feature>
  <Name className="java.lang.String">id</Name>
  <Value className="java.lang.Integer">62</Value>
</Feature>
</Annotation>
<Annotation Id="61" Type="Money" StartNode="243" EndNode="250">
<Feature>
  <Name className="java.lang.String">kind</Name>
  <Value className="java.lang.String">number</Value>
</Feature>
<Feature>
  <Name className="java.lang.String">rule</Name>
  <Value className="java.lang.String">MoneySymbolUnit</Value>
</Feature>
</Annotation>
<Annotation Id="60" Type="Money" StartNode="408" EndNode="414">
<Feature>
  <Name className="java.lang.String">kind</Name>
  <Value className="java.lang.String">number</Value>
</Feature>
<Feature>
  <Name className="java.lang.String">rule</Name>
  <Value className="java.lang.String">MoneySymbolUnit</Value>
</Feature>
</Annotation>
<Annotation Id="68" Type="Date" StartNode="2443" EndNode="2457">
<Feature>
  <Name className="java.lang.String">kind</Name>
  <Value className="java.lang.String">date</Value>
</Feature>
</Annotation>
<Annotation Id="69" Type="Date" StartNode="3944" EndNode="3953">
<Feature>
  <Name className="java.lang.String">kind</Name>
  <Value className="java.lang.String">date</Value>
</Feature>
</Annotation>
<Annotation Id="64" Type="Date" StartNode="678" EndNode="692">
<Feature>
  <Name className="java.lang.String">kind</Name>
  <Value className="java.lang.String">date</Value>
</Feature>
</Annotation>
<Annotation Id="65" Type="Date" StartNode="1478" EndNode="1493">
<Feature>
  <Name className="java.lang.String">kind</Name>
  <Value className="java.lang.String">date</Value>
</Feature>
</Annotation>
<Annotation Id="66" Type="Date" StartNode="1665" EndNode="1674">
<Feature>
  <Name className="java.lang.String">kind</Name>
  <Value className="java.lang.String">date</Value>
</Feature>
</Annotation>
<Annotation Id="67" Type="Date" StartNode="2404" EndNode="2413">
<Feature>
  <Name className="java.lang.String">kind</Name>
  <Value className="java.lang.String">date</Value>
</Feature>
</Annotation>
<Annotation Id="10159" Type="RelationClass" StartNode="50" EndNode="91">
<Feature>
  <Name className="java.lang.String">rel-type</Name>
  <Value className="java.lang.String">employed-by</Value>
</Feature>
<Feature>
  <Name className="java.lang.String">pers-id</Name>
  <Value className="java.lang.String">39</Value>
</Feature>
<Feature>
  <Name className="java.lang.String">org-id</Name>
  <Value className="java.lang.String">37</Value>
</Feature>
</Annotation>
<Annotation Id="10158" Type="RelationClass" StartNode="2125" EndNode="2199">
<Feature>
  <Name className="java.lang.String">rel-type</Name>
  <Value className="java.lang.String">employed-by</Value>
</Feature>
<Feature>
  <Name className="java.lang.String">pers-id</Name>
  <Value className="java.lang.String">26</Value>
</Feature>
<Feature>
  <Name className="java.lang.String">org-id</Name>
  <Value className="java.lang.String">16</Value>
</Feature>
</Annotation>
</AnnotationSet>

<!-- Named annotation set -->

<AnnotationSet Name="Original markups">
<Annotation Id="137" Type="TEXT" StartNode="0" EndNode="4764">
</Annotation>
<Annotation Id="70" Type="html" StartNode="0" EndNode="4764">
</Annotation>
<Annotation Id="73" Type="body" StartNode="0" EndNode="4764">
<Feature>
  <Name className="java.lang.String">bgcolor</Name>
  <Value className="java.lang.String">#ffffff</Value>
</Feature>
<Feature>
  <Name className="java.lang.String">text</Name>
  <Value className="java.lang.String">#000000</Value>
</Feature>
</Annotation>
<Annotation Id="95" Type="div" StartNode="0" EndNode="49">
<Feature>
  <Name className="java.lang.String">class</Name>
  <Value className="java.lang.String">linkbox</Value>
</Feature>
</Annotation>
<Annotation Id="94" Type="div" StartNode="0" EndNode="49">
<Feature>
  <Name className="java.lang.String">class</Name>
  <Value className="java.lang.String">floatbox</Value>
</Feature>
</Annotation>
<Annotation Id="102" Type="p" StartNode="592" EndNode="964">
</Annotation>
<Annotation Id="103" Type="p" StartNode="966" EndNode="1289">
</Annotation>
<Annotation Id="100" Type="p" StartNode="50" EndNode="272">
</Annotation>
<Annotation Id="101" Type="p" StartNode="274" EndNode="590">
</Annotation>
<Annotation Id="98" Type="p" StartNode="0" EndNode="48">
<Feature>
  <Name className="java.lang.String">class</Name>
  <Value className="java.lang.String">linkindent</Value>
</Feature>
</Annotation>
<Annotation Id="99" Type="a" StartNode="0" EndNode="48">
<Feature>
  <Name className="java.lang.String">href</Name>
  <Value className="java.lang.String">http://news.independent.co.uk/business/news/story.jsp?story=86767</Value>
</Feature>
</Annotation>
<Annotation Id="110" Type="p" StartNode="2460" EndNode="2872">
</Annotation>
<Annotation Id="111" Type="p" StartNode="2874" EndNode="2952">
</Annotation>
<Annotation Id="108" Type="b" StartNode="2103" EndNode="2123">
</Annotation>
<Annotation Id="109" Type="p" StartNode="2125" EndNode="2458">
</Annotation>
<Annotation Id="106" Type="p" StartNode="1764" EndNode="2101">
</Annotation>
<Annotation Id="107" Type="p" StartNode="2103" EndNode="2123">
</Annotation>
<Annotation Id="104" Type="p" StartNode="1291" EndNode="1376">
</Annotation>
<Annotation Id="105" Type="p" StartNode="1378" EndNode="1762">
</Annotation>
<Annotation Id="119" Type="p" StartNode="4475" EndNode="4764">
</Annotation>
<Annotation Id="118" Type="p" StartNode="4189" EndNode="4473">
</Annotation>
<Annotation Id="117" Type="b" StartNode="4181" EndNode="4187">
</Annotation>
<Annotation Id="116" Type="p" StartNode="4181" EndNode="4187">
</Annotation>
<Annotation Id="115" Type="p" StartNode="3899" EndNode="4179">
</Annotation>
<Annotation Id="114" Type="p" StartNode="3529" EndNode="3897">
</Annotation>
<Annotation Id="113" Type="p" StartNode="3375" EndNode="3527">
</Annotation>
<Annotation Id="112" Type="p" StartNode="2954" EndNode="3373">
</Annotation>
</AnnotationSet>

</GateDocument>
