<?xml version="1.0" encoding="windows-1252" ?>
<GateDocument>
<!-- The document's features-->

<GateDocumentFeatures>
<Feature>
  <Name className="java.lang.String">gate.SourceURL</Name>
  <Value className="java.lang.String">file:/Z:/gatecorpora/news/business/clean/ft-BT-07-aug-2001.html</Value>
</Feature>
<Feature>
  <Name className="java.lang.String">MimeType</Name>
  <Value className="java.lang.String">text/html</Value>
</Feature>
</GateDocumentFeatures>
<!-- The document content area with serialized nodes -->

<TextWithNodes><Node id="0"/>Just as <Node id="8"/>British Telecommunications<Node id="34"/> thought the pressure was easing, a pair of approaches for its <Node id="97"/>UK<Node id="99"/> network have refocused the spotlight on its longer term strategy.<Node id="165"/>

<Node id="167"/>Less than two months after its <Node id="198"/>£5.9bn<Node id="205"/> (<Node id="207"/>$8.4bn<Node id="213"/>) rights issue removed its debt worries, details have begun to emerge of an <Node id="289"/>£8bn<Node id="294"/> approach from <Node id="309"/>Earth Lease<Node id="320"/> for <Node id="325"/>BT<Node id="327"/>&apos;s local loop - the wires that connect customers to the telephone network - and an <Node id="410"/>£18bn<Node id="416"/> proposal from <Node id="431"/>WestLB<Node id="437"/>, the German bank, to buy <Node id="463"/>BT<Node id="465"/>&apos;s entire <Node id="475"/>UK<Node id="477"/> network.<Node id="486"/>

<Node id="488"/>In both cases <Node id="502"/>BT<Node id="504"/> would then lease back capacity on the network.<Node id="551"/>

<Node id="553"/>Neither looks likely to lead to a deal in the short-term. Analysts believe they are probably pitched too low and would require complex work by <Node id="696"/>BT<Node id="698"/> to split out the relevant parts of its business.<Node id="747"/>

<Node id="749"/>BT<Node id="751"/> also no longer needs cash and it is already in the throes of demerging its wireless business.<Node id="845"/>

<Node id="847"/>One analyst says: &quot;There is a grave danger of putting too much credibility on what is being put forward here. They saw <Node id="966"/>BT<Node id="968"/> on its knees and thought it was a good opportunity to get a high quality asset. <Node id="1049"/>BT<Node id="1051"/> has now solved its debt problem and it looks like they came too late to the fray.&quot;<Node id="1134"/>

<Node id="1136"/>But there is some logic in both approaches.<Node id="1179"/>

<Node id="1181"/>The <Node id="1185"/>WestLB<Node id="1191"/> proposal is to buy all of <Node id="1218"/>BT<Node id="1220"/>&apos;s <Node id="1223"/>UK<Node id="1225"/> network - the local loop and trunk lines - leaving <Node id="1277"/>BT<Node id="1279"/> with its 21m retail customers.<Node id="1310"/>

<Node id="1312"/>The structure would be much like the split of <Node id="1358"/>British Gas<Node id="1369"/> into <Node id="1375"/>Centrica<Node id="1383"/>, the gas supply business, and <Node id="1414"/>BG<Node id="1416"/>, the pipes and gas exploration business, in <Node id="1461"/>1997<Node id="1465"/>.<Node id="1466"/>

<Node id="1468"/>That split - overseen by <Node id="1493"/>BT<Node id="1495"/>&apos;s finance director <Node id="1515"/>Philip Hampton<Node id="1529"/> - has been a success, with both parts since then outperforming the FTSE.<Node id="1602"/>

<Node id="1604"/>In fact <Node id="1612"/>BT<Node id="1614"/> has already looked at breaking itself up in a similar way. Negotiations are in progress with <Node id="1708"/>Oftel<Node id="1713"/>, the telecoms regulator, to separate the network and retail businesses for accounting purposes.<Node id="1809"/>

<Node id="1811"/>This is likely to be complete by <Node id="1844"/>March<Node id="1849"/> and was originally viewed as a precursor to a <Node id="1896"/>British Gas<Node id="1907"/>-style demerger of the two sides.<Node id="1940"/>

<Node id="1942"/>However, the mood within <Node id="1967"/>BT<Node id="1969"/> appears to be have shifted towards separating the businesses under the <Node id="2041"/>BT<Node id="2043"/> umbrella, to give them more autonomy and accountability, while retaining overall control.<Node id="2133"/>

<Node id="2135"/>&quot;What is <Node id="2144"/>BT<Node id="2146"/> if you take away the whole of the network? If you are looking at shareholder value, I am not sure selling off the crown jewels is necessarily the right thing to do,&quot; one analyst said.<Node id="2330"/>

<Node id="2332"/>Even if <Node id="2340"/>BT<Node id="2342"/> decided that a full split was in its interest, it might well decide to demerge instead of selling.<Node id="2441"/>

<Node id="2443"/>The <Node id="2447"/>Earth Lease<Node id="2458"/> proposal is more radical. The local loop is an area where <Node id="2517"/>BT<Node id="2519"/> has come under fire for its slow progress in opening up to competition - a process known as local loop unbundling.<Node id="2634"/>

<Node id="2636"/>In addition, the <Node id="2653"/>UK<Node id="2655"/> has fallen far behind some of its European peers in installing equipment in local exchanges to offer broadband internet access across copper telephone lines.<Node id="2813"/>

<Node id="2815"/>Earth Lease<Node id="2826"/> believes that a deal would allow it to kick-start unbundling and broadband access. It would make the market more competitive for <Node id="2956"/>BT<Node id="2958"/>, but <Node id="2964"/>Earth Lease<Node id="2975"/> argues that any loss of market share for <Node id="3017"/>BT<Node id="3019"/> would be compensated for by a bigger overall market.<Node id="3072"/>

<Node id="3074"/>So far <Node id="3081"/>BT<Node id="3083"/> seems unimpressed, saying &quot;it makes no business sense&quot;. Not least, it would be complex to separate out the local copper wires from the rest of its business for a sale.<Node id="3251"/>

<Node id="3253"/>But if the regulator started getting tougher, <Node id="3299"/>BT<Node id="3301"/>&apos;s attitude could change.<Node id="3326"/>

<Node id="3328"/>&quot;The <Node id="3333"/>Earth Lease<Node id="3344"/> bid might make sense if <Node id="3369"/>BT<Node id="3371"/> were under heavy regulation and there was real pressure on unbundling and broadband. Selling [the local loop] might get the problem out of their hair,&quot; an analyst said.<Node id="3540"/>

<Node id="3542"/>At the moment, there is little pressure for a deal.<Node id="3593"/>

<Node id="3595"/>BT<Node id="3597"/> is not under the screws from the regulator and investors are no longer clamouring for deals to cut its debt.<Node id="3706"/>

<Node id="3708"/>The <Node id="3712"/>UK<Node id="3714"/> network had earnings before interest, tax, depreciation and amortisation of <Node id="3791"/>£4.3bn<Node id="3798"/> <Node id="3799"/>last year<Node id="3808"/> from revenues of <Node id="3826"/>£11.5bn<Node id="3834"/>.<Node id="3835"/>

<Node id="3837"/>Analysts have put a price of <Node id="3866"/>£25bn<Node id="3872"/> on the business.<Node id="3889"/>

<Node id="3891"/>They are less willing to value the local loop because it is not properly defined and its worth depends entirely on how much <Node id="4015"/>BT<Node id="4017"/> would be charged for access if it sold the asset.<Node id="4067"/>

<Node id="4069"/>Both approaches - hatched when <Node id="4100"/>BT<Node id="4102"/> was under pressure to cut its debt - now look out of date. <Node id="4162"/>BT<Node id="4164"/> insists there are no more approaches to come out of the woodwork and that those on the table will go no further.<Node id="4277"/>

<Node id="4279"/>But it has put the structure of <Node id="4311"/>BT<Node id="4313"/>&apos;s <Node id="4316"/>UK<Node id="4318"/> business back on the agenda.<Node id="4347"/>

<Node id="4349"/>Meanwhile, the predators say they are willing to be patient.<Node id="4409"/>

<Node id="4411"/>&quot;It is very early days. We have put down a marker. The cat is not yet among the pigeons, but it is beginning to chivvy the pigeons along,&quot; one insider says.<Node id="4567"/></TextWithNodes>
<!-- The default annotation set -->

<AnnotationSet>
</AnnotationSet>
<!-- Named annotation set -->

<AnnotationSet Name="Key" >
<Annotation Id="15" Type="Organization" StartNode="2340" EndNode="2342">
<Feature>
  <Name className="java.lang.String">orgType</Name>
  <Value className="java.lang.String">company</Value>
</Feature>
<Feature>
  <Name className="java.lang.String">rule2</Name>
  <Value className="java.lang.String">OrgFinal</Value>
</Feature>
<Feature>
  <Name className="java.lang.String">rule1</Name>
  <Value className="java.lang.String">GazOrganization</Value>
</Feature>
<Feature>
  <Name className="java.lang.String">matches</Name>
  <Value className="java.util.ArrayList" itemClassName="java.lang.Integer">2367;2366;2365;2363;2362;2358;2405;2404;2403;2401;2400;2398;2397;2396;2395;2392;2391;2390;2389;2388;2387;2384;2383;2382;2381;2380;2377;2375;2372;2370;2369;2368</Value>
</Feature>
</Annotation>
<Annotation Id="30" Type="Organization" StartNode="966" EndNode="968">
<Feature>
  <Name className="java.lang.String">orgType</Name>
  <Value className="java.lang.String">company</Value>
</Feature>
<Feature>
  <Name className="java.lang.String">rule2</Name>
  <Value className="java.lang.String">OrgFinal</Value>
</Feature>
<Feature>
  <Name className="java.lang.String">rule1</Name>
  <Value className="java.lang.String">GazOrganization</Value>
</Feature>
<Feature>
  <Name className="java.lang.String">matches</Name>
  <Value className="java.util.ArrayList" itemClassName="java.lang.Integer">2367;2366;2365;2363;2362;2358;2405;2404;2403;2401;2400;2398;2397;2396;2395;2392;2391;2390;2389;2388;2387;2384;2383;2382;2381;2380;2377;2375;2372;2370;2369;2368</Value>
</Feature>
</Annotation>
<Annotation Id="43" Type="Money" StartNode="207" EndNode="213">
<Feature>
  <Name className="java.lang.String">rule</Name>
  <Value className="java.lang.String">MoneySymbolUnit</Value>
</Feature>
<Feature>
  <Name className="java.lang.String">kind</Name>
  <Value className="java.lang.String">number</Value>
</Feature>
</Annotation>
<Annotation Id="16" Type="Organization" StartNode="2144" EndNode="2146">
<Feature>
  <Name className="java.lang.String">orgType</Name>
  <Value className="java.lang.String">company</Value>
</Feature>
<Feature>
  <Name className="java.lang.String">rule2</Name>
  <Value className="java.lang.String">OrgFinal</Value>
</Feature>
<Feature>
  <Name className="java.lang.String">rule1</Name>
  <Value className="java.lang.String">GazOrganization</Value>
</Feature>
<Feature>
  <Name className="java.lang.String">matches</Name>
  <Value className="java.util.ArrayList" itemClassName="java.lang.Integer">2367;2366;2365;2363;2362;2358;2405;2404;2403;2401;2400;2398;2397;2396;2395;2392;2391;2390;2389;2388;2387;2384;2383;2382;2381;2380;2377;2375;2372;2370;2369;2368</Value>
</Feature>
</Annotation>
<Annotation Id="31" Type="Organization" StartNode="749" EndNode="751">
<Feature>
  <Name className="java.lang.String">orgType</Name>
  <Value className="java.lang.String">company</Value>
</Feature>
<Feature>
  <Name className="java.lang.String">rule2</Name>
  <Value className="java.lang.String">OrgFinal</Value>
</Feature>
<Feature>
  <Name className="java.lang.String">rule1</Name>
  <Value className="java.lang.String">GazOrganization</Value>
</Feature>
<Feature>
  <Name className="java.lang.String">matches</Name>
  <Value className="java.util.ArrayList" itemClassName="java.lang.Integer">2367;2366;2365;2363;2362;2358;2405;2404;2403;2401;2400;2398;2397;2396;2395;2392;2391;2390;2389;2388;2387;2384;2383;2382;2381;2380;2377;2375;2372;2370;2369;2368</Value>
</Feature>
</Annotation>
<Annotation Id="48" Type="Organization" StartNode="2447" EndNode="2458">
</Annotation>
<Annotation Id="32" Type="Organization" StartNode="696" EndNode="698">
<Feature>
  <Name className="java.lang.String">orgType</Name>
  <Value className="java.lang.String">company</Value>
</Feature>
<Feature>
  <Name className="java.lang.String">rule2</Name>
  <Value className="java.lang.String">OrgFinal</Value>
</Feature>
<Feature>
  <Name className="java.lang.String">rule1</Name>
  <Value className="java.lang.String">GazOrganization</Value>
</Feature>
<Feature>
  <Name className="java.lang.String">matches</Name>
  <Value className="java.util.ArrayList" itemClassName="java.lang.Integer">2367;2366;2365;2363;2362;2358;2405;2404;2403;2401;2400;2398;2397;2396;2395;2392;2391;2390;2389;2388;2387;2384;2383;2382;2381;2380;2377;2375;2372;2370;2369;2368</Value>
</Feature>
</Annotation>
<Annotation Id="34" Type="Location" StartNode="475" EndNode="477">
<Feature>
  <Name className="java.lang.String">rule2</Name>
  <Value className="java.lang.String">LocFinal</Value>
</Feature>
<Feature>
  <Name className="java.lang.String">rule1</Name>
  <Value className="java.lang.String">Location1</Value>
</Feature>
<Feature>
  <Name className="java.lang.String">matches</Name>
  <Value className="java.util.ArrayList" itemClassName="java.lang.Integer">2399;2364;2361;2393;2371;2385</Value>
</Feature>
<Feature>
  <Name className="java.lang.String">locType</Name>
  <Value className="java.lang.String">country</Value>
</Feature>
</Annotation>
<Annotation Id="41" Type="Money" StartNode="410" EndNode="416">
<Feature>
  <Name className="java.lang.String">rule</Name>
  <Value className="java.lang.String">MoneySymbolUnit</Value>
</Feature>
<Feature>
  <Name className="java.lang.String">kind</Name>
  <Value className="java.lang.String">number</Value>
</Feature>
</Annotation>
<Annotation Id="1" Type="Organization" StartNode="4311" EndNode="4313">
<Feature>
  <Name className="java.lang.String">orgType</Name>
  <Value className="java.lang.String">company</Value>
</Feature>
<Feature>
  <Name className="java.lang.String">rule2</Name>
  <Value className="java.lang.String">OrgFinal</Value>
</Feature>
<Feature>
  <Name className="java.lang.String">rule1</Name>
  <Value className="java.lang.String">GazOrganization</Value>
</Feature>
<Feature>
  <Name className="java.lang.String">matches</Name>
  <Value className="java.util.ArrayList" itemClassName="java.lang.Integer">2367;2366;2365;2363;2362;2358;2405;2404;2403;2401;2400;2398;2397;2396;2395;2392;2391;2390;2389;2388;2387;2384;2383;2382;2381;2380;2377;2375;2372;2370;2369;2368</Value>
</Feature>
</Annotation>
<Annotation Id="29" Type="Organization" StartNode="1049" EndNode="1051">
<Feature>
  <Name className="java.lang.String">orgType</Name>
  <Value className="java.lang.String">company</Value>
</Feature>
<Feature>
  <Name className="java.lang.String">rule2</Name>
  <Value className="java.lang.String">OrgFinal</Value>
</Feature>
<Feature>
  <Name className="java.lang.String">rule1</Name>
  <Value className="java.lang.String">GazOrganization</Value>
</Feature>
<Feature>
  <Name className="java.lang.String">matches</Name>
  <Value className="java.util.ArrayList" itemClassName="java.lang.Integer">2367;2366;2365;2363;2362;2358;2405;2404;2403;2401;2400;2398;2397;2396;2395;2392;2391;2390;2389;2388;2387;2384;2383;2382;2381;2380;2377;2375;2372;2370;2369;2368</Value>
</Feature>
</Annotation>
<Annotation Id="14" Type="Organization" StartNode="2517" EndNode="2519">
<Feature>
  <Name className="java.lang.String">orgType</Name>
  <Value className="java.lang.String">company</Value>
</Feature>
<Feature>
  <Name className="java.lang.String">rule2</Name>
  <Value className="java.lang.String">OrgFinal</Value>
</Feature>
<Feature>
  <Name className="java.lang.String">rule1</Name>
  <Value className="java.lang.String">GazOrganization</Value>
</Feature>
<Feature>
  <Name className="java.lang.String">matches</Name>
  <Value className="java.util.ArrayList" itemClassName="java.lang.Integer">2367;2366;2365;2363;2362;2358;2405;2404;2403;2401;2400;2398;2397;2396;2395;2392;2391;2390;2389;2388;2387;2384;2383;2382;2381;2380;2377;2375;2372;2370;2369;2368</Value>
</Feature>
</Annotation>
<Annotation Id="47" Type="Organization" StartNode="2815" EndNode="2826">
</Annotation>
<Annotation Id="18" Type="Organization" StartNode="1967" EndNode="1969">
<Feature>
  <Name className="java.lang.String">orgType</Name>
  <Value className="java.lang.String">company</Value>
</Feature>
<Feature>
  <Name className="java.lang.String">rule2</Name>
  <Value className="java.lang.String">OrgFinal</Value>
</Feature>
<Feature>
  <Name className="java.lang.String">rule1</Name>
  <Value className="java.lang.String">GazOrganization</Value>
</Feature>
<Feature>
  <Name className="java.lang.String">matches</Name>
  <Value className="java.util.ArrayList" itemClassName="java.lang.Integer">2367;2366;2365;2363;2362;2358;2405;2404;2403;2401;2400;2398;2397;2396;2395;2392;2391;2390;2389;2388;2387;2384;2383;2382;2381;2380;2377;2375;2372;2370;2369;2368</Value>
</Feature>
</Annotation>
<Annotation Id="3" Type="Organization" StartNode="4100" EndNode="4102">
<Feature>
  <Name className="java.lang.String">orgType</Name>
  <Value className="java.lang.String">company</Value>
</Feature>
<Feature>
  <Name className="java.lang.String">rule2</Name>
  <Value className="java.lang.String">OrgFinal</Value>
</Feature>
<Feature>
  <Name className="java.lang.String">rule1</Name>
  <Value className="java.lang.String">GazOrganization</Value>
</Feature>
<Feature>
  <Name className="java.lang.String">matches</Name>
  <Value className="java.util.ArrayList" itemClassName="java.lang.Integer">2367;2366;2365;2363;2362;2358;2405;2404;2403;2401;2400;2398;2397;2396;2395;2392;2391;2390;2389;2388;2387;2384;2383;2382;2381;2380;2377;2375;2372;2370;2369;2368</Value>
</Feature>
</Annotation>
<Annotation Id="12" Type="Organization" StartNode="2956" EndNode="2958">
<Feature>
  <Name className="java.lang.String">orgType</Name>
  <Value className="java.lang.String">company</Value>
</Feature>
<Feature>
  <Name className="java.lang.String">rule2</Name>
  <Value className="java.lang.String">OrgFinal</Value>
</Feature>
<Feature>
  <Name className="java.lang.String">rule1</Name>
  <Value className="java.lang.String">GazOrganization</Value>
</Feature>
<Feature>
  <Name className="java.lang.String">matches</Name>
  <Value className="java.util.ArrayList" itemClassName="java.lang.Integer">2367;2366;2365;2363;2362;2358;2405;2404;2403;2401;2400;2398;2397;2396;2395;2392;2391;2390;2389;2388;2387;2384;2383;2382;2381;2380;2377;2375;2372;2370;2369;2368</Value>
</Feature>
</Annotation>
<Annotation Id="27" Type="Location" StartNode="1223" EndNode="1225">
<Feature>
  <Name className="java.lang.String">rule2</Name>
  <Value className="java.lang.String">LocFinal</Value>
</Feature>
<Feature>
  <Name className="java.lang.String">rule1</Name>
  <Value className="java.lang.String">Location1</Value>
</Feature>
<Feature>
  <Name className="java.lang.String">matches</Name>
  <Value className="java.util.ArrayList" itemClassName="java.lang.Integer">2399;2364;2361;2393;2371;2385</Value>
</Feature>
<Feature>
  <Name className="java.lang.String">locType</Name>
  <Value className="java.lang.String">country</Value>
</Feature>
</Annotation>
<Annotation Id="44" Type="Money" StartNode="198" EndNode="205">
<Feature>
  <Name className="java.lang.String">rule</Name>
  <Value className="java.lang.String">MoneySymbolUnit</Value>
</Feature>
<Feature>
  <Name className="java.lang.String">kind</Name>
  <Value className="java.lang.String">number</Value>
</Feature>
</Annotation>
<Annotation Id="17" Type="Organization" StartNode="2041" EndNode="2043">
<Feature>
  <Name className="java.lang.String">orgType</Name>
  <Value className="java.lang.String">company</Value>
</Feature>
<Feature>
  <Name className="java.lang.String">rule2</Name>
  <Value className="java.lang.String">OrgFinal</Value>
</Feature>
<Feature>
  <Name className="java.lang.String">rule1</Name>
  <Value className="java.lang.String">GazOrganization</Value>
</Feature>
<Feature>
  <Name className="java.lang.String">matches</Name>
  <Value className="java.util.ArrayList" itemClassName="java.lang.Integer">2367;2366;2365;2363;2362;2358;2405;2404;2403;2401;2400;2398;2397;2396;2395;2392;2391;2390;2389;2388;2387;2384;2383;2382;2381;2380;2377;2375;2372;2370;2369;2368</Value>
</Feature>
</Annotation>
<Annotation Id="2" Type="Organization" StartNode="4162" EndNode="4164">
<Feature>
  <Name className="java.lang.String">orgType</Name>
  <Value className="java.lang.String">company</Value>
</Feature>
<Feature>
  <Name className="java.lang.String">rule2</Name>
  <Value className="java.lang.String">OrgFinal</Value>
</Feature>
<Feature>
  <Name className="java.lang.String">rule1</Name>
  <Value className="java.lang.String">GazOrganization</Value>
</Feature>
<Feature>
  <Name className="java.lang.String">matches</Name>
  <Value className="java.util.ArrayList" itemClassName="java.lang.Integer">2367;2366;2365;2363;2362;2358;2405;2404;2403;2401;2400;2398;2397;2396;2395;2392;2391;2390;2389;2388;2387;2384;2383;2382;2381;2380;2377;2375;2372;2370;2369;2368</Value>
</Feature>
</Annotation>
<Annotation Id="13" Type="Location" StartNode="2653" EndNode="2655">
<Feature>
  <Name className="java.lang.String">rule2</Name>
  <Value className="java.lang.String">LocFinal</Value>
</Feature>
<Feature>
  <Name className="java.lang.String">rule1</Name>
  <Value className="java.lang.String">Location1</Value>
</Feature>
<Feature>
  <Name className="java.lang.String">matches</Name>
  <Value className="java.util.ArrayList" itemClassName="java.lang.Integer">2399;2364;2361;2393;2371;2385</Value>
</Feature>
<Feature>
  <Name className="java.lang.String">locType</Name>
  <Value className="java.lang.String">country</Value>
</Feature>
</Annotation>
<Annotation Id="28" Type="Organization" StartNode="1218" EndNode="1220">
<Feature>
  <Name className="java.lang.String">orgType</Name>
  <Value className="java.lang.String">company</Value>
</Feature>
<Feature>
  <Name className="java.lang.String">rule2</Name>
  <Value className="java.lang.String">OrgFinal</Value>
</Feature>
<Feature>
  <Name className="java.lang.String">rule1</Name>
  <Value className="java.lang.String">GazOrganization</Value>
</Feature>
<Feature>
  <Name className="java.lang.String">matches</Name>
  <Value className="java.util.ArrayList" itemClassName="java.lang.Integer">2367;2366;2365;2363;2362;2358;2405;2404;2403;2401;2400;2398;2397;2396;2395;2392;2391;2390;2389;2388;2387;2384;2383;2382;2381;2380;2377;2375;2372;2370;2369;2368</Value>
</Feature>
</Annotation>
<Annotation Id="38" Type="Money" StartNode="3866" EndNode="3872">
<Feature>
  <Name className="java.lang.String">rule</Name>
  <Value className="java.lang.String">MoneySymbolUnit</Value>
</Feature>
<Feature>
  <Name className="java.lang.String">kind</Name>
  <Value className="java.lang.String">number</Value>
</Feature>
</Annotation>
<Annotation Id="37" Type="Location" StartNode="97" EndNode="99">
<Feature>
  <Name className="java.lang.String">rule2</Name>
  <Value className="java.lang.String">LocFinal</Value>
</Feature>
<Feature>
  <Name className="java.lang.String">rule1</Name>
  <Value className="java.lang.String">Location1</Value>
</Feature>
<Feature>
  <Name className="java.lang.String">matches</Name>
  <Value className="java.util.ArrayList" itemClassName="java.lang.Integer">2399;2364;2361;2393;2371;2385</Value>
</Feature>
<Feature>
  <Name className="java.lang.String">locType</Name>
  <Value className="java.lang.String">country</Value>
</Feature>
</Annotation>
<Annotation Id="51" Type="Organization" StartNode="1185" EndNode="1191">
</Annotation>
<Annotation Id="8" Type="Organization" StartNode="3369" EndNode="3371">
<Feature>
  <Name className="java.lang.String">orgType</Name>
  <Value className="java.lang.String">company</Value>
</Feature>
<Feature>
  <Name className="java.lang.String">rule2</Name>
  <Value className="java.lang.String">OrgFinal</Value>
</Feature>
<Feature>
  <Name className="java.lang.String">rule1</Name>
  <Value className="java.lang.String">GazOrganization</Value>
</Feature>
<Feature>
  <Name className="java.lang.String">matches</Name>
  <Value className="java.util.ArrayList" itemClassName="java.lang.Integer">2367;2366;2365;2363;2362;2358;2405;2404;2403;2401;2400;2398;2397;2396;2395;2392;2391;2390;2389;2388;2387;2384;2383;2382;2381;2380;2377;2375;2372;2370;2369;2368</Value>
</Feature>
</Annotation>
<Annotation Id="23" Type="Organization" StartNode="1493" EndNode="1495">
<Feature>
  <Name className="java.lang.String">orgType</Name>
  <Value className="java.lang.String">company</Value>
</Feature>
<Feature>
  <Name className="java.lang.String">rule2</Name>
  <Value className="java.lang.String">OrgFinal</Value>
</Feature>
<Feature>
  <Name className="java.lang.String">rule1</Name>
  <Value className="java.lang.String">GazOrganization</Value>
</Feature>
<Feature>
  <Name className="java.lang.String">matches</Name>
  <Value className="java.util.ArrayList" itemClassName="java.lang.Integer">2367;2366;2365;2363;2362;2358;2405;2404;2403;2401;2400;2398;2397;2396;2395;2392;2391;2390;2389;2388;2387;2384;2383;2382;2381;2380;2377;2375;2372;2370;2369;2368</Value>
</Feature>
</Annotation>
<Annotation Id="40" Type="Money" StartNode="3791" EndNode="3798">
<Feature>
  <Name className="java.lang.String">rule</Name>
  <Value className="java.lang.String">MoneySymbolUnit</Value>
</Feature>
<Feature>
  <Name className="java.lang.String">kind</Name>
  <Value className="java.lang.String">number</Value>
</Feature>
</Annotation>
<Annotation Id="35" Type="Organization" StartNode="463" EndNode="465">
<Feature>
  <Name className="java.lang.String">orgType</Name>
  <Value className="java.lang.String">company</Value>
</Feature>
<Feature>
  <Name className="java.lang.String">rule2</Name>
  <Value className="java.lang.String">OrgFinal</Value>
</Feature>
<Feature>
  <Name className="java.lang.String">rule1</Name>
  <Value className="java.lang.String">GazOrganization</Value>
</Feature>
<Feature>
  <Name className="java.lang.String">matches</Name>
  <Value className="java.util.ArrayList" itemClassName="java.lang.Integer">2367;2366;2365;2363;2362;2358;2405;2404;2403;2401;2400;2398;2397;2396;2395;2392;2391;2390;2389;2388;2387;2384;2383;2382;2381;2380;2377;2375;2372;2370;2369;2368</Value>
</Feature>
</Annotation>
<Annotation Id="7" Type="Organization" StartNode="3595" EndNode="3597">
<Feature>
  <Name className="java.lang.String">orgType</Name>
  <Value className="java.lang.String">company</Value>
</Feature>
<Feature>
  <Name className="java.lang.String">rule2</Name>
  <Value className="java.lang.String">OrgFinal</Value>
</Feature>
<Feature>
  <Name className="java.lang.String">rule1</Name>
  <Value className="java.lang.String">GazOrganization</Value>
</Feature>
<Feature>
  <Name className="java.lang.String">matches</Name>
  <Value className="java.util.ArrayList" itemClassName="java.lang.Integer">2367;2366;2365;2363;2362;2358;2405;2404;2403;2401;2400;2398;2397;2396;2395;2392;2391;2390;2389;2388;2387;2384;2383;2382;2381;2380;2377;2375;2372;2370;2369;2368</Value>
</Feature>
</Annotation>
<Annotation Id="54" Type="Organization" StartNode="8" EndNode="34">
</Annotation>
<Annotation Id="49" Type="Organization" StartNode="1708" EndNode="1713">
</Annotation>
<Annotation Id="22" Type="Person" StartNode="1515" EndNode="1529">
<Feature>
  <Name className="java.lang.String">rule1</Name>
  <Value className="java.lang.String">PersonJobTitle</Value>
</Feature>
<Feature>
  <Name className="java.lang.String">rule</Name>
  <Value className="java.lang.String">PersonFinal</Value>
</Feature>
</Annotation>
<Annotation Id="53" Type="Organization" StartNode="431" EndNode="437">
</Annotation>
<Annotation Id="9" Type="Organization" StartNode="3299" EndNode="3301">
<Feature>
  <Name className="java.lang.String">orgType</Name>
  <Value className="java.lang.String">company</Value>
</Feature>
<Feature>
  <Name className="java.lang.String">rule2</Name>
  <Value className="java.lang.String">OrgFinal</Value>
</Feature>
<Feature>
  <Name className="java.lang.String">rule1</Name>
  <Value className="java.lang.String">GazOrganization</Value>
</Feature>
<Feature>
  <Name className="java.lang.String">matches</Name>
  <Value className="java.util.ArrayList" itemClassName="java.lang.Integer">2367;2366;2365;2363;2362;2358;2405;2404;2403;2401;2400;2398;2397;2396;2395;2392;2391;2390;2389;2388;2387;2384;2383;2382;2381;2380;2377;2375;2372;2370;2369;2368</Value>
</Feature>
</Annotation>
<Annotation Id="21" Type="Organization" StartNode="1612" EndNode="1614">
<Feature>
  <Name className="java.lang.String">orgType</Name>
  <Value className="java.lang.String">company</Value>
</Feature>
<Feature>
  <Name className="java.lang.String">rule2</Name>
  <Value className="java.lang.String">OrgFinal</Value>
</Feature>
<Feature>
  <Name className="java.lang.String">rule1</Name>
  <Value className="java.lang.String">GazOrganization</Value>
</Feature>
<Feature>
  <Name className="java.lang.String">matches</Name>
  <Value className="java.util.ArrayList" itemClassName="java.lang.Integer">2367;2366;2365;2363;2362;2358;2405;2404;2403;2401;2400;2398;2397;2396;2395;2392;2391;2390;2389;2388;2387;2384;2383;2382;2381;2380;2377;2375;2372;2370;2369;2368</Value>
</Feature>
</Annotation>
<Annotation Id="33" Type="Organization" StartNode="502" EndNode="504">
<Feature>
  <Name className="java.lang.String">orgType</Name>
  <Value className="java.lang.String">company</Value>
</Feature>
<Feature>
  <Name className="java.lang.String">rule2</Name>
  <Value className="java.lang.String">OrgFinal</Value>
</Feature>
<Feature>
  <Name className="java.lang.String">rule1</Name>
  <Value className="java.lang.String">GazOrganization</Value>
</Feature>
<Feature>
  <Name className="java.lang.String">matches</Name>
  <Value className="java.util.ArrayList" itemClassName="java.lang.Integer">2367;2366;2365;2363;2362;2358;2405;2404;2403;2401;2400;2398;2397;2396;2395;2392;2391;2390;2389;2388;2387;2384;2383;2382;2381;2380;2377;2375;2372;2370;2369;2368</Value>
</Feature>
</Annotation>
<Annotation Id="6" Type="Location" StartNode="3712" EndNode="3714">
<Feature>
  <Name className="java.lang.String">rule2</Name>
  <Value className="java.lang.String">LocFinal</Value>
</Feature>
<Feature>
  <Name className="java.lang.String">rule1</Name>
  <Value className="java.lang.String">Location1</Value>
</Feature>
<Feature>
  <Name className="java.lang.String">matches</Name>
  <Value className="java.util.ArrayList" itemClassName="java.lang.Integer">2399;2364;2361;2393;2371;2385</Value>
</Feature>
<Feature>
  <Name className="java.lang.String">locType</Name>
  <Value className="java.lang.String">country</Value>
</Feature>
</Annotation>
<Annotation Id="52" Type="Organization" StartNode="309" EndNode="320">
</Annotation>
<Annotation Id="24" Type="Date" StartNode="1461" EndNode="1465">
<Feature>
  <Name className="java.lang.String">rule1</Name>
  <Value className="java.lang.String">YearContext1</Value>
</Feature>
<Feature>
  <Name className="java.lang.String">rule2</Name>
  <Value className="java.lang.String">DateOnlyFinal</Value>
</Feature>
<Feature>
  <Name className="java.lang.String">kind</Name>
  <Value className="java.lang.String">date</Value>
</Feature>
</Annotation>
<Annotation Id="42" Type="Money" StartNode="289" EndNode="294">
<Feature>
  <Name className="java.lang.String">rule</Name>
  <Value className="java.lang.String">MoneySymbolUnit</Value>
</Feature>
<Feature>
  <Name className="java.lang.String">kind</Name>
  <Value className="java.lang.String">number</Value>
</Feature>
</Annotation>
<Annotation Id="4" Type="Organization" StartNode="4015" EndNode="4017">
<Feature>
  <Name className="java.lang.String">orgType</Name>
  <Value className="java.lang.String">company</Value>
</Feature>
<Feature>
  <Name className="java.lang.String">rule2</Name>
  <Value className="java.lang.String">OrgFinal</Value>
</Feature>
<Feature>
  <Name className="java.lang.String">rule1</Name>
  <Value className="java.lang.String">GazOrganization</Value>
</Feature>
<Feature>
  <Name className="java.lang.String">matches</Name>
  <Value className="java.util.ArrayList" itemClassName="java.lang.Integer">2367;2366;2365;2363;2362;2358;2405;2404;2403;2401;2400;2398;2397;2396;2395;2392;2391;2390;2389;2388;2387;2384;2383;2382;2381;2380;2377;2375;2372;2370;2369;2368</Value>
</Feature>
</Annotation>
<Annotation Id="19" Type="Organization" StartNode="1896" EndNode="1907">
<Feature>
  <Name className="java.lang.String">rule1</Name>
  <Value className="java.lang.String">TheOrgXKey</Value>
</Feature>
<Feature>
  <Name className="java.lang.String">rule2</Name>
  <Value className="java.lang.String">OrgFinal</Value>
</Feature>
<Feature>
  <Name className="java.lang.String">matches</Name>
  <Value className="java.util.ArrayList" itemClassName="java.lang.Integer">2379;2433</Value>
</Feature>
</Annotation>
<Annotation Id="36" Type="Organization" StartNode="325" EndNode="327">
<Feature>
  <Name className="java.lang.String">orgType</Name>
  <Value className="java.lang.String">company</Value>
</Feature>
<Feature>
  <Name className="java.lang.String">rule2</Name>
  <Value className="java.lang.String">OrgFinal</Value>
</Feature>
<Feature>
  <Name className="java.lang.String">rule1</Name>
  <Value className="java.lang.String">GazOrganization</Value>
</Feature>
<Feature>
  <Name className="java.lang.String">matches</Name>
  <Value className="java.util.ArrayList" itemClassName="java.lang.Integer">2367;2366;2365;2363;2362;2358;2405;2404;2403;2401;2400;2398;2397;2396;2395;2392;2391;2390;2389;2388;2387;2384;2383;2382;2381;2380;2377;2375;2372;2370;2369;2368</Value>
</Feature>
</Annotation>
<Annotation Id="55" Type="Organization" StartNode="1414" EndNode="1416">
<Feature>
  <Name className="java.lang.String">rule</Name>
  <Value className="java.lang.String">Unknown</Value>
</Feature>
<Feature>
  <Name className="java.lang.String">matches</Name>
  <Value className="java.util.ArrayList" itemClassName="java.lang.Integer">2379;2433</Value>
</Feature>
<Feature>
  <Name className="java.lang.String">kind</Name>
  <Value className="java.lang.String">PN</Value>
</Feature>
<Feature>
  <Name className="java.lang.String">NMRule</Name>
  <Value className="java.lang.String">Unknown</Value>
</Feature>
</Annotation>
<Annotation Id="26" Type="Organization" StartNode="1277" EndNode="1279">
<Feature>
  <Name className="java.lang.String">orgType</Name>
  <Value className="java.lang.String">company</Value>
</Feature>
<Feature>
  <Name className="java.lang.String">rule2</Name>
  <Value className="java.lang.String">OrgFinal</Value>
</Feature>
<Feature>
  <Name className="java.lang.String">rule1</Name>
  <Value className="java.lang.String">GazOrganization</Value>
</Feature>
<Feature>
  <Name className="java.lang.String">matches</Name>
  <Value className="java.util.ArrayList" itemClassName="java.lang.Integer">2367;2366;2365;2363;2362;2358;2405;2404;2403;2401;2400;2398;2397;2396;2395;2392;2391;2390;2389;2388;2387;2384;2383;2382;2381;2380;2377;2375;2372;2370;2369;2368</Value>
</Feature>
</Annotation>
<Annotation Id="11" Type="Organization" StartNode="3017" EndNode="3019">
<Feature>
  <Name className="java.lang.String">orgType</Name>
  <Value className="java.lang.String">company</Value>
</Feature>
<Feature>
  <Name className="java.lang.String">rule2</Name>
  <Value className="java.lang.String">OrgFinal</Value>
</Feature>
<Feature>
  <Name className="java.lang.String">rule1</Name>
  <Value className="java.lang.String">GazOrganization</Value>
</Feature>
<Feature>
  <Name className="java.lang.String">matches</Name>
  <Value className="java.util.ArrayList" itemClassName="java.lang.Integer">2367;2366;2365;2363;2362;2358;2405;2404;2403;2401;2400;2398;2397;2396;2395;2392;2391;2390;2389;2388;2387;2384;2383;2382;2381;2380;2377;2375;2372;2370;2369;2368</Value>
</Feature>
</Annotation>
<Annotation Id="50" Type="Organization" StartNode="1375" EndNode="1383">
</Annotation>
<Annotation Id="39" Type="Money" StartNode="3826" EndNode="3834">
<Feature>
  <Name className="java.lang.String">rule</Name>
  <Value className="java.lang.String">MoneySymbolUnit</Value>
</Feature>
<Feature>
  <Name className="java.lang.String">kind</Name>
  <Value className="java.lang.String">number</Value>
</Feature>
</Annotation>
<Annotation Id="45" Type="Organization" StartNode="3333" EndNode="3344">
</Annotation>
<Annotation Id="20" Type="Date" StartNode="1844" EndNode="1849">
<Feature>
  <Name className="java.lang.String">rule1</Name>
  <Value className="java.lang.String">GazDate</Value>
</Feature>
<Feature>
  <Name className="java.lang.String">rule2</Name>
  <Value className="java.lang.String">DateOnlyFinal</Value>
</Feature>
<Feature>
  <Name className="java.lang.String">kind</Name>
  <Value className="java.lang.String">date</Value>
</Feature>
</Annotation>
<Annotation Id="46" Type="Organization" StartNode="2964" EndNode="2975">
</Annotation>
<Annotation Id="25" Type="Organization" StartNode="1358" EndNode="1369">
<Feature>
  <Name className="java.lang.String">rule1</Name>
  <Value className="java.lang.String">GazOrganization</Value>
</Feature>
<Feature>
  <Name className="java.lang.String">rule2</Name>
  <Value className="java.lang.String">OrgFinal</Value>
</Feature>
<Feature>
  <Name className="java.lang.String">orgType</Name>
  <Value className="java.lang.String">company</Value>
</Feature>
</Annotation>
<Annotation Id="10" Type="Organization" StartNode="3081" EndNode="3083">
<Feature>
  <Name className="java.lang.String">orgType</Name>
  <Value className="java.lang.String">company</Value>
</Feature>
<Feature>
  <Name className="java.lang.String">rule2</Name>
  <Value className="java.lang.String">OrgFinal</Value>
</Feature>
<Feature>
  <Name className="java.lang.String">rule1</Name>
  <Value className="java.lang.String">GazOrganization</Value>
</Feature>
<Feature>
  <Name className="java.lang.String">matches</Name>
  <Value className="java.util.ArrayList" itemClassName="java.lang.Integer">2367;2366;2365;2363;2362;2358;2405;2404;2403;2401;2400;2398;2397;2396;2395;2392;2391;2390;2389;2388;2387;2384;2383;2382;2381;2380;2377;2375;2372;2370;2369;2368</Value>
</Feature>
</Annotation>
<Annotation Id="5" Type="Date" StartNode="3799" EndNode="3808">
<Feature>
  <Name className="java.lang.String">rule1</Name>
  <Value className="java.lang.String">ModifierDate</Value>
</Feature>
<Feature>
  <Name className="java.lang.String">rule2</Name>
  <Value className="java.lang.String">DateOnlyFinal</Value>
</Feature>
<Feature>
  <Name className="java.lang.String">kind</Name>
  <Value className="java.lang.String">date</Value>
</Feature>
</Annotation>
<Annotation Id="0" Type="Location" StartNode="4316" EndNode="4318">
<Feature>
  <Name className="java.lang.String">rule2</Name>
  <Value className="java.lang.String">LocFinal</Value>
</Feature>
<Feature>
  <Name className="java.lang.String">rule1</Name>
  <Value className="java.lang.String">Location1</Value>
</Feature>
<Feature>
  <Name className="java.lang.String">matches</Name>
  <Value className="java.util.ArrayList" itemClassName="java.lang.Integer">2399;2364;2361;2393;2371;2385</Value>
</Feature>
<Feature>
  <Name className="java.lang.String">locType</Name>
  <Value className="java.lang.String">country</Value>
</Feature>
</Annotation>
</AnnotationSet>
<!-- Named annotation set -->

<AnnotationSet Name="Original markups" >
<Annotation Id="62" Type="p" StartNode="3708" EndNode="3835">
</Annotation>
<Annotation Id="95" Type="p" StartNode="1136" EndNode="1179">
</Annotation>
<Annotation Id="113" Type="p" StartNode="2443" EndNode="2634">
</Annotation>
<Annotation Id="100" Type="p" StartNode="3891" EndNode="4067">
</Annotation>
<Annotation Id="122" Type="body" StartNode="0" EndNode="4567">
<Feature>
  <Name className="java.lang.String">_implied_</Name>
  <Value className="java.lang.String">true</Value>
</Feature>
</Annotation>
<Annotation Id="68" Type="p" StartNode="4069" EndNode="4277">
</Annotation>
<Annotation Id="82" Type="p" StartNode="1312" EndNode="1466">
</Annotation>
<Annotation Id="58" Type="td" StartNode="0" EndNode="4567">
<Feature>
  <Name className="java.lang.String">colspan</Name>
  <Value className="java.lang.String">2</Value>
</Feature>
</Annotation>
<Annotation Id="119" Type="p" StartNode="3074" EndNode="3251">
</Annotation>
<Annotation Id="63" Type="p" StartNode="1181" EndNode="1310">
</Annotation>
<Annotation Id="145" Type="p" StartNode="0" EndNode="4567">
</Annotation>
<Annotation Id="140" Type="table" StartNode="0" EndNode="4567">
<Feature>
  <Name className="java.lang.String">vlink</Name>
  <Value className="java.lang.String">#330033</Value>
</Feature>
<Feature>
  <Name className="java.lang.String">marginheight</Name>
  <Value className="java.lang.String">0</Value>
</Feature>
<Feature>
  <Name className="java.lang.String">width</Name>
  <Value className="java.lang.String">618</Value>
</Feature>
<Feature>
  <Name className="java.lang.String">cellpadding</Name>
  <Value className="java.lang.String">0</Value>
</Feature>
<Feature>
  <Name className="java.lang.String">topmargin</Name>
  <Value className="java.lang.String">0</Value>
</Feature>
<Feature>
  <Name className="java.lang.String">leftmargin</Name>
  <Value className="java.lang.String">0</Value>
</Feature>
<Feature>
  <Name className="java.lang.String">cellspacing</Name>
  <Value className="java.lang.String">0</Value>
</Feature>
<Feature>
  <Name className="java.lang.String">marginwidth</Name>
  <Value className="java.lang.String">0</Value>
</Feature>
<Feature>
  <Name className="java.lang.String">link</Name>
  <Value className="java.lang.String">#330033</Value>
</Feature>
<Feature>
  <Name className="java.lang.String">border</Name>
  <Value className="java.lang.String">0</Value>
</Feature>
<Feature>
  <Name className="java.lang.String">bgcolor</Name>
  <Value className="java.lang.String">white</Value>
</Feature>
<Feature>
  <Name className="java.lang.String">alink</Name>
  <Value className="java.lang.String">#996600</Value>
</Feature>
</Annotation>
<Annotation Id="81" Type="p" StartNode="3837" EndNode="3889">
</Annotation>
<Annotation Id="57" Type="p" StartNode="749" EndNode="845">
</Annotation>
<Annotation Id="120" Type="TEXT" StartNode="0" EndNode="4567">
</Annotation>
<Annotation Id="94" Type="p" StartNode="3595" EndNode="3706">
</Annotation>
<Annotation Id="126" Type="p" StartNode="2135" EndNode="2330">
</Annotation>
<Annotation Id="150" Type="p" StartNode="2815" EndNode="3072">
</Annotation>
<Annotation Id="132" Type="p" StartNode="2636" EndNode="2813">
</Annotation>
<Annotation Id="125" Type="p" StartNode="4411" EndNode="4567">
</Annotation>
<Annotation Id="88" Type="p" StartNode="3253" EndNode="3326">
</Annotation>
<Annotation Id="114" Type="font" StartNode="0" EndNode="4567">
<Feature>
  <Name className="java.lang.String">class</Name>
  <Value className="java.lang.String">allWide</Value>
</Feature>
</Annotation>
<Annotation Id="76" Type="p" StartNode="847" EndNode="1134">
</Annotation>
<Annotation Id="56" Type="p" StartNode="3328" EndNode="3540">
</Annotation>
<Annotation Id="107" Type="p" StartNode="1942" EndNode="2133">
</Annotation>
<Annotation Id="144" Type="p" StartNode="2332" EndNode="2441">
</Annotation>
<Annotation Id="70" Type="p" StartNode="488" EndNode="551">
</Annotation>
<Annotation Id="106" Type="p" StartNode="4349" EndNode="4409">
</Annotation>
<Annotation Id="75" Type="p" StartNode="3542" EndNode="3593">
</Annotation>
<Annotation Id="84" Type="html" StartNode="0" EndNode="4567">
<Feature>
  <Name className="java.lang.String">_implied_</Name>
  <Value className="java.lang.String">true</Value>
</Feature>
</Annotation>
<Annotation Id="101" Type="p" StartNode="1468" EndNode="1602">
</Annotation>
<Annotation Id="151" Type="p" StartNode="167" EndNode="486">
</Annotation>
<Annotation Id="137" Type="p" StartNode="4279" EndNode="4347">
</Annotation>
<Annotation Id="90" Type="tr" StartNode="0" EndNode="4567">
</Annotation>
<Annotation Id="89" Type="p" StartNode="553" EndNode="747">
</Annotation>
<Annotation Id="133" Type="p" StartNode="0" EndNode="165">
</Annotation>
<Annotation Id="69" Type="p" StartNode="1604" EndNode="1809">
</Annotation>
<Annotation Id="138" Type="p" StartNode="1811" EndNode="1940">
</Annotation>
</AnnotationSet>
</GateDocument>