<?xml version="1.0" encoding="windows-1252" ?>
<GateDocument>
<!-- The document's features-->

<GateDocumentFeatures>
<Feature>
  <Name className="java.lang.String">entitySet</Name>
  <Value className="java.lang.String">==== FILE: /D:/work/Corpus/ft-bt-03-aug-2001.html
</Value>
</Feature>
<Feature>
  <Name className="java.lang.String">gate.SourceURL</Name>
  <Value className="java.lang.String">file:/D:/work/Corpus/ft-bt-03-aug-2001.html</Value>
</Feature>
<Feature>
  <Name className="java.lang.String">gate.NAME</Name>
  <Value className="java.lang.String">doc7</Value>
</Feature>
<Feature>
  <Name className="java.lang.String">MimeType</Name>
  <Value className="java.lang.String">text/html</Value>
</Feature>
</GateDocumentFeatures>
<!-- The document content area with serialized nodes -->

<TextWithNodes><Node id="0"/>Pressure was mounting on <Node id="25"/>British Telecom<Node id="40"/> <Node id="41"/>last night<Node id="51"/> to reopen negotiations with <Node id="80"/>Earth Lease<Node id="91"/> after the investment consortium met telecoms regulator <Node id="147"/>Oftel<Node id="152"/> to outline its plan to buy <Node id="180"/>BT<Node id="182"/>&apos;s network of local phone lines.
<Node id="215"/>Earth Lease<Node id="226"/> is also understood to have called for a meeting with government officials within the <Node id="312"/>next 10 days<Node id="324"/> to explain how its sale and leaseback plan could be used to speed up the introduction of broadband services.<Node id="433"/>

<Node id="435"/>The consortium, headed by financiers <Node id="472"/>Babcock &amp; Brown<Node id="487"/>, is attempting to build credibility with officials as a way of forcing <Node id="559"/>BT<Node id="561"/> to reconsider its initial dismissal of an <Node id="604"/>£8bn<Node id="609"/> bid for the country&apos;s 28m local copper lines.<Node id="655"/>

<Node id="657"/>It has already received indications of support from some of <Node id="717"/>BT<Node id="719"/>&apos;s largest customers who use the &quot;local loop&quot; to provide services such as video-on-demand.<Node id="809"/>

<Node id="811"/>Earth Lease<Node id="822"/> is expected to call a further meeting with <Node id="866"/>Oftel<Node id="871"/> later <Node id="878"/>this month<Node id="888"/>. However, the consortium has ruled out a direct appeal to shareholders, believing that for any bid to work it must have the cooperation of <Node id="1028"/>BT<Node id="1030"/>&apos;s management and engineers.<Node id="1058"/>

<Node id="1060"/>To bring this about, <Node id="1081"/>Earth Lease<Node id="1092"/> is willing to discuss the conditions that <Node id="1135"/>BT<Node id="1137"/> would need to place on any deal handing over control of the local network. Such conditions would include the ability of <Node id="1258"/>BT<Node id="1260"/> engineers to enter prem ises in order to upgrade equipment.<Node id="1320"/>

<Node id="1322"/>The <Node id="1326"/>Earth Lease<Node id="1337"/> bid comes at a time when <Node id="1363"/>BT<Node id="1365"/> is lobbying <Node id="1378"/>Oftel<Node id="1383"/> to end the controls which have capped the price it can levy in the <Node id="1451"/>UK<Node id="1453"/> market since privatisation in <Node id="1484"/>the 1980s<Node id="1493"/>. The local network plays a crucial role in the regulator&apos;s review.<Node id="1560"/>

<Node id="1562"/>Spinning off <Node id="1575"/>BT<Node id="1577"/>&apos;s local network would make the regulator&apos;s job easier, as it would bring about the effective split of <Node id="1680"/>BT<Node id="1682"/>&apos;s wholesale operation from its retail arm, which could then be treated just as any other telecom provider.<Node id="1789"/>

<Node id="1791"/>BT<Node id="1793"/> has been the subject of intense criticism from rival operators over the <Node id="1866"/>past year<Node id="1875"/> for its handling of the introduction of competition into the local loop.<Node id="1948"/>

<Node id="1950"/>Yesterday<Node id="1959"/> the <Node id="1964"/>European commission<Node id="1983"/> stepped up its drive for competition in the local loop - a process that was supposed to have started throughout the region at the <Node id="2114"/>beginning of last month<Node id="2137"/>.<Node id="2138"/>

<Node id="2140"/>The commission is asking new entrants to the telecoms market to provide any information about incumbent operators who limit access to local copper networks as it tries to revitalise competition.<Node id="2334"/>

<Node id="2336"/>The commission intends to report on the state of the industry by the <Node id="2405"/>end of the year<Node id="2420"/> and will take action against any operators it believes are guilty of anti-competitive behaviour.<Node id="2517"/>

<Node id="2519"/>Analysts said that it appears to be willing to take a more rigorous approach to telecoms competition.<Node id="2620"/></TextWithNodes>
<!-- The default annotation set -->

<AnnotationSet>
</AnnotationSet>
<!-- Named annotation set -->

<AnnotationSet Name="Key" >
<Annotation Id="15" Type="Organization" StartNode="1363" EndNode="1365">
<Feature>
  <Name className="java.lang.String">rule1</Name>
  <Value className="java.lang.String">GazOrganization</Value>
</Feature>
<Feature>
  <Name className="java.lang.String">rule2</Name>
  <Value className="java.lang.String">OrgFinal</Value>
</Feature>
<Feature>
  <Name className="java.lang.String">orgType</Name>
  <Value className="java.lang.String">company</Value>
</Feature>
</Annotation>
<Annotation Id="30" Type="Date" StartNode="1866" EndNode="1875">
<Feature>
  <Name className="java.lang.String">kind</Name>
  <Value className="java.lang.String">date</Value>
</Feature>
</Annotation>
<Annotation Id="8" Type="Organization" StartNode="472" EndNode="487">
<Feature>
  <Name className="java.lang.String">rule1</Name>
  <Value className="java.lang.String">OrgXandY</Value>
</Feature>
<Feature>
  <Name className="java.lang.String">rule2</Name>
  <Value className="java.lang.String">OrgFinal</Value>
</Feature>
<Feature>
  <Name className="java.lang.String">orgType</Name>
  <Value className="java.lang.String">unknown</Value>
</Feature>
</Annotation>
<Annotation Id="23" Type="Organization" StartNode="215" EndNode="226">
</Annotation>
<Annotation Id="16" Type="Location" StartNode="1451" EndNode="1453">
<Feature>
  <Name className="java.lang.String">rule1</Name>
  <Value className="java.lang.String">GazLocation</Value>
</Feature>
<Feature>
  <Name className="java.lang.String">rule2</Name>
  <Value className="java.lang.String">LocFinal</Value>
</Feature>
<Feature>
  <Name className="java.lang.String">locType</Name>
  <Value className="java.lang.String">country</Value>
</Feature>
</Annotation>
<Annotation Id="7" Type="Organization" StartNode="180" EndNode="182">
<Feature>
  <Name className="java.lang.String">rule1</Name>
  <Value className="java.lang.String">GazOrganization</Value>
</Feature>
<Feature>
  <Name className="java.lang.String">rule2</Name>
  <Value className="java.lang.String">OrgFinal</Value>
</Feature>
<Feature>
  <Name className="java.lang.String">orgType</Name>
  <Value className="java.lang.String">company</Value>
</Feature>
</Annotation>
<Annotation Id="22" Type="Organization" StartNode="80" EndNode="91">
</Annotation>
<Annotation Id="9" Type="Organization" StartNode="147" EndNode="152">
</Annotation>
<Annotation Id="21" Type="Organization" StartNode="1964" EndNode="1983">
</Annotation>
<Annotation Id="6" Type="Organization" StartNode="25" EndNode="40">
<Feature>
  <Name className="java.lang.String">rule1</Name>
  <Value className="java.lang.String">GazOrganization</Value>
</Feature>
<Feature>
  <Name className="java.lang.String">rule2</Name>
  <Value className="java.lang.String">OrgFinal</Value>
</Feature>
<Feature>
  <Name className="java.lang.String">orgType</Name>
  <Value className="java.lang.String">company</Value>
</Feature>
</Annotation>
<Annotation Id="1" Type="Date" StartNode="2114" EndNode="2137">
<Feature>
  <Name className="java.lang.String">kind</Name>
  <Value className="java.lang.String">date</Value>
</Feature>
</Annotation>
<Annotation Id="29" Type="Date" StartNode="878" EndNode="888">
<Feature>
  <Name className="java.lang.String">kind</Name>
  <Value className="java.lang.String">date</Value>
</Feature>
</Annotation>
<Annotation Id="14" Type="Organization" StartNode="1258" EndNode="1260">
<Feature>
  <Name className="java.lang.String">rule1</Name>
  <Value className="java.lang.String">GazOrganization</Value>
</Feature>
<Feature>
  <Name className="java.lang.String">rule2</Name>
  <Value className="java.lang.String">OrgFinal</Value>
</Feature>
<Feature>
  <Name className="java.lang.String">orgType</Name>
  <Value className="java.lang.String">company</Value>
</Feature>
</Annotation>
<Annotation Id="24" Type="Organization" StartNode="811" EndNode="822">
</Annotation>
<Annotation Id="4" Type="Date" StartNode="41" EndNode="51">
<Feature>
  <Name className="java.lang.String">kind</Name>
  <Value className="java.lang.String">date</Value>
</Feature>
</Annotation>
<Annotation Id="19" Type="Organization" StartNode="1680" EndNode="1682">
<Feature>
  <Name className="java.lang.String">rule1</Name>
  <Value className="java.lang.String">GazOrganization</Value>
</Feature>
<Feature>
  <Name className="java.lang.String">rule2</Name>
  <Value className="java.lang.String">OrgFinal</Value>
</Feature>
<Feature>
  <Name className="java.lang.String">orgType</Name>
  <Value className="java.lang.String">company</Value>
</Feature>
</Annotation>
<Annotation Id="26" Type="Organization" StartNode="1326" EndNode="1337">
</Annotation>
<Annotation Id="11" Type="Organization" StartNode="717" EndNode="719">
<Feature>
  <Name className="java.lang.String">rule1</Name>
  <Value className="java.lang.String">GazOrganization</Value>
</Feature>
<Feature>
  <Name className="java.lang.String">rule2</Name>
  <Value className="java.lang.String">OrgFinal</Value>
</Feature>
<Feature>
  <Name className="java.lang.String">orgType</Name>
  <Value className="java.lang.String">company</Value>
</Feature>
</Annotation>
<Annotation Id="18" Type="Organization" StartNode="1575" EndNode="1577">
<Feature>
  <Name className="java.lang.String">rule1</Name>
  <Value className="java.lang.String">GazOrganization</Value>
</Feature>
<Feature>
  <Name className="java.lang.String">rule2</Name>
  <Value className="java.lang.String">OrgFinal</Value>
</Feature>
<Feature>
  <Name className="java.lang.String">orgType</Name>
  <Value className="java.lang.String">company</Value>
</Feature>
</Annotation>
<Annotation Id="3" Type="Date" StartNode="312" EndNode="324">
<Feature>
  <Name className="java.lang.String">kind</Name>
  <Value className="java.lang.String">date</Value>
</Feature>
</Annotation>
<Annotation Id="12" Type="Organization" StartNode="1028" EndNode="1030">
<Feature>
  <Name className="java.lang.String">rule1</Name>
  <Value className="java.lang.String">GazOrganization</Value>
</Feature>
<Feature>
  <Name className="java.lang.String">rule2</Name>
  <Value className="java.lang.String">OrgFinal</Value>
</Feature>
<Feature>
  <Name className="java.lang.String">orgType</Name>
  <Value className="java.lang.String">company</Value>
</Feature>
</Annotation>
<Annotation Id="27" Type="Organization" StartNode="866" EndNode="871">
</Annotation>
<Annotation Id="17" Type="Date" StartNode="1484" EndNode="1493">
<Feature>
  <Name className="java.lang.String">rule1</Name>
  <Value className="java.lang.String">YearSpan1</Value>
</Feature>
<Feature>
  <Name className="java.lang.String">rule2</Name>
  <Value className="java.lang.String">DateOnlyFinal</Value>
</Feature>
<Feature>
  <Name className="java.lang.String">kind</Name>
  <Value className="java.lang.String">date</Value>
</Feature>
</Annotation>
<Annotation Id="2" Type="Date" StartNode="1950" EndNode="1959">
<Feature>
  <Name className="java.lang.String">kind</Name>
  <Value className="java.lang.String">date</Value>
</Feature>
</Annotation>
<Annotation Id="13" Type="Organization" StartNode="1135" EndNode="1137">
<Feature>
  <Name className="java.lang.String">rule1</Name>
  <Value className="java.lang.String">GazOrganization</Value>
</Feature>
<Feature>
  <Name className="java.lang.String">rule2</Name>
  <Value className="java.lang.String">OrgFinal</Value>
</Feature>
<Feature>
  <Name className="java.lang.String">orgType</Name>
  <Value className="java.lang.String">company</Value>
</Feature>
</Annotation>
<Annotation Id="28" Type="Organization" StartNode="1378" EndNode="1383">
</Annotation>
<Annotation Id="20" Type="Organization" StartNode="1791" EndNode="1793">
<Feature>
  <Name className="java.lang.String">rule1</Name>
  <Value className="java.lang.String">GazOrganization</Value>
</Feature>
<Feature>
  <Name className="java.lang.String">rule2</Name>
  <Value className="java.lang.String">OrgFinal</Value>
</Feature>
<Feature>
  <Name className="java.lang.String">orgType</Name>
  <Value className="java.lang.String">company</Value>
</Feature>
</Annotation>
<Annotation Id="25" Type="Organization" StartNode="1081" EndNode="1092">
</Annotation>
<Annotation Id="10" Type="Organization" StartNode="559" EndNode="561">
<Feature>
  <Name className="java.lang.String">rule1</Name>
  <Value className="java.lang.String">GazOrganization</Value>
</Feature>
<Feature>
  <Name className="java.lang.String">rule2</Name>
  <Value className="java.lang.String">OrgFinal</Value>
</Feature>
<Feature>
  <Name className="java.lang.String">orgType</Name>
  <Value className="java.lang.String">company</Value>
</Feature>
</Annotation>
<Annotation Id="5" Type="Money" StartNode="604" EndNode="609">
<Feature>
  <Name className="java.lang.String">rule</Name>
  <Value className="java.lang.String">MoneySymbolUnit</Value>
</Feature>
<Feature>
  <Name className="java.lang.String">kind</Name>
  <Value className="java.lang.String">number</Value>
</Feature>
</Annotation>
<Annotation Id="0" Type="Date" StartNode="2405" EndNode="2420">
<Feature>
  <Name className="java.lang.String">kind</Name>
  <Value className="java.lang.String">date</Value>
</Feature>
</Annotation>
</AnnotationSet>
<!-- Named annotation set -->

<AnnotationSet Name="Original markups" >
<Annotation Id="223" Type="table" StartNode="0" EndNode="2620">
<Feature>
  <Name className="java.lang.String">border</Name>
  <Value className="java.lang.String">0</Value>
</Feature>
<Feature>
  <Name className="java.lang.String">cellspacing</Name>
  <Value className="java.lang.String">0</Value>
</Feature>
<Feature>
  <Name className="java.lang.String">cellpadding</Name>
  <Value className="java.lang.String">0</Value>
</Feature>
<Feature>
  <Name className="java.lang.String">width</Name>
  <Value className="java.lang.String">544</Value>
</Feature>
</Annotation>
<Annotation Id="213" Type="tr" StartNode="0" EndNode="2620">
</Annotation>
<Annotation Id="224" Type="p" StartNode="2519" EndNode="2620">
</Annotation>
<Annotation Id="352" Type="html" StartNode="0" EndNode="2620">
</Annotation>
<Annotation Id="330" Type="p" StartNode="1060" EndNode="1320">
</Annotation>
<Annotation Id="204" Type="font" StartNode="0" EndNode="2620">
<Feature>
  <Name className="java.lang.String">face</Name>
  <Value className="java.lang.String">Geneva,Arial,sans-serif</Value>
</Feature>
<Feature>
  <Name className="java.lang.String">size</Name>
  <Value className="java.lang.String">2</Value>
</Feature>
</Annotation>
<Annotation Id="74" Type="td" StartNode="0" EndNode="2620">
<Feature>
  <Name className="java.lang.String">valign</Name>
  <Value className="java.lang.String">top</Value>
</Feature>
<Feature>
  <Name className="java.lang.String">width</Name>
  <Value className="java.lang.String">372</Value>
</Feature>
</Annotation>
<Annotation Id="80" Type="p" StartNode="215" EndNode="433">
</Annotation>
<Annotation Id="198" Type="p" StartNode="2336" EndNode="2517">
</Annotation>
<Annotation Id="303" Type="p" StartNode="1562" EndNode="1789">
</Annotation>
<Annotation Id="102" Type="p" StartNode="2140" EndNode="2334">
</Annotation>
<Annotation Id="269" Type="body" StartNode="0" EndNode="2620">
<Feature>
  <Name className="java.lang.String">_implied_</Name>
  <Value className="java.lang.String">true</Value>
</Feature>
</Annotation>
<Annotation Id="137" Type="center" StartNode="0" EndNode="2620">
</Annotation>
<Annotation Id="348" Type="body" StartNode="0" EndNode="2620">
<Feature>
  <Name className="java.lang.String">vlink</Name>
  <Value className="java.lang.String">#003366</Value>
</Feature>
<Feature>
  <Name className="java.lang.String">link</Name>
  <Value className="java.lang.String">#003366</Value>
</Feature>
<Feature>
  <Name className="java.lang.String">bgcolor</Name>
  <Value className="java.lang.String">#FFFFFF</Value>
</Feature>
<Feature>
  <Name className="java.lang.String">topmargin</Name>
  <Value className="java.lang.String">8</Value>
</Feature>
<Feature>
  <Name className="java.lang.String">alink</Name>
  <Value className="java.lang.String">#FF0000</Value>
</Feature>
<Feature>
  <Name className="java.lang.String">leftmargin</Name>
  <Value className="java.lang.String">0</Value>
</Feature>
</Annotation>
<Annotation Id="217" Type="p" StartNode="1322" EndNode="1560">
</Annotation>
<Annotation Id="341" Type="p" StartNode="1791" EndNode="1948">
</Annotation>
<Annotation Id="225" Type="p" StartNode="1950" EndNode="2138">
</Annotation>
<Annotation Id="68" Type="TEXT" StartNode="0" EndNode="2620">
</Annotation>
<Annotation Id="53" Type="p" StartNode="657" EndNode="809">
</Annotation>
<Annotation Id="176" Type="font" StartNode="0" EndNode="2620">
<Feature>
  <Name className="java.lang.String">face</Name>
  <Value className="java.lang.String">Arial,Helvetica,sans-serif</Value>
</Feature>
<Feature>
  <Name className="java.lang.String">size</Name>
  <Value className="java.lang.String">3</Value>
</Feature>
</Annotation>
<Annotation Id="390" Type="html" StartNode="0" EndNode="2620">
<Feature>
  <Name className="java.lang.String">_implied_</Name>
  <Value className="java.lang.String">true</Value>
</Feature>
</Annotation>
<Annotation Id="334" Type="p" StartNode="435" EndNode="655">
</Annotation>
<Annotation Id="170" Type="p" StartNode="0" EndNode="2620">
</Annotation>
<Annotation Id="91" Type="p" StartNode="811" EndNode="1058">
</Annotation>
</AnnotationSet>
</GateDocument>