<?xml version="1.0" encoding="windows-1252" ?>
<GateDocument>
<!-- The document's features-->

<GateDocumentFeatures>
<Feature>
  <Name className="java.lang.String">entitySet</Name>
  <Value className="java.lang.String">==== FILE: /D:/work/Corpus/ft-bmi-25-feb-2001.html
</Value>
</Feature>
<Feature>
  <Name className="java.lang.String">gate.SourceURL</Name>
  <Value className="java.lang.String">file:/D:/work/Corpus/ft-bmi-25-feb-2001.html</Value>
</Feature>
<Feature>
  <Name className="java.lang.String">gate.NAME</Name>
  <Value className="java.lang.String">doc3</Value>
</Feature>
<Feature>
  <Name className="java.lang.String">MimeType</Name>
  <Value className="java.lang.String">text/html</Value>
</Feature>
</GateDocumentFeatures>
<!-- The document content area with serialized nodes -->

<TextWithNodes><Node id="0"/>The <Node id="4"/>European Commission<Node id="23"/> will <Node id="29"/>next month<Node id="39"/> give initial clearance to <Node id="66"/>BMI British Midland<Node id="85"/>&apos;s European joint venture with <Node id="116"/>Lufthansa<Node id="125"/> and <Node id="130"/>SAS Scandinavian Airlines<Node id="155"/>, after the carriers agreed to concessions on the <Node id="205"/>London Heathrow<Node id="220"/> to <Node id="224"/>Frankfurt<Node id="233"/> route.<Node id="240"/>

<Node id="242"/>The three airlines, which are all members of the <Node id="291"/>Star<Node id="295"/> global airline alliance, have offered to give up enough slots for four daily flights between <Node id="389"/>Heathrow<Node id="397"/> and <Node id="402"/>Frankfurt<Node id="411"/> if requested to do so by either the other incumbent, <Node id="465"/>British Airways<Node id="480"/>, or a new entrant.<Node id="499"/>

<Node id="501"/>The trilateral agreement covers joint marketing, pricing and revenue sharing on some 20 routes out of <Node id="603"/>Heathrow<Node id="611"/> and <Node id="616"/>Manchester<Node id="626"/> to <Node id="630"/>Scandinavia<Node id="641"/> and <Node id="646"/>Germany<Node id="653"/>. The venture also covers all <Node id="683"/>BMI<Node id="686"/>&apos;s other 18 routes from <Node id="710"/>Heathrow<Node id="718"/> to cities such as <Node id="737"/>Brussels<Node id="745"/>, <Node id="747"/>Madrid<Node id="753"/>, <Node id="755"/>Milan<Node id="760"/> and <Node id="765"/>Amsterdam<Node id="774"/>, as well as its <Node id="791"/>UK<Node id="793"/> domestic services.<Node id="812"/>

<Node id="814"/>The granting of antitrust immunity for the trilateral venture endorses an arrangement which the three carriers have built up since <Node id="945"/>BMI<Node id="948"/> joined <Node id="956"/>Star<Node id="960"/> <Node id="961"/>last year<Node id="970"/>. European competition rules allow the three airlines to operate routes as joint ventures unless such actions are expressly challenged by <Node id="1108"/>Brussels<Node id="1116"/>.<Node id="1117"/>

<Node id="1119"/>The <Node id="1123"/>Commission<Node id="1133"/> had indicated to all three parties that it planned to approve the deal but must first follow a routine procedure, which is expected to be a formality.<Node id="1284"/>

<Node id="1286"/>The <Node id="1290"/>Commission<Node id="1300"/> is expected to publish its decision by <Node id="1340"/>late March<Node id="1350"/> inviting any interested parties to comment within 30 days. The <Node id="1414"/>Commission<Node id="1424"/> then has another 60 days to take any further action or the venture is automatically cleared for six years at which point it must be reviewed again.<Node id="1572"/>

<Node id="1574"/>Approval will mark a step-change in the dynamics of the single European aviation market. <Node id="1663"/>Lufthansa<Node id="1672"/>, which has enjoyed antitrust immunity since <Node id="1717"/>1996<Node id="1721"/> for its bilateral alliance with <Node id="1754"/>SAS<Node id="1757"/> on routes between <Node id="1776"/>Germany<Node id="1783"/> and <Node id="1788"/>Scandinavia<Node id="1799"/>, is looking to extend similar co-operation agreements with its <Node id="1863"/>European Star<Node id="1876"/> partners elsewhere.<Node id="1896"/>

<Node id="1898"/>Along with the <Node id="1913"/>BMI<Node id="1916"/> antitrust immunity application lodged <Node id="1955"/>last year<Node id="1964"/>, <Node id="1966"/>Lufthansa<Node id="1975"/> and <Node id="1980"/>SAS<Node id="1983"/> also separately filed for a approval of a similar arrangement with <Node id="2051"/>Austrian Airlines<Node id="2068"/>.<Node id="2069"/>

<Node id="2071"/>BA<Node id="2073"/> has followed the progress of the <Node id="2107"/>BMI<Node id="2110"/>-<Node id="2111"/>SAS<Node id="2114"/>-<Node id="2115"/>Lufthansa<Node id="2124"/> application closely as it decides whether to proceed with a similar arrangement with <Node id="2210"/>Iberia<Node id="2216"/>, its main European partner in the <Node id="2251"/>Oneworld<Node id="2259"/> alliance.<Node id="2269"/>

<Node id="2271"/>BA<Node id="2273"/> may also have to seek <Node id="2296"/>Brussels<Node id="2304"/> approval for deals with other <Node id="2335"/>Oneworld<Node id="2343"/> members, Finnair and <Node id="2365"/>Ireland<Node id="2372"/>&apos;s <Node id="2375"/>Aer Lingus<Node id="2385"/>.<Node id="2386"/>
<Node id="2387"/></TextWithNodes>
<!-- The default annotation set -->

<AnnotationSet>
</AnnotationSet>
<!-- Named annotation set -->

<AnnotationSet Name="Key" >
<Annotation Id="15" Type="Organization" StartNode="1913" EndNode="1916">
</Annotation>
<Annotation Id="30" Type="Organization" StartNode="1966" EndNode="1975">
<Feature>
  <Name className="java.lang.String">rule1</Name>
  <Value className="java.lang.String">GazOrganization</Value>
</Feature>
<Feature>
  <Name className="java.lang.String">rule2</Name>
  <Value className="java.lang.String">OrgFinal</Value>
</Feature>
<Feature>
  <Name className="java.lang.String">orgType</Name>
  <Value className="java.lang.String">company</Value>
</Feature>
</Annotation>
<Annotation Id="43" Type="Organization" StartNode="465" EndNode="480">
<Feature>
  <Name className="java.lang.String">rule1</Name>
  <Value className="java.lang.String">GazOrganization</Value>
</Feature>
<Feature>
  <Name className="java.lang.String">rule2</Name>
  <Value className="java.lang.String">OrgFinal</Value>
</Feature>
<Feature>
  <Name className="java.lang.String">orgType</Name>
  <Value className="java.lang.String">company</Value>
</Feature>
</Annotation>
<Annotation Id="16" Type="Organization" StartNode="1863" EndNode="1876">
</Annotation>
<Annotation Id="31" Type="Location" StartNode="1776" EndNode="1783">
<Feature>
  <Name className="java.lang.String">rule1</Name>
  <Value className="java.lang.String">GazLocation</Value>
</Feature>
<Feature>
  <Name className="java.lang.String">rule2</Name>
  <Value className="java.lang.String">LocFinal</Value>
</Feature>
<Feature>
  <Name className="java.lang.String">locType</Name>
  <Value className="java.lang.String">country</Value>
</Feature>
</Annotation>
<Annotation Id="48" Type="Date" StartNode="961" EndNode="970">
<Feature>
  <Name className="java.lang.String">kind</Name>
  <Value className="java.lang.String">date</Value>
</Feature>
</Annotation>
<Annotation Id="32" Type="Date" StartNode="1717" EndNode="1721">
<Feature>
  <Name className="java.lang.String">rule1</Name>
  <Value className="java.lang.String">TempYear2</Value>
</Feature>
<Feature>
  <Name className="java.lang.String">rule2</Name>
  <Value className="java.lang.String">YearOnlyFinal</Value>
</Feature>
<Feature>
  <Name className="java.lang.String">kind</Name>
  <Value className="java.lang.String">date</Value>
</Feature>
</Annotation>
<Annotation Id="34" Type="Date" StartNode="1340" EndNode="1350">
<Feature>
  <Name className="java.lang.String">rule1</Name>
  <Value className="java.lang.String">ModifierMonth</Value>
</Feature>
<Feature>
  <Name className="java.lang.String">rule2</Name>
  <Value className="java.lang.String">DateOnlyFinal</Value>
</Feature>
<Feature>
  <Name className="java.lang.String">kind</Name>
  <Value className="java.lang.String">date</Value>
</Feature>
</Annotation>
<Annotation Id="41" Type="Location" StartNode="646" EndNode="653">
<Feature>
  <Name className="java.lang.String">rule1</Name>
  <Value className="java.lang.String">GazLocation</Value>
</Feature>
<Feature>
  <Name className="java.lang.String">rule2</Name>
  <Value className="java.lang.String">LocFinal</Value>
</Feature>
<Feature>
  <Name className="java.lang.String">locType</Name>
  <Value className="java.lang.String">country</Value>
</Feature>
</Annotation>
<Annotation Id="1" Type="Organization" StartNode="1290" EndNode="1300">
</Annotation>
<Annotation Id="29" Type="Location" StartNode="2296" EndNode="2304">
<Feature>
  <Name className="java.lang.String">rule1</Name>
  <Value className="java.lang.String">GazLocation</Value>
</Feature>
<Feature>
  <Name className="java.lang.String">rule2</Name>
  <Value className="java.lang.String">LocFinal</Value>
</Feature>
<Feature>
  <Name className="java.lang.String">locType</Name>
  <Value className="java.lang.String">city</Value>
</Feature>
</Annotation>
<Annotation Id="14" Type="Organization" StartNode="1980" EndNode="1983">
</Annotation>
<Annotation Id="47" Type="Date" StartNode="29" EndNode="39">
<Feature>
  <Name className="java.lang.String">kind</Name>
  <Value className="java.lang.String">date</Value>
</Feature>
</Annotation>
<Annotation Id="18" Type="Organization" StartNode="1754" EndNode="1757">
</Annotation>
<Annotation Id="3" Type="Location" StartNode="205" EndNode="220">
</Annotation>
<Annotation Id="12" Type="Organization" StartNode="2051" EndNode="2068">
</Annotation>
<Annotation Id="27" Type="Organization" StartNode="66" EndNode="85">
</Annotation>
<Annotation Id="44" Type="Location" StartNode="402" EndNode="411">
<Feature>
  <Name className="java.lang.String">rule1</Name>
  <Value className="java.lang.String">GazLocation</Value>
</Feature>
<Feature>
  <Name className="java.lang.String">rule2</Name>
  <Value className="java.lang.String">LocFinal</Value>
</Feature>
<Feature>
  <Name className="java.lang.String">locType</Name>
  <Value className="java.lang.String">city</Value>
</Feature>
</Annotation>
<Annotation Id="17" Type="Location" StartNode="1788" EndNode="1799">
</Annotation>
<Annotation Id="2" Type="Organization" StartNode="1123" EndNode="1133">
</Annotation>
<Annotation Id="13" Type="Organization" StartNode="291" EndNode="295">
</Annotation>
<Annotation Id="28" Type="Location" StartNode="2365" EndNode="2372">
<Feature>
  <Name className="java.lang.String">rule1</Name>
  <Value className="java.lang.String">GazLocation</Value>
</Feature>
<Feature>
  <Name className="java.lang.String">rule2</Name>
  <Value className="java.lang.String">LocFinal</Value>
</Feature>
<Feature>
  <Name className="java.lang.String">locType</Name>
  <Value className="java.lang.String">country</Value>
</Feature>
</Annotation>
<Annotation Id="38" Type="Location" StartNode="755" EndNode="760">
<Feature>
  <Name className="java.lang.String">rule1</Name>
  <Value className="java.lang.String">GazLocation</Value>
</Feature>
<Feature>
  <Name className="java.lang.String">rule2</Name>
  <Value className="java.lang.String">LocFinal</Value>
</Feature>
<Feature>
  <Name className="java.lang.String">locType</Name>
  <Value className="java.lang.String">city</Value>
</Feature>
</Annotation>
<Annotation Id="37" Type="Location" StartNode="765" EndNode="774">
<Feature>
  <Name className="java.lang.String">rule1</Name>
  <Value className="java.lang.String">GazLocation</Value>
</Feature>
<Feature>
  <Name className="java.lang.String">rule2</Name>
  <Value className="java.lang.String">LocFinal</Value>
</Feature>
<Feature>
  <Name className="java.lang.String">locType</Name>
  <Value className="java.lang.String">city</Value>
</Feature>
</Annotation>
<Annotation Id="51" Type="Organization" StartNode="4" EndNode="23">
</Annotation>
<Annotation Id="8" Type="Organization" StartNode="2115" EndNode="2124">
</Annotation>
<Annotation Id="23" Type="Location" StartNode="630" EndNode="641">
</Annotation>
<Annotation Id="40" Type="Location" StartNode="737" EndNode="745">
<Feature>
  <Name className="java.lang.String">rule1</Name>
  <Value className="java.lang.String">GazLocation</Value>
</Feature>
<Feature>
  <Name className="java.lang.String">rule2</Name>
  <Value className="java.lang.String">LocFinal</Value>
</Feature>
<Feature>
  <Name className="java.lang.String">locType</Name>
  <Value className="java.lang.String">city</Value>
</Feature>
</Annotation>
<Annotation Id="35" Type="Location" StartNode="1108" EndNode="1116">
<Feature>
  <Name className="java.lang.String">rule1</Name>
  <Value className="java.lang.String">GazLocation</Value>
</Feature>
<Feature>
  <Name className="java.lang.String">rule2</Name>
  <Value className="java.lang.String">LocFinal</Value>
</Feature>
<Feature>
  <Name className="java.lang.String">locType</Name>
  <Value className="java.lang.String">city</Value>
</Feature>
</Annotation>
<Annotation Id="7" Type="Organization" StartNode="2251" EndNode="2259">
</Annotation>
<Annotation Id="49" Type="Date" StartNode="1955" EndNode="1964">
<Feature>
  <Name className="java.lang.String">kind</Name>
  <Value className="java.lang.String">date</Value>
</Feature>
</Annotation>
<Annotation Id="22" Type="Organization" StartNode="683" EndNode="686">
</Annotation>
<Annotation Id="9" Type="Organization" StartNode="2111" EndNode="2114">
</Annotation>
<Annotation Id="21" Type="Organization" StartNode="945" EndNode="948">
</Annotation>
<Annotation Id="33" Type="Organization" StartNode="1663" EndNode="1672">
<Feature>
  <Name className="java.lang.String">rule1</Name>
  <Value className="java.lang.String">GazOrganization</Value>
</Feature>
<Feature>
  <Name className="java.lang.String">rule2</Name>
  <Value className="java.lang.String">OrgFinal</Value>
</Feature>
<Feature>
  <Name className="java.lang.String">orgType</Name>
  <Value className="java.lang.String">company</Value>
</Feature>
</Annotation>
<Annotation Id="6" Type="Organization" StartNode="2271" EndNode="2273">
</Annotation>
<Annotation Id="24" Type="Location" StartNode="603" EndNode="611">
</Annotation>
<Annotation Id="42" Type="Location" StartNode="616" EndNode="626">
<Feature>
  <Name className="java.lang.String">rule1</Name>
  <Value className="java.lang.String">GazLocation</Value>
</Feature>
<Feature>
  <Name className="java.lang.String">rule2</Name>
  <Value className="java.lang.String">LocFinal</Value>
</Feature>
<Feature>
  <Name className="java.lang.String">locType</Name>
  <Value className="java.lang.String">city</Value>
</Feature>
</Annotation>
<Annotation Id="4" Type="Organization" StartNode="2375" EndNode="2385">
</Annotation>
<Annotation Id="19" Type="Organization" StartNode="2210" EndNode="2216">
</Annotation>
<Annotation Id="36" Type="Location" StartNode="791" EndNode="793">
<Feature>
  <Name className="java.lang.String">rule1</Name>
  <Value className="java.lang.String">GazLocation</Value>
</Feature>
<Feature>
  <Name className="java.lang.String">rule2</Name>
  <Value className="java.lang.String">LocFinal</Value>
</Feature>
<Feature>
  <Name className="java.lang.String">locType</Name>
  <Value className="java.lang.String">country</Value>
</Feature>
</Annotation>
<Annotation Id="26" Type="Organization" StartNode="130" EndNode="155">
</Annotation>
<Annotation Id="11" Type="Organization" StartNode="2071" EndNode="2073">
</Annotation>
<Annotation Id="50" Type="Location" StartNode="710" EndNode="718">
</Annotation>
<Annotation Id="39" Type="Location" StartNode="747" EndNode="753">
<Feature>
  <Name className="java.lang.String">rule1</Name>
  <Value className="java.lang.String">GazLocation</Value>
</Feature>
<Feature>
  <Name className="java.lang.String">rule2</Name>
  <Value className="java.lang.String">LocFinal</Value>
</Feature>
<Feature>
  <Name className="java.lang.String">locType</Name>
  <Value className="java.lang.String">city</Value>
</Feature>
</Annotation>
<Annotation Id="45" Type="Location" StartNode="224" EndNode="233">
<Feature>
  <Name className="java.lang.String">rule1</Name>
  <Value className="java.lang.String">GazLocation</Value>
</Feature>
<Feature>
  <Name className="java.lang.String">rule2</Name>
  <Value className="java.lang.String">LocFinal</Value>
</Feature>
<Feature>
  <Name className="java.lang.String">locType</Name>
  <Value className="java.lang.String">city</Value>
</Feature>
</Annotation>
<Annotation Id="20" Type="Organization" StartNode="956" EndNode="960">
</Annotation>
<Annotation Id="46" Type="Organization" StartNode="116" EndNode="125">
<Feature>
  <Name className="java.lang.String">rule1</Name>
  <Value className="java.lang.String">GazOrganization</Value>
</Feature>
<Feature>
  <Name className="java.lang.String">rule2</Name>
  <Value className="java.lang.String">OrgFinal</Value>
</Feature>
<Feature>
  <Name className="java.lang.String">orgType</Name>
  <Value className="java.lang.String">company</Value>
</Feature>
</Annotation>
<Annotation Id="25" Type="Location" StartNode="389" EndNode="397">
</Annotation>
<Annotation Id="10" Type="Organization" StartNode="2107" EndNode="2110">
</Annotation>
<Annotation Id="5" Type="Organization" StartNode="2335" EndNode="2343">
</Annotation>
<Annotation Id="0" Type="Organization" StartNode="1414" EndNode="1424">
</Annotation>
</AnnotationSet>
<!-- Named annotation set -->

<AnnotationSet Name="Original markups" >
<Annotation Id="62" Type="p" StartNode="242" EndNode="499">
</Annotation>
<Annotation Id="59" Type="p" StartNode="1119" EndNode="1284">
</Annotation>
<Annotation Id="60" Type="p" StartNode="814" EndNode="1117">
</Annotation>
<Annotation Id="61" Type="p" StartNode="501" EndNode="812">
</Annotation>
<Annotation Id="100" Type="html" StartNode="0" EndNode="2387">
</Annotation>
<Annotation Id="58" Type="p" StartNode="1286" EndNode="1572">
</Annotation>
<Annotation Id="63" Type="p" StartNode="0" EndNode="240">
</Annotation>
<Annotation Id="77" Type="tr" StartNode="0" EndNode="2387">
</Annotation>
<Annotation Id="57" Type="p" StartNode="1574" EndNode="1896">
</Annotation>
<Annotation Id="101" Type="TEXT" StartNode="0" EndNode="2387">
</Annotation>
<Annotation Id="54" Type="p" StartNode="2271" EndNode="2386">
</Annotation>
<Annotation Id="88" Type="table" StartNode="0" EndNode="2387">
<Feature>
  <Name className="java.lang.String">vlink</Name>
  <Value className="java.lang.String">#330033</Value>
</Feature>
<Feature>
  <Name className="java.lang.String">marginheight</Name>
  <Value className="java.lang.String">0</Value>
</Feature>
<Feature>
  <Name className="java.lang.String">width</Name>
  <Value className="java.lang.String">618</Value>
</Feature>
<Feature>
  <Name className="java.lang.String">cellpadding</Name>
  <Value className="java.lang.String">0</Value>
</Feature>
<Feature>
  <Name className="java.lang.String">topmargin</Name>
  <Value className="java.lang.String">0</Value>
</Feature>
<Feature>
  <Name className="java.lang.String">leftmargin</Name>
  <Value className="java.lang.String">0</Value>
</Feature>
<Feature>
  <Name className="java.lang.String">cellspacing</Name>
  <Value className="java.lang.String">0</Value>
</Feature>
<Feature>
  <Name className="java.lang.String">marginwidth</Name>
  <Value className="java.lang.String">0</Value>
</Feature>
<Feature>
  <Name className="java.lang.String">link</Name>
  <Value className="java.lang.String">#330033</Value>
</Feature>
<Feature>
  <Name className="java.lang.String">border</Name>
  <Value className="java.lang.String">0</Value>
</Feature>
<Feature>
  <Name className="java.lang.String">bgcolor</Name>
  <Value className="java.lang.String">#ffffff</Value>
</Feature>
<Feature>
  <Name className="java.lang.String">alink</Name>
  <Value className="java.lang.String">#996600</Value>
</Feature>
</Annotation>
<Annotation Id="90" Type="body" StartNode="0" EndNode="2387">
<Feature>
  <Name className="java.lang.String">_implied_</Name>
  <Value className="java.lang.String">true</Value>
</Feature>
</Annotation>
<Annotation Id="55" Type="p" StartNode="2071" EndNode="2269">
</Annotation>
<Annotation Id="76" Type="td" StartNode="0" EndNode="2387">
<Feature>
  <Name className="java.lang.String">colspan</Name>
  <Value className="java.lang.String">2</Value>
</Feature>
</Annotation>
<Annotation Id="56" Type="p" StartNode="1898" EndNode="2069">
</Annotation>
</AnnotationSet>
</GateDocument>