<?xml version="1.0" encoding="windows-1252" ?>
<GateDocument>
<!-- The document's features-->

<GateDocumentFeatures>
<Feature>
  <Name className="java.lang.String">entitySet</Name>
  <Value className="java.lang.String">==== FILE: /D:/work/Corpus/ft-deutsche-BT-01-aug-2001.html
</Value>
</Feature>
<Feature>
  <Name className="java.lang.String">gate.SourceURL</Name>
  <Value className="java.lang.String">file:/D:/work/Corpus/ft-deutsche-BT-01-aug-2001.html</Value>
</Feature>
<Feature>
  <Name className="java.lang.String">gate.NAME</Name>
  <Value className="java.lang.String">doc5</Value>
</Feature>
<Feature>
  <Name className="java.lang.String">MimeType</Name>
  <Value className="java.lang.String">text/html</Value>
</Feature>
</GateDocumentFeatures>
<!-- The document content area with serialized nodes -->

<TextWithNodes><Node id="0"/>Deutsche Telekom<Node id="16"/> <Node id="17"/>yesterday<Node id="26"/> delayed the demerger of its <Node id="55"/>T-Mobile<Node id="63"/> wireless business, which owns <Node id="94"/>UK<Node id="96"/> network <Node id="105"/>One2One<Node id="112"/>, until <Node id="120"/>next year<Node id="129"/> owing to the volatility of the stock markets.
<Node id="176"/>Deutsche Telekom<Node id="192"/> was among a number of European telecom companies looking to demerge or float wireless operations <Node id="290"/>this year<Node id="299"/>. <Node id="301"/>BT<Node id="303"/> is expected to demerge its wireless business in the <Node id="356"/>autumn<Node id="362"/>.<Node id="363"/>

<Node id="365"/>However <Node id="373"/>Deutsche Telekom<Node id="389"/>, still partly state-owned, warned <Node id="424"/>yesterday<Node id="433"/> that investor appetite for hi-tech shares is still too low. Analysts consider <Node id="512"/>T-Mobile<Node id="520"/>, which has 60m subscribers across <Node id="555"/>Europe<Node id="561"/>, to be one of <Node id="576"/>Deutsche Telekom<Node id="592"/>&apos;s most valuable assets and welcomed the decision to delay.<Node id="651"/>

<Node id="653"/>&quot;Fundamentally it&apos;s a good decision to hold off for a while. They do not want to be selling assets for less than their worth right now,&quot; said <Node id="795"/>Dwayne Taylor<Node id="808"/>, analyst at <Node id="821"/>SG Securities<Node id="834"/>.<Node id="835"/>

<Node id="837"/>But the German group cannot hold off indefinitely. Its debts have grown by &amp;<Node id="913"/>euro12bn<Node id="921"/> in the <Node id="929"/>last three months<Node id="946"/> and now stand at over &amp;<Node id="970"/>euro69bn<Node id="978"/> as a result of spending on next-generation wireless services and acquisitions. While it waits for the markets to recover, the company intends to sell further non-core assets. It sold a stake in <Node id="1173"/>US<Node id="1175"/> telecom company <Node id="1192"/>Sprint<Node id="1198"/> earlier <Node id="1207"/>this year<Node id="1216"/>, netting &amp;<Node id="1227"/>euro1bn<Node id="1234"/>.<Node id="1235"/>

<Node id="1237"/>Deutsche Telekom<Node id="1253"/> announced <Node id="1264"/>yesterday<Node id="1273"/> that servicing its debts pushed it into a loss for the <Node id="1329"/>first half of the year<Node id="1351"/>. It made an operating profit of &amp;<Node id="1385"/>euro600m<Node id="1393"/> in the first half, up from &amp;<Node id="1422"/>euro500<Node id="1429"/>m <Node id="1431"/>last year<Node id="1440"/>. But after write-offs, the cost of buying 3G licenses and the impact of the group&apos;s acquisition of <Node id="1540"/>US<Node id="1542"/> wireless business <Node id="1561"/>Voicestream<Node id="1572"/> in <Node id="1576"/>May<Node id="1579"/>, it lost &amp;<Node id="1590"/>euro400m<Node id="1598"/>.<Node id="1599"/>

<Node id="1601"/>Evidence of a fall in profits depressed the share prices.<Node id="1658"/>

<Node id="1660"/> <Node id="1663"/>UK<Node id="1665"/> telecom regulator <Node id="1684"/>Oftel<Node id="1689"/> <Node id="1690"/>yesterday<Node id="1699"/> raised the prospect of an end to the process of capping the prices that <Node id="1772"/>BT<Node id="1774"/> can charge <Node id="1786"/>UK<Node id="1788"/> consumers. Price regulation has been in place since <Node id="1841"/>BT<Node id="1843"/> was privatised, but <Node id="1864"/>Oftel<Node id="1869"/> <Node id="1870"/>yesterday<Node id="1879"/> launched a review into whether there is enough competition to allow regulation to end.<Node id="1966"/></TextWithNodes>
<!-- The default annotation set -->

<AnnotationSet>
</AnnotationSet>
<!-- Named annotation set -->

<AnnotationSet Name="Key" >
<Annotation Id="15" Type="Money" StartNode="1385" EndNode="1393">
</Annotation>
<Annotation Id="30" Type="Organization" StartNode="1192" EndNode="1198">
<Feature>
  <Name className="java.lang.String">rule1</Name>
  <Value className="java.lang.String">GazOrganization</Value>
</Feature>
<Feature>
  <Name className="java.lang.String">rule2</Name>
  <Value className="java.lang.String">OrgFinal</Value>
</Feature>
<Feature>
  <Name className="java.lang.String">orgType</Name>
  <Value className="java.lang.String">company</Value>
</Feature>
</Annotation>
<Annotation Id="8" Type="Date" StartNode="290" EndNode="299">
<Feature>
  <Name className="java.lang.String">kind</Name>
  <Value className="java.lang.String">date</Value>
</Feature>
</Annotation>
<Annotation Id="40" Type="Organization" StartNode="1864" EndNode="1869">
</Annotation>
<Annotation Id="23" Type="Money" StartNode="970" EndNode="978">
</Annotation>
<Annotation Id="31" Type="Organization" StartNode="105" EndNode="112">
</Annotation>
<Annotation Id="16" Type="Organization" StartNode="176" EndNode="192">
<Feature>
  <Name className="java.lang.String">rule1</Name>
  <Value className="java.lang.String">GazOrganization</Value>
</Feature>
<Feature>
  <Name className="java.lang.String">rule2</Name>
  <Value className="java.lang.String">OrgFinal</Value>
</Feature>
<Feature>
  <Name className="java.lang.String">orgType</Name>
  <Value className="java.lang.String">company</Value>
</Feature>
</Annotation>
<Annotation Id="35" Type="Date" StartNode="1576" EndNode="1579">
<Feature>
  <Name className="java.lang.String">rule1</Name>
  <Value className="java.lang.String">GazDate</Value>
</Feature>
<Feature>
  <Name className="java.lang.String">rule2</Name>
  <Value className="java.lang.String">DateOnlyFinal</Value>
</Feature>
<Feature>
  <Name className="java.lang.String">kind</Name>
  <Value className="java.lang.String">date</Value>
</Feature>
</Annotation>
<Annotation Id="7" Type="Date" StartNode="424" EndNode="433">
<Feature>
  <Name className="java.lang.String">kind</Name>
  <Value className="java.lang.String">date</Value>
</Feature>
</Annotation>
<Annotation Id="22" Type="Organization" StartNode="373" EndNode="389">
<Feature>
  <Name className="java.lang.String">rule1</Name>
  <Value className="java.lang.String">GazOrganization</Value>
</Feature>
<Feature>
  <Name className="java.lang.String">rule2</Name>
  <Value className="java.lang.String">OrgFinal</Value>
</Feature>
<Feature>
  <Name className="java.lang.String">orgType</Name>
  <Value className="java.lang.String">company</Value>
</Feature>
</Annotation>
<Annotation Id="34" Type="Organization" StartNode="55" EndNode="63">
</Annotation>
<Annotation Id="32" Type="Organization" StartNode="1237" EndNode="1253">
<Feature>
  <Name className="java.lang.String">rule1</Name>
  <Value className="java.lang.String">GazOrganization</Value>
</Feature>
<Feature>
  <Name className="java.lang.String">rule2</Name>
  <Value className="java.lang.String">OrgFinal</Value>
</Feature>
<Feature>
  <Name className="java.lang.String">orgType</Name>
  <Value className="java.lang.String">company</Value>
</Feature>
</Annotation>
<Annotation Id="41" Type="Organization" StartNode="1684" EndNode="1689">
</Annotation>
<Annotation Id="9" Type="Date" StartNode="120" EndNode="129">
<Feature>
  <Name className="java.lang.String">kind</Name>
  <Value className="java.lang.String">date</Value>
</Feature>
</Annotation>
<Annotation Id="33" Type="Location" StartNode="1540" EndNode="1542">
<Feature>
  <Name className="java.lang.String">rule1</Name>
  <Value className="java.lang.String">GazLocation</Value>
</Feature>
<Feature>
  <Name className="java.lang.String">rule2</Name>
  <Value className="java.lang.String">LocFinal</Value>
</Feature>
<Feature>
  <Name className="java.lang.String">locType</Name>
  <Value className="java.lang.String">country</Value>
</Feature>
</Annotation>
<Annotation Id="21" Type="Money" StartNode="913" EndNode="921">
</Annotation>
<Annotation Id="6" Type="Date" StartNode="929" EndNode="946">
<Feature>
  <Name className="java.lang.String">kind</Name>
  <Value className="java.lang.String">date</Value>
</Feature>
</Annotation>
<Annotation Id="1" Type="Date" StartNode="1690" EndNode="1699">
<Feature>
  <Name className="java.lang.String">kind</Name>
  <Value className="java.lang.String">date</Value>
</Feature>
</Annotation>
<Annotation Id="29" Type="Organization" StartNode="512" EndNode="520">
</Annotation>
<Annotation Id="14" Type="Location" StartNode="94" EndNode="96">
<Feature>
  <Name className="java.lang.String">rule2</Name>
  <Value className="java.lang.String">LocFinal</Value>
</Feature>
<Feature>
  <Name className="java.lang.String">locType</Name>
  <Value className="java.lang.String">country</Value>
</Feature>
<Feature>
  <Name className="java.lang.String">e1</Name>
  <Value className="java.lang.String">GazLocation</Value>
</Feature>
</Annotation>
<Annotation Id="24" Type="Location" StartNode="555" EndNode="561">
<Feature>
  <Name className="java.lang.String">rule1</Name>
  <Value className="java.lang.String">GazLocation</Value>
</Feature>
<Feature>
  <Name className="java.lang.String">rule2</Name>
  <Value className="java.lang.String">LocFinal</Value>
</Feature>
<Feature>
  <Name className="java.lang.String">locType</Name>
  <Value className="java.lang.String">region</Value>
</Feature>
</Annotation>
<Annotation Id="4" Type="Date" StartNode="1207" EndNode="1216">
<Feature>
  <Name className="java.lang.String">kind</Name>
  <Value className="java.lang.String">date</Value>
</Feature>
</Annotation>
<Annotation Id="36" Type="Location" StartNode="1663" EndNode="1665">
<Feature>
  <Name className="java.lang.String">rule1</Name>
  <Value className="java.lang.String">GazLocation</Value>
</Feature>
<Feature>
  <Name className="java.lang.String">rule2</Name>
  <Value className="java.lang.String">LocFinal</Value>
</Feature>
<Feature>
  <Name className="java.lang.String">locType</Name>
  <Value className="java.lang.String">country</Value>
</Feature>
</Annotation>
<Annotation Id="19" Type="Money" StartNode="1227" EndNode="1234">
</Annotation>
<Annotation Id="26" Type="Person" StartNode="795" EndNode="808">
<Feature>
  <Name className="java.lang.String">rule</Name>
  <Value className="java.lang.String">PersonFinal</Value>
</Feature>
<Feature>
  <Name className="java.lang.String">rule1</Name>
  <Value className="java.lang.String">PersonFull</Value>
</Feature>
<Feature>
  <Name className="java.lang.String">gender</Name>
  <Value className="java.lang.String">male</Value>
</Feature>
</Annotation>
<Annotation Id="11" Type="Organization" StartNode="1561" EndNode="1572">
</Annotation>
<Annotation Id="18" Type="Organization" StartNode="301" EndNode="303">
<Feature>
  <Name className="java.lang.String">rule1</Name>
  <Value className="java.lang.String">GazOrganization</Value>
</Feature>
<Feature>
  <Name className="java.lang.String">rule2</Name>
  <Value className="java.lang.String">OrgFinal</Value>
</Feature>
<Feature>
  <Name className="java.lang.String">orgType</Name>
  <Value className="java.lang.String">company</Value>
</Feature>
</Annotation>
<Annotation Id="3" Type="Date" StartNode="1329" EndNode="1351">
<Feature>
  <Name className="java.lang.String">kind</Name>
  <Value className="java.lang.String">date</Value>
</Feature>
</Annotation>
<Annotation Id="39" Type="Organization" StartNode="1841" EndNode="1843">
<Feature>
  <Name className="java.lang.String">rule1</Name>
  <Value className="java.lang.String">GazOrganization</Value>
</Feature>
<Feature>
  <Name className="java.lang.String">rule2</Name>
  <Value className="java.lang.String">OrgFinal</Value>
</Feature>
<Feature>
  <Name className="java.lang.String">orgType</Name>
  <Value className="java.lang.String">company</Value>
</Feature>
</Annotation>
<Annotation Id="12" Type="Organization" StartNode="0" EndNode="16">
<Feature>
  <Name className="java.lang.String">rule1</Name>
  <Value className="java.lang.String">GazOrganization</Value>
</Feature>
<Feature>
  <Name className="java.lang.String">rule2</Name>
  <Value className="java.lang.String">OrgFinal</Value>
</Feature>
<Feature>
  <Name className="java.lang.String">orgType</Name>
  <Value className="java.lang.String">company</Value>
</Feature>
</Annotation>
<Annotation Id="27" Type="Organization" StartNode="821" EndNode="834">
<Feature>
  <Name className="java.lang.String">rule1</Name>
  <Value className="java.lang.String">OrgXKey</Value>
</Feature>
<Feature>
  <Name className="java.lang.String">rule2</Name>
  <Value className="java.lang.String">OrgFinal</Value>
</Feature>
<Feature>
  <Name className="java.lang.String">orgType</Name>
  <Value className="java.lang.String">unknown</Value>
</Feature>
</Annotation>
<Annotation Id="17" Type="Money" StartNode="1422" EndNode="1429">
</Annotation>
<Annotation Id="2" Type="Date" StartNode="1431" EndNode="1440">
<Feature>
  <Name className="java.lang.String">kind</Name>
  <Value className="java.lang.String">date</Value>
</Feature>
</Annotation>
<Annotation Id="13" Type="Money" StartNode="1590" EndNode="1598">
</Annotation>
<Annotation Id="38" Type="Location" StartNode="1786" EndNode="1788">
<Feature>
  <Name className="java.lang.String">rule1</Name>
  <Value className="java.lang.String">GazLocation</Value>
</Feature>
<Feature>
  <Name className="java.lang.String">rule2</Name>
  <Value className="java.lang.String">LocFinal</Value>
</Feature>
<Feature>
  <Name className="java.lang.String">locType</Name>
  <Value className="java.lang.String">country</Value>
</Feature>
</Annotation>
<Annotation Id="28" Type="Location" StartNode="1173" EndNode="1175">
<Feature>
  <Name className="java.lang.String">rule1</Name>
  <Value className="java.lang.String">GazLocation</Value>
</Feature>
<Feature>
  <Name className="java.lang.String">rule2</Name>
  <Value className="java.lang.String">LocFinal</Value>
</Feature>
<Feature>
  <Name className="java.lang.String">locType</Name>
  <Value className="java.lang.String">country</Value>
</Feature>
</Annotation>
<Annotation Id="20" Type="Date" StartNode="356" EndNode="362">
<Feature>
  <Name className="java.lang.String">rule1</Name>
  <Value className="java.lang.String">GazDate</Value>
</Feature>
<Feature>
  <Name className="java.lang.String">rule2</Name>
  <Value className="java.lang.String">DateOnlyFinal</Value>
</Feature>
<Feature>
  <Name className="java.lang.String">kind</Name>
  <Value className="java.lang.String">date</Value>
</Feature>
</Annotation>
<Annotation Id="37" Type="Organization" StartNode="1772" EndNode="1774">
<Feature>
  <Name className="java.lang.String">rule1</Name>
  <Value className="java.lang.String">GazOrganization</Value>
</Feature>
<Feature>
  <Name className="java.lang.String">rule2</Name>
  <Value className="java.lang.String">OrgFinal</Value>
</Feature>
<Feature>
  <Name className="java.lang.String">orgType</Name>
  <Value className="java.lang.String">company</Value>
</Feature>
</Annotation>
<Annotation Id="25" Type="Organization" StartNode="576" EndNode="592">
<Feature>
  <Name className="java.lang.String">rule1</Name>
  <Value className="java.lang.String">GazOrganization</Value>
</Feature>
<Feature>
  <Name className="java.lang.String">rule2</Name>
  <Value className="java.lang.String">OrgFinal</Value>
</Feature>
<Feature>
  <Name className="java.lang.String">orgType</Name>
  <Value className="java.lang.String">company</Value>
</Feature>
</Annotation>
<Annotation Id="10" Type="Date" StartNode="17" EndNode="26">
<Feature>
  <Name className="java.lang.String">kind</Name>
  <Value className="java.lang.String">date</Value>
</Feature>
</Annotation>
<Annotation Id="5" Type="Date" StartNode="1264" EndNode="1273">
<Feature>
  <Name className="java.lang.String">kind</Name>
  <Value className="java.lang.String">date</Value>
</Feature>
</Annotation>
<Annotation Id="0" Type="Date" StartNode="1870" EndNode="1879">
<Feature>
  <Name className="java.lang.String">kind</Name>
  <Value className="java.lang.String">date</Value>
</Feature>
</Annotation>
</AnnotationSet>
<!-- Named annotation set -->

<AnnotationSet Name="Original markups" >
<Annotation Id="96" Type="body" StartNode="0" EndNode="1966">
<Feature>
  <Name className="java.lang.String">vlink</Name>
  <Value className="java.lang.String">#003366</Value>
</Feature>
<Feature>
  <Name className="java.lang.String">link</Name>
  <Value className="java.lang.String">#003366</Value>
</Feature>
<Feature>
  <Name className="java.lang.String">bgcolor</Name>
  <Value className="java.lang.String">#FFFFFF</Value>
</Feature>
<Feature>
  <Name className="java.lang.String">topmargin</Name>
  <Value className="java.lang.String">8</Value>
</Feature>
<Feature>
  <Name className="java.lang.String">alink</Name>
  <Value className="java.lang.String">#FF0000</Value>
</Feature>
<Feature>
  <Name className="java.lang.String">leftmargin</Name>
  <Value className="java.lang.String">0</Value>
</Feature>
</Annotation>
<Annotation Id="224" Type="p" StartNode="365" EndNode="651">
</Annotation>
<Annotation Id="87" Type="body" StartNode="0" EndNode="1966">
<Feature>
  <Name className="java.lang.String">_implied_</Name>
  <Value className="java.lang.String">true</Value>
</Feature>
</Annotation>
<Annotation Id="321" Type="html" StartNode="0" EndNode="1966">
<Feature>
  <Name className="java.lang.String">_implied_</Name>
  <Value className="java.lang.String">true</Value>
</Feature>
</Annotation>
<Annotation Id="80" Type="font" StartNode="0" EndNode="1966">
<Feature>
  <Name className="java.lang.String">face</Name>
  <Value className="java.lang.String">Geneva,Arial,sans-serif</Value>
</Feature>
<Feature>
  <Name className="java.lang.String">size</Name>
  <Value className="java.lang.String">2</Value>
</Feature>
</Annotation>
<Annotation Id="268" Type="p" StartNode="0" EndNode="1966">
</Annotation>
<Annotation Id="141" Type="p" StartNode="1660" EndNode="1966">
</Annotation>
<Annotation Id="293" Type="p" StartNode="176" EndNode="363">
</Annotation>
<Annotation Id="341" Type="p" StartNode="837" EndNode="1235">
</Annotation>
<Annotation Id="123" Type="p" StartNode="1601" EndNode="1658">
</Annotation>
<Annotation Id="380" Type="html" StartNode="0" EndNode="1966">
</Annotation>
<Annotation Id="379" Type="td" StartNode="0" EndNode="1966">
<Feature>
  <Name className="java.lang.String">valign</Name>
  <Value className="java.lang.String">top</Value>
</Feature>
<Feature>
  <Name className="java.lang.String">width</Name>
  <Value className="java.lang.String">372</Value>
</Feature>
</Annotation>
<Annotation Id="338" Type="tr" StartNode="0" EndNode="1966">
</Annotation>
<Annotation Id="63" Type="font" StartNode="0" EndNode="1966">
<Feature>
  <Name className="java.lang.String">face</Name>
  <Value className="java.lang.String">Arial,Helvetica,sans-serif</Value>
</Feature>
<Feature>
  <Name className="java.lang.String">size</Name>
  <Value className="java.lang.String">3</Value>
</Feature>
</Annotation>
<Annotation Id="242" Type="p" StartNode="653" EndNode="835">
</Annotation>
<Annotation Id="76" Type="TEXT" StartNode="0" EndNode="1966">
</Annotation>
<Annotation Id="272" Type="p" StartNode="1237" EndNode="1599">
</Annotation>
<Annotation Id="391" Type="center" StartNode="0" EndNode="1966">
</Annotation>
<Annotation Id="50" Type="table" StartNode="0" EndNode="1966">
<Feature>
  <Name className="java.lang.String">border</Name>
  <Value className="java.lang.String">0</Value>
</Feature>
<Feature>
  <Name className="java.lang.String">cellspacing</Name>
  <Value className="java.lang.String">0</Value>
</Feature>
<Feature>
  <Name className="java.lang.String">cellpadding</Name>
  <Value className="java.lang.String">0</Value>
</Feature>
<Feature>
  <Name className="java.lang.String">width</Name>
  <Value className="java.lang.String">544</Value>
</Feature>
</Annotation>
</AnnotationSet>
</GateDocument>