<?xml version="1.0" encoding="windows-1252" ?>
<GateDocument>
<!-- The document's features-->

<GateDocumentFeatures>
<Feature>
  <Name className="java.lang.String">entitySet</Name>
  <Value className="java.lang.String">==== FILE: /Z:/Corpus/ft-pirelli-10-aug-2001.html
</Value>
</Feature>
<Feature>
  <Name className="java.lang.String">gate.SourceURL</Name>
  <Value className="java.lang.String">file:/Z:/Corpus/ft-pirelli-10-aug-2001.html</Value>
</Feature>
<Feature>
  <Name className="java.lang.String">gate.NAME</Name>
  <Value className="java.lang.String">doc3</Value>
</Feature>
<Feature>
  <Name className="java.lang.String">MimeType</Name>
  <Value className="java.lang.String">text/html</Value>
</Feature>
</GateDocumentFeatures>
<!-- The document content area with serialized nodes -->

<TextWithNodes><Node id="0"/>A dispute is brewing between <Node id="29"/>Pirelli<Node id="36"/> and the board of <Node id="54"/>Telecom Italia<Node id="68"/>, the telecommunications group it took control of <Node id="118"/>a week ago<Node id="128"/>, over a proposed <Node id="146"/>E15.5m<Node id="152"/> (<Node id="154"/>$13.8m<Node id="160"/>) payout to <Node id="172"/>Roberto Colaninno<Node id="189"/>, the ousted <Node id="202"/>Telecom Italia<Node id="216"/> chief executive.

<Node id="235"/>Pirelli<Node id="242"/> revealed it had agreed with the investors who sold it control of <Node id="308"/>Olivetti<Node id="316"/> - <Node id="319"/>Telecom Italia<Node id="333"/>&apos;s holding company - that <Node id="359"/>Olivetti<Node id="367"/> and <Node id="372"/>Telecom Italia<Node id="386"/> &quot;will approve&quot; paying <Node id="409"/>Mr Colaninno<Node id="421"/> <Node id="422"/>E15.5m<Node id="428"/> each.

But when the <Node id="449"/>Telecom Italia<Node id="463"/> payment of <Node id="475"/>E15.5m<Node id="481"/> was proposed <Node id="495"/>last week<Node id="504"/>, its board rejected it. <Node id="529"/>Pirelli<Node id="536"/> and its ally, the <Node id="555"/>Benetton<Node id="563"/> family, gained control on <Node id="590"/>July 28<Node id="597"/> by buying <Node id="608"/>23 per cent<Node id="619"/> of <Node id="623"/>Olivetti<Node id="631"/> from <Node id="637"/>Bell<Node id="641"/>, an investment group headed by <Node id="673"/>Mr Colaninno<Node id="685"/> and others. The <Node id="702"/>E31m<Node id="706"/> payouts would be in lieu of options and any other compensation due to him. <Node id="782"/>Mr Colaninno<Node id="794"/> was also chief executive of <Node id="823"/>Olivetti<Node id="831"/>.

Several board members objected that <Node id="870"/>Telecom Italia<Node id="884"/> shares had not risen since <Node id="912"/>Mr Colaninno<Node id="924"/> took control and that the figure was too high.

<Node id="973"/>Mr Colaninno<Node id="985"/> had a salary <Node id="999"/>last year<Node id="1008"/> of <Node id="1012"/>E3.5m<Node id="1017"/> from <Node id="1023"/>Telecom Italia<Node id="1037"/> and <Node id="1042"/>E819,000<Node id="1050"/> from <Node id="1056"/>Olivetti<Node id="1064"/>. He also had cash bonuses of <Node id="1094"/>E3.6m<Node id="1099"/> from <Node id="1105"/>Telecom Italia<Node id="1119"/> and <Node id="1124"/>E700,000<Node id="1132"/> from <Node id="1138"/>Olivetti<Node id="1146"/> and other companies controlled by <Node id="1181"/>Olivetti<Node id="1189"/>.

In addition, he received options to buy 12.6m <Node id="1238"/>Olivetti<Node id="1246"/> shares <Node id="1254"/>between 2002 and 2004<Node id="1275"/> at <Node id="1279"/>E2.81<Node id="1284"/> a share. <Node id="1294"/>Olivetti<Node id="1302"/> shares on <Node id="1313"/>Thursday<Node id="1321"/> closed at <Node id="1332"/>E1.94<Node id="1337"/> compared with the <Node id="1356"/>E4.17<Node id="1361"/> - an <Node id="1367"/>80 per cent<Node id="1378"/> premium to the market - paid by <Node id="1411"/>Pirelli<Node id="1418"/> and the <Node id="1427"/>Benetton<Node id="1435"/> family when they bought their controlling stake. The shares fell when investors realised they would not benefit from a takeover.

<Node id="1566"/>Pirelli<Node id="1573"/> is expected to bring in a new board <Node id="1610"/>this autumn<Node id="1621"/> but several members are likely to object again to the payment. The <Node id="1689"/>Olivetti<Node id="1697"/> board might approve its <Node id="1722"/>E15.5m<Node id="1728"/> payout but minority shareholders in both companies may also object.<Node id="1796"/></TextWithNodes>
<!-- The default annotation set -->

<AnnotationSet>
</AnnotationSet>
<!-- Named annotation set -->

<AnnotationSet Name="Key" >
<Annotation Id="15" Type="Organization" StartNode="1023" EndNode="1037">
</Annotation>
<Annotation Id="30" Type="Organization" StartNode="1294" EndNode="1302">
<Feature>
  <Name className="java.lang.String">rule1</Name>
  <Value className="java.lang.String">GazOrganization</Value>
</Feature>
<Feature>
  <Name className="java.lang.String">rule2</Name>
  <Value className="java.lang.String">OrgFinal</Value>
</Feature>
<Feature>
  <Name className="java.lang.String">orgType</Name>
  <Value className="java.lang.String">company</Value>
</Feature>
</Annotation>
<Annotation Id="43" Type="Organization" StartNode="529" EndNode="536">
<Feature>
  <Name className="java.lang.String">rule1</Name>
  <Value className="java.lang.String">GazOrganization</Value>
</Feature>
<Feature>
  <Name className="java.lang.String">rule2</Name>
  <Value className="java.lang.String">OrgFinal</Value>
</Feature>
<Feature>
  <Name className="java.lang.String">orgType</Name>
  <Value className="java.lang.String">company</Value>
</Feature>
</Annotation>
<Annotation Id="16" Type="Money" StartNode="1012" EndNode="1017">
</Annotation>
<Annotation Id="31" Type="Date" StartNode="1254" EndNode="1275">
<Feature>
  <Name className="java.lang.String">rule1</Name>
  <Value className="java.lang.String">YearSpan3</Value>
</Feature>
<Feature>
  <Name className="java.lang.String">rule2</Name>
  <Value className="java.lang.String">DateOnlyFinal</Value>
</Feature>
<Feature>
  <Name className="java.lang.String">kind</Name>
  <Value className="java.lang.String">date</Value>
</Feature>
</Annotation>
<Annotation Id="48" Type="Person" StartNode="172" EndNode="189">
<Feature>
  <Name className="java.lang.String">rule</Name>
  <Value className="java.lang.String">PersonFinal</Value>
</Feature>
<Feature>
  <Name className="java.lang.String">gender</Name>
  <Value className="java.lang.String">male</Value>
</Feature>
<Feature>
  <Name className="java.lang.String">rule1</Name>
  <Value className="java.lang.String">PersonFull</Value>
</Feature>
</Annotation>
<Annotation Id="32" Type="Organization" StartNode="1238" EndNode="1246">
<Feature>
  <Name className="java.lang.String">rule1</Name>
  <Value className="java.lang.String">GazOrganization</Value>
</Feature>
<Feature>
  <Name className="java.lang.String">rule2</Name>
  <Value className="java.lang.String">OrgFinal</Value>
</Feature>
<Feature>
  <Name className="java.lang.String">orgType</Name>
  <Value className="java.lang.String">company</Value>
</Feature>
</Annotation>
<Annotation Id="34" Type="Organization" StartNode="1138" EndNode="1146">
<Feature>
  <Name className="java.lang.String">rule1</Name>
  <Value className="java.lang.String">GazOrganization</Value>
</Feature>
<Feature>
  <Name className="java.lang.String">rule2</Name>
  <Value className="java.lang.String">OrgFinal</Value>
</Feature>
<Feature>
  <Name className="java.lang.String">orgType</Name>
  <Value className="java.lang.String">company</Value>
</Feature>
</Annotation>
<Annotation Id="41" Type="Organization" StartNode="623" EndNode="631">
<Feature>
  <Name className="java.lang.String">rule1</Name>
  <Value className="java.lang.String">GazOrganization</Value>
</Feature>
<Feature>
  <Name className="java.lang.String">rule2</Name>
  <Value className="java.lang.String">OrgFinal</Value>
</Feature>
<Feature>
  <Name className="java.lang.String">orgType</Name>
  <Value className="java.lang.String">company</Value>
</Feature>
</Annotation>
<Annotation Id="1" Type="Organization" StartNode="555" EndNode="563">
</Annotation>
<Annotation Id="29" Type="Date" StartNode="1313" EndNode="1321">
<Feature>
  <Name className="java.lang.String">rule1</Name>
  <Value className="java.lang.String">GazDate</Value>
</Feature>
<Feature>
  <Name className="java.lang.String">rule2</Name>
  <Value className="java.lang.String">DateOnlyFinal</Value>
</Feature>
<Feature>
  <Name className="java.lang.String">kind</Name>
  <Value className="java.lang.String">date</Value>
</Feature>
</Annotation>
<Annotation Id="14" Type="Money" StartNode="1042" EndNode="1050">
</Annotation>
<Annotation Id="47" Type="Organization" StartNode="235" EndNode="242">
<Feature>
  <Name className="java.lang.String">rule1</Name>
  <Value className="java.lang.String">GazOrganization</Value>
</Feature>
<Feature>
  <Name className="java.lang.String">rule2</Name>
  <Value className="java.lang.String">OrgFinal</Value>
</Feature>
<Feature>
  <Name className="java.lang.String">orgType</Name>
  <Value className="java.lang.String">company</Value>
</Feature>
</Annotation>
<Annotation Id="18" Type="Money" StartNode="702" EndNode="706">
</Annotation>
<Annotation Id="3" Type="Date" StartNode="999" EndNode="1008">
<Feature>
  <Name className="java.lang.String">kind</Name>
  <Value className="java.lang.String">date</Value>
</Feature>
</Annotation>
<Annotation Id="12" Type="Organization" StartNode="1105" EndNode="1119">
</Annotation>
<Annotation Id="27" Type="Organization" StartNode="1566" EndNode="1573">
<Feature>
  <Name className="java.lang.String">rule1</Name>
  <Value className="java.lang.String">GazOrganization</Value>
</Feature>
<Feature>
  <Name className="java.lang.String">rule2</Name>
  <Value className="java.lang.String">OrgFinal</Value>
</Feature>
<Feature>
  <Name className="java.lang.String">orgType</Name>
  <Value className="java.lang.String">company</Value>
</Feature>
</Annotation>
<Annotation Id="44" Type="Person" StartNode="409" EndNode="421">
<Feature>
  <Name className="java.lang.String">rule</Name>
  <Value className="java.lang.String">PersonFinal</Value>
</Feature>
<Feature>
  <Name className="java.lang.String">gender</Name>
  <Value className="java.lang.String">male</Value>
</Feature>
<Feature>
  <Name className="java.lang.String">rule1</Name>
  <Value className="java.lang.String">PersonTitleGender</Value>
</Feature>
</Annotation>
<Annotation Id="17" Type="Organization" StartNode="870" EndNode="884">
</Annotation>
<Annotation Id="2" Type="Date" StartNode="1610" EndNode="1621">
</Annotation>
<Annotation Id="13" Type="Money" StartNode="1094" EndNode="1099">
</Annotation>
<Annotation Id="28" Type="Organization" StartNode="1411" EndNode="1418">
<Feature>
  <Name className="java.lang.String">rule1</Name>
  <Value className="java.lang.String">GazOrganization</Value>
</Feature>
<Feature>
  <Name className="java.lang.String">rule2</Name>
  <Value className="java.lang.String">OrgFinal</Value>
</Feature>
<Feature>
  <Name className="java.lang.String">orgType</Name>
  <Value className="java.lang.String">company</Value>
</Feature>
</Annotation>
<Annotation Id="38" Type="Organization" StartNode="823" EndNode="831">
<Feature>
  <Name className="java.lang.String">rule1</Name>
  <Value className="java.lang.String">GazOrganization</Value>
</Feature>
<Feature>
  <Name className="java.lang.String">rule2</Name>
  <Value className="java.lang.String">OrgFinal</Value>
</Feature>
<Feature>
  <Name className="java.lang.String">orgType</Name>
  <Value className="java.lang.String">company</Value>
</Feature>
</Annotation>
<Annotation Id="37" Type="Person" StartNode="912" EndNode="924">
<Feature>
  <Name className="java.lang.String">rule</Name>
  <Value className="java.lang.String">PersonFinal</Value>
</Feature>
<Feature>
  <Name className="java.lang.String">gender</Name>
  <Value className="java.lang.String">male</Value>
</Feature>
<Feature>
  <Name className="java.lang.String">rule1</Name>
  <Value className="java.lang.String">PersonTitleGender</Value>
</Feature>
</Annotation>
<Annotation Id="51" Type="Percent" StartNode="608" EndNode="619">
<Feature>
  <Name className="java.lang.String">rule</Name>
  <Value className="java.lang.String">PercentBasic</Value>
</Feature>
</Annotation>
<Annotation Id="8" Type="Money" StartNode="1356" EndNode="1361">
</Annotation>
<Annotation Id="23" Type="Organization" StartNode="319" EndNode="333">
</Annotation>
<Annotation Id="40" Type="Person" StartNode="673" EndNode="685">
<Feature>
  <Name className="java.lang.String">rule</Name>
  <Value className="java.lang.String">PersonFinal</Value>
</Feature>
<Feature>
  <Name className="java.lang.String">gender</Name>
  <Value className="java.lang.String">male</Value>
</Feature>
<Feature>
  <Name className="java.lang.String">rule1</Name>
  <Value className="java.lang.String">PersonTitleGender</Value>
</Feature>
</Annotation>
<Annotation Id="35" Type="Organization" StartNode="1056" EndNode="1064">
<Feature>
  <Name className="java.lang.String">rule1</Name>
  <Value className="java.lang.String">GazOrganization</Value>
</Feature>
<Feature>
  <Name className="java.lang.String">rule2</Name>
  <Value className="java.lang.String">OrgFinal</Value>
</Feature>
<Feature>
  <Name className="java.lang.String">orgType</Name>
  <Value className="java.lang.String">company</Value>
</Feature>
</Annotation>
<Annotation Id="7" Type="Organization" StartNode="1689" EndNode="1697">
</Annotation>
<Annotation Id="49" Type="Organization" StartNode="29" EndNode="36">
<Feature>
  <Name className="java.lang.String">rule1</Name>
  <Value className="java.lang.String">GazOrganization</Value>
</Feature>
<Feature>
  <Name className="java.lang.String">rule2</Name>
  <Value className="java.lang.String">OrgFinal</Value>
</Feature>
<Feature>
  <Name className="java.lang.String">orgType</Name>
  <Value className="java.lang.String">company</Value>
</Feature>
</Annotation>
<Annotation Id="22" Type="Organization" StartNode="372" EndNode="386">
</Annotation>
<Annotation Id="53" Type="Money" StartNode="475" EndNode="481">
</Annotation>
<Annotation Id="9" Type="Money" StartNode="1332" EndNode="1337">
</Annotation>
<Annotation Id="21" Type="Money" StartNode="422" EndNode="428">
</Annotation>
<Annotation Id="33" Type="Organization" StartNode="1181" EndNode="1189">
<Feature>
  <Name className="java.lang.String">rule1</Name>
  <Value className="java.lang.String">GazOrganization</Value>
</Feature>
<Feature>
  <Name className="java.lang.String">rule2</Name>
  <Value className="java.lang.String">OrgFinal</Value>
</Feature>
<Feature>
  <Name className="java.lang.String">orgType</Name>
  <Value className="java.lang.String">company</Value>
</Feature>
</Annotation>
<Annotation Id="6" Type="Money" StartNode="1722" EndNode="1728">
</Annotation>
<Annotation Id="52" Type="Money" StartNode="154" EndNode="160">
<Feature>
  <Name className="java.lang.String">rule</Name>
  <Value className="java.lang.String">MoneySymbolUnit</Value>
</Feature>
<Feature>
  <Name className="java.lang.String">kind</Name>
  <Value className="java.lang.String">number</Value>
</Feature>
</Annotation>
<Annotation Id="24" Type="Organization" StartNode="202" EndNode="216">
</Annotation>
<Annotation Id="42" Type="Date" StartNode="590" EndNode="597">
<Feature>
  <Name className="java.lang.String">rule1</Name>
  <Value className="java.lang.String">DateName</Value>
</Feature>
<Feature>
  <Name className="java.lang.String">rule2</Name>
  <Value className="java.lang.String">DateOnlyFinal</Value>
</Feature>
<Feature>
  <Name className="java.lang.String">kind</Name>
  <Value className="java.lang.String">date</Value>
</Feature>
</Annotation>
<Annotation Id="4" Type="Date" StartNode="495" EndNode="504">
<Feature>
  <Name className="java.lang.String">kind</Name>
  <Value className="java.lang.String">date</Value>
</Feature>
</Annotation>
<Annotation Id="19" Type="Organization" StartNode="637" EndNode="641">
</Annotation>
<Annotation Id="36" Type="Person" StartNode="973" EndNode="985">
<Feature>
  <Name className="java.lang.String">rule</Name>
  <Value className="java.lang.String">PersonFinal</Value>
</Feature>
<Feature>
  <Name className="java.lang.String">gender</Name>
  <Value className="java.lang.String">male</Value>
</Feature>
<Feature>
  <Name className="java.lang.String">rule1</Name>
  <Value className="java.lang.String">PersonTitleGender</Value>
</Feature>
</Annotation>
<Annotation Id="26" Type="Organization" StartNode="54" EndNode="68">
</Annotation>
<Annotation Id="11" Type="Money" StartNode="1124" EndNode="1132">
</Annotation>
<Annotation Id="50" Type="Percent" StartNode="1367" EndNode="1378">
<Feature>
  <Name className="java.lang.String">e</Name>
  <Value className="java.lang.String">PercentBasic</Value>
</Feature>
</Annotation>
<Annotation Id="39" Type="Person" StartNode="782" EndNode="794">
<Feature>
  <Name className="java.lang.String">rule</Name>
  <Value className="java.lang.String">PersonFinal</Value>
</Feature>
<Feature>
  <Name className="java.lang.String">gender</Name>
  <Value className="java.lang.String">male</Value>
</Feature>
<Feature>
  <Name className="java.lang.String">rule1</Name>
  <Value className="java.lang.String">PersonTitleGender</Value>
</Feature>
</Annotation>
<Annotation Id="45" Type="Organization" StartNode="359" EndNode="367">
<Feature>
  <Name className="java.lang.String">rule1</Name>
  <Value className="java.lang.String">GazOrganization</Value>
</Feature>
<Feature>
  <Name className="java.lang.String">rule2</Name>
  <Value className="java.lang.String">OrgFinal</Value>
</Feature>
<Feature>
  <Name className="java.lang.String">orgType</Name>
  <Value className="java.lang.String">company</Value>
</Feature>
</Annotation>
<Annotation Id="20" Type="Organization" StartNode="449" EndNode="463">
</Annotation>
<Annotation Id="46" Type="Organization" StartNode="308" EndNode="316">
<Feature>
  <Name className="java.lang.String">rule1</Name>
  <Value className="java.lang.String">GazOrganization</Value>
</Feature>
<Feature>
  <Name className="java.lang.String">rule2</Name>
  <Value className="java.lang.String">OrgFinal</Value>
</Feature>
<Feature>
  <Name className="java.lang.String">orgType</Name>
  <Value className="java.lang.String">company</Value>
</Feature>
</Annotation>
<Annotation Id="25" Type="Money" StartNode="146" EndNode="152">
</Annotation>
<Annotation Id="10" Type="Money" StartNode="1279" EndNode="1284">
</Annotation>
<Annotation Id="5" Type="Date" StartNode="118" EndNode="128">
<Feature>
  <Name className="java.lang.String">kind</Name>
  <Value className="java.lang.String">date</Value>
</Feature>
</Annotation>
<Annotation Id="0" Type="Organization" StartNode="1427" EndNode="1435">
</Annotation>
</AnnotationSet>
<!-- Named annotation set -->

<AnnotationSet Name="Original markups" >
<Annotation Id="54" Type="TEXT" StartNode="0" EndNode="1796">
</Annotation>
</AnnotationSet>
</GateDocument>