<?xml version="1.0" encoding="windows-1252" ?>
<GateDocument>
<!-- The document's features-->

<GateDocumentFeatures>
<Feature>
  <Name className="java.lang.String">entitySet</Name>
  <Value className="java.lang.String">==== FILE: /Z:/Corpus/gu-city-diary-10-aug-2001.html
</Value>
</Feature>
<Feature>
  <Name className="java.lang.String">gate.SourceURL</Name>
  <Value className="java.lang.String">file:/Z:/Corpus/gu-city-diary-10-aug-2001.html</Value>
</Feature>
<Feature>
  <Name className="java.lang.String">gate.NAME</Name>
  <Value className="java.lang.String">doc3</Value>
</Feature>
<Feature>
  <Name className="java.lang.String">MimeType</Name>
  <Value className="java.lang.String">text/html</Value>
</Feature>
</GateDocumentFeatures>
<!-- The document content area with serialized nodes -->

<TextWithNodes><Node id="0"/> The open-outcry pits, where brightly striped traders used to shout orders, have been silent in the <Node id="102"/>City<Node id="106"/> since the <Node id="117"/>London International Financial Futures Exchange<Node id="164"/> switched over to screen-based trading some time ago. Now comes unsettling news that even humans using keyboards may be a thing of the past: New Scientist reports that robots have outperformed humans in trading. <Node id="376"/>IBM<Node id="379"/>&apos;s research centre in <Node id="401"/>Hawthorne<Node id="410"/>, <Node id="412"/>New York<Node id="420"/>, ran a test that pitted six robotic trading agents against live commodity traders in a simulated auction. The result was that the robots made the most profitable trades - earning <Node id="600"/>7%<Node id="602"/> more than the humans. According to <Node id="638"/>IBM<Node id="641"/>, the software-based traders used basic strategies: some making better offers incrementally, while the more successful version tried to work out the best price by calculating its probability of success. What the test doesn&apos;t tell us is if the robots also blow their annual bonuses on buying Ferraris and champagne in <Node id="958"/>Soho<Node id="962"/> strip clubs.
<Node id="976"/> Another example of the service-based culture that has transformed this country in recent years. A colleague rings the <Node id="1097"/>British Museum<Node id="1111"/> to ask what time the <Node id="1133"/>Norman Foster<Node id="1146"/> exhibition closes one evening. &quot;I don&apos;t know,&quot; came the reply. &quot;The closures department would deal with that - and they&apos;re closed.&quot;<Node id="1278"/>

<Node id="1280"/> Here&apos;s more news to send fear through the <Node id="1325"/>City<Node id="1329"/> - or at least through those inhabitants who use the hand-held personal digital assistants that have been so fashionable in recent years. A lawsuit filed on <Node id="1486"/>Wednesday<Node id="1495"/> in a <Node id="1501"/>San Francisco<Node id="1514"/> court claims that <Node id="1533"/>Palm<Node id="1537"/> Pilot handhelds can damage computers - including destroying an individual PC&apos;s motherboard - when they exchange information.This is news that <Node id="1680"/>Palm<Node id="1684"/> needs like a kick in the throat - having sold 13m handhelds, the company has seen its market share erode from <Node id="1795"/>50%<Node id="1798"/> <Node id="1799"/>last year<Node id="1808"/> to <Node id="1812"/>26%<Node id="1815"/> <Node id="1816"/>this year<Node id="1825"/>. Static may be the cause of the problem, when the <Node id="1876"/>Palm<Node id="1880"/> is plugged into its cradle.<Node id="1908"/>

<Node id="1910"/> <Node id="1913"/>Freeserve<Node id="1922"/> is still banging away against rival internet service provider <Node id="1985"/>AOL<Node id="1988"/>, which doesn&apos;t pay VAT in <Node id="2015"/>Britain<Node id="2022"/> because its hardware is based in the <Node id="2060"/>US<Node id="2062"/>. The campaign reached a nasty pitch with a press release from <Node id="2125"/>Freeserve<Node id="2134"/> <Node id="2135"/>yesterday<Node id="2144"/> suggesting the government could spend more money on the <Node id="2201"/>NHS<Node id="2204"/> by forcing <Node id="2216"/>AOL<Node id="2219"/> to pay VAT. &quot;<Node id="2233"/>Freeserve<Node id="2242"/> ... is urging British consumers to choose ISPs that pay VAT as the money could then be used by the <Node id="2342"/>Treasury<Node id="2350"/> to fund essential services.&quot; So - log on to <Node id="2395"/>AOL<Node id="2398"/> and have blood on your hands?<Node id="2428"/>

<Node id="2430"/> I ring <Node id="2440"/>Freeserve<Node id="2449"/> on a more pressing matter: is the man looking worried in the <Node id="2511"/>Freeserve<Node id="2520"/> ads appearing in all newspapers actually <Node id="2562"/>John Pluthero<Node id="2575"/>, <Node id="2577"/>Freeserve<Node id="2586"/>&apos;s chief executive? &quot;No, it&apos;s not, although it does look like him,&quot; says <Node id="2659"/>Nadia Schofield<Node id="2674"/>, from the back of a cab, no doubt on her way to perform life-saving surgery. &quot;Can I tell you a secret?&quot; she asks. Yes, we&apos;re all friends here. &quot;When <Node id="2824"/>John<Node id="2828"/> saw the ads, he thought it looked like him as well.&quot; Thank you <Node id="2892"/>Nadia<Node id="2897"/>.<Node id="2898"/>

<Node id="2900"/> There&apos;s still time to enter the <Node id="2935"/>City<Node id="2939"/> Diary Inaugural Readers <Node id="2964"/>Summer<Node id="2970"/> Competition, and judging by the quality of entries, first prize of a case of wine - donated by <Node id="3066"/>Virgin Wines Online<Node id="3085"/>&apos;s chief executive <Node id="3104"/>Rowan Gormley<Node id="3117"/> - is still up for grabs. For some reason this competition - complete the sentence &quot;<Node id="3201"/>Richard Branson<Node id="3216"/> is the world&apos;s biggest ...&quot; in three words or less - appeals to the basest instincts of our readers. Take <Node id="3323"/>Don Feasey<Node id="3333"/>: he sent a perfectly sensible entry, &quot;<Node id="3372"/>Richard Branson<Node id="3387"/> is the world&apos;s biggest PR&quot;. But then he has to spoil it by adding the letters &quot;CK&quot; after the full stop. Less helpfully, <Node id="3508"/>John Richards<Node id="3521"/> of <Node id="3525"/>St Ives<Node id="3532"/> writes to ask: &quot;Never mind the caption, how did <Node id="3581"/>Virgin Wines<Node id="3593"/> get their wine to you so fast? Not sent by <Node id="3637"/>Virgin<Node id="3643"/> trains, that&apos;s for sure!&quot; Really, I can&apos;t allow our sponsors to be abused like this. Send entries to the usual address here.<Node id="3768"/></TextWithNodes>
<!-- The default annotation set -->

<AnnotationSet>
</AnnotationSet>
<!-- Named annotation set -->

<AnnotationSet Name="Key" >
<Annotation Id="15" Type="Organization" StartNode="3637" EndNode="3643">
<Feature>
  <Name className="java.lang.String">rule1</Name>
  <Value className="java.lang.String">GazOrganization</Value>
</Feature>
<Feature>
  <Name className="java.lang.String">rule2</Name>
  <Value className="java.lang.String">OrgFinal</Value>
</Feature>
<Feature>
  <Name className="java.lang.String">orgType</Name>
  <Value className="java.lang.String">company</Value>
</Feature>
</Annotation>
<Annotation Id="30" Type="Person" StartNode="1133" EndNode="1146">
<Feature>
  <Name className="java.lang.String">rule</Name>
  <Value className="java.lang.String">PersonFinal</Value>
</Feature>
<Feature>
  <Name className="java.lang.String">gender</Name>
  <Value className="java.lang.String">male</Value>
</Feature>
<Feature>
  <Name className="java.lang.String">rule1</Name>
  <Value className="java.lang.String">PersonFull</Value>
</Feature>
</Annotation>
<Annotation Id="43" Type="Date" StartNode="1799" EndNode="1808">
<Feature>
  <Name className="java.lang.String">kind</Name>
  <Value className="java.lang.String">date</Value>
</Feature>
</Annotation>
<Annotation Id="16" Type="Person" StartNode="3508" EndNode="3521">
<Feature>
  <Name className="java.lang.String">rule</Name>
  <Value className="java.lang.String">PersonFinal</Value>
</Feature>
<Feature>
  <Name className="java.lang.String">gender</Name>
  <Value className="java.lang.String">male</Value>
</Feature>
<Feature>
  <Name className="java.lang.String">rule1</Name>
  <Value className="java.lang.String">PersonFull</Value>
</Feature>
</Annotation>
<Annotation Id="31" Type="Organization" StartNode="638" EndNode="641">
<Feature>
  <Name className="java.lang.String">rule1</Name>
  <Value className="java.lang.String">GazOrganization</Value>
</Feature>
<Feature>
  <Name className="java.lang.String">rule2</Name>
  <Value className="java.lang.String">OrgFinal</Value>
</Feature>
<Feature>
  <Name className="java.lang.String">orgType</Name>
  <Value className="java.lang.String">company</Value>
</Feature>
</Annotation>
<Annotation Id="48" Type="Date" StartNode="2135" EndNode="2144">
</Annotation>
<Annotation Id="32" Type="Location" StartNode="412" EndNode="420">
<Feature>
  <Name className="java.lang.String">rule1</Name>
  <Value className="java.lang.String">GazLocation</Value>
</Feature>
<Feature>
  <Name className="java.lang.String">rule2</Name>
  <Value className="java.lang.String">LocFinal</Value>
</Feature>
<Feature>
  <Name className="java.lang.String">locType</Name>
  <Value className="java.lang.String">city</Value>
</Feature>
</Annotation>
<Annotation Id="34" Type="Percent" StartNode="1812" EndNode="1815">
<Feature>
  <Name className="java.lang.String">rule</Name>
  <Value className="java.lang.String">PercentBasic</Value>
</Feature>
</Annotation>
<Annotation Id="41" Type="Organization" StartNode="2511" EndNode="2520">
</Annotation>
<Annotation Id="1" Type="Organization" StartNode="1533" EndNode="1537">
</Annotation>
<Annotation Id="29" Type="Date" StartNode="1486" EndNode="1495">
<Feature>
  <Name className="java.lang.String">rule1</Name>
  <Value className="java.lang.String">GazDate</Value>
</Feature>
<Feature>
  <Name className="java.lang.String">rule2</Name>
  <Value className="java.lang.String">DateOnlyFinal</Value>
</Feature>
<Feature>
  <Name className="java.lang.String">kind</Name>
  <Value className="java.lang.String">date</Value>
</Feature>
</Annotation>
<Annotation Id="14" Type="Person" StartNode="3104" EndNode="3117">
<Feature>
  <Name className="java.lang.String">rule</Name>
  <Value className="java.lang.String">NameContext1</Value>
</Feature>
</Annotation>
<Annotation Id="47" Type="Location" StartNode="1097" EndNode="1111">
</Annotation>
<Annotation Id="18" Type="Person" StartNode="3201" EndNode="3216">
<Feature>
  <Name className="java.lang.String">rule</Name>
  <Value className="java.lang.String">PersonFinal</Value>
</Feature>
<Feature>
  <Name className="java.lang.String">gender</Name>
  <Value className="java.lang.String">male</Value>
</Feature>
<Feature>
  <Name className="java.lang.String">rule1</Name>
  <Value className="java.lang.String">PersonFull</Value>
</Feature>
</Annotation>
<Annotation Id="3" Type="Date" StartNode="2964" EndNode="2970">
<Feature>
  <Name className="java.lang.String">kind</Name>
  <Value className="java.lang.String">date</Value>
</Feature>
</Annotation>
<Annotation Id="12" Type="Location" StartNode="401" EndNode="410">
</Annotation>
<Annotation Id="27" Type="Organization" StartNode="1985" EndNode="1988">
<Feature>
  <Name className="java.lang.String">rule1</Name>
  <Value className="java.lang.String">GazOrganization</Value>
</Feature>
<Feature>
  <Name className="java.lang.String">rule2</Name>
  <Value className="java.lang.String">OrgFinal</Value>
</Feature>
<Feature>
  <Name className="java.lang.String">orgType</Name>
  <Value className="java.lang.String">company</Value>
</Feature>
</Annotation>
<Annotation Id="44" Type="Location" StartNode="1325" EndNode="1329">
</Annotation>
<Annotation Id="17" Type="Person" StartNode="3372" EndNode="3387">
<Feature>
  <Name className="java.lang.String">rule</Name>
  <Value className="java.lang.String">PersonFinal</Value>
</Feature>
<Feature>
  <Name className="java.lang.String">gender</Name>
  <Value className="java.lang.String">male</Value>
</Feature>
<Feature>
  <Name className="java.lang.String">rule1</Name>
  <Value className="java.lang.String">PersonFull</Value>
</Feature>
</Annotation>
<Annotation Id="2" Type="Location" StartNode="3525" EndNode="3532">
</Annotation>
<Annotation Id="13" Type="Organization" StartNode="117" EndNode="164">
</Annotation>
<Annotation Id="28" Type="Location" StartNode="1501" EndNode="1514">
<Feature>
  <Name className="java.lang.String">rule1</Name>
  <Value className="java.lang.String">GazLocation</Value>
</Feature>
<Feature>
  <Name className="java.lang.String">rule2</Name>
  <Value className="java.lang.String">LocFinal</Value>
</Feature>
<Feature>
  <Name className="java.lang.String">locType</Name>
  <Value className="java.lang.String">city</Value>
</Feature>
</Annotation>
<Annotation Id="38" Type="Organization" StartNode="1876" EndNode="1880">
</Annotation>
<Annotation Id="37" Type="Organization" StartNode="1680" EndNode="1684">
</Annotation>
<Annotation Id="8" Type="Organization" StartNode="3581" EndNode="3593">
</Annotation>
<Annotation Id="23" Type="Organization" StartNode="2395" EndNode="2398">
<Feature>
  <Name className="java.lang.String">rule1</Name>
  <Value className="java.lang.String">GazOrganization</Value>
</Feature>
<Feature>
  <Name className="java.lang.String">rule2</Name>
  <Value className="java.lang.String">OrgFinal</Value>
</Feature>
<Feature>
  <Name className="java.lang.String">orgType</Name>
  <Value className="java.lang.String">company</Value>
</Feature>
</Annotation>
<Annotation Id="40" Type="Organization" StartNode="2440" EndNode="2449">
</Annotation>
<Annotation Id="35" Type="Percent" StartNode="1795" EndNode="1798">
<Feature>
  <Name className="java.lang.String">rule</Name>
  <Value className="java.lang.String">PercentBasic</Value>
</Feature>
</Annotation>
<Annotation Id="7" Type="Location" StartNode="958" EndNode="962">
</Annotation>
<Annotation Id="22" Type="Person" StartNode="2562" EndNode="2575">
<Feature>
  <Name className="java.lang.String">rule</Name>
  <Value className="java.lang.String">PersonFinal</Value>
</Feature>
<Feature>
  <Name className="java.lang.String">gender</Name>
  <Value className="java.lang.String">male</Value>
</Feature>
<Feature>
  <Name className="java.lang.String">rule1</Name>
  <Value className="java.lang.String">PersonFull</Value>
</Feature>
</Annotation>
<Annotation Id="9" Type="Person" StartNode="3323" EndNode="3333">
</Annotation>
<Annotation Id="21" Type="Person" StartNode="2659" EndNode="2674">
<Feature>
  <Name className="java.lang.String">rule</Name>
  <Value className="java.lang.String">PersonFinal</Value>
</Feature>
<Feature>
  <Name className="java.lang.String">gender</Name>
  <Value className="java.lang.String">female</Value>
</Feature>
<Feature>
  <Name className="java.lang.String">rule1</Name>
  <Value className="java.lang.String">PersonFull</Value>
</Feature>
</Annotation>
<Annotation Id="33" Type="Organization" StartNode="376" EndNode="379">
<Feature>
  <Name className="java.lang.String">rule1</Name>
  <Value className="java.lang.String">GazOrganization</Value>
</Feature>
<Feature>
  <Name className="java.lang.String">rule2</Name>
  <Value className="java.lang.String">OrgFinal</Value>
</Feature>
<Feature>
  <Name className="java.lang.String">orgType</Name>
  <Value className="java.lang.String">company</Value>
</Feature>
</Annotation>
<Annotation Id="6" Type="Organization" StartNode="1913" EndNode="1922">
</Annotation>
<Annotation Id="24" Type="Organization" StartNode="2216" EndNode="2219">
<Feature>
  <Name className="java.lang.String">rule1</Name>
  <Value className="java.lang.String">GazOrganization</Value>
</Feature>
<Feature>
  <Name className="java.lang.String">rule2</Name>
  <Value className="java.lang.String">OrgFinal</Value>
</Feature>
<Feature>
  <Name className="java.lang.String">orgType</Name>
  <Value className="java.lang.String">company</Value>
</Feature>
</Annotation>
<Annotation Id="42" Type="Location" StartNode="2935" EndNode="2939">
</Annotation>
<Annotation Id="4" Type="Organization" StartNode="2342" EndNode="2350">
</Annotation>
<Annotation Id="19" Type="Person" StartNode="2892" EndNode="2897">
<Feature>
  <Name className="java.lang.String">rule</Name>
  <Value className="java.lang.String">PersonFinal</Value>
</Feature>
<Feature>
  <Name className="java.lang.String">gender</Name>
  <Value className="java.lang.String">female</Value>
</Feature>
<Feature>
  <Name className="java.lang.String">rule1</Name>
  <Value className="java.lang.String">GazPersonFirst</Value>
</Feature>
</Annotation>
<Annotation Id="36" Type="Percent" StartNode="600" EndNode="602">
<Feature>
  <Name className="java.lang.String">rule</Name>
  <Value className="java.lang.String">PercentBasic</Value>
</Feature>
</Annotation>
<Annotation Id="26" Type="Location" StartNode="2015" EndNode="2022">
<Feature>
  <Name className="java.lang.String">rule1</Name>
  <Value className="java.lang.String">GazLocation</Value>
</Feature>
<Feature>
  <Name className="java.lang.String">rule2</Name>
  <Value className="java.lang.String">LocFinal</Value>
</Feature>
<Feature>
  <Name className="java.lang.String">locType</Name>
  <Value className="java.lang.String">country</Value>
</Feature>
</Annotation>
<Annotation Id="11" Type="Organization" StartNode="2201" EndNode="2204">
</Annotation>
<Annotation Id="39" Type="Organization" StartNode="2577" EndNode="2586">
</Annotation>
<Annotation Id="45" Type="Date" StartNode="1816" EndNode="1825">
<Feature>
  <Name className="java.lang.String">kind</Name>
  <Value className="java.lang.String">date</Value>
</Feature>
</Annotation>
<Annotation Id="20" Type="Person" StartNode="2824" EndNode="2828">
<Feature>
  <Name className="java.lang.String">rule</Name>
  <Value className="java.lang.String">PersonFinal</Value>
</Feature>
<Feature>
  <Name className="java.lang.String">gender</Name>
  <Value className="java.lang.String">male</Value>
</Feature>
<Feature>
  <Name className="java.lang.String">rule1</Name>
  <Value className="java.lang.String">GazPersonFirst</Value>
</Feature>
</Annotation>
<Annotation Id="46" Type="Location" StartNode="102" EndNode="106">
</Annotation>
<Annotation Id="25" Type="Location" StartNode="2060" EndNode="2062">
<Feature>
  <Name className="java.lang.String">rule1</Name>
  <Value className="java.lang.String">GazLocation</Value>
</Feature>
<Feature>
  <Name className="java.lang.String">rule2</Name>
  <Value className="java.lang.String">LocFinal</Value>
</Feature>
<Feature>
  <Name className="java.lang.String">locType</Name>
  <Value className="java.lang.String">country</Value>
</Feature>
</Annotation>
<Annotation Id="10" Type="Organization" StartNode="3066" EndNode="3085">
</Annotation>
<Annotation Id="5" Type="Organization" StartNode="2125" EndNode="2134">
</Annotation>
<Annotation Id="0" Type="Organization" StartNode="2233" EndNode="2242">
</Annotation>
</AnnotationSet>
<!-- Named annotation set -->

<AnnotationSet Name="Original markups" >
<Annotation Id="62" Type="html" StartNode="0" EndNode="3768">
</Annotation>
<Annotation Id="72" Type="p" StartNode="976" EndNode="1278">
</Annotation>
<Annotation Id="71" Type="p" StartNode="1280" EndNode="1908">
</Annotation>
<Annotation Id="59" Type="body" StartNode="0" EndNode="3768">
<Feature>
  <Name className="java.lang.String">bgcolor</Name>
  <Value className="java.lang.String">#FFFFFF</Value>
</Feature>
</Annotation>
<Annotation Id="73" Type="font" StartNode="0" EndNode="3768">
<Feature>
  <Name className="java.lang.String">face</Name>
  <Value className="java.lang.String">Geneva,Arial,sans-serif</Value>
</Feature>
<Feature>
  <Name className="java.lang.String">size</Name>
  <Value className="java.lang.String">2</Value>
</Feature>
</Annotation>
<Annotation Id="70" Type="p" StartNode="1910" EndNode="2428">
</Annotation>
<Annotation Id="68" Type="p" StartNode="2900" EndNode="3768">
</Annotation>
<Annotation Id="77" Type="TEXT" StartNode="0" EndNode="3768">
</Annotation>
<Annotation Id="74" Type="p" StartNode="0" EndNode="3768">
</Annotation>
<Annotation Id="56" Type="font" StartNode="0" EndNode="3768">
<Feature>
  <Name className="java.lang.String">face</Name>
  <Value className="java.lang.String">Arial,Helvetica,sans-serif</Value>
</Feature>
<Feature>
  <Name className="java.lang.String">size</Name>
  <Value className="java.lang.String">3</Value>
</Feature>
</Annotation>
<Annotation Id="69" Type="p" StartNode="2430" EndNode="2898">
</Annotation>
</AnnotationSet>
</GateDocument>