<?xml version="1.0" encoding="windows-1252" ?>
<GateDocument>
<!-- The document's features-->

<GateDocumentFeatures>
<Feature>
  <Name className="java.lang.String">entitySet</Name>
  <Value className="java.lang.String">==== FILE: /Z:/Corpus/gu-ECB-07-aug-2001.html
</Value>
</Feature>
<Feature>
  <Name className="java.lang.String">gate.SourceURL</Name>
  <Value className="java.lang.String">file:/Z:/Corpus/gu-ECB-07-aug-2001.html</Value>
</Feature>
<Feature>
  <Name className="java.lang.String">gate.NAME</Name>
  <Value className="java.lang.String">doc6</Value>
</Feature>
<Feature>
  <Name className="java.lang.String">MimeType</Name>
  <Value className="java.lang.String">text/html</Value>
</Feature>
</GateDocumentFeatures>
<!-- The document content area with serialized nodes -->

<TextWithNodes><Node id="0"/>European Central Bank<Node id="21"/> chief economist <Node id="38"/>Ottmar Issing<Node id="51"/> <Node id="52"/>yesterday<Node id="61"/> defended <Node id="71"/>last week<Node id="80"/>&apos;s decision to leave interest rates on hold, claiming that the present level was keeping inflation in check without curbing growth in the 12-nation single currency zone.
<Node id="250"/>He urged governments not to relax efforts to balance their budgets despite slowing global growth.<Node id="347"/>

<Node id="349"/>The <Node id="353"/>ECB<Node id="356"/>&apos;s decision not to cut rates <Node id="385"/>last Thursday<Node id="398"/> stood out in marked contrast to the decision of the <Node id="451"/>Bank of England<Node id="466"/>&apos;s monetary policy committee which took financial markets by surprise by cutting its repo rate from <Node id="566"/>5.25%<Node id="571"/> t0 <Node id="575"/>5%<Node id="577"/>.<Node id="578"/>

<Node id="580"/>The <Node id="584"/>Bank of England<Node id="599"/>&apos;s monetary policy committee cited worries about the impact of global woes on the <Node id="681"/>UK<Node id="683"/> economy as a key reason for its decision.<Node id="725"/>

<Node id="727"/>In an interview with the Italian newspaper Corriere della Sera, <Node id="791"/>yesterday<Node id="800"/>, <Node id="802"/>Mr Issing<Node id="811"/> said the <Node id="821"/>ECB<Node id="824"/>&apos;s monetary policy was &quot;not restrictive&quot;. He said: &quot;The short and long term real interest rates are still quite low and are not putting any break on growth.&quot;<Node id="981"/>

<Node id="983"/>Mr Issing<Node id="992"/> underlined the extent to which the bank&apos;s policy making is shaped by worries about inflation. He compared inflation to &quot;a dragon, always ready to come back to life.&quot;<Node id="1158"/>

<Node id="1160"/>He said: &quot;It is true that prices have fallen and that the downward trend will continue, but inflation is still close to <Node id="1280"/>3%<Node id="1282"/>. There is still a long way to go to get it back to a level we consider necessary to have stability - <Node id="1384"/>2%<Node id="1386"/>.&quot;<Node id="1388"/>

<Node id="1390"/>He argued that though the eurozone would be affected by the slowdown in the <Node id="1466"/>US<Node id="1468"/> there were signs that the worst could be over. &quot;There is reason to believe consumption is picking as the year goes on, thanks to tax cuts in some countries and that there is space for the economy to pick up in <Node id="1679"/>2002<Node id="1683"/>.<Node id="1684"/>

<Node id="1686"/>&quot;<Node id="1687"/>Europe<Node id="1693"/>&apos;s economy is now growing faster than the <Node id="1735"/>US<Node id="1737"/> - something we have not seen for a long time - so the eurozone is in a better situation than <Node id="1831"/>America<Node id="1838"/>.&quot;<Node id="1840"/>

<Node id="1842"/>The bank - which has cut rates only once <Node id="1883"/>this year<Node id="1892"/>, compared to six cuts by the <Node id="1922"/>US Federal Reserve<Node id="1940"/> and four by the <Node id="1957"/>Bank of England<Node id="1972"/> - is likely to remain under pressure to ease borrowing costs.<Node id="2034"/>

<Node id="2036"/>The next meeting of its interest-rate-setting governing council is scheduled for the <Node id="2121"/>end of the month<Node id="2137"/>, with analysts speculating that the bank could cut rates then or in <Node id="2206"/>September<Node id="2215"/>.<Node id="2216"/>

<Node id="2218"/>The <Node id="2222"/>ECB<Node id="2225"/>&apos;s chief economist insisted that government&apos;s should remain determined to keep their budget deficits under firm control.<Node id="2345"/>

<Node id="2347"/>&quot;Above all, we must keep to the stability pact, which targets getting budgets balanced or into surplus in the medium term. It is important we do not put off balancing budgets indefinitely.&quot;<Node id="2536"/>

<Node id="2538"/>He stopped short of advocating curbs on government expenditure, saying: &quot;Nobody favours a policy of spending cuts during an economic slowdown.&quot;<Node id="2681"/></TextWithNodes>
<!-- The default annotation set -->

<AnnotationSet>
</AnnotationSet>
<!-- Named annotation set -->

<AnnotationSet Name="Key" >
<Annotation Id="15" Type="Person" StartNode="983" EndNode="992">
<Feature>
  <Name className="java.lang.String">rule</Name>
  <Value className="java.lang.String">PersonFinal</Value>
</Feature>
<Feature>
  <Name className="java.lang.String">gender</Name>
  <Value className="java.lang.String">male</Value>
</Feature>
<Feature>
  <Name className="java.lang.String">rule1</Name>
  <Value className="java.lang.String">PersonTitleGender</Value>
</Feature>
</Annotation>
<Annotation Id="8" Type="Date" StartNode="2206" EndNode="2215">
<Feature>
  <Name className="java.lang.String">rule1</Name>
  <Value className="java.lang.String">GazDate</Value>
</Feature>
<Feature>
  <Name className="java.lang.String">rule2</Name>
  <Value className="java.lang.String">DateOnlyFinal</Value>
</Feature>
<Feature>
  <Name className="java.lang.String">kind</Name>
  <Value className="java.lang.String">date</Value>
</Feature>
</Annotation>
<Annotation Id="23" Type="Date" StartNode="71" EndNode="80">
<Feature>
  <Name className="java.lang.String">kind</Name>
  <Value className="java.lang.String">date</Value>
</Feature>
</Annotation>
<Annotation Id="16" Type="Person" StartNode="802" EndNode="811">
<Feature>
  <Name className="java.lang.String">rule</Name>
  <Value className="java.lang.String">PersonFinal</Value>
</Feature>
<Feature>
  <Name className="java.lang.String">gender</Name>
  <Value className="java.lang.String">male</Value>
</Feature>
<Feature>
  <Name className="java.lang.String">rule1</Name>
  <Value className="java.lang.String">PersonTitleGender</Value>
</Feature>
</Annotation>
<Annotation Id="7" Type="Organization" StartNode="0" EndNode="21">
</Annotation>
<Annotation Id="22" Type="Date" StartNode="52" EndNode="61">
<Feature>
  <Name className="java.lang.String">kind</Name>
  <Value className="java.lang.String">date</Value>
</Feature>
</Annotation>
<Annotation Id="9" Type="Organization" StartNode="1922" EndNode="1940">
<Feature>
  <Name className="java.lang.String">rule1</Name>
  <Value className="java.lang.String">OrgXKey</Value>
</Feature>
<Feature>
  <Name className="java.lang.String">rule2</Name>
  <Value className="java.lang.String">OrgFinal</Value>
</Feature>
<Feature>
  <Name className="java.lang.String">orgType</Name>
  <Value className="java.lang.String">unknown</Value>
</Feature>
</Annotation>
<Annotation Id="21" Type="Percent" StartNode="566" EndNode="571">
<Feature>
  <Name className="java.lang.String">rule</Name>
  <Value className="java.lang.String">PercentBasic</Value>
</Feature>
</Annotation>
<Annotation Id="6" Type="Person" StartNode="38" EndNode="51">
</Annotation>
<Annotation Id="1" Type="Organization" StartNode="1957" EndNode="1972">
</Annotation>
<Annotation Id="14" Type="Location" StartNode="1466" EndNode="1468">
<Feature>
  <Name className="java.lang.String">rule1</Name>
  <Value className="java.lang.String">GazLocation</Value>
</Feature>
<Feature>
  <Name className="java.lang.String">rule2</Name>
  <Value className="java.lang.String">LocFinal</Value>
</Feature>
<Feature>
  <Name className="java.lang.String">locType</Name>
  <Value className="java.lang.String">country</Value>
</Feature>
</Annotation>
<Annotation Id="24" Type="Date" StartNode="791" EndNode="800">
<Feature>
  <Name className="java.lang.String">kind</Name>
  <Value className="java.lang.String">date</Value>
</Feature>
</Annotation>
<Annotation Id="4" Type="Organization" StartNode="451" EndNode="466">
</Annotation>
<Annotation Id="19" Type="Percent" StartNode="1280" EndNode="1282">
<Feature>
  <Name className="java.lang.String">rule</Name>
  <Value className="java.lang.String">PercentBasic</Value>
</Feature>
</Annotation>
<Annotation Id="26" Type="Date" StartNode="2121" EndNode="2137">
<Feature>
  <Name className="java.lang.String">kind</Name>
  <Value className="java.lang.String">date</Value>
</Feature>
</Annotation>
<Annotation Id="11" Type="Location" StartNode="1735" EndNode="1737">
<Feature>
  <Name className="java.lang.String">rule1</Name>
  <Value className="java.lang.String">GazLocation</Value>
</Feature>
<Feature>
  <Name className="java.lang.String">rule2</Name>
  <Value className="java.lang.String">LocFinal</Value>
</Feature>
<Feature>
  <Name className="java.lang.String">locType</Name>
  <Value className="java.lang.String">country</Value>
</Feature>
</Annotation>
<Annotation Id="18" Type="Percent" StartNode="1384" EndNode="1386">
<Feature>
  <Name className="java.lang.String">rule</Name>
  <Value className="java.lang.String">PercentBasic</Value>
</Feature>
</Annotation>
<Annotation Id="3" Type="Organization" StartNode="584" EndNode="599">
</Annotation>
<Annotation Id="12" Type="Location" StartNode="1687" EndNode="1693">
<Feature>
  <Name className="java.lang.String">rule1</Name>
  <Value className="java.lang.String">GazLocation</Value>
</Feature>
<Feature>
  <Name className="java.lang.String">rule2</Name>
  <Value className="java.lang.String">LocFinal</Value>
</Feature>
<Feature>
  <Name className="java.lang.String">locType</Name>
  <Value className="java.lang.String">region</Value>
</Feature>
</Annotation>
<Annotation Id="27" Type="Date" StartNode="385" EndNode="398">
</Annotation>
<Annotation Id="17" Type="Location" StartNode="681" EndNode="683">
<Feature>
  <Name className="java.lang.String">rule1</Name>
  <Value className="java.lang.String">GazLocation</Value>
</Feature>
<Feature>
  <Name className="java.lang.String">rule2</Name>
  <Value className="java.lang.String">LocFinal</Value>
</Feature>
<Feature>
  <Name className="java.lang.String">locType</Name>
  <Value className="java.lang.String">country</Value>
</Feature>
</Annotation>
<Annotation Id="2" Type="Organization" StartNode="821" EndNode="824">
</Annotation>
<Annotation Id="13" Type="Date" StartNode="1679" EndNode="1683">
<Feature>
  <Name className="java.lang.String">rule1</Name>
  <Value className="java.lang.String">TempYear2</Value>
</Feature>
<Feature>
  <Name className="java.lang.String">rule2</Name>
  <Value className="java.lang.String">YearOnlyFinal</Value>
</Feature>
<Feature>
  <Name className="java.lang.String">kind</Name>
  <Value className="java.lang.String">date</Value>
</Feature>
</Annotation>
<Annotation Id="20" Type="Percent" StartNode="575" EndNode="577">
<Feature>
  <Name className="java.lang.String">rule</Name>
  <Value className="java.lang.String">PercentBasic</Value>
</Feature>
</Annotation>
<Annotation Id="25" Type="Date" StartNode="1883" EndNode="1892">
<Feature>
  <Name className="java.lang.String">kind</Name>
  <Value className="java.lang.String">date</Value>
</Feature>
</Annotation>
<Annotation Id="10" Type="Location" StartNode="1831" EndNode="1838">
<Feature>
  <Name className="java.lang.String">rule1</Name>
  <Value className="java.lang.String">GazLocation</Value>
</Feature>
<Feature>
  <Name className="java.lang.String">rule2</Name>
  <Value className="java.lang.String">LocFinal</Value>
</Feature>
<Feature>
  <Name className="java.lang.String">locType</Name>
  <Value className="java.lang.String">country</Value>
</Feature>
</Annotation>
<Annotation Id="5" Type="Organization" StartNode="353" EndNode="356">
</Annotation>
<Annotation Id="0" Type="Organization" StartNode="2222" EndNode="2225">
</Annotation>
</AnnotationSet>
<!-- Named annotation set -->

<AnnotationSet Name="Original markups" >
<Annotation Id="40" Type="p" StartNode="727" EndNode="981">
</Annotation>
<Annotation Id="43" Type="p" StartNode="250" EndNode="347">
</Annotation>
<Annotation Id="31" Type="p" StartNode="2538" EndNode="2681">
</Annotation>
<Annotation Id="35" Type="p" StartNode="1842" EndNode="2034">
</Annotation>
<Annotation Id="34" Type="p" StartNode="2036" EndNode="2216">
</Annotation>
<Annotation Id="32" Type="p" StartNode="2347" EndNode="2536">
</Annotation>
<Annotation Id="41" Type="p" StartNode="580" EndNode="725">
</Annotation>
<Annotation Id="33" Type="p" StartNode="2218" EndNode="2345">
</Annotation>
<Annotation Id="61" Type="font" StartNode="0" EndNode="2681">
<Feature>
  <Name className="java.lang.String">face</Name>
  <Value className="java.lang.String">Arial,Helvetica,sans-serif</Value>
</Feature>
<Feature>
  <Name className="java.lang.String">size</Name>
  <Value className="java.lang.String">3</Value>
</Feature>
</Annotation>
<Annotation Id="42" Type="p" StartNode="349" EndNode="578">
</Annotation>
<Annotation Id="68" Type="TEXT" StartNode="0" EndNode="2681">
</Annotation>
<Annotation Id="36" Type="p" StartNode="1686" EndNode="1840">
</Annotation>
<Annotation Id="67" Type="html" StartNode="0" EndNode="2681">
</Annotation>
<Annotation Id="39" Type="p" StartNode="983" EndNode="1158">
</Annotation>
<Annotation Id="44" Type="font" StartNode="0" EndNode="2681">
<Feature>
  <Name className="java.lang.String">face</Name>
  <Value className="java.lang.String">Geneva,Arial,sans-serif</Value>
</Feature>
<Feature>
  <Name className="java.lang.String">size</Name>
  <Value className="java.lang.String">2</Value>
</Feature>
</Annotation>
<Annotation Id="64" Type="body" StartNode="0" EndNode="2681">
<Feature>
  <Name className="java.lang.String">bgcolor</Name>
  <Value className="java.lang.String">#FFFFFF</Value>
</Feature>
</Annotation>
<Annotation Id="45" Type="p" StartNode="0" EndNode="2681">
</Annotation>
<Annotation Id="38" Type="p" StartNode="1160" EndNode="1388">
</Annotation>
<Annotation Id="37" Type="p" StartNode="1390" EndNode="1684">
</Annotation>
</AnnotationSet>
</GateDocument>