<?xml version="1.0" encoding="windows-1252" ?>
<GateDocument>
<!-- The document's features-->

<GateDocumentFeatures>
<Feature>
  <Name className="java.lang.String">entitySet</Name>
  <Value className="java.lang.String">==== FILE: /Z:/Corpus/gu-m&amp;s-10-aug-2001.html
</Value>
</Feature>
<Feature>
  <Name className="java.lang.String">gate.SourceURL</Name>
  <Value className="java.lang.String">file:/Z:/Corpus/gu-m&amp;s-10-aug-2001.html</Value>
</Feature>
<Feature>
  <Name className="java.lang.String">gate.NAME</Name>
  <Value className="java.lang.String">doc5</Value>
</Feature>
<Feature>
  <Name className="java.lang.String">MimeType</Name>
  <Value className="java.lang.String">text/html</Value>
</Feature>
</GateDocumentFeatures>
<!-- The document content area with serialized nodes -->

<TextWithNodes><Node id="0"/>Marks &amp; Spencer<Node id="15"/>&apos;s long-serving head of store design, <Node id="53"/>Charles Jaggard<Node id="68"/>, has left the ailing group and been replaced by a former <Node id="126"/>Habitat<Node id="133"/> designer.
<Node id="144"/>Mr Jaggard<Node id="154"/>, who joined <Node id="167"/>M&amp;S<Node id="170"/> <Node id="171"/>22 years ago<Node id="183"/>, was made redundant <Node id="204"/>last week<Node id="213"/> as &quot;part of a marketing restructuring&quot;, said a spokeswoman for <Node id="277"/>M&amp;S<Node id="280"/>.<Node id="281"/>

<Node id="283"/>Updating the look of the <Node id="308"/>M&amp;S<Node id="311"/> shopfloors - which have been criticised as dowdy reminders of shops in the former <Node id="394"/>Soviet Union<Node id="406"/> - is seen as crucial to winning back disillusioned customers who now prefer to shop in more modern surroundings.<Node id="519"/>

<Node id="521"/>Last year<Node id="530"/> <Node id="531"/>Mr Jaggard<Node id="541"/> masterminded the group&apos;s roll-out of 23 &quot;concept stores&quot;, which were supposed to shape the future look of the chain and boost business. But the plan backfired when sales made through the concept stores failed to reach the levels of the old outlets.<Node id="790"/>

<Node id="792"/>Earlier <Node id="800"/>this year<Node id="809"/>, <Node id="811"/>Mr Jaggard<Node id="821"/> also hired three firms of retail design consultants - <Node id="876"/>Din Associates<Node id="890"/>, <Node id="892"/>20-20<Node id="897"/> and <Node id="902"/>Fitch<Node id="907"/> - to come up with radical new plans to modernise the womenswear, menswear and footwear departments.<Node id="1007"/>

<Node id="1009"/>They were briefed to come up with &quot;blue sky&quot; ideas to overhaul the <Node id="1076"/>M&amp;S<Node id="1079"/> image, but their projects have now been cancelled. &quot;It is all on hold&quot;, said <Node id="1157"/>M&amp;S<Node id="1160"/>.<Node id="1161"/>

<Node id="1163"/>M&amp;S<Node id="1166"/> has now taken what it believes are the best ideas from the concept stores and is rolling them out nationally in a cheaper &quot;renewal&quot; programme. It intends to revamp two thirds of its 12.5m sq ft of selling space within nine months. Only two stores have so far been completed.<Node id="1441"/>

<Node id="1443"/>Mr Jaggard<Node id="1453"/> led a team of four designers which has been slimmed down to just two positions. Each of the four had to apply for the two new jobs and the top job was then handed to <Node id="1620"/>Justine Manley<Node id="1634"/>. &quot;<Node id="1637"/>Mr Jaggard<Node id="1647"/> went for the job - but he wasn&apos;t successful&quot;, said the company.<Node id="1711"/>

<Node id="1713"/>Ms Manley<Node id="1722"/> joined <Node id="1730"/>Marks &amp; Spencer<Node id="1745"/> <Node id="1746"/>three years ago<Node id="1761"/>, and has been heading the food hall design team. While the core clothing business of <Node id="1847"/>M&amp;S<Node id="1850"/> has been in decline for the <Node id="1879"/>past three years<Node id="1895"/>, the food business has been posting healthy gains in sales and profits.<Node id="1967"/>

<Node id="1969"/>Ms Manley<Node id="1978"/>&apos;s most recent project has been the new suburban &quot;Simply Food&quot; convenience stores.<Node id="2060"/>

<Node id="2062"/>Two of these outlets have opened in the <Node id="2102"/>past month<Node id="2112"/>, and a total of 50 are planned. They are also to open outlets in railway terminals.<Node id="2196"/>
<Node id="2197"/></TextWithNodes>
<!-- The default annotation set -->

<AnnotationSet>
</AnnotationSet>
<!-- Named annotation set -->

<AnnotationSet Name="Key" >
<Annotation Id="15" Type="Person" StartNode="811" EndNode="821">
<Feature>
  <Name className="java.lang.String">rule</Name>
  <Value className="java.lang.String">PersonFinal</Value>
</Feature>
<Feature>
  <Name className="java.lang.String">gender</Name>
  <Value className="java.lang.String">male</Value>
</Feature>
<Feature>
  <Name className="java.lang.String">rule1</Name>
  <Value className="java.lang.String">PersonTitleGender</Value>
</Feature>
</Annotation>
<Annotation Id="8" Type="Person" StartNode="1620" EndNode="1634">
<Feature>
  <Name className="java.lang.String">rule</Name>
  <Value className="java.lang.String">PersonFinal</Value>
</Feature>
<Feature>
  <Name className="java.lang.String">gender</Name>
  <Value className="java.lang.String">female</Value>
</Feature>
<Feature>
  <Name className="java.lang.String">rule1</Name>
  <Value className="java.lang.String">PersonFull</Value>
</Feature>
</Annotation>
<Annotation Id="23" Type="Organization" StartNode="0" EndNode="15">
<Feature>
  <Name className="java.lang.String">rule1</Name>
  <Value className="java.lang.String">OrgXandY</Value>
</Feature>
<Feature>
  <Name className="java.lang.String">rule2</Name>
  <Value className="java.lang.String">OrgFinal</Value>
</Feature>
<Feature>
  <Name className="java.lang.String">orgType</Name>
  <Value className="java.lang.String">unknown</Value>
</Feature>
</Annotation>
<Annotation Id="16" Type="Person" StartNode="531" EndNode="541">
<Feature>
  <Name className="java.lang.String">rule</Name>
  <Value className="java.lang.String">PersonFinal</Value>
</Feature>
<Feature>
  <Name className="java.lang.String">gender</Name>
  <Value className="java.lang.String">male</Value>
</Feature>
<Feature>
  <Name className="java.lang.String">rule1</Name>
  <Value className="java.lang.String">PersonTitleGender</Value>
</Feature>
</Annotation>
<Annotation Id="7" Type="Person" StartNode="1637" EndNode="1647">
<Feature>
  <Name className="java.lang.String">rule</Name>
  <Value className="java.lang.String">PersonFinal</Value>
</Feature>
<Feature>
  <Name className="java.lang.String">gender</Name>
  <Value className="java.lang.String">male</Value>
</Feature>
<Feature>
  <Name className="java.lang.String">rule1</Name>
  <Value className="java.lang.String">PersonTitleGender</Value>
</Feature>
</Annotation>
<Annotation Id="22" Type="Person" StartNode="53" EndNode="68">
<Feature>
  <Name className="java.lang.String">rule</Name>
  <Value className="java.lang.String">PersonFinal</Value>
</Feature>
<Feature>
  <Name className="java.lang.String">gender</Name>
  <Value className="java.lang.String">male</Value>
</Feature>
<Feature>
  <Name className="java.lang.String">rule1</Name>
  <Value className="java.lang.String">PersonFull</Value>
</Feature>
</Annotation>
<Annotation Id="9" Type="Person" StartNode="1443" EndNode="1453">
<Feature>
  <Name className="java.lang.String">rule</Name>
  <Value className="java.lang.String">PersonFinal</Value>
</Feature>
<Feature>
  <Name className="java.lang.String">gender</Name>
  <Value className="java.lang.String">male</Value>
</Feature>
<Feature>
  <Name className="java.lang.String">rule1</Name>
  <Value className="java.lang.String">PersonTitleGender</Value>
</Feature>
</Annotation>
<Annotation Id="21" Type="Person" StartNode="144" EndNode="154">
<Feature>
  <Name className="java.lang.String">rule</Name>
  <Value className="java.lang.String">PersonFinal</Value>
</Feature>
<Feature>
  <Name className="java.lang.String">gender</Name>
  <Value className="java.lang.String">male</Value>
</Feature>
<Feature>
  <Name className="java.lang.String">rule1</Name>
  <Value className="java.lang.String">PersonTitleGender</Value>
</Feature>
</Annotation>
<Annotation Id="6" Type="Person" StartNode="1713" EndNode="1722">
<Feature>
  <Name className="java.lang.String">rule</Name>
  <Value className="java.lang.String">PersonFinal</Value>
</Feature>
<Feature>
  <Name className="java.lang.String">gender</Name>
  <Value className="java.lang.String">female</Value>
</Feature>
<Feature>
  <Name className="java.lang.String">rule1</Name>
  <Value className="java.lang.String">PersonTitleGender</Value>
</Feature>
</Annotation>
<Annotation Id="1" Type="Organization" StartNode="1076" EndNode="1079">
</Annotation>
<Annotation Id="29" Type="Date" StartNode="2102" EndNode="2112">
<Feature>
  <Name className="java.lang.String">kind</Name>
  <Value className="java.lang.String">date</Value>
</Feature>
</Annotation>
<Annotation Id="14" Type="Organization" StartNode="876" EndNode="890">
</Annotation>
<Annotation Id="24" Type="Date" StartNode="204" EndNode="213">
<Feature>
  <Name className="java.lang.String">kind</Name>
  <Value className="java.lang.String">date</Value>
</Feature>
</Annotation>
<Annotation Id="4" Type="Organization" StartNode="1847" EndNode="1850">
<Feature>
  <Name className="java.lang.String">rule1</Name>
  <Value className="java.lang.String">OrgXandY</Value>
</Feature>
<Feature>
  <Name className="java.lang.String">rule2</Name>
  <Value className="java.lang.String">OrgFinal</Value>
</Feature>
<Feature>
  <Name className="java.lang.String">orgType</Name>
  <Value className="java.lang.String">unknown</Value>
</Feature>
</Annotation>
<Annotation Id="19" Type="Date" StartNode="171" EndNode="183">
<Feature>
  <Name className="java.lang.String">rule1</Name>
  <Value className="java.lang.String">TimeAgo</Value>
</Feature>
<Feature>
  <Name className="java.lang.String">rule2</Name>
  <Value className="java.lang.String">DateOnlyFinal</Value>
</Feature>
<Feature>
  <Name className="java.lang.String">kind</Name>
  <Value className="java.lang.String">date</Value>
</Feature>
</Annotation>
<Annotation Id="26" Type="Date" StartNode="800" EndNode="809">
<Feature>
  <Name className="java.lang.String">kind</Name>
  <Value className="java.lang.String">date</Value>
</Feature>
</Annotation>
<Annotation Id="11" Type="Organization" StartNode="1163" EndNode="1166">
<Feature>
  <Name className="java.lang.String">rule1</Name>
  <Value className="java.lang.String">OrgXandY</Value>
</Feature>
<Feature>
  <Name className="java.lang.String">rule2</Name>
  <Value className="java.lang.String">OrgFinal</Value>
</Feature>
<Feature>
  <Name className="java.lang.String">orgType</Name>
  <Value className="java.lang.String">unknown</Value>
</Feature>
</Annotation>
<Annotation Id="18" Type="Organization" StartNode="277" EndNode="280">
<Feature>
  <Name className="java.lang.String">rule1</Name>
  <Value className="java.lang.String">OrgXandY</Value>
</Feature>
<Feature>
  <Name className="java.lang.String">rule2</Name>
  <Value className="java.lang.String">OrgFinal</Value>
</Feature>
<Feature>
  <Name className="java.lang.String">orgType</Name>
  <Value className="java.lang.String">unknown</Value>
</Feature>
</Annotation>
<Annotation Id="3" Type="Person" StartNode="1969" EndNode="1978">
<Feature>
  <Name className="java.lang.String">rule</Name>
  <Value className="java.lang.String">PersonFinal</Value>
</Feature>
<Feature>
  <Name className="java.lang.String">gender</Name>
  <Value className="java.lang.String">female</Value>
</Feature>
<Feature>
  <Name className="java.lang.String">rule1</Name>
  <Value className="java.lang.String">PersonTitleGender</Value>
</Feature>
</Annotation>
<Annotation Id="12" Type="Organization" StartNode="892" EndNode="897">
</Annotation>
<Annotation Id="27" Type="Date" StartNode="1746" EndNode="1761">
<Feature>
  <Name className="java.lang.String">kind</Name>
  <Value className="java.lang.String">date</Value>
</Feature>
</Annotation>
<Annotation Id="17" Type="Location" StartNode="394" EndNode="406">
<Feature>
  <Name className="java.lang.String">rule1</Name>
  <Value className="java.lang.String">GazLocation</Value>
</Feature>
<Feature>
  <Name className="java.lang.String">rule2</Name>
  <Value className="java.lang.String">LocFinal</Value>
</Feature>
<Feature>
  <Name className="java.lang.String">locType</Name>
  <Value className="java.lang.String">country</Value>
</Feature>
</Annotation>
<Annotation Id="2" Type="Organization" StartNode="308" EndNode="311">
</Annotation>
<Annotation Id="13" Type="Organization" StartNode="1157" EndNode="1160">
<Feature>
  <Name className="java.lang.String">rule1</Name>
  <Value className="java.lang.String">OrgXandY</Value>
</Feature>
<Feature>
  <Name className="java.lang.String">rule2</Name>
  <Value className="java.lang.String">OrgFinal</Value>
</Feature>
<Feature>
  <Name className="java.lang.String">orgType</Name>
  <Value className="java.lang.String">unknown</Value>
</Feature>
</Annotation>
<Annotation Id="28" Type="Date" StartNode="1879" EndNode="1895">
<Feature>
  <Name className="java.lang.String">kind</Name>
  <Value className="java.lang.String">date</Value>
</Feature>
</Annotation>
<Annotation Id="20" Type="Organization" StartNode="167" EndNode="170">
<Feature>
  <Name className="java.lang.String">rule1</Name>
  <Value className="java.lang.String">OrgXandY</Value>
</Feature>
<Feature>
  <Name className="java.lang.String">rule2</Name>
  <Value className="java.lang.String">OrgFinal</Value>
</Feature>
<Feature>
  <Name className="java.lang.String">orgType</Name>
  <Value className="java.lang.String">unknown</Value>
</Feature>
</Annotation>
<Annotation Id="25" Type="Date" StartNode="521" EndNode="530">
<Feature>
  <Name className="java.lang.String">kind</Name>
  <Value className="java.lang.String">date</Value>
</Feature>
</Annotation>
<Annotation Id="10" Type="Organization" StartNode="902" EndNode="907">
</Annotation>
<Annotation Id="5" Type="Organization" StartNode="1730" EndNode="1745">
<Feature>
  <Name className="java.lang.String">rule1</Name>
  <Value className="java.lang.String">OrgXandY</Value>
</Feature>
<Feature>
  <Name className="java.lang.String">rule2</Name>
  <Value className="java.lang.String">OrgFinal</Value>
</Feature>
<Feature>
  <Name className="java.lang.String">orgType</Name>
  <Value className="java.lang.String">unknown</Value>
</Feature>
</Annotation>
<Annotation Id="0" Type="Organization" StartNode="126" EndNode="133">
</Annotation>
</AnnotationSet>
<!-- Named annotation set -->

<AnnotationSet Name="Original markups" >
<Annotation Id="30" Type="html" StartNode="0" EndNode="2197">
</Annotation>
<Annotation Id="51" Type="p" StartNode="792" EndNode="1007">
</Annotation>
<Annotation Id="48" Type="p" StartNode="144" EndNode="281">
</Annotation>
<Annotation Id="49" Type="p" StartNode="283" EndNode="519">
</Annotation>
<Annotation Id="54" Type="p" StartNode="1443" EndNode="1711">
</Annotation>
<Annotation Id="53" Type="p" StartNode="1163" EndNode="1441">
</Annotation>
<Annotation Id="33" Type="body" StartNode="0" EndNode="2197">
<Feature>
  <Name className="java.lang.String">bgcolor</Name>
  <Value className="java.lang.String">#FFFFFF</Value>
</Feature>
</Annotation>
<Annotation Id="61" Type="TEXT" StartNode="0" EndNode="2197">
</Annotation>
<Annotation Id="52" Type="p" StartNode="1009" EndNode="1161">
</Annotation>
<Annotation Id="47" Type="font" StartNode="0" EndNode="2197">
<Feature>
  <Name className="java.lang.String">face</Name>
  <Value className="java.lang.String">Geneva,Arial,sans-serif</Value>
</Feature>
<Feature>
  <Name className="java.lang.String">size</Name>
  <Value className="java.lang.String">2</Value>
</Feature>
</Annotation>
<Annotation Id="36" Type="font" StartNode="0" EndNode="2197">
<Feature>
  <Name className="java.lang.String">face</Name>
  <Value className="java.lang.String">Arial,Helvetica,sans-serif</Value>
</Feature>
<Feature>
  <Name className="java.lang.String">size</Name>
  <Value className="java.lang.String">3</Value>
</Feature>
</Annotation>
<Annotation Id="55" Type="p" StartNode="1713" EndNode="1967">
</Annotation>
<Annotation Id="50" Type="p" StartNode="521" EndNode="790">
</Annotation>
<Annotation Id="57" Type="p" StartNode="2062" EndNode="2196">
</Annotation>
<Annotation Id="46" Type="p" StartNode="0" EndNode="2197">
</Annotation>
<Annotation Id="56" Type="p" StartNode="1969" EndNode="2060">
</Annotation>
</AnnotationSet>
</GateDocument>