<?xml version="1.0"?>
<schema xmlns="http://www.w3.org/2000/10/XMLSchema">
	<!-- XSchema deffinition for Organization-->
	<element name="Organization">
	  <complexType>
		<attribute name="type" use="required">
		  <simpleType>
			<restriction base="string">
				<enumeration value="commercial"/>
				<enumeration value="charitable"/>
				<enumeration value="educational"/>
				<enumeration value="governmental"/>
				<enumeration value="research"/>
				<enumeration value="political"/>
			</restriction>
		 </simpleType>
		</attribute>

		<attribute name="requires-attention" use="optional">
		  <simpleType>
			<restriction base="string">
				<enumeration value="true"/>
				<enumeration value="false"/>
			</restriction>
		  </simpleType>
		</attribute>

		<attribute name="comment" use="optional">
		  <simpleType>
			<restriction base="string">
      			</restriction>
		  </simpleType>
		</attribute>
          </complexType>
	</element>
</schema>
