<?xml version="1.0" encoding="windows-1252" ?>
<GateDocument>
<!-- The document's features-->

<GateDocumentFeatures>
<Feature>
  <Name className="java.lang.String">entitySet</Name>
  <Value className="java.lang.String">==== FILE: /Z:/Corpus/ft-house-price-08-aug-2001.html
</Value>
</Feature>
<Feature>
  <Name className="java.lang.String">gate.SourceURL</Name>
  <Value className="java.lang.String">file:/Z:/Corpus/ft-house-price-08-aug-2001.html</Value>
</Feature>
<Feature>
  <Name className="java.lang.String">gate.NAME</Name>
  <Value className="java.lang.String">doc9</Value>
</Feature>
<Feature>
  <Name className="java.lang.String">MimeType</Name>
  <Value className="java.lang.String">text/html</Value>
</Feature>
</GateDocumentFeatures>
<!-- The document content area with serialized nodes -->

<TextWithNodes><Node id="0"/>House prices in <Node id="16"/>England<Node id="23"/> and <Node id="28"/>Wales<Node id="33"/> were <Node id="39"/>10.8 per cent<Node id="52"/> higher in the <Node id="67"/>second quarter<Node id="81"/> than in the same period <Node id="106"/>last year<Node id="115"/>, according to figures released by the <Node id="154"/>Land Registry<Node id="167"/>.<Node id="168"/>

<Node id="170"/>The average house cost almost <Node id="200"/>£7,000<Node id="207"/> (<Node id="209"/>$10,000<Node id="216"/>) more than it did in the same period of <Node id="257"/>2000<Node id="261"/>.<Node id="262"/>

<Node id="264"/>Prices rose in all regions, with the <Node id="301"/>East Midlands<Node id="314"/> up the most at <Node id="330"/>15.6 per cent<Node id="343"/>, while house prices in <Node id="367"/>Wales<Node id="372"/> experienced the smallest increase at <Node id="410"/>6.5 per cent<Node id="422"/>.<Node id="423"/>

<Node id="425"/>However, <Node id="434"/>greater London<Node id="448"/> is still the most expensive place to buy a house, with average prices up <Node id="522"/>6.65 per cent<Node id="535"/> in the quarter to <Node id="554"/>£205,831<Node id="563"/>, compared to <Node id="577"/>$193,004<Node id="585"/> during the same period in <Node id="612"/>2000<Node id="616"/>.<Node id="617"/>

<Node id="619"/>The figures also show that money is no object for some - 516 <Node id="680"/>London<Node id="686"/> houses sold for more than <Node id="713"/>£1m<Node id="717"/> (<Node id="719"/>$1.4m<Node id="724"/>) during the three months to the <Node id="757"/>end of June<Node id="768"/>, from 293 during the same period <Node id="802"/>last year<Node id="811"/>.<Node id="812"/>

<Node id="814"/>Across <Node id="821"/>England<Node id="828"/> and <Node id="833"/>Wales<Node id="838"/>, the volume of sales also grew, up <Node id="874"/>14.6 per cent<Node id="887"/> to 266,536 sales, from 232,548 during the <Node id="930"/>second quarter last year<Node id="954"/>.<Node id="955"/>

<Node id="957"/>The growth in house price inflation is in line with recent surveys showing the property market is booming. This is despite the global economic slowdown and evidence of a two-speed economy taking hold in the <Node id="1164"/>UK<Node id="1166"/>, where manufacturing is technically in recession although consumer spending is increasing.<Node id="1257"/></TextWithNodes>
<!-- The default annotation set -->

<AnnotationSet>
</AnnotationSet>
<!-- Named annotation set -->

<AnnotationSet Name="Key" >
<Annotation Id="15" Type="Percent" StartNode="522" EndNode="535">
<Feature>
  <Name className="java.lang.String">rule</Name>
  <Value className="java.lang.String">PercentBasic</Value>
</Feature>
</Annotation>
<Annotation Id="8" Type="Location" StartNode="301" EndNode="314">
<Feature>
  <Name className="java.lang.String">rule1</Name>
  <Value className="java.lang.String">GazLocation</Value>
</Feature>
<Feature>
  <Name className="java.lang.String">rule2</Name>
  <Value className="java.lang.String">inal</Value>
</Feature>
<Feature>
  <Name className="java.lang.String">locType</Name>
  <Value className="java.lang.String">city</Value>
</Feature>
</Annotation>
<Annotation Id="23" Type="Date" StartNode="802" EndNode="811">
<Feature>
  <Name className="java.lang.String">kind</Name>
  <Value className="java.lang.String">date</Value>
</Feature>
</Annotation>
<Annotation Id="16" Type="Percent" StartNode="410" EndNode="422">
<Feature>
  <Name className="java.lang.String">rule</Name>
  <Value className="java.lang.String">PercentBasic</Value>
</Feature>
</Annotation>
<Annotation Id="7" Type="Location" StartNode="367" EndNode="372">
<Feature>
  <Name className="java.lang.String">rule1</Name>
  <Value className="java.lang.String">GazLocation</Value>
</Feature>
<Feature>
  <Name className="java.lang.String">rule2</Name>
  <Value className="java.lang.String">LocFinal</Value>
</Feature>
<Feature>
  <Name className="java.lang.String">locType</Name>
  <Value className="java.lang.String">province</Value>
</Feature>
</Annotation>
<Annotation Id="22" Type="Date" StartNode="757" EndNode="768">
<Feature>
  <Name className="java.lang.String">kind</Name>
  <Value className="java.lang.String">date</Value>
</Feature>
</Annotation>
<Annotation Id="9" Type="Date" StartNode="257" EndNode="261">
<Feature>
  <Name className="java.lang.String">rule1</Name>
  <Value className="java.lang.String">TempYear2</Value>
</Feature>
<Feature>
  <Name className="java.lang.String">rule2</Name>
  <Value className="java.lang.String">YearOnlyFinal</Value>
</Feature>
<Feature>
  <Name className="java.lang.String">kind</Name>
  <Value className="java.lang.String">date</Value>
</Feature>
</Annotation>
<Annotation Id="21" Type="Date" StartNode="106" EndNode="115">
<Feature>
  <Name className="java.lang.String">kind</Name>
  <Value className="java.lang.String">date</Value>
</Feature>
</Annotation>
<Annotation Id="6" Type="Organization" StartNode="154" EndNode="167">
</Annotation>
<Annotation Id="1" Type="Location" StartNode="833" EndNode="838">
<Feature>
  <Name className="java.lang.String">rule1</Name>
  <Value className="java.lang.String">GazLocation</Value>
</Feature>
<Feature>
  <Name className="java.lang.String">rule2</Name>
  <Value className="java.lang.String">LocFinal</Value>
</Feature>
<Feature>
  <Name className="java.lang.String">locType</Name>
  <Value className="java.lang.String">province</Value>
</Feature>
</Annotation>
<Annotation Id="14" Type="Money" StartNode="713" EndNode="717">
<Feature>
  <Name className="java.lang.String">rule</Name>
  <Value className="java.lang.String">MoneySymbolUnit</Value>
</Feature>
<Feature>
  <Name className="java.lang.String">kind</Name>
  <Value className="java.lang.String">number</Value>
</Feature>
</Annotation>
<Annotation Id="24" Type="Date" StartNode="930" EndNode="954">
<Feature>
  <Name className="java.lang.String">kind</Name>
  <Value className="java.lang.String">date</Value>
</Feature>
</Annotation>
<Annotation Id="4" Type="Date" StartNode="612" EndNode="616">
<Feature>
  <Name className="java.lang.String">rule1</Name>
  <Value className="java.lang.String">TempYear2</Value>
</Feature>
<Feature>
  <Name className="java.lang.String">rule2</Name>
  <Value className="java.lang.String">YearOnlyFinal</Value>
</Feature>
<Feature>
  <Name className="java.lang.String">kind</Name>
  <Value className="java.lang.String">date</Value>
</Feature>
</Annotation>
<Annotation Id="19" Type="Percent" StartNode="39" EndNode="52">
<Feature>
  <Name className="java.lang.String">rule</Name>
  <Value className="java.lang.String">PercentBasic</Value>
</Feature>
</Annotation>
<Annotation Id="26" Type="Money" StartNode="577" EndNode="585">
</Annotation>
<Annotation Id="11" Type="Location" StartNode="16" EndNode="23">
<Feature>
  <Name className="java.lang.String">rule1</Name>
  <Value className="java.lang.String">GazLocation</Value>
</Feature>
<Feature>
  <Name className="java.lang.String">rule2</Name>
  <Value className="java.lang.String">LocFinal</Value>
</Feature>
<Feature>
  <Name className="java.lang.String">locType</Name>
  <Value className="java.lang.String">province</Value>
</Feature>
</Annotation>
<Annotation Id="18" Type="Money" StartNode="209" EndNode="216">
<Feature>
  <Name className="java.lang.String">rule</Name>
  <Value className="java.lang.String">MoneySymbolUnit</Value>
</Feature>
<Feature>
  <Name className="java.lang.String">kind</Name>
  <Value className="java.lang.String">number</Value>
</Feature>
</Annotation>
<Annotation Id="3" Type="Location" StartNode="680" EndNode="686">
<Feature>
  <Name className="java.lang.String">rule1</Name>
  <Value className="java.lang.String">GazLocation</Value>
</Feature>
<Feature>
  <Name className="java.lang.String">rule2</Name>
  <Value className="java.lang.String">LocFinal</Value>
</Feature>
<Feature>
  <Name className="java.lang.String">locType</Name>
  <Value className="java.lang.String">city</Value>
</Feature>
</Annotation>
<Annotation Id="12" Type="Percent" StartNode="874" EndNode="887">
<Feature>
  <Name className="java.lang.String">rule</Name>
  <Value className="java.lang.String">PercentBasic</Value>
</Feature>
</Annotation>
<Annotation Id="27" Type="Money" StartNode="554" EndNode="563">
</Annotation>
<Annotation Id="17" Type="Percent" StartNode="330" EndNode="343">
<Feature>
  <Name className="java.lang.String">rule</Name>
  <Value className="java.lang.String">PercentBasic</Value>
</Feature>
</Annotation>
<Annotation Id="2" Type="Location" StartNode="821" EndNode="828">
<Feature>
  <Name className="java.lang.String">rule1</Name>
  <Value className="java.lang.String">GazLocation</Value>
</Feature>
<Feature>
  <Name className="java.lang.String">rule2</Name>
  <Value className="java.lang.String">LocFinal</Value>
</Feature>
<Feature>
  <Name className="java.lang.String">locType</Name>
  <Value className="java.lang.String">province</Value>
</Feature>
</Annotation>
<Annotation Id="13" Type="Money" StartNode="719" EndNode="724">
<Feature>
  <Name className="java.lang.String">rule</Name>
  <Value className="java.lang.String">MoneySymbolUnit</Value>
</Feature>
<Feature>
  <Name className="java.lang.String">kind</Name>
  <Value className="java.lang.String">number</Value>
</Feature>
</Annotation>
<Annotation Id="20" Type="Date" StartNode="67" EndNode="81">
<Feature>
  <Name className="java.lang.String">kind</Name>
  <Value className="java.lang.String">date</Value>
</Feature>
</Annotation>
<Annotation Id="25" Type="Money" StartNode="200" EndNode="207">
</Annotation>
<Annotation Id="10" Type="Location" StartNode="28" EndNode="33">
<Feature>
  <Name className="java.lang.String">rule1</Name>
  <Value className="java.lang.String">GazLocation</Value>
</Feature>
<Feature>
  <Name className="java.lang.String">rule2</Name>
  <Value className="java.lang.String">LocFinal</Value>
</Feature>
<Feature>
  <Name className="java.lang.String">locType</Name>
  <Value className="java.lang.String">province</Value>
</Feature>
</Annotation>
<Annotation Id="5" Type="Location" StartNode="434" EndNode="448">
</Annotation>
<Annotation Id="0" Type="Location" StartNode="1164" EndNode="1166">
<Feature>
  <Name className="java.lang.String">rule1</Name>
  <Value className="java.lang.String">GazLocation</Value>
</Feature>
<Feature>
  <Name className="java.lang.String">rule2</Name>
  <Value className="java.lang.String">LocFinal</Value>
</Feature>
<Feature>
  <Name className="java.lang.String">locType</Name>
  <Value className="java.lang.String">country</Value>
</Feature>
</Annotation>
</AnnotationSet>
<!-- Named annotation set -->

<AnnotationSet Name="Original markups" >
<Annotation Id="62" Type="font" StartNode="0" EndNode="1257">
<Feature>
  <Name className="java.lang.String">class</Name>
  <Value className="java.lang.String">allWide</Value>
</Feature>
</Annotation>
<Annotation Id="59" Type="p" StartNode="264" EndNode="423">
</Annotation>
<Annotation Id="73" Type="td" StartNode="0" EndNode="1257">
<Feature>
  <Name className="java.lang.String">colspan</Name>
  <Value className="java.lang.String">2</Value>
</Feature>
</Annotation>
<Annotation Id="96" Type="TEXT" StartNode="0" EndNode="1257">
</Annotation>
<Annotation Id="85" Type="html" StartNode="0" EndNode="1257">
<Feature>
  <Name className="java.lang.String">_implied_</Name>
  <Value className="java.lang.String">true</Value>
</Feature>
</Annotation>
<Annotation Id="60" Type="p" StartNode="170" EndNode="262">
</Annotation>
<Annotation Id="61" Type="p" StartNode="0" EndNode="168">
</Annotation>
<Annotation Id="83" Type="body" StartNode="0" EndNode="1257">
<Feature>
  <Name className="java.lang.String">_implied_</Name>
  <Value className="java.lang.String">true</Value>
</Feature>
</Annotation>
<Annotation Id="82" Type="table" StartNode="0" EndNode="1257">
<Feature>
  <Name className="java.lang.String">vlink</Name>
  <Value className="java.lang.String">#330033</Value>
</Feature>
<Feature>
  <Name className="java.lang.String">marginheight</Name>
  <Value className="java.lang.String">0</Value>
</Feature>
<Feature>
  <Name className="java.lang.String">width</Name>
  <Value className="java.lang.String">618</Value>
</Feature>
<Feature>
  <Name className="java.lang.String">cellpadding</Name>
  <Value className="java.lang.String">0</Value>
</Feature>
<Feature>
  <Name className="java.lang.String">topmargin</Name>
  <Value className="java.lang.String">0</Value>
</Feature>
<Feature>
  <Name className="java.lang.String">leftmargin</Name>
  <Value className="java.lang.String">0</Value>
</Feature>
<Feature>
  <Name className="java.lang.String">cellspacing</Name>
  <Value className="java.lang.String">0</Value>
</Feature>
<Feature>
  <Name className="java.lang.String">marginwidth</Name>
  <Value className="java.lang.String">0</Value>
</Feature>
<Feature>
  <Name className="java.lang.String">link</Name>
  <Value className="java.lang.String">#330033</Value>
</Feature>
<Feature>
  <Name className="java.lang.String">border</Name>
  <Value className="java.lang.String">0</Value>
</Feature>
<Feature>
  <Name className="java.lang.String">bgcolor</Name>
  <Value className="java.lang.String">white</Value>
</Feature>
<Feature>
  <Name className="java.lang.String">alink</Name>
  <Value className="java.lang.String">#996600</Value>
</Feature>
</Annotation>
<Annotation Id="58" Type="p" StartNode="425" EndNode="617">
</Annotation>
<Annotation Id="63" Type="p" StartNode="0" EndNode="1257">
</Annotation>
<Annotation Id="57" Type="p" StartNode="619" EndNode="812">
</Annotation>
<Annotation Id="55" Type="p" StartNode="957" EndNode="1257">
</Annotation>
<Annotation Id="74" Type="tr" StartNode="0" EndNode="1257">
</Annotation>
<Annotation Id="56" Type="p" StartNode="814" EndNode="955">
</Annotation>
</AnnotationSet>
</GateDocument>