<?xml version='1.0' encoding='UTF-8'?>
<GateDocument>
<!-- The document's features-->

<GateDocumentFeatures>
<Feature>
  <Name className="java.lang.String">gate.SourceURL</Name>
  <Value className="java.lang.String">file:/home/diana/sale/talks/gate-course-may10/track-3/hands-on/corpus/snow-in-scotland.html</Value>
</Feature>
<Feature>
  <Name className="java.lang.String">MimeType</Name>
  <Value className="java.lang.String">text/html</Value>
</Feature>
</GateDocumentFeatures>
<!-- The document content area with serialized nodes -->

<TextWithNodes><Node id="0" />BBC News - Snow strands lorries on motorway<Node id="43" />

<Node id="45" />
<Node id="46" />Snow strands lorries on motorway<Node id="78" />
<Node id="79" />
<Node id="80" />Motorists in the Denny area were forced to dig their cars out from snow<Node id="151" />
<Node id="152" />
<Node id="153" />Ten lorries were stranded for several hours as snow, rain and strong winds made driving conditions difficult across many parts of Scotland.<Node id="292" />

<Node id="294" />The lorries were travelling south on the M90, close to Bridge of Earn in Perthshire, when they became stuck in about 7.5cm (3in) of snow.<Node id="431" />

<Node id="433" />Snow ploughs and gritters were called to the scene at 0245 BST, and traffic was moving again within a few hours.<Node id="545" />

<Node id="547" />The road is now said to be passable with care.<Node id="593" />

<Node id="595" />The north of Scotland has been worst affected, with temperatures plunging to -5C at Cairnwell, near Braemar, overnight.<Node id="714" />

<Node id="716" />The Met Office warned that many areas of the country were likely to see heavy snowfalls early on Tuesday morning.<Node id="829" />

<Node id="831" />This would cause accumulations of 10cm (4in) or more on higher ground, with strong winds causing snow to drift on exposed high level roads.<Node id="970" />

<Node id="972" />Heavy rain has also been falling over lower ground, bringing the possibility of localised flooding.<Node id="1071" />

<Node id="1073" />Extra care<Node id="1083" />

<Node id="1085" />Lanes have been restricted at the Skye and Erskine bridges because of high winds, while the Tay bridge is only open to cars.<Node id="1209" />

<Node id="1211" />Grampian Police said there was heavy surface water in Aberdeen city centre, and snow was causing problems further inland, especially on higher routes.<Node id="1361" />

<Node id="1363" />The A96, the A90 north of Ellon, the A93 between Ballater and Braemar and also between Aboyne and Ballater, and the A939 road to the Lecht ski centre were all said to be passable only with care.<Node id="1557" />

<Node id="1559" />Heavy snow was affecting the A9 around Dunblane, Blackford and Auchterarder in Perthshire, and in Ayrshire parts of the M77 were affected by slush and snow, especially on higher ground, as were parts of the A71.<Node id="1770" />

<Node id="1772" />Poor conditions were also reported on the M80 at Bankhead.<Node id="1830" />

<Node id="1832" />Some drivers were forced to dig their cars out from a foot of snow close to Denny in Stirlingshire.<Node id="1931" />

<Node id="1933" />Dumfries and Galloway and the Borders, which had been forecast to be badly hit, appeared to escape the worst of the weather.<Node id="2057" />

<Node id="2059" />However, flood watches were in place on most rivers in the regions as heavy rain continued to fall.<Node id="2158" />

<Node id="2160" />Forecasters have warned the cold snap is set to continue for the next two days, but temperatures will rise slightly by Thursday, when snow will retreat to higher ground.<Node id="2329" />

<Node id="2331" />Motorists have been urged to take extra care, and to refer to the Traffic Scotland website before setting off.<Node id="2441" />

<Node id="2443" />
<Node id="2444" />Bookmark with:<Node id="2458" />
<Node id="2459" />Delicious<Node id="2468" />
<Node id="2469" />Digg<Node id="2473" />
<Node id="2474" />reddit<Node id="2480" />
<Node id="2481" />Facebook<Node id="2489" />
<Node id="2490" />StumbleUpon<Node id="2501" />
<Node id="2502" />
<Node id="2503" />What are these?<Node id="2518" />
<Node id="2519" />E-mail this to a friend<Node id="2542" /> <Node id="2543" />Printable version<Node id="2560" />
<Node id="2561" />
<Node id="2562" />SEE ALSO<Node id="2570" />
<Node id="2571" />Areas braced for springtime snow<Node id="2603" />
<Node id="2604" />29 Mar 10 |  South of Scotland<Node id="2634" />
<Node id="2635" />Spring on hold as snow forecast<Node id="2666" />
<Node id="2667" />28 Mar 10 |  UK<Node id="2682" />
<Node id="2683" />Flood watch after weather warning<Node id="2716" />
<Node id="2717" />26 Mar 10 |  South of Scotland<Node id="2747" />
<Node id="2748" />
<Node id="2749" />RELATED INTERNET LINKS<Node id="2771" />
<Node id="2772" />Traffic Scotland<Node id="2788" />
<Node id="2789" />Met Office<Node id="2799" />
<Node id="2800" />The BBC is not responsible for the content of external internet sites<Node id="2869" />
<Node id="2870" />
<Node id="2871" />TOP SCOTLAND STORIES<Node id="2891" />
<Node id="2892" />Pair jailed over island killing<Node id="2923" />
<Node id="2924" />Snow strands lorries on motorway<Node id="2956" />
<Node id="2957" />Call for 'fairer' welfare reform<Node id="2989" />
<Node id="2990" />
<Node id="2991" />MOST POPULAR STORIES NOW<Node id="3015" />
<Node id="3016" />SHARED<Node id="3022" />
<Node id="3023" />READ<Node id="3027" />
<Node id="3028" />WATCHED/LISTENED<Node id="3044" />
<Node id="3045" />Ricky Martin announces he is gay<Node id="3077" />
<Node id="3078" />Probe sees 'Pac-man in the moon'<Node id="3110" />
<Node id="3111" />French students shy of real world<Node id="3144" />
<Node id="3145" />The stone spheres of Costa Rica<Node id="3176" />
<Node id="3177" />Berlusconi makes election gains<Node id="3208" />
<Node id="3209" />Most popular now, in detail<Node id="3236" />
<Node id="3237" />SHARED<Node id="3243" />
<Node id="3244" />READ<Node id="3248" />
<Node id="3249" />WATCHED/LISTENED<Node id="3265" />
<Node id="3266" />Ricky Martin announces he is gay<Node id="3298" />
<Node id="3299" />Man to face Milly murder charge<Node id="3330" />
<Node id="3331" />LHC sees high-energy collisions<Node id="3362" />
<Node id="3363" />Father guilty of killing children<Node id="3396" />
<Node id="3397" />Snow strands lorries on motorway<Node id="3429" />
<Node id="3430" />Chancellor debate: how the three men shaped up<Node id="3476" />
<Node id="3477" />Social care 'levy for all' plan<Node id="3508" />
<Node id="3509" />Probe sees 'Pac-man in the moon'<Node id="3541" />
<Node id="3542" />UK growth unexpectedly revised up<Node id="3575" />
<Node id="3576" />Father's crusade in name of 'murdered' teen<Node id="3619" />
<Node id="3620" />Most popular now, in detail<Node id="3647" />
<Node id="3648" />SHARED<Node id="3654" />
<Node id="3655" />READ<Node id="3659" />
<Node id="3660" />WATCHED/LISTENED<Node id="3676" />
<Node id="3677" />BBC News Channel<Node id="3693" />
<Node id="3694" />Would-be chancellors in TV debate<Node id="3727" />
<Node id="3728" />Masked murderer captured on CCTV<Node id="3760" />
<Node id="3761" />Victorian values inventors party<Node id="3793" />
<Node id="3794" />Mourners pay respects in Moscow<Node id="3825" />
<Node id="3826" />Chinese boy plucked from pipe<Node id="3855" />
<Node id="3856" />Pensioner on care home costs<Node id="3884" />
<Node id="3885" />Tech Know: Back to the steam age<Node id="3917" />
<Node id="3918" />Debate clash over banking crisis<Node id="3950" />
<Node id="3951" />Man in venomous snake record bid<Node id="3983" />
<Node id="3984" />Most popular now, in detail<Node id="4011" />
<Node id="4012" />
<Node id="4013" />FEATURES, VIEWS, ANALYSIS<Node id="4038" />
<Node id="4039" />Sven who?<Node id="4048" />
<Node id="4049" />After Tony<Node id="4059" />
<Node id="4060" />What's happened to the Blairites under Brown?<Node id="4105" />
<Node id="4106" />Great Exhibition<Node id="4122" />
<Node id="4123" />Steampunks rework technology with Victorian aesthetic<Node id="4176" />
<Node id="4177" />
<Node id="4178" />
<Node id="4179" />Most Popular Now<Node id="4195" />
<Node id="4196" />Most Popular Now<Node id="4212" /> | <Node id="4215" />107,086 people are reading stories on the site right now.<Node id="4272" /> ";<Node id="4275" />
<Node id="4276" />
<Node id="4277" />
<Node id="4278" />
<Node id="4279" />
<Node id="4280" /></TextWithNodes>
<!-- The default annotation set -->

<AnnotationSet>
</AnnotationSet>

<!-- Named annotation set -->

<AnnotationSet Name="Original markups">
<Annotation Id="0" Type="html" StartNode="0" EndNode="4280">
<Feature>
  <Name className="java.lang.String">lang</Name>
  <Value className="java.lang.String">en-GB</Value>
</Feature>
<Feature>
  <Name className="java.lang.String">xmlns</Name>
  <Value className="java.lang.String">http://www.w3.org/1999/xhtml</Value>
</Feature>
</Annotation>
<Annotation Id="1" Type="head" StartNode="0" EndNode="45">
</Annotation>
<Annotation Id="2" Type="title" StartNode="0" EndNode="43">
</Annotation>
<Annotation Id="554" Type="br" StartNode="4280" EndNode="4280">
</Annotation>
<Annotation Id="46" Type="body" StartNode="45" EndNode="4280">
<Feature>
  <Name className="java.lang.String">marginwidth</Name>
  <Value className="java.lang.String">0</Value>
</Feature>
<Feature>
  <Name className="java.lang.String">id</Name>
  <Value className="java.lang.String">body</Value>
</Feature>
<Feature>
  <Name className="java.lang.String">leftmargin</Name>
  <Value className="java.lang.String">0</Value>
</Feature>
<Feature>
  <Name className="java.lang.String">marginheight</Name>
  <Value className="java.lang.String">0</Value>
</Feature>
<Feature>
  <Name className="java.lang.String">topmargin</Name>
  <Value className="java.lang.String">0</Value>
</Feature>
</Annotation>
<Annotation Id="47" Type="div" StartNode="45" EndNode="4280">
<Feature>
  <Name className="java.lang.String">class</Name>
  <Value className="java.lang.String">centerbody</Value>
</Feature>
</Annotation>
<Annotation Id="51" Type="div" StartNode="45" EndNode="4279">
<Feature>
  <Name className="java.lang.String">id</Name>
  <Value className="java.lang.String">blq-container-inner</Value>
</Feature>
<Feature>
  <Name className="java.lang.String">lang</Name>
  <Value className="java.lang.String">en-gb</Value>
</Feature>
</Annotation>
<Annotation Id="49" Type="div" StartNode="45" EndNode="4279">
<Feature>
  <Name className="java.lang.String">id</Name>
  <Value className="java.lang.String">blq-container</Value>
</Feature>
</Annotation>
<Annotation Id="76" Type="div" StartNode="45" EndNode="4279">
<Feature>
  <Name className="java.lang.String">id</Name>
  <Value className="java.lang.String">blq-main</Value>
</Feature>
<Feature>
  <Name className="java.lang.String">class</Name>
  <Value className="java.lang.String">blq-clearfix</Value>
</Feature>
</Annotation>
<Annotation Id="93" Type="tr" StartNode="45" EndNode="4278">
</Annotation>
<Annotation Id="92" Type="table" StartNode="45" EndNode="4279">
<Feature>
  <Name className="java.lang.String">cellpadding</Name>
  <Value className="java.lang.String">0</Value>
</Feature>
<Feature>
  <Name className="java.lang.String">cellspacing</Name>
  <Value className="java.lang.String">0</Value>
</Feature>
<Feature>
  <Name className="java.lang.String">class</Name>
  <Value className="java.lang.String">main</Value>
</Feature>
</Annotation>
<Annotation Id="91" Type="div" StartNode="45" EndNode="4279">
<Feature>
  <Name className="java.lang.String">class</Name>
  <Value className="java.lang.String">mainwrapper</Value>
</Feature>
</Annotation>
<Annotation Id="162" Type="table" StartNode="45" EndNode="46">
<Feature>
  <Name className="java.lang.String">cellpadding</Name>
  <Value className="java.lang.String">0</Value>
</Feature>
<Feature>
  <Name className="java.lang.String">class</Name>
  <Value className="java.lang.String">datetools</Value>
</Feature>
<Feature>
  <Name className="java.lang.String">cellspacing</Name>
  <Value className="java.lang.String">0</Value>
</Feature>
</Annotation>
<Annotation Id="160" Type="td" StartNode="45" EndNode="4278">
<Feature>
  <Name className="java.lang.String">class</Name>
  <Value className="java.lang.String">contentwrapper</Value>
</Feature>
</Annotation>
<Annotation Id="186" Type="td" StartNode="80" EndNode="152">
</Annotation>
<Annotation Id="187" Type="div" StartNode="80" EndNode="152">
</Annotation>
<Annotation Id="184" Type="table" StartNode="80" EndNode="153">
<Feature>
  <Name className="java.lang.String">cellpadding</Name>
  <Value className="java.lang.String">0</Value>
</Feature>
<Feature>
  <Name className="java.lang.String">border</Name>
  <Value className="java.lang.String">0</Value>
</Feature>
<Feature>
  <Name className="java.lang.String">cellspacing</Name>
  <Value className="java.lang.String">0</Value>
</Feature>
<Feature>
  <Name className="java.lang.String">align</Name>
  <Value className="java.lang.String">right</Value>
</Feature>
<Feature>
  <Name className="java.lang.String">width</Name>
  <Value className="java.lang.String">226</Value>
</Feature>
</Annotation>
<Annotation Id="185" Type="tr" StartNode="80" EndNode="152">
</Annotation>
<Annotation Id="190" Type="p" StartNode="153" EndNode="292">
<Feature>
  <Name className="java.lang.String">class</Name>
  <Value className="java.lang.String">first</Value>
</Feature>
</Annotation>
<Annotation Id="191" Type="b" StartNode="153" EndNode="292">
</Annotation>
<Annotation Id="188" Type="img" StartNode="80" EndNode="80">
<Feature>
  <Name className="java.lang.String">height</Name>
  <Value className="java.lang.String">170</Value>
</Feature>
<Feature>
  <Name className="java.lang.String">hspace</Name>
  <Value className="java.lang.String">0</Value>
</Feature>
<Feature>
  <Name className="java.lang.String">alt</Name>
  <Value className="java.lang.String">Drver with car in snow</Value>
</Feature>
<Feature>
  <Name className="java.lang.String">width</Name>
  <Value className="java.lang.String">226</Value>
</Feature>
<Feature>
  <Name className="java.lang.String">src</Name>
  <Value className="java.lang.String">http://newsimg.bbc.co.uk/media/images/47558000/jpg/_47558072_009037699-1.jpg</Value>
</Feature>
<Feature>
  <Name className="java.lang.String">border</Name>
  <Value className="java.lang.String">0</Value>
</Feature>
<Feature>
  <Name className="java.lang.String">vspace</Name>
  <Value className="java.lang.String">0</Value>
</Feature>
</Annotation>
<Annotation Id="189" Type="div" StartNode="80" EndNode="151">
<Feature>
  <Name className="java.lang.String">class</Name>
  <Value className="java.lang.String">cap</Value>
</Feature>
</Annotation>
<Annotation Id="178" Type="tr" StartNode="46" EndNode="79">
</Annotation>
<Annotation Id="179" Type="td" StartNode="46" EndNode="79">
<Feature>
  <Name className="java.lang.String">colspan</Name>
  <Value className="java.lang.String">2</Value>
</Feature>
</Annotation>
<Annotation Id="177" Type="table" StartNode="46" EndNode="4278">
<Feature>
  <Name className="java.lang.String">cellpadding</Name>
  <Value className="java.lang.String">0</Value>
</Feature>
<Feature>
  <Name className="java.lang.String">class</Name>
  <Value className="java.lang.String">storycontent</Value>
</Feature>
<Feature>
  <Name className="java.lang.String">cellspacing</Name>
  <Value className="java.lang.String">0</Value>
</Feature>
</Annotation>
<Annotation Id="182" Type="tr" StartNode="80" EndNode="4012">
</Annotation>
<Annotation Id="183" Type="td" StartNode="80" EndNode="2561">
<Feature>
  <Name className="java.lang.String">class</Name>
  <Value className="java.lang.String">storybody</Value>
</Feature>
</Annotation>
<Annotation Id="180" Type="div" StartNode="46" EndNode="79">
<Feature>
  <Name className="java.lang.String">class</Name>
  <Value className="java.lang.String">mxb</Value>
</Feature>
</Annotation>
<Annotation Id="181" Type="h1" StartNode="46" EndNode="78">
</Annotation>
<Annotation Id="205" Type="p" StartNode="1772" EndNode="1830">
</Annotation>
<Annotation Id="204" Type="p" StartNode="1559" EndNode="1770">
</Annotation>
<Annotation Id="207" Type="p" StartNode="1933" EndNode="2057">
</Annotation>
<Annotation Id="206" Type="p" StartNode="1832" EndNode="1931">
</Annotation>
<Annotation Id="201" Type="p" StartNode="1085" EndNode="1209">
</Annotation>
<Annotation Id="200" Type="b" StartNode="1073" EndNode="1083">
</Annotation>
<Annotation Id="203" Type="p" StartNode="1363" EndNode="1557">
</Annotation>
<Annotation Id="202" Type="p" StartNode="1211" EndNode="1361">
</Annotation>
<Annotation Id="197" Type="p" StartNode="831" EndNode="970">
</Annotation>
<Annotation Id="196" Type="p" StartNode="716" EndNode="829">
</Annotation>
<Annotation Id="199" Type="p" StartNode="1073" EndNode="1083">
</Annotation>
<Annotation Id="198" Type="p" StartNode="972" EndNode="1071">
</Annotation>
<Annotation Id="193" Type="p" StartNode="433" EndNode="545">
</Annotation>
<Annotation Id="192" Type="p" StartNode="294" EndNode="431">
</Annotation>
<Annotation Id="195" Type="p" StartNode="595" EndNode="714">
</Annotation>
<Annotation Id="194" Type="p" StartNode="547" EndNode="593">
</Annotation>
<Annotation Id="220" Type="li" StartNode="2474" EndNode="2480">
<Feature>
  <Name className="java.lang.String">class</Name>
  <Value className="java.lang.String">reddit</Value>
</Feature>
</Annotation>
<Annotation Id="221" Type="a" StartNode="2474" EndNode="2480">
<Feature>
  <Name className="java.lang.String">id</Name>
  <Value className="java.lang.String">reddit</Value>
</Feature>
<Feature>
  <Name className="java.lang.String">href</Name>
  <Value className="java.lang.String">http://reddit.com/submit?url=http://news.bbc.co.uk/1/hi/scotland/8594190.stm&amp;title=Snow strands lorries on motorway</Value>
</Feature>
<Feature>
  <Name className="java.lang.String">title</Name>
  <Value className="java.lang.String">Post this story to reddit</Value>
</Feature>
</Annotation>
<Annotation Id="222" Type="li" StartNode="2481" EndNode="2489">
<Feature>
  <Name className="java.lang.String">class</Name>
  <Value className="java.lang.String">facebook</Value>
</Feature>
</Annotation>
<Annotation Id="223" Type="a" StartNode="2481" EndNode="2489">
<Feature>
  <Name className="java.lang.String">id</Name>
  <Value className="java.lang.String">facebook</Value>
</Feature>
<Feature>
  <Name className="java.lang.String">href</Name>
  <Value className="java.lang.String">http://www.facebook.com/sharer.php?u=http://news.bbc.co.uk/1/hi/scotland/8594190.stm</Value>
</Feature>
<Feature>
  <Name className="java.lang.String">title</Name>
  <Value className="java.lang.String">Post this story to Facebook</Value>
</Feature>
</Annotation>
<Annotation Id="216" Type="li" StartNode="2459" EndNode="2468">
<Feature>
  <Name className="java.lang.String">class</Name>
  <Value className="java.lang.String">delicious</Value>
</Feature>
</Annotation>
<Annotation Id="217" Type="a" StartNode="2459" EndNode="2468">
<Feature>
  <Name className="java.lang.String">id</Name>
  <Value className="java.lang.String">delicious</Value>
</Feature>
<Feature>
  <Name className="java.lang.String">href</Name>
  <Value className="java.lang.String">http://del.icio.us/post?url=http://news.bbc.co.uk/1/hi/scotland/8594190.stm&amp;title=Snow strands lorries on motorway</Value>
</Feature>
<Feature>
  <Name className="java.lang.String">title</Name>
  <Value className="java.lang.String">Post this story to Delicious</Value>
</Feature>
</Annotation>
<Annotation Id="218" Type="li" StartNode="2469" EndNode="2473">
<Feature>
  <Name className="java.lang.String">class</Name>
  <Value className="java.lang.String">digg</Value>
</Feature>
</Annotation>
<Annotation Id="219" Type="a" StartNode="2469" EndNode="2473">
<Feature>
  <Name className="java.lang.String">id</Name>
  <Value className="java.lang.String">digg</Value>
</Feature>
<Feature>
  <Name className="java.lang.String">href</Name>
  <Value className="java.lang.String">http://digg.com/submit?url=http://news.bbc.co.uk/1/hi/scotland/8594190.stm&amp;title=Snow strands lorries on motorway</Value>
</Feature>
<Feature>
  <Name className="java.lang.String">title</Name>
  <Value className="java.lang.String">Post this story to Digg</Value>
</Feature>
</Annotation>
<Annotation Id="212" Type="br" StartNode="2444" EndNode="2444">
<Feature>
  <Name className="java.lang.String">clear</Name>
  <Value className="java.lang.String">all</Value>
</Feature>
</Annotation>
<Annotation Id="213" Type="div" StartNode="2444" EndNode="2519">
<Feature>
  <Name className="java.lang.String">id</Name>
  <Value className="java.lang.String">socialBookMarks</Value>
</Feature>
<Feature>
  <Name className="java.lang.String">class</Name>
  <Value className="java.lang.String">sharesb</Value>
</Feature>
</Annotation>
<Annotation Id="214" Type="h3" StartNode="2444" EndNode="2458">
</Annotation>
<Annotation Id="215" Type="ul" StartNode="2459" EndNode="2502">
</Annotation>
<Annotation Id="208" Type="p" StartNode="2059" EndNode="2158">
</Annotation>
<Annotation Id="209" Type="p" StartNode="2160" EndNode="2329">
</Annotation>
<Annotation Id="210" Type="p" StartNode="2331" EndNode="2441">
</Annotation>
<Annotation Id="211" Type="br" StartNode="2443" EndNode="2443">
</Annotation>
<Annotation Id="239" Type="img" StartNode="2561" EndNode="2561">
<Feature>
  <Name className="java.lang.String">src</Name>
  <Value className="java.lang.String">http://newsimg.bbc.co.uk/shared/img/o.gif</Value>
</Feature>
<Feature>
  <Name className="java.lang.String">height</Name>
  <Value className="java.lang.String">10</Value>
</Feature>
<Feature>
  <Name className="java.lang.String">alt</Name>
  <Value className="java.lang.String"></Value>
</Feature>
<Feature>
  <Name className="java.lang.String">width</Name>
  <Value className="java.lang.String">1</Value>
</Feature>
</Annotation>
<Annotation Id="238" Type="td" StartNode="2561" EndNode="4012">
<Feature>
  <Name className="java.lang.String">class</Name>
  <Value className="java.lang.String">storyextra</Value>
</Feature>
</Annotation>
<Annotation Id="237" Type="img" StartNode="2542" EndNode="2542">
<Feature>
  <Name className="java.lang.String">height</Name>
  <Value className="java.lang.String">11</Value>
</Feature>
<Feature>
  <Name className="java.lang.String">hspace</Name>
  <Value className="java.lang.String">3</Value>
</Feature>
<Feature>
  <Name className="java.lang.String">alt</Name>
  <Value className="java.lang.String"></Value>
</Feature>
<Feature>
  <Name className="java.lang.String">align</Name>
  <Value className="java.lang.String">left</Value>
</Feature>
<Feature>
  <Name className="java.lang.String">width</Name>
  <Value className="java.lang.String">17</Value>
</Feature>
<Feature>
  <Name className="java.lang.String">src</Name>
  <Value className="java.lang.String">http://newsimg.bbc.co.uk/nol/shared/img/v3/print.gif </Value>
</Feature>
<Feature>
  <Name className="java.lang.String">border</Name>
  <Value className="java.lang.String">0</Value>
</Feature>
<Feature>
  <Name className="java.lang.String">vspace</Name>
  <Value className="java.lang.String">0</Value>
</Feature>
</Annotation>
<Annotation Id="236" Type="a" StartNode="2543" EndNode="2560">
<Feature>
  <Name className="java.lang.String">target</Name>
  <Value className="java.lang.String">Printer</Value>
</Feature>
<Feature>
  <Name className="java.lang.String">class</Name>
  <Value className="java.lang.String">epl</Value>
</Feature>
<Feature>
  <Name className="java.lang.String">onclick</Name>
  <Value className="java.lang.String">popUpPage('http://newsvote.bbc.co.uk/mpapps/pagetools/print/news.bbc.co.uk/1/hi/scotland/8594190.stm?ad=1','status=no,scrollbars=yes,toolbar=yes,resizable=yes,menubar=yes,width=600,height=445','Printer')</Value>
</Feature>
<Feature>
  <Name className="java.lang.String">href</Name>
  <Value className="java.lang.String">http://newsvote.bbc.co.uk/mpapps/pagetools/print/news.bbc.co.uk/1/hi/scotland/8594190.stm?ad=1</Value>
</Feature>
</Annotation>
<Annotation Id="235" Type="td" StartNode="2543" EndNode="2560">
<Feature>
  <Name className="java.lang.String">width</Name>
  <Value className="java.lang.String">203</Value>
</Feature>
</Annotation>
<Annotation Id="234" Type="img" StartNode="2519" EndNode="2519">
<Feature>
  <Name className="java.lang.String">height</Name>
  <Value className="java.lang.String">11</Value>
</Feature>
<Feature>
  <Name className="java.lang.String">hspace</Name>
  <Value className="java.lang.String">3</Value>
</Feature>
<Feature>
  <Name className="java.lang.String">alt</Name>
  <Value className="java.lang.String"></Value>
</Feature>
<Feature>
  <Name className="java.lang.String">align</Name>
  <Value className="java.lang.String">left</Value>
</Feature>
<Feature>
  <Name className="java.lang.String">width</Name>
  <Value className="java.lang.String">17</Value>
</Feature>
<Feature>
  <Name className="java.lang.String">src</Name>
  <Value className="java.lang.String">http://newsimg.bbc.co.uk/nol/shared/img/v3/email.gif</Value>
</Feature>
<Feature>
  <Name className="java.lang.String">border</Name>
  <Value className="java.lang.String">0</Value>
</Feature>
<Feature>
  <Name className="java.lang.String">vspace</Name>
  <Value className="java.lang.String">0</Value>
</Feature>
</Annotation>
<Annotation Id="233" Type="a" StartNode="2519" EndNode="2542">
<Feature>
  <Name className="java.lang.String">target</Name>
  <Value className="java.lang.String">Mailer</Value>
</Feature>
<Feature>
  <Name className="java.lang.String">class</Name>
  <Value className="java.lang.String">epl</Value>
</Feature>
<Feature>
  <Name className="java.lang.String">onclick</Name>
  <Value className="java.lang.String">popUpPage('http://newsvote.bbc.co.uk/mpapps/pagetools/email/news.bbc.co.uk/1/hi/scotland/8594190.stm','status=no,scrollbars=yes,resizable=yes,width=370,height=445','Mailer')</Value>
</Feature>
<Feature>
  <Name className="java.lang.String">href</Name>
  <Value className="java.lang.String">http://newsvote.bbc.co.uk/mpapps/pagetools/email/news.bbc.co.uk/1/hi/scotland/8594190.stm</Value>
</Feature>
</Annotation>
<Annotation Id="232" Type="td" StartNode="2519" EndNode="2542">
<Feature>
  <Name className="java.lang.String">width</Name>
  <Value className="java.lang.String">213</Value>
</Feature>
</Annotation>
<Annotation Id="231" Type="tr" StartNode="2519" EndNode="2560">
</Annotation>
<Annotation Id="230" Type="table" StartNode="2519" EndNode="2561">
<Feature>
  <Name className="java.lang.String">cellpadding</Name>
  <Value className="java.lang.String">0</Value>
</Feature>
<Feature>
  <Name className="java.lang.String">border</Name>
  <Value className="java.lang.String">0</Value>
</Feature>
<Feature>
  <Name className="java.lang.String">cellspacing</Name>
  <Value className="java.lang.String">0</Value>
</Feature>
<Feature>
  <Name className="java.lang.String">width</Name>
  <Value className="java.lang.String">416</Value>
</Feature>
</Annotation>
<Annotation Id="229" Type="div" StartNode="2519" EndNode="2561">
<Feature>
  <Name className="java.lang.String">class</Name>
  <Value className="java.lang.String">mvtb</Value>
</Feature>
</Annotation>
<Annotation Id="228" Type="script" StartNode="2519" EndNode="2519">
<Feature>
  <Name className="java.lang.String">isEmptyAndSpan</Name>
  <Value className="java.lang.String">true</Value>
</Feature>
<Feature>
  <Name className="java.lang.String">language</Name>
  <Value className="java.lang.String">JavaScript</Value>
</Feature>
</Annotation>
<Annotation Id="227" Type="a" StartNode="2503" EndNode="2518">
<Feature>
  <Name className="java.lang.String">href</Name>
  <Value className="java.lang.String">http://news.bbc.co.uk/1/hi/help/6915817.stm</Value>
</Feature>
</Annotation>
<Annotation Id="226" Type="p" StartNode="2503" EndNode="2518">
<Feature>
  <Name className="java.lang.String">class</Name>
  <Value className="java.lang.String">what</Value>
</Feature>
</Annotation>
<Annotation Id="225" Type="a" StartNode="2490" EndNode="2501">
<Feature>
  <Name className="java.lang.String">id</Name>
  <Value className="java.lang.String">stumbleupon</Value>
</Feature>
<Feature>
  <Name className="java.lang.String">href</Name>
  <Value className="java.lang.String">http://www.stumbleupon.com/submit?url=http://news.bbc.co.uk/1/hi/scotland/8594190.stm&amp;title=Snow strands lorries on motorway</Value>
</Feature>
<Feature>
  <Name className="java.lang.String">title</Name>
  <Value className="java.lang.String">Post this story to StumbleUpon</Value>
</Feature>
</Annotation>
<Annotation Id="224" Type="li" StartNode="2490" EndNode="2501">
<Feature>
  <Name className="java.lang.String">class</Name>
  <Value className="java.lang.String">stumbleupon</Value>
</Feature>
</Annotation>
<Annotation Id="254" Type="img" StartNode="2748" EndNode="2748">
<Feature>
  <Name className="java.lang.String">src</Name>
  <Value className="java.lang.String">http://newsimg.bbc.co.uk/shared/img/o.gif</Value>
</Feature>
<Feature>
  <Name className="java.lang.String">height</Name>
  <Value className="java.lang.String">10</Value>
</Feature>
<Feature>
  <Name className="java.lang.String">alt</Name>
  <Value className="java.lang.String"></Value>
</Feature>
<Feature>
  <Name className="java.lang.String">width</Name>
  <Value className="java.lang.String">1</Value>
</Feature>
</Annotation>
<Annotation Id="255" Type="br" StartNode="2749" EndNode="2749">
</Annotation>
<Annotation Id="252" Type="br" StartNode="2717" EndNode="2717">
</Annotation>
<Annotation Id="253" Type="span" StartNode="2717" EndNode="2747">
<Feature>
  <Name className="java.lang.String">class</Name>
  <Value className="java.lang.String">sad</Value>
</Feature>
</Annotation>
<Annotation Id="250" Type="div" StartNode="2683" EndNode="2747">
<Feature>
  <Name className="java.lang.String">class</Name>
  <Value className="java.lang.String">arr</Value>
</Feature>
</Annotation>
<Annotation Id="251" Type="a" StartNode="2683" EndNode="2716">
<Feature>
  <Name className="java.lang.String">href</Name>
  <Value className="java.lang.String">/1/hi/scotland/south_of_scotland/8588714.stm</Value>
</Feature>
</Annotation>
<Annotation Id="248" Type="br" StartNode="2667" EndNode="2667">
</Annotation>
<Annotation Id="249" Type="span" StartNode="2667" EndNode="2682">
<Feature>
  <Name className="java.lang.String">class</Name>
  <Value className="java.lang.String">sad</Value>
</Feature>
</Annotation>
<Annotation Id="246" Type="div" StartNode="2635" EndNode="2682">
<Feature>
  <Name className="java.lang.String">class</Name>
  <Value className="java.lang.String">arr</Value>
</Feature>
</Annotation>
<Annotation Id="247" Type="a" StartNode="2635" EndNode="2666">
<Feature>
  <Name className="java.lang.String">href</Name>
  <Value className="java.lang.String">/1/hi/uk/8591688.stm</Value>
</Feature>
</Annotation>
<Annotation Id="244" Type="br" StartNode="2604" EndNode="2604">
</Annotation>
<Annotation Id="245" Type="span" StartNode="2604" EndNode="2634">
<Feature>
  <Name className="java.lang.String">class</Name>
  <Value className="java.lang.String">sad</Value>
</Feature>
</Annotation>
<Annotation Id="242" Type="div" StartNode="2571" EndNode="2634">
<Feature>
  <Name className="java.lang.String">class</Name>
  <Value className="java.lang.String">arr</Value>
</Feature>
</Annotation>
<Annotation Id="243" Type="a" StartNode="2571" EndNode="2603">
<Feature>
  <Name className="java.lang.String">href</Name>
  <Value className="java.lang.String">/1/hi/scotland/south_of_scotland/8592559.stm</Value>
</Feature>
</Annotation>
<Annotation Id="240" Type="br" StartNode="2562" EndNode="2562">
</Annotation>
<Annotation Id="241" Type="div" StartNode="2562" EndNode="2570">
<Feature>
  <Name className="java.lang.String">class</Name>
  <Value className="java.lang.String">seeAlsoH</Value>
</Feature>
</Annotation>
<Annotation Id="275" Type="script" StartNode="2990" EndNode="2990">
<Feature>
  <Name className="java.lang.String">isEmptyAndSpan</Name>
  <Value className="java.lang.String">true</Value>
</Feature>
<Feature>
  <Name className="java.lang.String">language</Name>
  <Value className="java.lang.String">JavaScript</Value>
</Feature>
</Annotation>
<Annotation Id="274" Type="br" StartNode="2990" EndNode="2990">
</Annotation>
<Annotation Id="273" Type="a" StartNode="2957" EndNode="2989">
<Feature>
  <Name className="java.lang.String">href</Name>
  <Value className="java.lang.String">/1/hi/scotland/8593510.stm</Value>
</Feature>
</Annotation>
<Annotation Id="272" Type="div" StartNode="2957" EndNode="2990">
<Feature>
  <Name className="java.lang.String">class</Name>
  <Value className="java.lang.String">arr</Value>
</Feature>
</Annotation>
<Annotation Id="279" Type="div" StartNode="2991" EndNode="3016">
<Feature>
  <Name className="java.lang.String">id</Name>
  <Value className="java.lang.String">nav1</Value>
</Feature>
</Annotation>
<Annotation Id="278" Type="img" StartNode="2991" EndNode="2991">
<Feature>
  <Name className="java.lang.String">src</Name>
  <Value className="java.lang.String">http://newsimg.bbc.co.uk/shared/img/o.gif</Value>
</Feature>
<Feature>
  <Name className="java.lang.String">height</Name>
  <Value className="java.lang.String">1</Value>
</Feature>
<Feature>
  <Name className="java.lang.String">alt</Name>
  <Value className="java.lang.String"></Value>
</Feature>
<Feature>
  <Name className="java.lang.String">width</Name>
  <Value className="java.lang.String">1</Value>
</Feature>
</Annotation>
<Annotation Id="277" Type="br" StartNode="2991" EndNode="2991">
</Annotation>
<Annotation Id="276" Type="img" StartNode="2990" EndNode="2990">
<Feature>
  <Name className="java.lang.String">src</Name>
  <Value className="java.lang.String">http://newsimg.bbc.co.uk/shared/img/o.gif</Value>
</Feature>
<Feature>
  <Name className="java.lang.String">height</Name>
  <Value className="java.lang.String">10</Value>
</Feature>
<Feature>
  <Name className="java.lang.String">alt</Name>
  <Value className="java.lang.String"></Value>
</Feature>
<Feature>
  <Name className="java.lang.String">width</Name>
  <Value className="java.lang.String">1</Value>
</Feature>
</Annotation>
<Annotation Id="283" Type="script" StartNode="3016" EndNode="3016">
<Feature>
  <Name className="java.lang.String">isEmptyAndSpan</Name>
  <Value className="java.lang.String">true</Value>
</Feature>
</Annotation>
<Annotation Id="282" Type="a" StartNode="2991" EndNode="3015">
<Feature>
  <Name className="java.lang.String">href</Name>
  <Value className="java.lang.String">/1/shared/bsp/hi/live_stats/html/map.stm</Value>
</Feature>
<Feature>
  <Name className="java.lang.String">class</Name>
  <Value className="java.lang.String">lp</Value>
</Feature>
</Annotation>
<Annotation Id="281" Type="h4" StartNode="2991" EndNode="3015">
</Annotation>
<Annotation Id="280" Type="div" StartNode="2991" EndNode="3016">
<Feature>
  <Name className="java.lang.String">id</Name>
  <Value className="java.lang.String">popStory</Value>
</Feature>
</Annotation>
<Annotation Id="287" Type="li" StartNode="3023" EndNode="3027">
<Feature>
  <Name className="java.lang.String">id</Name>
  <Value className="java.lang.String">livestats102</Value>
</Feature>
</Annotation>
<Annotation Id="286" Type="li" StartNode="3016" EndNode="3022">
<Feature>
  <Name className="java.lang.String">id</Name>
  <Value className="java.lang.String">livestats101</Value>
</Feature>
<Feature>
  <Name className="java.lang.String">class</Name>
  <Value className="java.lang.String">tabpopHead</Value>
</Feature>
</Annotation>
<Annotation Id="285" Type="ul" StartNode="3016" EndNode="3045">
<Feature>
  <Name className="java.lang.String">class</Name>
  <Value className="java.lang.String">tabpopStory</Value>
</Feature>
</Annotation>
<Annotation Id="284" Type="div" StartNode="3016" EndNode="3236">
<Feature>
  <Name className="java.lang.String">id</Name>
  <Value className="java.lang.String">livestats100</Value>
</Feature>
<Feature>
  <Name className="java.lang.String">class</Name>
  <Value className="java.lang.String">statsStory</Value>
</Feature>
</Annotation>
<Annotation Id="258" Type="a" StartNode="2772" EndNode="2788">
<Feature>
  <Name className="java.lang.String">href</Name>
  <Value className="java.lang.String">http://www.trafficscotland.org/</Value>
</Feature>
</Annotation>
<Annotation Id="259" Type="div" StartNode="2789" EndNode="2799">
<Feature>
  <Name className="java.lang.String">class</Name>
  <Value className="java.lang.String">arr</Value>
</Feature>
</Annotation>
<Annotation Id="256" Type="div" StartNode="2749" EndNode="2771">
<Feature>
  <Name className="java.lang.String">class</Name>
  <Value className="java.lang.String">nlp</Value>
</Feature>
</Annotation>
<Annotation Id="257" Type="div" StartNode="2772" EndNode="2788">
<Feature>
  <Name className="java.lang.String">class</Name>
  <Value className="java.lang.String">arr</Value>
</Feature>
</Annotation>
<Annotation Id="262" Type="img" StartNode="2870" EndNode="2870">
<Feature>
  <Name className="java.lang.String">src</Name>
  <Value className="java.lang.String">http://newsimg.bbc.co.uk/shared/img/o.gif</Value>
</Feature>
<Feature>
  <Name className="java.lang.String">height</Name>
  <Value className="java.lang.String">10</Value>
</Feature>
<Feature>
  <Name className="java.lang.String">alt</Name>
  <Value className="java.lang.String"></Value>
</Feature>
<Feature>
  <Name className="java.lang.String">width</Name>
  <Value className="java.lang.String">1</Value>
</Feature>
</Annotation>
<Annotation Id="263" Type="br" StartNode="2871" EndNode="2871">
</Annotation>
<Annotation Id="260" Type="a" StartNode="2789" EndNode="2799">
<Feature>
  <Name className="java.lang.String">href</Name>
  <Value className="java.lang.String">http://www.metoffice.gov.uk/</Value>
</Feature>
</Annotation>
<Annotation Id="261" Type="div" StartNode="2800" EndNode="2869">
<Feature>
  <Name className="java.lang.String">class</Name>
  <Value className="java.lang.String">di</Value>
</Feature>
</Annotation>
<Annotation Id="266" Type="div" StartNode="2892" EndNode="2924">
<Feature>
  <Name className="java.lang.String">class</Name>
  <Value className="java.lang.String">arr</Value>
</Feature>
</Annotation>
<Annotation Id="267" Type="a" StartNode="2892" EndNode="2923">
<Feature>
  <Name className="java.lang.String">href</Name>
  <Value className="java.lang.String">/1/hi/scotland/north_east/8589555.stm</Value>
</Feature>
</Annotation>
<Annotation Id="264" Type="div" StartNode="2871" EndNode="2891">
<Feature>
  <Name className="java.lang.String">class</Name>
  <Value className="java.lang.String">topStoryH</Value>
</Feature>
</Annotation>
<Annotation Id="265" Type="a" StartNode="2871" EndNode="2891">
<Feature>
  <Name className="java.lang.String">class</Name>
  <Value className="java.lang.String">lp</Value>
</Feature>
<Feature>
  <Name className="java.lang.String">href</Name>
  <Value className="java.lang.String">/1/hi/scotland/default.stm</Value>
</Feature>
</Annotation>
<Annotation Id="270" Type="a" StartNode="2924" EndNode="2956">
<Feature>
  <Name className="java.lang.String">href</Name>
  <Value className="java.lang.String">/1/hi/scotland/8594190.stm</Value>
</Feature>
</Annotation>
<Annotation Id="271" Type="br" StartNode="2957" EndNode="2957">
</Annotation>
<Annotation Id="268" Type="br" StartNode="2924" EndNode="2924">
</Annotation>
<Annotation Id="269" Type="div" StartNode="2924" EndNode="2957">
<Feature>
  <Name className="java.lang.String">class</Name>
  <Value className="java.lang.String">arr</Value>
</Feature>
</Annotation>
<Annotation Id="305" Type="li" StartNode="3237" EndNode="3243">
<Feature>
  <Name className="java.lang.String">id</Name>
  <Value className="java.lang.String">livestats201</Value>
</Feature>
</Annotation>
<Annotation Id="304" Type="ul" StartNode="3237" EndNode="3266">
<Feature>
  <Name className="java.lang.String">class</Name>
  <Value className="java.lang.String">tabpopStory</Value>
</Feature>
</Annotation>
<Annotation Id="307" Type="li" StartNode="3244" EndNode="3248">
<Feature>
  <Name className="java.lang.String">id</Name>
  <Value className="java.lang.String">livestats202</Value>
</Feature>
<Feature>
  <Name className="java.lang.String">class</Name>
  <Value className="java.lang.String">tabpopHead</Value>
</Feature>
</Annotation>
<Annotation Id="306" Type="a" StartNode="3237" EndNode="3243">
<Feature>
  <Name className="java.lang.String">href</Name>
  <Value className="java.lang.String">/1/shared/bsp/hi/live_stats/html/map.stm</Value>
</Feature>
<Feature>
  <Name className="java.lang.String">onclick</Name>
  <Value className="java.lang.String">return liveStatsTabs('livestats100','livestats200')</Value>
</Feature>
</Annotation>
<Annotation Id="309" Type="a" StartNode="3249" EndNode="3265">
<Feature>
  <Name className="java.lang.String">href</Name>
  <Value className="java.lang.String">/1/shared/bsp/hi/live_stats/html/map.stm</Value>
</Feature>
<Feature>
  <Name className="java.lang.String">onclick</Name>
  <Value className="java.lang.String">return liveStatsTabs('livestats300','livestats200')</Value>
</Feature>
</Annotation>
<Annotation Id="308" Type="li" StartNode="3249" EndNode="3265">
<Feature>
  <Name className="java.lang.String">id</Name>
  <Value className="java.lang.String">livestats203</Value>
</Feature>
</Annotation>
<Annotation Id="311" Type="li" StartNode="3266" EndNode="3298">
<Feature>
  <Name className="java.lang.String">class</Name>
  <Value className="java.lang.String">mp1</Value>
</Feature>
</Annotation>
<Annotation Id="310" Type="ul" StartNode="3266" EndNode="3620">
<Feature>
  <Name className="java.lang.String">class</Name>
  <Value className="java.lang.String">popstoryList</Value>
</Feature>
</Annotation>
<Annotation Id="313" Type="li" StartNode="3299" EndNode="3330">
<Feature>
  <Name className="java.lang.String">class</Name>
  <Value className="java.lang.String">mp2</Value>
</Feature>
</Annotation>
<Annotation Id="312" Type="a" StartNode="3266" EndNode="3298">
<Feature>
  <Name className="java.lang.String">href</Name>
  <Value className="java.lang.String">http://news.bbc.co.uk/1/hi/entertainment/8594121.stm</Value>
</Feature>
</Annotation>
<Annotation Id="315" Type="li" StartNode="3331" EndNode="3362">
<Feature>
  <Name className="java.lang.String">class</Name>
  <Value className="java.lang.String">mp3</Value>
</Feature>
</Annotation>
<Annotation Id="314" Type="a" StartNode="3299" EndNode="3330">
<Feature>
  <Name className="java.lang.String">href</Name>
  <Value className="java.lang.String">http://news.bbc.co.uk/1/hi/england/8593861.stm</Value>
</Feature>
</Annotation>
<Annotation Id="317" Type="li" StartNode="3363" EndNode="3396">
<Feature>
  <Name className="java.lang.String">class</Name>
  <Value className="java.lang.String">mp4</Value>
</Feature>
</Annotation>
<Annotation Id="316" Type="a" StartNode="3331" EndNode="3362">
<Feature>
  <Name className="java.lang.String">href</Name>
  <Value className="java.lang.String">http://news.bbc.co.uk/1/hi/sci/tech/8593780.stm</Value>
</Feature>
</Annotation>
<Annotation Id="319" Type="li" StartNode="3397" EndNode="3429">
<Feature>
  <Name className="java.lang.String">class</Name>
  <Value className="java.lang.String">mp5</Value>
</Feature>
</Annotation>
<Annotation Id="318" Type="a" StartNode="3363" EndNode="3396">
<Feature>
  <Name className="java.lang.String">href</Name>
  <Value className="java.lang.String">http://news.bbc.co.uk/1/hi/england/manchester/8594810.stm</Value>
</Feature>
</Annotation>
<Annotation Id="288" Type="a" StartNode="3023" EndNode="3027">
<Feature>
  <Name className="java.lang.String">href</Name>
  <Value className="java.lang.String">/1/shared/bsp/hi/live_stats/html/map.stm</Value>
</Feature>
<Feature>
  <Name className="java.lang.String">onclick</Name>
  <Value className="java.lang.String">return liveStatsTabs('livestats200','livestats100')</Value>
</Feature>
</Annotation>
<Annotation Id="289" Type="li" StartNode="3028" EndNode="3044">
<Feature>
  <Name className="java.lang.String">id</Name>
  <Value className="java.lang.String">livestats103</Value>
</Feature>
</Annotation>
<Annotation Id="290" Type="a" StartNode="3028" EndNode="3044">
<Feature>
  <Name className="java.lang.String">href</Name>
  <Value className="java.lang.String">/1/shared/bsp/hi/live_stats/html/map.stm</Value>
</Feature>
<Feature>
  <Name className="java.lang.String">onclick</Name>
  <Value className="java.lang.String">return liveStatsTabs('livestats300','livestats100')</Value>
</Feature>
</Annotation>
<Annotation Id="291" Type="ul" StartNode="3045" EndNode="3209">
<Feature>
  <Name className="java.lang.String">class</Name>
  <Value className="java.lang.String">popstoryList</Value>
</Feature>
</Annotation>
<Annotation Id="292" Type="li" StartNode="3045" EndNode="3077">
<Feature>
  <Name className="java.lang.String">class</Name>
  <Value className="java.lang.String">mp1</Value>
</Feature>
</Annotation>
<Annotation Id="293" Type="a" StartNode="3045" EndNode="3077">
<Feature>
  <Name className="java.lang.String">href</Name>
  <Value className="java.lang.String">http://news.bbc.co.uk/1/hi/entertainment/8594121.stm</Value>
</Feature>
</Annotation>
<Annotation Id="294" Type="li" StartNode="3078" EndNode="3110">
<Feature>
  <Name className="java.lang.String">class</Name>
  <Value className="java.lang.String">mp2</Value>
</Feature>
</Annotation>
<Annotation Id="295" Type="a" StartNode="3078" EndNode="3110">
<Feature>
  <Name className="java.lang.String">href</Name>
  <Value className="java.lang.String">http://news.bbc.co.uk/1/hi/sci/tech/8594101.stm</Value>
</Feature>
</Annotation>
<Annotation Id="296" Type="li" StartNode="3111" EndNode="3144">
<Feature>
  <Name className="java.lang.String">class</Name>
  <Value className="java.lang.String">mp3</Value>
</Feature>
</Annotation>
<Annotation Id="297" Type="a" StartNode="3111" EndNode="3144">
<Feature>
  <Name className="java.lang.String">href</Name>
  <Value className="java.lang.String">http://news.bbc.co.uk/1/hi/world/europe/7293992.stm</Value>
</Feature>
</Annotation>
<Annotation Id="298" Type="li" StartNode="3145" EndNode="3176">
<Feature>
  <Name className="java.lang.String">class</Name>
  <Value className="java.lang.String">mp4</Value>
</Feature>
</Annotation>
<Annotation Id="299" Type="a" StartNode="3145" EndNode="3176">
<Feature>
  <Name className="java.lang.String">href</Name>
  <Value className="java.lang.String">http://news.bbc.co.uk/1/hi/sci/tech/8593717.stm</Value>
</Feature>
</Annotation>
<Annotation Id="300" Type="li" StartNode="3177" EndNode="3208">
<Feature>
  <Name className="java.lang.String">class</Name>
  <Value className="java.lang.String">mp5</Value>
</Feature>
</Annotation>
<Annotation Id="301" Type="a" StartNode="3177" EndNode="3208">
<Feature>
  <Name className="java.lang.String">href</Name>
  <Value className="java.lang.String">http://news.bbc.co.uk/1/hi/world/europe/8594104.stm</Value>
</Feature>
</Annotation>
<Annotation Id="302" Type="a" StartNode="3209" EndNode="3236">
<Feature>
  <Name className="java.lang.String">href</Name>
  <Value className="java.lang.String">/1/shared/bsp/hi/live_stats/html/map.stm</Value>
</Feature>
<Feature>
  <Name className="java.lang.String">class</Name>
  <Value className="java.lang.String">arr</Value>
</Feature>
</Annotation>
<Annotation Id="303" Type="div" StartNode="3237" EndNode="3647">
<Feature>
  <Name className="java.lang.String">id</Name>
  <Value className="java.lang.String">livestats200</Value>
</Feature>
<Feature>
  <Name className="java.lang.String">class</Name>
  <Value className="java.lang.String">statsStory</Value>
</Feature>
</Annotation>
<Annotation Id="343" Type="li" StartNode="3694" EndNode="3727">
<Feature>
  <Name className="java.lang.String">class</Name>
  <Value className="java.lang.String">mp2</Value>
</Feature>
</Annotation>
<Annotation Id="342" Type="img" StartNode="3677" EndNode="3677">
<Feature>
  <Name className="java.lang.String">height</Name>
  <Value className="java.lang.String">13</Value>
</Feature>
<Feature>
  <Name className="java.lang.String">hspace</Name>
  <Value className="java.lang.String">0</Value>
</Feature>
<Feature>
  <Name className="java.lang.String">alt</Name>
  <Value className="java.lang.String">video</Value>
</Feature>
<Feature>
  <Name className="java.lang.String">align</Name>
  <Value className="java.lang.String">left</Value>
</Feature>
<Feature>
  <Name className="java.lang.String">width</Name>
  <Value className="java.lang.String">20</Value>
</Feature>
<Feature>
  <Name className="java.lang.String">src</Name>
  <Value className="java.lang.String">http://newsimg.bbc.co.uk/nol/shared/img/v3/icons/video_single.gif</Value>
</Feature>
<Feature>
  <Name className="java.lang.String">border</Name>
  <Value className="java.lang.String">0</Value>
</Feature>
<Feature>
  <Name className="java.lang.String">vspace</Name>
  <Value className="java.lang.String">2</Value>
</Feature>
</Annotation>
<Annotation Id="341" Type="a" StartNode="3677" EndNode="3693">
<Feature>
  <Name className="java.lang.String">href</Name>
  <Value className="java.lang.String">http://news.bbc.co.uk/1/hi/uk/7459669.stm</Value>
</Feature>
</Annotation>
<Annotation Id="340" Type="li" StartNode="3677" EndNode="3693">
<Feature>
  <Name className="java.lang.String">class</Name>
  <Value className="java.lang.String">mp1</Value>
</Feature>
</Annotation>
<Annotation Id="339" Type="ul" StartNode="3677" EndNode="3984">
<Feature>
  <Name className="java.lang.String">class</Name>
  <Value className="java.lang.String">popstoryList</Value>
</Feature>
</Annotation>
<Annotation Id="338" Type="li" StartNode="3660" EndNode="3676">
<Feature>
  <Name className="java.lang.String">id</Name>
  <Value className="java.lang.String">livestats303</Value>
</Feature>
<Feature>
  <Name className="java.lang.String">class</Name>
  <Value className="java.lang.String">tabpopHead</Value>
</Feature>
</Annotation>
<Annotation Id="337" Type="a" StartNode="3655" EndNode="3659">
<Feature>
  <Name className="java.lang.String">href</Name>
  <Value className="java.lang.String">/1/shared/bsp/hi/live_stats/html/map.stm</Value>
</Feature>
<Feature>
  <Name className="java.lang.String">onclick</Name>
  <Value className="java.lang.String">return liveStatsTabs('livestats200','livestats300')</Value>
</Feature>
</Annotation>
<Annotation Id="336" Type="li" StartNode="3655" EndNode="3659">
<Feature>
  <Name className="java.lang.String">id</Name>
  <Value className="java.lang.String">livestats302</Value>
</Feature>
</Annotation>
<Annotation Id="351" Type="img" StartNode="3761" EndNode="3761">
<Feature>
  <Name className="java.lang.String">height</Name>
  <Value className="java.lang.String">13</Value>
</Feature>
<Feature>
  <Name className="java.lang.String">hspace</Name>
  <Value className="java.lang.String">0</Value>
</Feature>
<Feature>
  <Name className="java.lang.String">alt</Name>
  <Value className="java.lang.String">video</Value>
</Feature>
<Feature>
  <Name className="java.lang.String">align</Name>
  <Value className="java.lang.String">left</Value>
</Feature>
<Feature>
  <Name className="java.lang.String">width</Name>
  <Value className="java.lang.String">20</Value>
</Feature>
<Feature>
  <Name className="java.lang.String">src</Name>
  <Value className="java.lang.String">http://newsimg.bbc.co.uk/nol/shared/img/v3/icons/video_single.gif</Value>
</Feature>
<Feature>
  <Name className="java.lang.String">border</Name>
  <Value className="java.lang.String">0</Value>
</Feature>
<Feature>
  <Name className="java.lang.String">vspace</Name>
  <Value className="java.lang.String">2</Value>
</Feature>
</Annotation>
<Annotation Id="350" Type="a" StartNode="3761" EndNode="3793">
<Feature>
  <Name className="java.lang.String">href</Name>
  <Value className="java.lang.String">http://news.bbc.co.uk/1/hi/technology/8594447.stm</Value>
</Feature>
</Annotation>
<Annotation Id="349" Type="li" StartNode="3761" EndNode="3793">
<Feature>
  <Name className="java.lang.String">class</Name>
  <Value className="java.lang.String">mp4</Value>
</Feature>
</Annotation>
<Annotation Id="348" Type="img" StartNode="3728" EndNode="3728">
<Feature>
  <Name className="java.lang.String">height</Name>
  <Value className="java.lang.String">13</Value>
</Feature>
<Feature>
  <Name className="java.lang.String">hspace</Name>
  <Value className="java.lang.String">0</Value>
</Feature>
<Feature>
  <Name className="java.lang.String">alt</Name>
  <Value className="java.lang.String">video</Value>
</Feature>
<Feature>
  <Name className="java.lang.String">align</Name>
  <Value className="java.lang.String">left</Value>
</Feature>
<Feature>
  <Name className="java.lang.String">width</Name>
  <Value className="java.lang.String">20</Value>
</Feature>
<Feature>
  <Name className="java.lang.String">src</Name>
  <Value className="java.lang.String">http://newsimg.bbc.co.uk/nol/shared/img/v3/icons/video_single.gif</Value>
</Feature>
<Feature>
  <Name className="java.lang.String">border</Name>
  <Value className="java.lang.String">0</Value>
</Feature>
<Feature>
  <Name className="java.lang.String">vspace</Name>
  <Value className="java.lang.String">2</Value>
</Feature>
</Annotation>
<Annotation Id="347" Type="a" StartNode="3728" EndNode="3760">
<Feature>
  <Name className="java.lang.String">href</Name>
  <Value className="java.lang.String">http://news.bbc.co.uk/1/hi/england/8593153.stm</Value>
</Feature>
</Annotation>
<Annotation Id="346" Type="li" StartNode="3728" EndNode="3760">
<Feature>
  <Name className="java.lang.String">class</Name>
  <Value className="java.lang.String">mp3</Value>
</Feature>
</Annotation>
<Annotation Id="345" Type="img" StartNode="3694" EndNode="3694">
<Feature>
  <Name className="java.lang.String">height</Name>
  <Value className="java.lang.String">13</Value>
</Feature>
<Feature>
  <Name className="java.lang.String">hspace</Name>
  <Value className="java.lang.String">0</Value>
</Feature>
<Feature>
  <Name className="java.lang.String">alt</Name>
  <Value className="java.lang.String">video</Value>
</Feature>
<Feature>
  <Name className="java.lang.String">align</Name>
  <Value className="java.lang.String">left</Value>
</Feature>
<Feature>
  <Name className="java.lang.String">width</Name>
  <Value className="java.lang.String">20</Value>
</Feature>
<Feature>
  <Name className="java.lang.String">src</Name>
  <Value className="java.lang.String">http://newsimg.bbc.co.uk/nol/shared/img/v3/icons/video_single.gif</Value>
</Feature>
<Feature>
  <Name className="java.lang.String">border</Name>
  <Value className="java.lang.String">0</Value>
</Feature>
<Feature>
  <Name className="java.lang.String">vspace</Name>
  <Value className="java.lang.String">2</Value>
</Feature>
</Annotation>
<Annotation Id="344" Type="a" StartNode="3694" EndNode="3727">
<Feature>
  <Name className="java.lang.String">href</Name>
  <Value className="java.lang.String">http://news.bbc.co.uk/1/hi/uk_politics/8594077.stm</Value>
</Feature>
</Annotation>
<Annotation Id="326" Type="a" StartNode="3509" EndNode="3541">
<Feature>
  <Name className="java.lang.String">href</Name>
  <Value className="java.lang.String">http://news.bbc.co.uk/1/hi/sci/tech/8594101.stm</Value>
</Feature>
</Annotation>
<Annotation Id="327" Type="li" StartNode="3542" EndNode="3575">
<Feature>
  <Name className="java.lang.String">class</Name>
  <Value className="java.lang.String">mp9</Value>
</Feature>
</Annotation>
<Annotation Id="324" Type="a" StartNode="3477" EndNode="3508">
<Feature>
  <Name className="java.lang.String">href</Name>
  <Value className="java.lang.String">http://news.bbc.co.uk/1/hi/health/8593118.stm</Value>
</Feature>
</Annotation>
<Annotation Id="325" Type="li" StartNode="3509" EndNode="3541">
<Feature>
  <Name className="java.lang.String">class</Name>
  <Value className="java.lang.String">mp8</Value>
</Feature>
</Annotation>
<Annotation Id="322" Type="a" StartNode="3430" EndNode="3476">
<Feature>
  <Name className="java.lang.String">href</Name>
  <Value className="java.lang.String">http://news.bbc.co.uk/1/hi/uk_politics/8594125.stm</Value>
</Feature>
</Annotation>
<Annotation Id="323" Type="li" StartNode="3477" EndNode="3508">
<Feature>
  <Name className="java.lang.String">class</Name>
  <Value className="java.lang.String">mp7</Value>
</Feature>
</Annotation>
<Annotation Id="320" Type="a" StartNode="3397" EndNode="3429">
<Feature>
  <Name className="java.lang.String">href</Name>
  <Value className="java.lang.String">http://news.bbc.co.uk/1/hi/scotland/8594190.stm</Value>
</Feature>
</Annotation>
<Annotation Id="321" Type="li" StartNode="3430" EndNode="3476">
<Feature>
  <Name className="java.lang.String">class</Name>
  <Value className="java.lang.String">mp6</Value>
</Feature>
</Annotation>
<Annotation Id="334" Type="li" StartNode="3648" EndNode="3654">
<Feature>
  <Name className="java.lang.String">id</Name>
  <Value className="java.lang.String">livestats301</Value>
</Feature>
</Annotation>
<Annotation Id="335" Type="a" StartNode="3648" EndNode="3654">
<Feature>
  <Name className="java.lang.String">href</Name>
  <Value className="java.lang.String">/1/shared/bsp/hi/live_stats/html/map.stm</Value>
</Feature>
<Feature>
  <Name className="java.lang.String">onclick</Name>
  <Value className="java.lang.String">return liveStatsTabs('livestats100','livestats300')</Value>
</Feature>
</Annotation>
<Annotation Id="332" Type="div" StartNode="3648" EndNode="4011">
<Feature>
  <Name className="java.lang.String">id</Name>
  <Value className="java.lang.String">livestats300</Value>
</Feature>
<Feature>
  <Name className="java.lang.String">class</Name>
  <Value className="java.lang.String">statsStory</Value>
</Feature>
</Annotation>
<Annotation Id="333" Type="ul" StartNode="3648" EndNode="3677">
<Feature>
  <Name className="java.lang.String">class</Name>
  <Value className="java.lang.String">tabpopStory</Value>
</Feature>
</Annotation>
<Annotation Id="330" Type="a" StartNode="3576" EndNode="3619">
<Feature>
  <Name className="java.lang.String">href</Name>
  <Value className="java.lang.String">http://news.bbc.co.uk/1/hi/world/europe/8592571.stm</Value>
</Feature>
</Annotation>
<Annotation Id="331" Type="a" StartNode="3620" EndNode="3647">
<Feature>
  <Name className="java.lang.String">href</Name>
  <Value className="java.lang.String">/1/shared/bsp/hi/live_stats/html/map.stm</Value>
</Feature>
<Feature>
  <Name className="java.lang.String">class</Name>
  <Value className="java.lang.String">arr</Value>
</Feature>
</Annotation>
<Annotation Id="328" Type="a" StartNode="3542" EndNode="3575">
<Feature>
  <Name className="java.lang.String">href</Name>
  <Value className="java.lang.String">http://news.bbc.co.uk/1/hi/business/8594409.stm</Value>
</Feature>
</Annotation>
<Annotation Id="329" Type="li" StartNode="3576" EndNode="3619">
<Feature>
  <Name className="java.lang.String">class</Name>
  <Value className="java.lang.String">mp10</Value>
</Feature>
</Annotation>
<Annotation Id="373" Type="tr" StartNode="4013" EndNode="4277">
</Annotation>
<Annotation Id="372" Type="script" StartNode="4012" EndNode="4012">
<Feature>
  <Name className="java.lang.String">isEmptyAndSpan</Name>
  <Value className="java.lang.String">true</Value>
</Feature>
</Annotation>
<Annotation Id="375" Type="div" StartNode="4013" EndNode="4277">
<Feature>
  <Name className="java.lang.String">class</Name>
  <Value className="java.lang.String">o</Value>
</Feature>
</Annotation>
<Annotation Id="374" Type="td" StartNode="4013" EndNode="4277">
<Feature>
  <Name className="java.lang.String">colspan</Name>
  <Value className="java.lang.String">3</Value>
</Feature>
</Annotation>
<Annotation Id="369" Type="img" StartNode="3951" EndNode="3951">
<Feature>
  <Name className="java.lang.String">height</Name>
  <Value className="java.lang.String">13</Value>
</Feature>
<Feature>
  <Name className="java.lang.String">hspace</Name>
  <Value className="java.lang.String">0</Value>
</Feature>
<Feature>
  <Name className="java.lang.String">alt</Name>
  <Value className="java.lang.String">video</Value>
</Feature>
<Feature>
  <Name className="java.lang.String">align</Name>
  <Value className="java.lang.String">left</Value>
</Feature>
<Feature>
  <Name className="java.lang.String">width</Name>
  <Value className="java.lang.String">20</Value>
</Feature>
<Feature>
  <Name className="java.lang.String">src</Name>
  <Value className="java.lang.String">http://newsimg.bbc.co.uk/nol/shared/img/v3/icons/video_single.gif</Value>
</Feature>
<Feature>
  <Name className="java.lang.String">border</Name>
  <Value className="java.lang.String">0</Value>
</Feature>
<Feature>
  <Name className="java.lang.String">vspace</Name>
  <Value className="java.lang.String">2</Value>
</Feature>
</Annotation>
<Annotation Id="368" Type="a" StartNode="3951" EndNode="3983">
<Feature>
  <Name className="java.lang.String">href</Name>
  <Value className="java.lang.String">http://news.bbc.co.uk/1/hi/england/8594388.stm</Value>
</Feature>
</Annotation>
<Annotation Id="371" Type="div" StartNode="4012" EndNode="4012">
<Feature>
  <Name className="java.lang.String">class</Name>
  <Value className="java.lang.String">clear</Value>
</Feature>
<Feature>
  <Name className="java.lang.String">isEmptyAndSpan</Name>
  <Value className="java.lang.String">true</Value>
</Feature>
</Annotation>
<Annotation Id="370" Type="a" StartNode="3984" EndNode="4011">
<Feature>
  <Name className="java.lang.String">href</Name>
  <Value className="java.lang.String">/1/shared/bsp/hi/live_stats/html/map.stm</Value>
</Feature>
<Feature>
  <Name className="java.lang.String">class</Name>
  <Value className="java.lang.String">arr</Value>
</Feature>
</Annotation>
<Annotation Id="381" Type="div" StartNode="4013" EndNode="4039">
<Feature>
  <Name className="java.lang.String">class</Name>
  <Value className="java.lang.String">promotopbg</Value>
</Feature>
</Annotation>
<Annotation Id="380" Type="td" StartNode="4013" EndNode="4178">
<Feature>
  <Name className="java.lang.String">valign</Name>
  <Value className="java.lang.String">top</Value>
</Feature>
<Feature>
  <Name className="java.lang.String">width</Name>
  <Value className="java.lang.String">446</Value>
</Feature>
</Annotation>
<Annotation Id="383" Type="table" StartNode="4039" EndNode="4178">
<Feature>
  <Name className="java.lang.String">cellpadding</Name>
  <Value className="java.lang.String">0</Value>
</Feature>
<Feature>
  <Name className="java.lang.String">border</Name>
  <Value className="java.lang.String">0</Value>
</Feature>
<Feature>
  <Name className="java.lang.String">cellspacing</Name>
  <Value className="java.lang.String">0</Value>
</Feature>
<Feature>
  <Name className="java.lang.String">width</Name>
  <Value className="java.lang.String">446</Value>
</Feature>
</Annotation>
<Annotation Id="382" Type="div" StartNode="4013" EndNode="4038">
<Feature>
  <Name className="java.lang.String">class</Name>
  <Value className="java.lang.String">nlp</Value>
</Feature>
</Annotation>
<Annotation Id="377" Type="tr" StartNode="4013" EndNode="4178">
</Annotation>
<Annotation Id="376" Type="table" StartNode="4013" EndNode="4179">
<Feature>
  <Name className="java.lang.String">cellpadding</Name>
  <Value className="java.lang.String">0</Value>
</Feature>
<Feature>
  <Name className="java.lang.String">border</Name>
  <Value className="java.lang.String">0</Value>
</Feature>
<Feature>
  <Name className="java.lang.String">cellspacing</Name>
  <Value className="java.lang.String">0</Value>
</Feature>
<Feature>
  <Name className="java.lang.String">width</Name>
  <Value className="java.lang.String">466</Value>
</Feature>
</Annotation>
<Annotation Id="379" Type="img" StartNode="4013" EndNode="4013">
<Feature>
  <Name className="java.lang.String">height</Name>
  <Value className="java.lang.String">1</Value>
</Feature>
<Feature>
  <Name className="java.lang.String">hspace</Name>
  <Value className="java.lang.String">0</Value>
</Feature>
<Feature>
  <Name className="java.lang.String">alt</Name>
  <Value className="java.lang.String"></Value>
</Feature>
<Feature>
  <Name className="java.lang.String">width</Name>
  <Value className="java.lang.String">10</Value>
</Feature>
<Feature>
  <Name className="java.lang.String">src</Name>
  <Value className="java.lang.String">http://newsimg.bbc.co.uk/shared/img/o.gif</Value>
</Feature>
<Feature>
  <Name className="java.lang.String">border</Name>
  <Value className="java.lang.String">0</Value>
</Feature>
<Feature>
  <Name className="java.lang.String">vspace</Name>
  <Value className="java.lang.String">0</Value>
</Feature>
</Annotation>
<Annotation Id="378" Type="td" StartNode="4013" EndNode="4013">
<Feature>
  <Name className="java.lang.String">class</Name>
  <Value className="java.lang.String">gpromo</Value>
</Feature>
<Feature>
  <Name className="java.lang.String">isEmptyAndSpan</Name>
  <Value className="java.lang.String">true</Value>
</Feature>
<Feature>
  <Name className="java.lang.String">valign</Name>
  <Value className="java.lang.String">top</Value>
</Feature>
<Feature>
  <Name className="java.lang.String">width</Name>
  <Value className="java.lang.String">10</Value>
</Feature>
</Annotation>
<Annotation Id="356" Type="a" StartNode="3826" EndNode="3855">
<Feature>
  <Name className="java.lang.String">href</Name>
  <Value className="java.lang.String">http://news.bbc.co.uk/1/hi/world/asia-pacific/8594300.stm</Value>
</Feature>
</Annotation>
<Annotation Id="357" Type="img" StartNode="3826" EndNode="3826">
<Feature>
  <Name className="java.lang.String">height</Name>
  <Value className="java.lang.String">13</Value>
</Feature>
<Feature>
  <Name className="java.lang.String">hspace</Name>
  <Value className="java.lang.String">0</Value>
</Feature>
<Feature>
  <Name className="java.lang.String">alt</Name>
  <Value className="java.lang.String">video</Value>
</Feature>
<Feature>
  <Name className="java.lang.String">align</Name>
  <Value className="java.lang.String">left</Value>
</Feature>
<Feature>
  <Name className="java.lang.String">width</Name>
  <Value className="java.lang.String">20</Value>
</Feature>
<Feature>
  <Name className="java.lang.String">src</Name>
  <Value className="java.lang.String">http://newsimg.bbc.co.uk/nol/shared/img/v3/icons/video_single.gif</Value>
</Feature>
<Feature>
  <Name className="java.lang.String">border</Name>
  <Value className="java.lang.String">0</Value>
</Feature>
<Feature>
  <Name className="java.lang.String">vspace</Name>
  <Value className="java.lang.String">2</Value>
</Feature>
</Annotation>
<Annotation Id="358" Type="li" StartNode="3856" EndNode="3884">
<Feature>
  <Name className="java.lang.String">class</Name>
  <Value className="java.lang.String">mp7</Value>
</Feature>
</Annotation>
<Annotation Id="359" Type="a" StartNode="3856" EndNode="3884">
<Feature>
  <Name className="java.lang.String">href</Name>
  <Value className="java.lang.String">http://news.bbc.co.uk/1/hi/health/8593118.stm</Value>
</Feature>
</Annotation>
<Annotation Id="352" Type="li" StartNode="3794" EndNode="3825">
<Feature>
  <Name className="java.lang.String">class</Name>
  <Value className="java.lang.String">mp5</Value>
</Feature>
</Annotation>
<Annotation Id="353" Type="a" StartNode="3794" EndNode="3825">
<Feature>
  <Name className="java.lang.String">href</Name>
  <Value className="java.lang.String">http://news.bbc.co.uk/1/hi/world/europe/8594540.stm</Value>
</Feature>
</Annotation>
<Annotation Id="354" Type="img" StartNode="3794" EndNode="3794">
<Feature>
  <Name className="java.lang.String">height</Name>
  <Value className="java.lang.String">13</Value>
</Feature>
<Feature>
  <Name className="java.lang.String">hspace</Name>
  <Value className="java.lang.String">0</Value>
</Feature>
<Feature>
  <Name className="java.lang.String">alt</Name>
  <Value className="java.lang.String">video</Value>
</Feature>
<Feature>
  <Name className="java.lang.String">align</Name>
  <Value className="java.lang.String">left</Value>
</Feature>
<Feature>
  <Name className="java.lang.String">width</Name>
  <Value className="java.lang.String">20</Value>
</Feature>
<Feature>
  <Name className="java.lang.String">src</Name>
  <Value className="java.lang.String">http://newsimg.bbc.co.uk/nol/shared/img/v3/icons/video_single.gif</Value>
</Feature>
<Feature>
  <Name className="java.lang.String">border</Name>
  <Value className="java.lang.String">0</Value>
</Feature>
<Feature>
  <Name className="java.lang.String">vspace</Name>
  <Value className="java.lang.String">2</Value>
</Feature>
</Annotation>
<Annotation Id="355" Type="li" StartNode="3826" EndNode="3855">
<Feature>
  <Name className="java.lang.String">class</Name>
  <Value className="java.lang.String">mp6</Value>
</Feature>
</Annotation>
<Annotation Id="364" Type="li" StartNode="3918" EndNode="3950">
<Feature>
  <Name className="java.lang.String">class</Name>
  <Value className="java.lang.String">mp9</Value>
</Feature>
</Annotation>
<Annotation Id="365" Type="a" StartNode="3918" EndNode="3950">
<Feature>
  <Name className="java.lang.String">href</Name>
  <Value className="java.lang.String">http://news.bbc.co.uk/1/hi/uk_politics/8594087.stm</Value>
</Feature>
</Annotation>
<Annotation Id="366" Type="img" StartNode="3918" EndNode="3918">
<Feature>
  <Name className="java.lang.String">height</Name>
  <Value className="java.lang.String">13</Value>
</Feature>
<Feature>
  <Name className="java.lang.String">hspace</Name>
  <Value className="java.lang.String">0</Value>
</Feature>
<Feature>
  <Name className="java.lang.String">alt</Name>
  <Value className="java.lang.String">video</Value>
</Feature>
<Feature>
  <Name className="java.lang.String">align</Name>
  <Value className="java.lang.String">left</Value>
</Feature>
<Feature>
  <Name className="java.lang.String">width</Name>
  <Value className="java.lang.String">20</Value>
</Feature>
<Feature>
  <Name className="java.lang.String">src</Name>
  <Value className="java.lang.String">http://newsimg.bbc.co.uk/nol/shared/img/v3/icons/video_single.gif</Value>
</Feature>
<Feature>
  <Name className="java.lang.String">border</Name>
  <Value className="java.lang.String">0</Value>
</Feature>
<Feature>
  <Name className="java.lang.String">vspace</Name>
  <Value className="java.lang.String">2</Value>
</Feature>
</Annotation>
<Annotation Id="367" Type="li" StartNode="3951" EndNode="3983">
<Feature>
  <Name className="java.lang.String">class</Name>
  <Value className="java.lang.String">mp10</Value>
</Feature>
</Annotation>
<Annotation Id="360" Type="img" StartNode="3856" EndNode="3856">
<Feature>
  <Name className="java.lang.String">height</Name>
  <Value className="java.lang.String">13</Value>
</Feature>
<Feature>
  <Name className="java.lang.String">hspace</Name>
  <Value className="java.lang.String">0</Value>
</Feature>
<Feature>
  <Name className="java.lang.String">alt</Name>
  <Value className="java.lang.String">video</Value>
</Feature>
<Feature>
  <Name className="java.lang.String">align</Name>
  <Value className="java.lang.String">left</Value>
</Feature>
<Feature>
  <Name className="java.lang.String">width</Name>
  <Value className="java.lang.String">20</Value>
</Feature>
<Feature>
  <Name className="java.lang.String">src</Name>
  <Value className="java.lang.String">http://newsimg.bbc.co.uk/nol/shared/img/v3/icons/video_single.gif</Value>
</Feature>
<Feature>
  <Name className="java.lang.String">border</Name>
  <Value className="java.lang.String">0</Value>
</Feature>
<Feature>
  <Name className="java.lang.String">vspace</Name>
  <Value className="java.lang.String">2</Value>
</Feature>
</Annotation>
<Annotation Id="361" Type="li" StartNode="3885" EndNode="3917">
<Feature>
  <Name className="java.lang.String">class</Name>
  <Value className="java.lang.String">mp8</Value>
</Feature>
</Annotation>
<Annotation Id="362" Type="a" StartNode="3885" EndNode="3917">
<Feature>
  <Name className="java.lang.String">href</Name>
  <Value className="java.lang.String">http://news.bbc.co.uk/1/hi/technology/8385580.stm</Value>
</Feature>
</Annotation>
<Annotation Id="363" Type="img" StartNode="3885" EndNode="3885">
<Feature>
  <Name className="java.lang.String">height</Name>
  <Value className="java.lang.String">13</Value>
</Feature>
<Feature>
  <Name className="java.lang.String">hspace</Name>
  <Value className="java.lang.String">0</Value>
</Feature>
<Feature>
  <Name className="java.lang.String">alt</Name>
  <Value className="java.lang.String">video</Value>
</Feature>
<Feature>
  <Name className="java.lang.String">align</Name>
  <Value className="java.lang.String">left</Value>
</Feature>
<Feature>
  <Name className="java.lang.String">width</Name>
  <Value className="java.lang.String">20</Value>
</Feature>
<Feature>
  <Name className="java.lang.String">src</Name>
  <Value className="java.lang.String">http://newsimg.bbc.co.uk/nol/shared/img/v3/icons/video_single.gif</Value>
</Feature>
<Feature>
  <Name className="java.lang.String">border</Name>
  <Value className="java.lang.String">0</Value>
</Feature>
<Feature>
  <Name className="java.lang.String">vspace</Name>
  <Value className="java.lang.String">2</Value>
</Feature>
</Annotation>
<Annotation Id="410" Type="a" StartNode="4106" EndNode="4122">
<Feature>
  <Name className="java.lang.String">class</Name>
  <Value className="java.lang.String">shl</Value>
</Feature>
<Feature>
  <Name className="java.lang.String">href</Name>
  <Value className="java.lang.String">/1/hi/technology/8593305.stm</Value>
</Feature>
</Annotation>
<Annotation Id="411" Type="br" StartNode="4123" EndNode="4123">
</Annotation>
<Annotation Id="408" Type="a" StartNode="4106" EndNode="4106">
<Feature>
  <Name className="java.lang.String">href</Name>
  <Value className="java.lang.String">/1/hi/technology/8593305.stm</Value>
</Feature>
<Feature>
  <Name className="java.lang.String">isEmptyAndSpan</Name>
  <Value className="java.lang.String">true</Value>
</Feature>
</Annotation>
<Annotation Id="409" Type="img" StartNode="4106" EndNode="4106">
<Feature>
  <Name className="java.lang.String">height</Name>
  <Value className="java.lang.String">71</Value>
</Feature>
<Feature>
  <Name className="java.lang.String">hspace</Name>
  <Value className="java.lang.String">0</Value>
</Feature>
<Feature>
  <Name className="java.lang.String">alt</Name>
  <Value className="java.lang.String">Steampunk goggles, A Scrivener</Value>
</Feature>
<Feature>
  <Name className="java.lang.String">align</Name>
  <Value className="java.lang.String"></Value>
</Feature>
<Feature>
  <Name className="java.lang.String">width</Name>
  <Value className="java.lang.String">126</Value>
</Feature>
<Feature>
  <Name className="java.lang.String">src</Name>
  <Value className="java.lang.String">http://newsimg.bbc.co.uk/media/images/47554000/jpg/_47554581_steampunk-ascrivener126.jpg.jpg</Value>
</Feature>
<Feature>
  <Name className="java.lang.String">border</Name>
  <Value className="java.lang.String">0</Value>
</Feature>
<Feature>
  <Name className="java.lang.String">vspace</Name>
  <Value className="java.lang.String">0</Value>
</Feature>
</Annotation>
<Annotation Id="414" Type="img" StartNode="4178" EndNode="4178">
<Feature>
  <Name className="java.lang.String">height</Name>
  <Value className="java.lang.String">1</Value>
</Feature>
<Feature>
  <Name className="java.lang.String">hspace</Name>
  <Value className="java.lang.String">0</Value>
</Feature>
<Feature>
  <Name className="java.lang.String">alt</Name>
  <Value className="java.lang.String"></Value>
</Feature>
<Feature>
  <Name className="java.lang.String">width</Name>
  <Value className="java.lang.String">10</Value>
</Feature>
<Feature>
  <Name className="java.lang.String">src</Name>
  <Value className="java.lang.String">http://newsimg.bbc.co.uk/shared/img/o.gif</Value>
</Feature>
<Feature>
  <Name className="java.lang.String">border</Name>
  <Value className="java.lang.String">0</Value>
</Feature>
<Feature>
  <Name className="java.lang.String">vspace</Name>
  <Value className="java.lang.String">0</Value>
</Feature>
</Annotation>
<Annotation Id="415" Type="img" StartNode="4179" EndNode="4179">
<Feature>
  <Name className="java.lang.String">src</Name>
  <Value className="java.lang.String">http://newsimg.bbc.co.uk/shared/img/o.gif</Value>
</Feature>
<Feature>
  <Name className="java.lang.String">height</Name>
  <Value className="java.lang.String">20</Value>
</Feature>
<Feature>
  <Name className="java.lang.String">border</Name>
  <Value className="java.lang.String">0</Value>
</Feature>
<Feature>
  <Name className="java.lang.String">alt</Name>
  <Value className="java.lang.String"></Value>
</Feature>
<Feature>
  <Name className="java.lang.String">width</Name>
  <Value className="java.lang.String">466</Value>
</Feature>
</Annotation>
<Annotation Id="412" Type="div" StartNode="4123" EndNode="4176">
<Feature>
  <Name className="java.lang.String">class</Name>
  <Value className="java.lang.String">o</Value>
</Feature>
</Annotation>
<Annotation Id="413" Type="td" StartNode="4178" EndNode="4178">
<Feature>
  <Name className="java.lang.String">class</Name>
  <Value className="java.lang.String">gpromo</Value>
</Feature>
<Feature>
  <Name className="java.lang.String">isEmptyAndSpan</Name>
  <Value className="java.lang.String">true</Value>
</Feature>
<Feature>
  <Name className="java.lang.String">valign</Name>
  <Value className="java.lang.String">top</Value>
</Feature>
<Feature>
  <Name className="java.lang.String">width</Name>
  <Value className="java.lang.String">10</Value>
</Feature>
</Annotation>
<Annotation Id="402" Type="div" StartNode="4060" EndNode="4105">
<Feature>
  <Name className="java.lang.String">class</Name>
  <Value className="java.lang.String">o</Value>
</Feature>
</Annotation>
<Annotation Id="403" Type="td" StartNode="4106" EndNode="4106">
<Feature>
  <Name className="java.lang.String">class</Name>
  <Value className="java.lang.String">gpromo</Value>
</Feature>
<Feature>
  <Name className="java.lang.String">isEmptyAndSpan</Name>
  <Value className="java.lang.String">true</Value>
</Feature>
<Feature>
  <Name className="java.lang.String">valign</Name>
  <Value className="java.lang.String">top</Value>
</Feature>
<Feature>
  <Name className="java.lang.String">width</Name>
  <Value className="java.lang.String">34</Value>
</Feature>
</Annotation>
<Annotation Id="400" Type="a" StartNode="4049" EndNode="4059">
<Feature>
  <Name className="java.lang.String">class</Name>
  <Value className="java.lang.String">shl</Value>
</Feature>
<Feature>
  <Name className="java.lang.String">href</Name>
  <Value className="java.lang.String">/1/hi/uk_politics/8583344.stm</Value>
</Feature>
</Annotation>
<Annotation Id="401" Type="br" StartNode="4060" EndNode="4060">
</Annotation>
<Annotation Id="406" Type="div" StartNode="4106" EndNode="4177">
<Feature>
  <Name className="java.lang.String">class</Name>
  <Value className="java.lang.String">promobottombg</Value>
</Feature>
</Annotation>
<Annotation Id="407" Type="div" StartNode="4106" EndNode="4123">
<Feature>
  <Name className="java.lang.String">class</Name>
  <Value className="java.lang.String">mvb</Value>
</Feature>
</Annotation>
<Annotation Id="404" Type="img" StartNode="4106" EndNode="4106">
<Feature>
  <Name className="java.lang.String">height</Name>
  <Value className="java.lang.String">1</Value>
</Feature>
<Feature>
  <Name className="java.lang.String">hspace</Name>
  <Value className="java.lang.String">0</Value>
</Feature>
<Feature>
  <Name className="java.lang.String">alt</Name>
  <Value className="java.lang.String"></Value>
</Feature>
<Feature>
  <Name className="java.lang.String">width</Name>
  <Value className="java.lang.String">34</Value>
</Feature>
<Feature>
  <Name className="java.lang.String">src</Name>
  <Value className="java.lang.String">http://newsimg.bbc.co.uk/shared/img/o.gif</Value>
</Feature>
<Feature>
  <Name className="java.lang.String">border</Name>
  <Value className="java.lang.String">0</Value>
</Feature>
<Feature>
  <Name className="java.lang.String">vspace</Name>
  <Value className="java.lang.String">0</Value>
</Feature>
</Annotation>
<Annotation Id="405" Type="td" StartNode="4106" EndNode="4177">
<Feature>
  <Name className="java.lang.String">valign</Name>
  <Value className="java.lang.String">top</Value>
</Feature>
<Feature>
  <Name className="java.lang.String">width</Name>
  <Value className="java.lang.String">126</Value>
</Feature>
</Annotation>
<Annotation Id="395" Type="td" StartNode="4049" EndNode="4106">
<Feature>
  <Name className="java.lang.String">valign</Name>
  <Value className="java.lang.String">top</Value>
</Feature>
<Feature>
  <Name className="java.lang.String">width</Name>
  <Value className="java.lang.String">126</Value>
</Feature>
</Annotation>
<Annotation Id="394" Type="img" StartNode="4049" EndNode="4049">
<Feature>
  <Name className="java.lang.String">height</Name>
  <Value className="java.lang.String">1</Value>
</Feature>
<Feature>
  <Name className="java.lang.String">hspace</Name>
  <Value className="java.lang.String">0</Value>
</Feature>
<Feature>
  <Name className="java.lang.String">alt</Name>
  <Value className="java.lang.String"></Value>
</Feature>
<Feature>
  <Name className="java.lang.String">width</Name>
  <Value className="java.lang.String">34</Value>
</Feature>
<Feature>
  <Name className="java.lang.String">src</Name>
  <Value className="java.lang.String">http://newsimg.bbc.co.uk/shared/img/o.gif</Value>
</Feature>
<Feature>
  <Name className="java.lang.String">border</Name>
  <Value className="java.lang.String">0</Value>
</Feature>
<Feature>
  <Name className="java.lang.String">vspace</Name>
  <Value className="java.lang.String">0</Value>
</Feature>
</Annotation>
<Annotation Id="393" Type="td" StartNode="4049" EndNode="4049">
<Feature>
  <Name className="java.lang.String">class</Name>
  <Value className="java.lang.String">gpromo</Value>
</Feature>
<Feature>
  <Name className="java.lang.String">isEmptyAndSpan</Name>
  <Value className="java.lang.String">true</Value>
</Feature>
<Feature>
  <Name className="java.lang.String">valign</Name>
  <Value className="java.lang.String">top</Value>
</Feature>
<Feature>
  <Name className="java.lang.String">width</Name>
  <Value className="java.lang.String">34</Value>
</Feature>
</Annotation>
<Annotation Id="399" Type="img" StartNode="4049" EndNode="4049">
<Feature>
  <Name className="java.lang.String">height</Name>
  <Value className="java.lang.String">71</Value>
</Feature>
<Feature>
  <Name className="java.lang.String">hspace</Name>
  <Value className="java.lang.String">0</Value>
</Feature>
<Feature>
  <Name className="java.lang.String">alt</Name>
  <Value className="java.lang.String">Tony Blair with ministers at the 2005 manifesto launch</Value>
</Feature>
<Feature>
  <Name className="java.lang.String">align</Name>
  <Value className="java.lang.String"></Value>
</Feature>
<Feature>
  <Name className="java.lang.String">width</Name>
  <Value className="java.lang.String">126</Value>
</Feature>
<Feature>
  <Name className="java.lang.String">src</Name>
  <Value className="java.lang.String">http://newsimg.bbc.co.uk/media/images/47558000/jpg/_47558629_blaircab126getty.jpg</Value>
</Feature>
<Feature>
  <Name className="java.lang.String">border</Name>
  <Value className="java.lang.String">0</Value>
</Feature>
<Feature>
  <Name className="java.lang.String">vspace</Name>
  <Value className="java.lang.String">0</Value>
</Feature>
</Annotation>
<Annotation Id="398" Type="a" StartNode="4049" EndNode="4049">
<Feature>
  <Name className="java.lang.String">href</Name>
  <Value className="java.lang.String">/1/hi/uk_politics/8583344.stm</Value>
</Feature>
<Feature>
  <Name className="java.lang.String">isEmptyAndSpan</Name>
  <Value className="java.lang.String">true</Value>
</Feature>
</Annotation>
<Annotation Id="397" Type="div" StartNode="4049" EndNode="4060">
<Feature>
  <Name className="java.lang.String">class</Name>
  <Value className="java.lang.String">mvb</Value>
</Feature>
</Annotation>
<Annotation Id="396" Type="div" StartNode="4049" EndNode="4106">
<Feature>
  <Name className="java.lang.String">class</Name>
  <Value className="java.lang.String">promobottombg</Value>
</Feature>
</Annotation>
<Annotation Id="387" Type="div" StartNode="4039" EndNode="4048">
<Feature>
  <Name className="java.lang.String">class</Name>
  <Value className="java.lang.String">mvb</Value>
</Feature>
</Annotation>
<Annotation Id="386" Type="div" StartNode="4039" EndNode="4049">
<Feature>
  <Name className="java.lang.String">class</Name>
  <Value className="java.lang.String">promobottombg</Value>
</Feature>
</Annotation>
<Annotation Id="385" Type="td" StartNode="4039" EndNode="4049">
<Feature>
  <Name className="java.lang.String">valign</Name>
  <Value className="java.lang.String">top</Value>
</Feature>
<Feature>
  <Name className="java.lang.String">width</Name>
  <Value className="java.lang.String">126</Value>
</Feature>
</Annotation>
<Annotation Id="384" Type="tr" StartNode="4039" EndNode="4177">
</Annotation>
<Annotation Id="390" Type="a" StartNode="4039" EndNode="4048">
<Feature>
  <Name className="java.lang.String">class</Name>
  <Value className="java.lang.String">shl</Value>
</Feature>
<Feature>
  <Name className="java.lang.String">href</Name>
  <Value className="java.lang.String">/1/hi/world/africa/8593590.stm</Value>
</Feature>
</Annotation>
<Annotation Id="389" Type="img" StartNode="4039" EndNode="4039">
<Feature>
  <Name className="java.lang.String">height</Name>
  <Value className="java.lang.String">71</Value>
</Feature>
<Feature>
  <Name className="java.lang.String">hspace</Name>
  <Value className="java.lang.String">0</Value>
</Feature>
<Feature>
  <Name className="java.lang.String">alt</Name>
  <Value className="java.lang.String">Sven-Goran Eriksson</Value>
</Feature>
<Feature>
  <Name className="java.lang.String">align</Name>
  <Value className="java.lang.String"></Value>
</Feature>
<Feature>
  <Name className="java.lang.String">width</Name>
  <Value className="java.lang.String">126</Value>
</Feature>
<Feature>
  <Name className="java.lang.String">src</Name>
  <Value className="java.lang.String">http://newsimg.bbc.co.uk/media/images/47555000/jpg/_47555013_-39.jpg</Value>
</Feature>
<Feature>
  <Name className="java.lang.String">border</Name>
  <Value className="java.lang.String">0</Value>
</Feature>
<Feature>
  <Name className="java.lang.String">vspace</Name>
  <Value className="java.lang.String">0</Value>
</Feature>
</Annotation>
<Annotation Id="388" Type="a" StartNode="4039" EndNode="4039">
<Feature>
  <Name className="java.lang.String">href</Name>
  <Value className="java.lang.String">/1/hi/world/africa/8593590.stm</Value>
</Feature>
<Feature>
  <Name className="java.lang.String">isEmptyAndSpan</Name>
  <Value className="java.lang.String">true</Value>
</Feature>
</Annotation>
<Annotation Id="425" Type="img" StartNode="4276" EndNode="4276">
<Feature>
  <Name className="java.lang.String">src</Name>
  <Value className="java.lang.String">http://newsimg.bbc.co.uk/shared/img/ffffff.gif</Value>
</Feature>
<Feature>
  <Name className="java.lang.String">height</Name>
  <Value className="java.lang.String">20</Value>
</Feature>
<Feature>
  <Name className="java.lang.String">border</Name>
  <Value className="java.lang.String">0</Value>
</Feature>
<Feature>
  <Name className="java.lang.String">alt</Name>
  <Value className="java.lang.String"></Value>
</Feature>
<Feature>
  <Name className="java.lang.String">width</Name>
  <Value className="java.lang.String">466</Value>
</Feature>
</Annotation>
<Annotation Id="424" Type="div" StartNode="4276" EndNode="4276">
<Feature>
  <Name className="java.lang.String">class</Name>
  <Value className="java.lang.String">clear</Value>
</Feature>
<Feature>
  <Name className="java.lang.String">isEmptyAndSpan</Name>
  <Value className="java.lang.String">true</Value>
</Feature>
</Annotation>
<Annotation Id="426" Type="br" StartNode="4277" EndNode="4277">
</Annotation>
<Annotation Id="417" Type="noscript" StartNode="4179" EndNode="4276">
</Annotation>
<Annotation Id="416" Type="script" StartNode="4179" EndNode="4179">
<Feature>
  <Name className="java.lang.String">isEmptyAndSpan</Name>
  <Value className="java.lang.String">true</Value>
</Feature>
<Feature>
  <Name className="java.lang.String">language</Name>
  <Value className="java.lang.String">JavaScript</Value>
</Feature>
</Annotation>
<Annotation Id="419" Type="span" StartNode="4179" EndNode="4195">
<Feature>
  <Name className="java.lang.String">class</Name>
  <Value className="java.lang.String">now</Value>
</Feature>
</Annotation>
<Annotation Id="418" Type="div" StartNode="4179" EndNode="4276">
<Feature>
  <Name className="java.lang.String">class</Name>
  <Value className="java.lang.String">mostpopular</Value>
</Feature>
</Annotation>
<Annotation Id="421" Type="p" StartNode="4196" EndNode="4275">
<Feature>
  <Name className="java.lang.String">class</Name>
  <Value className="java.lang.String">section</Value>
</Feature>
</Annotation>
<Annotation Id="420" Type="a" StartNode="4179" EndNode="4195">
<Feature>
  <Name className="java.lang.String">href</Name>
  <Value className="java.lang.String">/1/shared/bsp/hi/live_stats/html/map.stm</Value>
</Feature>
</Annotation>
<Annotation Id="423" Type="a" StartNode="4215" EndNode="4272">
<Feature>
  <Name className="java.lang.String">href</Name>
  <Value className="java.lang.String">/1/shared/bsp/hi/live_stats/html/map.stm?lsf</Value>
</Feature>
</Annotation>
<Annotation Id="422" Type="a" StartNode="4196" EndNode="4212">
<Feature>
  <Name className="java.lang.String">href</Name>
  <Value className="java.lang.String">/1/shared/bsp/hi/live_stats/html/map.stm</Value>
</Feature>
<Feature>
  <Name className="java.lang.String">class</Name>
  <Value className="java.lang.String">now</Value>
</Feature>
</Annotation>
</AnnotationSet>

</GateDocument>
